id,name,album,album_id,artists,artist_ids,track_number,disc_number,explicit,danceability,energy,key,loudness,mode,speechiness,acousticness,instrumentalness,liveness,valence,tempo,duration_ms,time_signature,year,release_date
3tTL7jlSkowXidYeafFtwG,Take the Power Back,Rage Against The Machine,4LaRYkT4oy47wEuQgkLBul,['Rage Against The Machine'],['2d0hyoQ5ynDBnkvAbJKORj'],3,1,True,0.542,0.8420000000000001,1,-7.1370000000000005,1,0.17300000000000001,0.043,0.000153,0.17300000000000001,0.301,104.772,335840,4.0,1992,1992-11-03
2nWM35FPxkYAWHHv9hrczL,Something About You,Do It for Love,4evw6IBex3N8x1oA2axMTH,['Daryl Hall & John Oates'],['77tT1kLj6mCWtFNqiOmP9H'],13,1,False,0.8,0.552,10,-6.2079999999999975,1,0.0244,0.158,0.0,0.16699999999999998,0.34700000000000003,98.022,242907,4.0,2018,2018-04-10
2z9z18lidxD3euusC3UaLx,Hollywood,New Life Faded,1xNWaXNMS8798hlEBxdVjL,['Death & Desire'],['3jfxxO6JNrzzhov82l1wX2'],1,1,False,0.402,0.141,6,-16.768,1,0.0693,0.655,0.00489,0.13,0.22899999999999998,125.742,68651,4.0,2011,2011-02-08
60qzjJREFQP6YT0HqalpCn,Joyful Girl (Peace and Love Mix),More Joy Less Shame,4ysiLjQwyLg4rw3aIv0flv,['Ani DiFranco'],['0AiTwNtYX8m4uhfU7rJ8RD'],2,1,False,0.755,0.275,8,-13.944,1,0.107,0.19,0.000269,0.0648,0.22,79.993,279800,4.0,1996,1996-11-01
5G2kKkkGXI9pmokERv9grF,Miss You,Westlife,22pfCAdDOgyC2JfSi5OwxT,['Westlife'],['5Z1CCuBsyhEHngq3U5IraY'],11,1,False,0.491,0.627,2,-6.2070000000000025,1,0.0255,0.436,1.25e-06,0.264,0.402,78.047,232893,4.0,1999,1999-04-25
1dyLYQpMo3VVKseZGUaYE2,I'm Not Sure,Johnny Winter: A Rock N' Roll Collection,6yn5Mylr8HsH9PVro7Fo22,['Johnny Winter'],['2ODUxmFxJSyvGiimNhMHbO'],6,2,False,0.3,0.63,3,-12.025,1,0.045,3.91e-05,0.00119,0.141,0.84,171.25099999999995,319135,4.0,1973,1973
4mOjvafN3FbHFmXH5QaXv5,Last Christmas,Last Christmas,3acMUF1baafzo6Zi61F1rS,['Lucy Dacus'],['07D1Bjaof0NFlU32KXiqUP'],1,1,False,0.484,0.912,1,-9.974,0,0.0657,1.77e-05,0.853,0.478,0.5479999999999999,159.97799999999995,161812,4.0,2019,2019-11-01
0GJCFB2dOgvQYD9evXdoL9,Magnificent Obsession,What Another Man Spills,7vZ64RCvITaHsTtWGcj3KC,['Lambchop'],['2Lhs0asnFQiLuntn3s8p78'],10,1,False,0.524,0.23600000000000002,0,-14.802999999999999,1,0.0296,0.8809999999999999,0.124,0.149,0.48100000000000004,144.031,200827,4.0,1998,1998-09-08
7LhCVUch8Q0ST7C6izBdZY,Nothing To Write Home About,Let Your Dim Light Shine,5BBz3KP2voAKW7ZJTenk9N,['Soul Asylum'],['02da1vDJ2hWqfK7aJL6SJm'],13,1,False,0.317,0.564,11,-8.353,0,0.0305,0.000325,0.0,0.136,0.425,162.22,194107,4.0,1995,1995-06-06
4n3mp3DC7JrdXYJCDdwKhd,Ana's Song (Open Fire) - Acoustic Re-Mix,The Best Of - Volume One,0ZDX7TUhxIn3S9PzO069hX,['Silverchair'],['4iudEcmuPlYNdbP3e1bdn1'],15,1,False,0.38799999999999996,0.434,4,-9.555,1,0.0253,0.349,0.000166,0.23199999999999998,0.191,78.445,229667,4.0,2000,2000-11-28
38ziKCMk9rinPgY5S584PD,Review My Kisses,Twisted Angel,1b1o9ptRtfjuIi22SjAwLB,['LeAnn Rimes'],['2d3VHzlOEwXvmBdS4pzOPL'],9,1,False,0.233,0.606,10,-6.22,0,0.0425,0.6859999999999999,0.0,0.106,0.209,173.09599999999998,331067,4.0,2002,2002-10-01
5OABuGyO07Xjsv3YybFHFI,Secret Lotus,Groove Tribe,4Arv2qXssKmDhOxKW9pUcO,['David & Steve Gordon'],['4yt002Vil1q4Vl9JOx48QG'],8,1,False,0.65,0.581,1,-11.370999999999999,1,0.039,0.0015199999999999999,0.7240000000000001,0.147,0.7509999999999999,91.001,428495,4.0,2011,2011-09-13
2S1YzIHFyLxLop7XCdYrTp,Man of the South,Stand Alone - EP,2F66LRNUc5LQRC9qEVhfeu,['Morgan Wallen'],['4oUHIQIBe0LHzYfvXNW4QM'],4,1,False,0.413,0.889,2,-3.924,1,0.0503,0.0047,0.0,0.348,0.602,177.97299999999996,213348,4.0,2015,2015-08-24
4W7VPVKoOM5IDZrrCxUuEa,Pas d'argent dans mon dos,Trop précieux,6GxUJzRzNvhCKWvxk1wW3T,['Les Wampas'],['2nsGWZA0LtO7istBNsyNTE'],9,1,False,0.6779999999999999,0.371,6,-11.674000000000001,1,0.155,0.88,0.0,0.0869,0.657,96.537,123000,4.0,1995,1995-10-23
3vtLpitfsyWTjMPX7bZ6mx,It Does Not Compute,Contact High,51AAegCNOMcxBs1CDkWRpK,"['Jadox, Mane Azeem']",['0waB2qz2C9n3Rnd1XIfLKo'],5,1,False,0.7140000000000001,0.825,1,-7.996,0,0.11699999999999999,0.20800000000000002,0.0051600000000000005,0.0877,0.7190000000000001,89.97200000000002,263013,4.0,2004,2004-01-01
5LtNBCM2ve0SxP0dlRVvMu,I'm Gonna Show You Crazy,I'm Gonna Show You Crazy,1jjRCEFt2eCfCNWHV7AtEk,['Bebe Rexha'],['64M6ah0SkkRsnPGtGiRAbb'],1,1,True,0.474,0.537,2,-6.77,1,0.0649,0.0758,0.0,0.316,0.335,90.103,207775,4.0,2014,2014-12-19
15JzhKg85eLfcGJso0Lw73,Llegando a Ti (with Marco Antonio Muñíz),RCA 100 Anos De Musica - Segunda Parte,35aHmdJOnRuoToRBmKLGGu,"['José Alfredo Jimenez', 'Marco Antonio Muñiz']","['2T06whb4s6UiufL1j5Qtz9', '4BLAYO57LtkaZ6odOdWmGc']",15,2,False,0.312,0.33399999999999996,0,-10.033,1,0.0301,0.139,0.0,0.0637,0.45899999999999996,140.789,156560,3.0,2002,2002-01-12
05RUMGtWRJTkb76WKImx26,Small Black Flowers That Grow In The Sky,Everything Must Go,2xAmCU4FBfYeqsTKqwd5Gn,['Manic Street Preachers'],['2uH0RyPcX7fnCcT90HFDQX'],6,1,False,0.718,0.161,0,-18.46,1,0.0334,0.8079999999999999,1.11e-06,0.09699999999999999,0.324,116.82799999999999,182533,4.0,1996,1996-05-20
2wmEryA2YLaFwFvA63n3O2,Don't Take The Girl,Not A Moment Too Soon,18eJ4H4smFp29lRMsLygUc,['Tim McGraw'],['6roFdX1y5BYSbp60OTJWMd'],8,1,False,0.439,0.45399999999999996,0,-8.669,1,0.0308,0.27899999999999997,0.0,0.12300000000000001,0.354,204.263,249360,4.0,1994,1994-03-22
0SMGlSgocRGb0tHnfrUz9p,Who's Afraid of Thomas Wolfe?,Useful Music,4r86aGhGL1jTJKMZ81Puof,['Josh Joplin Group'],['0cHOhL2s162yp5ERTNAZdf'],8,1,False,0.705,0.6409999999999999,0,-8.836,1,0.0421,0.237,0.0201,0.0945,0.325,104.085,240573,4.0,2001,2001-01-23
6bWd0ntPFTODHAss988VrX,"Violin Concerto No. 2 in D Minor, Op. 44: II. Recitative: Allegro moderato","Bruch: Complete Works for Violin & Orchestra, Vol. 1",50ISCnrnkLOtCVNFkY7kE3,"['Max Bruch', 'Antje Weithaas', 'NDR Radiophilharmonie', 'Hermann Bäumer']","['0521x50ZcNqqT1fKMJg5c5', '6ZDnLZicoCvV3R7Gj7SBxm', '6i9KFEJuHq78nMsQxeB1vR', '17LQj2UDvltRWjoDLljAYc']",2,1,False,0.151,0.0537,10,-24.025,1,0.0452,0.882,0.233,0.0917,0.0592,82.351,266800,3.0,2014,2014-07-01
0Kh8stXgK5MUHsOIKHn3tO,Wonderfully Strange,Heartbreakers,1jmmWX5H2E908iVImADcQn,['Eman'],['7e27B2sfuiccUwUHKP8tDA'],8,1,False,0.7390000000000001,0.67,10,-9.082,1,0.0247,0.0933,0.0,0.157,0.81,106.68700000000001,250760,4.0,2001,2001-03-20
6qMqPJQzMR1BtUyoeyngKq,Voyage,Booker Ervin Tribute (Jazz Organ Trio),57ogA3vzfXWj8tooSvp5Oi,['Mike Fageros'],['0wT1A1TySQ1c4efp7dsgk8'],7,1,False,0.489,0.366,5,-14.875,0,0.0423,0.9440000000000001,0.18600000000000005,0.179,0.677,100.825,300453,4.0,2011,2011-07-17
2gpFrnChzVTlRdmn20Y1TS,You'll Know I'm There,You'll Know I'm There,7KnqPccaUUEFzmKyGy5Mys,['Billy Kay'],['67SbuPj8qeuknk9uohF2Jj'],1,1,False,0.578,0.363,2,-8.357999999999999,1,0.027000000000000003,0.61,1.71e-06,0.0778,0.37799999999999995,83.984,182748,4.0,2017,2017-04-27
3koK9QT35yRYVI5NGNdyb7,Mi Proteccion (Live),PALO! Live,3qwp8sJnRhUm0gdYO0sWYq,['PALO!'],['0ta7d4nqI6QnJLJHIHaHdk'],4,1,False,0.7909999999999999,0.662,5,-6.327999999999999,1,0.0797,0.0605,0.00020800000000000001,0.625,0.8190000000000001,122.04799999999999,372000,4.0,2014,2014-02-16
7a9g7V1VKdRrfkhDk6CzWK,Story Man,Memory Hill - canceled,1430XCVQOH8rnltSNKmCsK,['Dave Gerard'],['0GUYIhpLYHay3HVaQ3b3U1'],8,1,False,0.5770000000000001,0.24,9,-12.850999999999999,1,0.0331,0.625,0.00663,0.111,0.243,93.37899999999999,390133,4.0,1996,1996-01-01
0c5k25kAyEWxQybSJdgvHi,Terror Death Camp,Well Done,1hNdA7lmK8KNVq99faGmbM,"['Action Bronson', 'Statik Selektah', 'Meyhem Lauren', 'Maffew Ragazino', 'AG Da Coroner']","['7BMccF0hQFBpP6417k1OtQ', '5v0XTlB9FqNvfBfnw8n5b0', '4lph4e07jjlKkioG1bQx95', '4fFpXK5A8VGcOcNJrygfeD', '736quRgvvGLe7eBO18oUzx']",12,1,True,0.462,0.897,10,-5.545,0,0.40399999999999997,0.392,0.0,0.0985,0.938,165.671,205039,4.0,2011,2011-11-22
1zAwYZKZdb6WJ2qLlHIF5A,"Chemical, Chemical",The New Romance,0eMdX2PZS5iMStFJuzbdgk,['Pretty Girls Make Graves'],['3okeQxv9lGt59TGlLikfzN'],6,1,False,0.594,0.966,4,-3.2510000000000003,0,0.0424,0.00149,0.5329999999999999,0.113,0.5329999999999999,142.21,159027,4.0,2003,2003-09-09
3D0abkU6GE3mFBk2GdYMGr,216 - Das Geheimnis im Jagdschloss - Teil 22,216/Das Geheimnis im Jagdschloss,4Q2dNebUPEFTWBlD4gxuKL,['TKKG'],['61qDotnjM0jnY5lkfOP7ve'],24,1,False,0.59,0.29100000000000004,8,-24.342,1,0.941,0.36200000000000004,0.0,0.14800000000000002,0.4920000000000001,82.02,98613,4.0,2020,2020-11-20
1JQStgNhFQ5DwficTgApWj,Royal Swells,Love in a Time of Distance,0prhmJx5hNdjkEUJ30QLL4,['[Indistinct Chatter]'],['6xAtM1uyXCgFTz0qT7bwxY'],2,1,False,0.402,0.368,7,-7.893,0,0.0277,0.7609999999999999,0.0223,0.11599999999999999,0.0674,86.83,243759,4.0,2020,2020-04-16
2Wgg8XEn4DBfbQy0tEIkPi,I've Been Down,High Notes,3ZSDGTmVKVyE6iyBWU2RuJ,"['Hank Williams, Jr.']",['2dyeCWctcFRt3Pha76ONgb'],7,1,False,0.721,0.473,2,-10.5,0,0.0308,0.32799999999999996,0.00021400000000000002,0.0591,0.34600000000000003,130.317,222867,4.0,1982,1982
0InoFSsOikNEvWslL7nxrZ,Lssr,Four Two Three,0FhujHtudKZUT9WvzSMRE8,"['$hoey', 'YGTUT', 'Chris P']","['5AcdyfWk19DsFqLUMUgtw2', '5rOkxO8Va1CnXhF7nrHMrU', '0IkE7L2sLehAeKClIEtM9R']",2,1,True,0.7190000000000001,0.5529999999999999,1,-8.217,1,0.42100000000000004,0.109,0.0,0.16,0.531,139.422,123481,4.0,2017,2017-12-23
1iZiUaEMTpcVF70yw6rk0V,A Shine on Your Head,Dummy Variations,47QjJgaSc8T6cbpBhdBo2p,['Joseph Nothing'],['4DsmYBH48QkgdG9oIDd9SR'],1,1,False,0.45299999999999996,0.696,0,-8.671,1,0.0404,0.0101,0.000722,0.321,0.376,139.953,239627,4.0,2001,2001-02-19
4X43WM8KgdefNGtCTPFjMo,Mes chums Pt II,Résilient,2euSclKidTWCQ2j62UcY8U,['Taktika'],['5ArmvYVqg6FfX5Wmo8lBG3'],13,1,False,0.6559999999999999,0.7609999999999999,5,-4.984,1,0.335,0.0741,0.0,0.0812,0.406,84.016,247853,4.0,2015,2015-05-19
5Z27tZEeC8WBiQvoDpx1Sw,I Need a Man to Love,Cheap Thrills,2rogKfOpmCFuqNhtGKf2dX,"['Big Brother & The Holding Company', 'Janis Joplin']","['4J69yWrKwWJgjv3DKTZcGo', '4NgfOZCL9Ml67xzM0xzIvC']",2,1,False,0.314,0.69,4,-10.870999999999999,0,0.0755,0.07400000000000001,1.76e-05,0.195,0.688,182.933,293040,4.0,1968,1968-08-12
1VacXJFqqid5d7ZAJFbk5I,Hallo Liedje,Adem,6YQnL0M6jruuuSuppGh1rb,['Acda en de Munnik'],['040Fqhc0l7a4MPeDx6cneh'],21,1,False,0.425,0.457,7,-7.273,1,0.0276,0.196,0.0,0.168,0.18600000000000005,79.809,290173,3.0,2005,2005-11-07
0EOagp7JzeSTyR8rLIMB2H,Are You Ready,Closer Than Close,2PcdeJnFJANGWG3SxFbe5C,['Rosie Gaines'],['1HRiWIhV7rgiL74L2AqZ5W'],2,1,False,0.777,0.315,5,-11.045,1,0.0559,0.0857,1.24e-06,0.0612,0.609,78.00399999999998,349240,4.0,1995,1995
56aKwU75MbpGnnn2q5JbqW,"Wind Quintet, Op. 26 (arr. H. Guittart): I. Schwungvoll",Schoenberg: Chamber Music,1L4rZ7SMFFnJOobG8YY102,"['Arnold Schoenberg', 'Henk Guittart', 'Jan Erik van Regteren Altena', 'Schoenberg Quartet']","['5U827e4jbYz6EjtN0fIDt9', '69ucfMxBxyH4p4cyE4xuXH', '53NQ9XlOwaSBY8RLP9RuDX', '3Q1P8oSPRPQDUeSSEIec0s']",12,4,False,0.16899999999999998,0.0823,5,-22.975,0,0.0468,0.978,0.862,0.36,0.0523,170.995,714800,3.0,2001,2001-08-01
1B2yUorahafP49VgraLf4q,Roll Down That Wave,Elk-Lake Serenade,3yMUPpcZT7BckFwul9zoNH,['Hayden'],['2EJpeCmBlwSNpb1GcTj1xp'],11,1,False,0.47700000000000004,0.124,0,-15.183,1,0.0344,0.8590000000000001,8.23e-06,0.131,0.22,119.89399999999999,97501,4.0,2004,2004-01-01
3yx8ZoQRZQUiIUpSS4xhMP,Beatriz,Ana E Jorge,3EVU0AnPTXK1scTVMrG8Sm,['Ana Carolina'],['4HP9KltldfmkH2M2pQozzN'],10,1,False,0.514,0.26,4,-10.51,1,0.11199999999999999,0.7929999999999999,0.0,0.8140000000000001,0.336,119.04299999999999,401027,5.0,2005,2005-11-17
6bJJo4hjFNV91mwUL29lgU,Sara,"Linn Super Audio Collection, Vol. 5",6LiHXVdAwDpVAq2AqF7RBR,"['Bob Dylan', 'Barb Jungr']","['74ASZWbe4lXaubB36ztrGX', '0pKCBLG3eavJSrSoiNMqNN']",1,1,False,0.434,0.0356,4,-24.064,0,0.0442,0.9079999999999999,0.0031,0.12300000000000001,0.25,138.904,305987,3.0,2011,2011-08-08
0iLpqlTOqgbAXr5Y8KBEXF,With Every Breath I Take,"Linn Super Audio Collection, Vol. 5",6LiHXVdAwDpVAq2AqF7RBR,"['Cy Coleman', 'David Joel Zippel', 'Claire Martin', 'Richard Rodney Bennett']","['0RRSSYRHmBxQXRGj2KBO8L', '0WW9OijFN1I63ybumO4aeW', '7iIgJB2PSutn6IYzwdTomh', '0x18ovS0dAzgGlZOWuc52W']",5,1,False,0.37799999999999995,0.0918,0,-16.371,0,0.0355,0.951,8.21e-06,0.076,0.23199999999999998,163.89,171800,4.0,2011,2011-08-08
3HbdHDF1qUthnU7kWpyCuB,Die blaue Mazur: Act III: Waltz Scene,"Lehar, F.: Blaue Mazur (Die) [Operetta] (Beerman)",0HXeKNZL3VNku4YO87kuok,"['Franz Lehár', 'Johanna Stojkovic', 'Julia Bauer', 'Johann Weigel', 'Jan Kobow', 'Hans Christoph Begemann', 'Michael Hoffmann', 'Andreas David', 'Rudolf Tiersch', 'Frankfurt Singakademie', 'Frankfurt Brandenburg State Orchestra', 'Frank Beermann']","['3O3SOoPYtUSjajTdIag0nT', '2W1yXTHrh5JvWfnq9OsBQG', '6x9IPqXM9mUFNEumitYeUV', '6BhlW54D28dDiUd5B2bGU5', '0Yn468tSIsDATfHXkFmUoC', '6wsXsZfBvaIBCELLb2mmi4', '7mA8pwVp449E9LxprPBmD4', '0K9erGQWUk8zG7wKf83dNn', '6Hunbtx6eE5wgu6lIHnna9', '2NCvmZ9utNLROttuh9ytiT', '3fFgE3hES4qwH5qMoQM3ge', '5HBd5KMnAyxKrL3yUB5z9J']",8,2,False,0.28800000000000003,0.45299999999999996,4,-12.344000000000001,0,0.0324,0.8640000000000001,0.917,0.9259999999999999,0.315,101.57600000000001,117173,1.0,2008,2008-01-01
76osNw0QwjnmNytVbTBH9B,Save Our Souls,Save Our Souls,3nuPE5zmxMwr6bnASW7ot1,['Sulu Babylon'],['0XvnmEJLOvBHhUvbETV2gj'],1,1,False,0.475,0.9309999999999999,1,-4.574,0,0.0719,0.000811,5.2300000000000004e-05,0.135,0.466,144.961,242948,4.0,2012,2012-12-12
0PyAHzcO4k8vIye7yMJAeh,"Symphonic Dances from West Side Story: No. 4, Mambo (Meno presto) -",Leonard Bernstein: A Tribute,1eJRtW0lV5LPqT3mZVRilJ,"['Leonard Bernstein', 'New York Philharmonic']","['2LmyJyCF5V1eQyvHgJNbTn', '3gacryguGmpmCvgPGt2CBI']",7,1,False,0.35100000000000003,0.85,4,-10.769,0,0.0531,0.7040000000000001,0.9009999999999999,0.836,0.085,136.477,131827,4.0,1990,1990-12-14
0vim3rNIADtAROiZW7C72k,Follia Nelia Strada,"Gothic Dramas: Original Ennio Morricone Scores For The Italian Tv Series ""Drammi Gotici""",3JFTUzonM2tLEFDL64o2iI,['Ennio Morricone'],['1nIUhcKHnK6iyumRyoV68C'],3,1,False,0.107,0.263,5,-19.293,0,0.0375,0.0996,0.6779999999999999,0.29100000000000004,0.0357,90.52600000000001,478400,4.0,1996,1996-04-23
0yrDRUXQthsEJ00sbzAVVv,"That Ain't Love - Live at Kiel Auditorium, St. Louis, MO - January 1987",The Second Decade Of Rock And Roll 1981 To 1991,6ODlXP8EhZVo0JfAb5K9bW,['REO Speedwagon'],['55vs7NT1KxcFjbMC4y202E'],9,1,False,0.34700000000000003,0.965,11,-7.8420000000000005,0,0.179,0.0104,0.0,0.981,0.366,134.58,258560,4.0,1991,1991
0xanU3hJ29JpHew5hrlkEn,Games People Play,I'm One Of You,2Urkehp43dT5oSuea5yBrb,"['Hank Williams, Jr.']",['2dyeCWctcFRt3Pha76ONgb'],6,1,False,0.39799999999999996,0.833,7,-5.545,1,0.10099999999999999,0.0653,3.5799999999999996e-05,0.126,0.631,175.766,236173,4.0,2003,2003-11-18
1ijncFLdL6h2DixERmTx1x,Swallow Song,Just Another Diamond Day,6BjFznpsyrxCFMpp3hzlD2,['Vashti Bunyan'],['4chuPfKtATDZvbRLExsTp2'],6,1,False,0.166,0.107,0,-18.609,1,0.0396,0.976,0.0241,0.18100000000000002,0.49,179.743,136453,3.0,1970,1970
6ebuq0jAlq6h1FQ2rPAacD,Loud Neighbor,Volumizer,4HoYWLCt6ZqEPegquAd58b,"[""2 Skinnee J's""]",['7oJJKtFQ0YX7nWHF8EnhDi'],11,1,False,0.6609999999999999,0.782,10,-4.939,0,0.128,0.0457,0.0,0.0836,0.746,91.992,234373,4.0,2000,2000
5gEhete3dUFPQCMuSR8Jtq,Innocence Sleeping,A Distant Bell,4Dij4LURCfYAw9Wdj220f9,['Caroline Lavelle'],['4tmvH1mdQEmU8RbbVAXcGL'],3,1,False,0.191,0.08199999999999999,6,-18.736,0,0.0388,0.8590000000000001,0.0724,0.1,0.152,148.711,193000,3.0,2004,2004-01-01
76l4dCzaWVWNjh59B8WWox,Icosikaipent,Winter in the Belly of a Snake,4YWe6dwRHA5yBnFkI3fRJk,['Venetian Snares'],['7eKIP3IoPoUAZgZuvMM6hf'],15,1,False,0.41,0.473,3,-16.73,1,0.363,0.569,0.0354,0.32,0.0353,110.061,521573,4.0,2003,2003-01-27
28b5JzeUM5TL0pmfClib94,hospital no. 32,Easy Pieces,4fHpthFHzrX3Mq4DQFTtGa,['Lateduster'],['2LlR7GoseYbrwpkAiML6d7'],7,1,False,0.257,0.67,0,-8.6,1,0.0315,0.319,0.838,0.0959,0.31,79.91199999999998,302253,3.0,2004,2004-01-01
4xivgwXVl3qCCWaKs6rGgR,Colnkft,Salmataxia,2lbcn9z3a2SlLBi98QuSTj,['Syndrone'],['4mXZj2vzDAEWLMYsdaFNxH'],10,1,False,0.428,0.9229999999999999,1,-8.046,1,0.34700000000000003,0.0323,0.8959999999999999,0.11,0.0376,78.119,440027,4.0,2004,2004-04-10
103NIOjApz302KrrITpFiL,Winter Wonderland,Forever on Christmas Eve,2KrOaa7nRR3kl6cpFszs51,['Jenn Grant'],['4ll7UpFe9fDtA0g16Vgf5L'],8,1,False,0.611,0.23600000000000002,2,-9.664,1,0.0311,0.775,1.25e-05,0.12,0.19699999999999998,98.27799999999999,196875,4.0,2020,2020-11-27
2wadG1GVrUkP7CMd3IqANT,Dog,Fat,112GHzuzVrSIpoI1xy7kjt,['Fat'],['1ohGYZzONxBwgDL1jcQv5J'],1,1,False,0.604,0.94,11,-4.4319999999999995,1,0.0728,0.0028,0.0823,0.111,0.774,105.044,188133,4.0,1997,1997-07-15
3RsyOtUwQiX5s3KLGbTKT1,So Fresh (feat. Biz Markie & Slick Rick),Willennium,38ZO2nTo4L4PNtubKwtiAk,"['Will Smith', 'Biz Markie', 'Slick Rick']","['41qil2VaGbD194gaEcmmyx', '22282KfMxDo2PMjnBc82I4', '1W9qOBYRTfP7HcizWN43G1']",8,1,False,0.78,0.865,6,-4.811,1,0.28,0.267,0.0,0.348,0.84,93.99700000000001,255880,4.0,1999,1999-11-16
12YMKiDhe4oWheKjlVOmgB,Kepter,Lipswitch,6oYX9Cqeod5b8xk9YDduDh,['Richard Devine'],['4GELr4GU5inBcvzDntZhvv'],5,1,False,0.7859999999999999,0.94,11,-10.602,0,0.0961,0.0133,0.919,0.405,0.963,148.004,375773,4.0,2000,2000-07-13
2GjDfMnynXoD13k4IRUwP4,Asteroid No. 41,Voyage of the Homeless Spies,1OKz6mKMcEskzBmdDLRNlO,['DoppelgängeR'],['00C8IIHnmASr9ATIfj0vAx'],10,1,False,0.61,0.85,4,-1.489,0,0.0395,0.0746,0.0205,0.11,0.275,130.143,183760,4.0,2010,2010-09-15
3jmbIhguc5uxiOdZ7ak8H3,Corner of the Earth,A funk odyssey,6cLYs4e403jQk6PJ8PG9rs,['Jamiroquai'],['6J7biCazzYhU3gM9j1wfid'],4,1,False,0.473,0.552,2,-6.621,1,0.0302,0.252,9.120000000000001e-05,0.28800000000000003,0.276,79.486,338960,4.0,2001,2001-09-11
6ctxhmlUC2eLGCj89QzSqh,Aphasia,Dilate,0486pSVN7ElNqK7YyWrcj9,['Bardo Pond'],['2ZHNwvYaMbD8zuObAXVHEr'],4,1,False,0.16699999999999998,0.664,7,-12.905,1,0.0509,0.263,0.8759999999999999,0.395,0.23600000000000002,129.47299999999998,362200,3.0,2001,2001-04-24
71nTxcMe1XFRmzWxRYHEeJ,Step,Baby23,24BUwYiW8uDG5tBV428gBY,['JayDaYoungan'],['0E3pLs4jXz9tDQGY8m1A1d'],4,1,True,0.794,0.48,4,-7.501,0,0.132,0.0493,0.0,0.12,0.45,77.045,145735,4.0,2020,2020-06-05
4K6kT3x9D90xKD4UQPADAn,Maybe Tomorrow,Charmed,0SAoKUgaaxCU2NF7xqlCV9,['Stereophonics'],['21UJ7PRWb3Etgsu99f8yo8'],4,1,False,0.495,0.695,7,-5.556,0,0.0364,0.133,3.26e-05,0.42100000000000004,0.5870000000000001,80.81,273093,4.0,2003,2003-09-22
6DpyfmTh4EphMCsD8Kw3We,You Are Everything,American Idol Season 3: Greatest Soul Classics,3NovFl5uXa40jaoLY3z3Db,['John Stevens'],['4EW7CE2HetO7GkDEOYDrXF'],12,1,False,0.7020000000000001,0.376,3,-7.8420000000000005,0,0.0406,0.336,6.69e-06,0.0729,0.446,142.019,159027,4.0,2004,2004-04-27
4A6W0yuGgrGGeVYRwCHdS6,Blender,Totgesagte Leben Länger,4M6B4F9SWZpqkuGbxgGD25,['Megaherz'],['4tM8qmqg5cEZPHNLNQwHeb'],3,1,False,0.608,0.9329999999999999,1,-4.901,1,0.0507,0.00547,4.77e-06,0.0504,0.4320000000000001,105.054,260813,4.0,2009,2009-03-13
2ob3yehdNQzN5gfzdW35oW,Fun House,The City,4qyIzemkQ1iW4KhfsrUa7k,['DJ Roc'],['4yezvNBtagNhqxb9WEPQeH'],11,1,False,0.897,0.642,10,-6.121,0,0.0501,8.92e-05,0.6829999999999999,0.0789,0.7879999999999999,128.07,211895,4.0,2013,2013-02-20
4IIkC2Ozna0GArN7whGupF,Ultima Thule,Helt Borte,7EzqjCZl8OG0RTgsx8J9UR,['Pechenga'],['6nWc8FJj9Aw28TX1p2WxSa'],8,1,False,0.06,0.0123,0,-21.84,1,0.0435,0.35,0.943,0.0954,0.0391,66.42,230040,4.0,2011,2011-05-09
35oBAjIjtTwizHw6UYo31m,Maqam Bayyati,Taqasim: The Art of Improvisation in Arabic Music,27wsda7v84WVk8dxfSNT2s,"['Ali Jihad Racy', 'Simon Shaheen']","['3XNjqJKnHq6XYlQhn37aEz', '50kHo3Q3Rn1v441ISI00Rh']",3,1,False,0.484,0.226,6,-16.41,0,0.099,0.875,0.9179999999999999,0.08800000000000001,0.381,96.131,535160,4.0,1977,1977
6ZmlDKz9xAxXugrsLcGFNi,A Wreath Of Rain,The Constant Flame,7qnz7oV8TlEcP9nj4rPY4D,['Alex Cline Ensemble'],['1gIzRzH9NwYmPOisbjtcFl'],4,1,False,0.23,0.161,4,-17.422,0,0.0369,0.7659999999999999,0.22,0.0886,0.0399,135.298,729480,4.0,2001,2001
2KHBCQAE2Pp3jJdTP989Vp,"5 Pieces pour clavecin seul, extraites de Pieces de clavecin en concerts: L' Agacante","Rameau: Harpsichord Music, Vol. 2",52j2G4e6LeRQ688nIOjHNf,"['Jean-Philippe Rameau', 'Gilbert Rowland']","['4JSWO1Pf2zV991fq64uAce', '3iLAiLVIJKBkTOQbiDfO2x']",17,1,False,0.365,0.32299999999999995,6,-16.508,1,0.0317,0.596,0.57,0.083,0.8240000000000001,109.53200000000001,157333,3.0,1994,1994-11-03
70vFzuMTRdAMBnMP9USRUZ,If Loving You Was Easy,Infinite Things (Deluxe Version),3g2kKcxwX4I7ttohCuZkkF,['Paloma Faith'],['4fwuXg6XQHfdlOdmw36OHa'],9,1,True,0.314,0.387,9,-5.345,0,0.0316,0.6890000000000001,0.0,0.11,0.245,79.818,224867,4.0,2020,2020-11-27
2ez4qCQq1tdkr6seB59CHV,Creeper,Surf! Surf! Surf!,1xrjIAra3hWS6SLAYO28XT,['Aqualads'],['0KyrBpepYmsUimnZPsqnN6'],15,1,False,0.3,0.368,4,-11.133,0,0.0362,0.605,0.507,0.10400000000000001,0.0615,151.576,230107,4.0,2004,2004-01-01
7LS50zI4DeRzwOsnHK4ANO,Psychosexual,Cure For Sanity,6yuGZO9460TzKMMZ7qQZez,['Pop Will Eat Itself'],['5rIXueJu7zVE2gDZjUM6g8'],9,1,False,0.762,0.664,9,-19.134,0,0.0594,0.0825,0.0123,0.0746,0.961,120.01,136093,4.0,1990,1990-10-30
5gklqydYeqH4XB3xIC8YE5,Pachelbel's Canon,Music for Massage,1yjj4Y2MlocLUBbLM61T4v,['Steven Halpern'],['2J3qGaj5UzHvu0fjlLgb8k'],2,1,False,0.11699999999999999,0.192,0,-18.12,1,0.0322,0.9570000000000001,0.973,0.0709,0.0361,172.403,401720,4.0,2009,2009-04-04
4PergxapB0gdNfRmiFxM7D,Microscopic View of a Telescopic Realm,Microscopic View of a Telescopic Realm,4KVb6yoPpyRw1hjDapAlMr,['Tourniquet'],['3lHPBMb024SqetFwwVwuwH'],3,1,False,0.336,0.966,9,-3.813,1,0.0883,0.000207,0.0025399999999999997,0.243,0.326,102.67200000000001,373667,4.0,2000,2000-01-01
5jemkJFS4uClnfmLDjixrF,Hometown Girl,Hometown Girl,0DVTHjL5KC4jPDwLSqNwff,['Mary Chapin Carpenter'],['0qAmeOULjwn04k6jMMeDyr'],3,1,False,0.37,0.121,7,-18.449,1,0.0326,0.8740000000000001,0.00143,0.273,0.263,175.709,288733,4.0,1987,1987
59QwDxFDbKMWguJwECHhhT,The Alien Song,Generations 1: A Punk Look At Human Rights,6mls7566fEsdTMp0Somgyn,['Red Aunts w/Exene Cervernkova'],['4hNu4xZZx5qjI5sbfDYwHQ'],2,1,False,0.235,0.9259999999999999,4,-5.03,1,0.132,0.0991,6.929999999999999e-05,0.684,0.406,200.018,167080,4.0,1996,1996
7thMV38thojfFJY8fCE52C,R and R,Charles Mingus and the Newport Rebels,1q9pjcAkROwZmKfEDHVTh0,"['Charles Mingus', 'Eric Dolphy', 'Roy Eldridge']","['1W8TbFzNS15VwsempfY12H', '6rxxu32JCGDpKKMPHxnSJp', '4RvXA7BDgqNgGDjsSSJnPc']",6,1,False,0.505,0.153,5,-19.723,1,0.0627,0.8170000000000001,0.0902,0.11599999999999999,0.452,145.614,711667,4.0,1960,1960
1QjmxwdvxgviVUEagqGhoj,Someone to Watch Over Me - Live,Piano Starts Here,1FCIddh80qKhpueDBsLNfr,['Art Tatum'],['3DtSOCXYU6o4EV0K1NgIKq'],7,1,False,0.451,0.231,0,-16.944000000000006,1,0.0391,0.9940000000000001,0.9279999999999999,0.193,0.42200000000000004,89.708,206307,4.0,1933,1933
5g5dQnjKojf17M4KVCl82L,Dear Future Self,Admissions,7xiRSU6wcl7qehl0kXpmZy,"[""Any O'Neill"", 'Cee Cee']","['6YqqIjZv6OerO3XozPxfO3', '6gkaFQdFFbofaSqRuttHdH']",3,1,False,0.617,0.485,0,-4.975,1,0.0313,0.573,0.0,0.0528,0.586,139.988,217500,4.0,2014,2014-11-29
162MxecfWmstm59Udyya4S,Meet Me in the Street,Need to Feel Your Love,4TDs45eAaIN56dI2FgZObB,['Sheer Mag'],['58ehndX799ZV9Jcv6IefJ1'],1,1,False,0.586,0.905,2,-4.7989999999999995,1,0.0896,0.0184,0.895,0.613,0.7240000000000001,154.13,191814,4.0,2017,2017-07-14
7MNrYzplNzvZSTcEpOyHvr,Morning Beacon,Of The Apple,4lI7Adn1OxlT4Oxh5NiD16,['Milieu'],['1wI0J2ZhJdaZOPBbt3LnWF'],1,1,False,0.0596,0.12,6,-24.076999999999998,1,0.0431,0.7120000000000001,0.813,0.7509999999999999,0.0291,62.633,274360,5.0,2007,2007-01-01
68aIr8XLuNj1fSv9mRpo5Z,"String Quartet No. 6 in B-Flat Major, Op. 18/6: III. Scherzo. Allegro",Juilliard String Quartet - The Beethoven Quartets 1964 - 1970 (Remastered),5qPG7SvlNHeLrcX1u436N0,"['Ludwig van Beethoven', 'Juilliard String Quartet']","['2wOqMjp9TyABvtHdOSOTUS', '10viy7E6l3QXaWVz1PuGGP']",7,3,False,0.557,0.29100000000000004,10,-16.572,1,0.136,0.929,0.695,0.0949,0.938,183.697,186880,3.0,1971,1971
0nc0AtFJOd6PrjribShI9t,Changing Of The Guards,Cold War Classic,1FKbvTchcFmOUGfWid2CdE,['The Chrysler'],['1dQ8GuCTA6yhKmqiXsCiaz'],15,1,False,0.292,0.42200000000000004,2,-6.58,0,0.0305,0.773,0.0,0.142,0.177,141.416,338547,5.0,2007,2007-04-17
2LKpNN5AjwoJzEdUcw8FnI,This Is a Song,Shanti Project Collection 2,7CAuZdJ6sKPX4UUe6tHfCN,['Paula Frazer'],['72ZTVVsOrHbZps2XgHuvGa'],5,1,False,0.521,0.759,7,-6.172999999999999,1,0.049,0.17600000000000002,0.0,0.0701,0.787,120.757,178587,4.0,2000,2000
4Hk2Kn7nuPCbUQIM9Ow69u,Makin' Me Feel,Dr. Dolittle 2,6U0L2vVLrvLdSO9Gnet8iT,['Angie Stone'],['2hWr3AjjKOCVmWcwvuT4uM'],10,1,False,0.609,0.828,11,-7.1979999999999995,0,0.0614,0.0501,9.86e-05,0.0343,0.639,179.446,246133,4.0,2001,2001-06-15
1jzFWBNt3AdqrMuC5Y7Cq4,Prey for Your Death,"Fear, Prey, Demise",696gJjtoueAnwN1x5Jp5ZK,['Hidden Intent'],['6k4QusZRtp1eIvIZLbUTSh'],1,1,False,0.233,0.995,10,-3.9610000000000003,1,0.213,1.0300000000000001e-05,0.000739,0.0979,0.0653,105.094,243427,4.0,2018,2018-07-06
1tlFJ7WQ5FeIXhRa2Mt87x,Could Have Been Christmas,World Tour and Other Destinations,5XaXGxojrSKsR7t8Xr7j5Z,['Tsunami'],['4nYZwJrT4QukNO5FqaDcW3'],10,1,False,0.301,0.24,2,-16.766,1,0.0315,0.809,0.008,0.139,0.122,101.289,269307,3.0,1995,1995
48pZobDNHbYw5qpOfoBTcR,Carbondate,Early Man,0tj8McNhSBCvaqkkNcYKNM,['Steve Roach'],['00gh6kmKYOu8xyorRxQm6a'],8,2,False,0.079,0.23199999999999998,5,-32.7,1,0.0511,0.467,0.868,0.12,0.0534,82.609,476000,1.0,2001,2001-04-06
4IntMxHGGD0aEbM1Jo5CkU,Moment Of Remembering,Unmarked Pavement,3TdrKbIuBc2ttaAjReJdPn,['Transzenders'],['5YwgnGhzZNKSmz7YNlAG6k'],10,1,False,0.39,0.24100000000000002,5,-11.097000000000001,1,0.0284,0.9359999999999999,0.0,0.0794,0.261,147.798,237307,4.0,2007,2007-09-24
6a7kfpdlpgyYlKPObw9TSs,Anything,Best Of SWV,2QHtc53nHnTTQip9d3VmoP,['SWV'],['2NmK5FyrQ18HOPXq1UBzqa'],1,1,False,0.47100000000000003,0.489,5,-13.514000000000001,1,0.0356,0.125,0.0,0.344,0.38,171.835,168533,4.0,2001,2001-11-06
4TAcTZN29eqdXLGFtjbUdY,Ich will deine Sehnsucht,Weil ich verliebt bin,7gizVRTqPB1XhUr0mySQBq,['Andrea Berg'],['5dXbkgq9goxRAwCFoNU9Dp'],6,1,False,0.8320000000000001,0.823,0,-6.801,1,0.0508,0.147,0.0011099999999999999,0.0399,0.818,130.036,208533,4.0,1999,1999-10-18
5roTJV0gWCQUTWfYNnaGQH,Pent up House,Bailalo,5QftjoYUVwiCv18y4pJyzl,['Junito y Secreto a Voces'],['58xzVb6ONaTYn3XgPAGY8B'],4,1,False,0.742,0.795,2,-7.626,1,0.0365,0.195,0.863,0.0583,0.9179999999999999,107.26100000000001,321707,4.0,2005,2005-01-01
5xHlEx6CUBQDh5KrQKY0y1,Indespærret Brevdue,Gösta Hammerfedt,1scf4yD0NOPSj9PHp1oJcT,['Gnags'],['460C51GopZ9kmWvz3Z0649'],2,1,False,0.579,0.626,5,-8.674,1,0.0245,0.00318,0.000286,0.0593,0.6829999999999999,80.987,277773,4.0,1996,1996-02-22
4Zocz3qFLBWdrSC899sEqa,You And Your Commie Friends - Remix By Unwoman,Fish In A Bag: The Dubiously Essential See Colin Slash,1R5GBLafnA7oj9mYMQrRHf,['See Colin Slash'],['3iEXAImWJbIFZHf3zfFoBE'],18,1,False,0.455,0.9890000000000001,1,-7.226,1,0.0457,0.00223,0.838,0.0681,0.9590000000000001,150.004,236480,4.0,2008,2008-01-29
5kg0z6xWf6NLOwzQYRnCfb,Percussion Concerto: I. Con forza,Schwantner: Percussion Concerto - Morning's Embrace - Chasing Light…,6eivwGEFvfQVmp9Eig2Nhx,"['Joseph Schwantner', 'Christopher Lamb', 'Nashville Symphony Orchestra', 'Giancarlo Guerrero']","['3Y46IlqnuYQKsla21taBPR', '7BZzMNbZC8DQqjTKfKk6FO', '5CmNgBR5IxvpiU5tQxc448', '2p1ajptgFozpil91yrYncQ']",1,1,False,0.335,0.29,1,-22.971,1,0.039,0.93,0.894,0.109,0.35100000000000003,126.935,336720,3.0,2011,2011-06-07
2hBg6nrwGzhg5clNmgQp9U,The Cathedral Of Books,From Dusk To Dawn,1joQcU7ZH0lNSH71IhZFyq,['Pillow'],['3zkWQwDuWaGendMUpjnRq7'],7,1,False,0.267,0.34700000000000003,8,-12.309000000000001,0,0.0331,0.626,0.903,0.0942,0.0851,135.39600000000002,240680,3.0,2012,2012-06-22
0pKubJtwEgNqwEDvStfzms,Lightning's Blues,Between Five And Seven,2lU0kiPL6tGZNKgxRuG28A,['John Gorka'],['2MWKhzU2iggdtLs4xLTqrP'],1,1,False,0.621,0.46299999999999997,0,-14.337,1,0.0319,0.307,3.87e-05,0.098,0.794,86.965,233627,4.0,1996,1996-08-12
4w77xdfmBPaH3ayzvHqCbe,In A Young Man's Mind,Cheap Date,1s0s3uUaU5CVFAYU17ZAuR,['The Mooney Suzuki'],['4E5nnaQxGmUQCQeuGrXsql'],3,1,False,0.262,0.978,2,-4.296,1,0.0932,0.0755,0.0,0.31,0.475,173.58,194040,4.0,2003,2003-01-21
1uDNE0qUzC0Z0FKAfujZK6,Florecita Rockera,El Dorado,5kywkECQwnIBHzst6DCQem,['Aterciopelados'],['3MqjsWDLhq8SyY6N3PE8yW'],1,1,False,0.6459999999999999,0.657,6,-10.117,0,0.0554,0.00367,0.0,0.174,0.795,80.814,178733,4.0,1995,1995-09-25
3lw9h7WUEWAyI9GrBiKQ8Q,Picture This,Picture This,6BeGhF9toWqHVpmtYFGTpH,['Jim Brickman'],['2NzWRNaaLByHyI3wpuec8P'],4,1,False,0.18899999999999997,0.256,0,-16.133,1,0.0372,0.973,0.838,0.113,0.685,159.468,137667,4.0,1997,1997
2HV1YSl2FaDNujBrCi2dpv,We Come 1 - Radio Edit,Forever Faithless - The Greatest Hits,2Vcq2BbEjHFdfodZ8hlcZL,['Faithless'],['5T4UKHhr4HGIC0VzdZQtAE'],6,1,False,0.618,0.9329999999999999,5,-6.419,0,0.0467,0.000998,0.8540000000000001,0.32299999999999995,0.6829999999999999,136.005,224627,4.0,2005,2005-08-30
4TwDhqv76TooDS6VdBPAi7,Derecho,Warm Blooded Lizard,74pAmQM4enr9saKiUN8Udg,['Nym'],['6M8inuI8fuWKvTgIdUmOuA'],2,1,False,0.5920000000000001,0.585,3,-10.582,0,0.039,0.743,0.696,0.129,0.765,152.092,170047,4.0,2011,2011-02-01
4jovm2cvQh5HqTlH7xksdL,Glow Worms,Just Another Diamond Day,6BjFznpsyrxCFMpp3hzlD2,['Vashti Bunyan'],['4chuPfKtATDZvbRLExsTp2'],2,1,False,0.562,0.0521,0,-23.305999999999997,1,0.0383,0.983,0.0157,0.11,0.579,108.16799999999999,136307,1.0,1970,1970
4BxczDT8z30Z4OF4VbN9VT,The Flying Wings Attack,Sky Captain And The World Of Tomorrow (Original Motion Picture Soundtrack),6SxG1qpSVUHo1aE1lhMNDG,['Edward Shearmur'],['1PGSb2wgymZeNTUYqnOxyq'],6,1,False,0.20800000000000002,0.57,5,-10.797,0,0.0572,0.648,0.851,0.769,0.121,75.02600000000002,391733,4.0,2004,2004-08-24
1ToUqusmhaiRPIWwxZ3Lkn,Tattoo,Winter in the Belly of a Snake,4YWe6dwRHA5yBnFkI3fRJk,['Venetian Snares'],['7eKIP3IoPoUAZgZuvMM6hf'],3,1,False,0.645,0.847,1,-7.2639999999999985,1,0.18899999999999997,0.0548,0.429,0.134,0.242,107.338,258333,4.0,2003,2003-01-27
1rIMMudbC3NgHUGgZ2MLiR,"Weihnachtsoratorium, BWV 248, Teil I ""Am ersten Weihnachtstag"": Ach mein herzliebes Jesulein","Bach: Weihnachtsoratorium, Arien & Chöre",7iJkPl9tZ8tM0EiRFOVLRp,"['Johann Sebastian Bach', 'Thomanerchor Leipzig', 'Gewandhausorchester Leipzig', 'Kurt Thomas']","['5aIqB5nVVvmFsvSdExz408', '76HODsD07qiiAFoxCaMVIz', '0SlNRZ8zBLAgyB1lsoYxAa', '07weNvfwLKo2tzsMNEeMKO']",6,1,False,0.253,0.17600000000000002,2,-14.91,1,0.0308,0.966,0.94,0.109,0.424,98.76899999999999,83680,4.0,1962,1962
3iqGbhesTnbJwefSGYYLES,Extermination Blues,20th Century Blues,12kgHzaDNKnKXavwF37AXC,['Robin Trower'],['0MAvx5yzdhylg2ztJC3MD3'],5,1,False,0.34700000000000003,0.51,9,-11.373,0,0.0351,0.479,0.10099999999999999,0.32,0.508,157.689,291267,3.0,1994,1994
4xABntkZd5gLMrp4alQIPQ,The Birds of Paradise,Here and Somewhere Else,6BOAm87ZIC9Pw19K06XVzU,['The Samples'],['4KV8ACcPuT3Jyx9Bvh6OFs'],8,1,False,0.645,0.606,11,-10.355,0,0.0417,0.0092,0.113,0.402,0.596,92.00399999999999,222893,4.0,1998,1998-07-20
4nrGqAXIwimqVx0T1ejUyP,There's Got to Be a Way,Mariah Carey,5SwNGsGw1I8H361DKiYnnn,['Mariah Carey'],['4iHNK0tOyZPYnBU7nGAgpQ'],2,1,False,0.6509999999999999,0.742,7,-8.961,1,0.0296,0.415,0.000122,0.0815,0.48200000000000004,103.48200000000001,292533,4.0,1990,1990-06-12
64uJuI1jQOAqlODRB6nj6N,Noru,Trying To Remember,3djS2XbGkWrUESFUKodNue,['Deru'],['4GolrXXRODq7bAGCod4JoV'],9,1,False,0.633,0.48100000000000004,9,-17.493,0,0.04,0.69,0.794,0.0885,0.0758,110.005,337160,4.0,2004,2004-12-13
47TrlpH5yK3Q6NpFMIq1zY,The Somnambulist Speaks,Hall Of Mirrors,2b2UdMwRLcuTWNqMZLHHXj,['Vocokesh'],['7mHWSfotkHtXg8UjFuBmXR'],8,1,False,0.0952,0.573,10,-9.698,0,0.0446,0.757,0.934,0.0942,0.0459,74.167,259000,5.0,2005,2005-01-25
7jszJecKQj9kVYjtFXboRR,Bell Boy,Bringing Out The Dead - Music From The Motion Picture,30yEwgpAvxeVE7Kpn8UPd4,['The Who'],['67ea9eGLXYMsO2eYQRui3w'],12,1,False,0.574,0.821,8,-8.249,1,0.0777,0.155,0.0,0.11800000000000001,0.307,129.188,295333,4.0,1999,1999-10-19
2m5st5diIQvMrzUKP2qM2j,"Poeme, Op. 25 (arr. for violin and piano)",Poème: The Artistry of Lydia Mordkovitch,6dMBeQsDfQ8zCosgkwKPsh,"['Anonymous', 'Ernest Chausson', 'Lydia Mordkovitch', 'Marina Gusak-Grin']","['4kCZ5nyurc9eIqLJfUcW0Y', '4dadMoMQOTGa96FlnhEzCi', '4Z6lM7VSKeMQlkJg45UMTy', '3lPQTnWYuq9viHj7rObzHN']",4,1,False,0.27,0.115,0,-20.152,0,0.0496,0.975,0.151,0.111,0.0349,130.692,854000,3.0,2015,2015
7yuj4ZuxFClEiZg2e8llKH,There's No Business Like Propa' Rungleclotted Mashup Bizznizz,"Full English Breakfest, Vol. 3",7orh3iEyjlYoCpm4WlOAzT,['Shitmat'],['6mPzVfnTE4JQJAuAdz2csx'],1,1,False,0.484,0.88,1,-6.296,1,0.479,0.307,0.000193,0.256,0.622,84.619,316760,4.0,2004,2004-09-13
5jemkJFS4uClnfmLDjixrF,Hometown Girl,Hometown Girl,0DVTHjL5KC4jPDwLSqNwff,['Mary Chapin Carpenter'],['0qAmeOULjwn04k6jMMeDyr'],3,1,False,0.37,0.121,7,-18.449,1,0.0326,0.8740000000000001,0.00143,0.273,0.263,175.709,288733,4.0,1987,1987
09PaUuQY2fmhVwsPEkwBGP,"Concerto No. 2, Op. 18, in C Minor: Adagio sostenuto","Rubinstein Collection, Vol. 15: Rachmaninoff: Concerto No.2; Tchaikovsky: Concerto No.1",7p2hVrht61nNFyzkLT7UQC,"['Sergei Rachmaninoff', 'Arthur Rubinstein', 'Vladimir Golschmann']","['0Kekt6CKSo0m5mivKcoH51', '5N1GUHhFMRFFgMTjSOJDb9', '3i9zo6m90f9mokNIXqCu0M']",2,1,False,0.252,0.11900000000000001,4,-20.009,1,0.0332,0.991,0.943,0.11699999999999999,0.0555,95.12,600133,4.0,1999,1999-12-31
6qeGsdpVzga4uA7dlTgm3Q,Love Rules,Just Between You And Me,2lZoXPWPJ7Z0MnBPYuOplC,['The Kinleys'],['54WwKfYhkYzFRtynSgtTw2'],8,1,False,0.665,0.725,4,-4.2669999999999995,1,0.0289,0.213,0.0,0.32,0.583,134.986,185067,4.0,1997,1997-09-05
0BKlOFgAcYFtpTbTJBJTpN,D'ici à Monaco,Lorsque le rideau tombe,0mVxodM3y6vmGwB4Bh6227,['Marc Gelinas'],['3pt4Hr5uZMmceLI6DPy1Bq'],14,1,False,0.423,0.461,11,-7.952000000000001,1,0.0283,0.6940000000000001,0.0,0.0519,0.626,110.395,166907,4.0,2001,2001-01-01
2jXfeLzvHWgSSZ3K3pfAWP,The Power Cosmic,The Evergreen Collection,19MWYF0dudQ6oXvF6BIaFj,['The Echoing Green'],['37Iic1l5ZaBzXqcbQUoXtW'],10,1,False,0.591,0.893,7,-6.854,1,0.0384,0.00032,8.590000000000001e-05,0.0839,0.239,130.204,281253,4.0,2003,2003-11-09
3F0MRmPM3ZmQGfKBQVXSxB,Saboteur,Blue Blood,1EWxTYWCYGjbqODrrZk9fF,['Idiot Pilot'],['0Cbqcvj2d58Ew9UIGqrPvD'],8,1,False,0.16699999999999998,0.873,5,-4.5280000000000005,1,0.0578,0.00409,0.000279,0.207,0.17600000000000002,102.90899999999999,281252,3.0,2019,2019-03-12
1N2tNAie1aZRF6wZXq0gNE,I Am Going Home,The Birth Of A Legend (1963-66),2ymwnKX5hw8j4PqxYv2UQV,['Bob Marley & The Wailers'],['2QsynagSdAqZj3U9HgDzjD'],7,1,False,0.48,0.562,10,-11.375,1,0.0386,0.408,0.0,0.878,0.862,135.248,195840,4.0,1977,1977
0uCzPChSRkPrrb7iH18SW4,Enfleshed (Alive Is The Word Remix),Lusis (Remastered),7MSyCoVHkWzG8MKN1ci55w,['Mortal'],['2V27BrLW9marAftTzfW8WN'],13,1,False,0.725,0.631,2,-13.25,1,0.0661,0.000399,0.885,0.107,0.19,118.63600000000001,279027,4.0,1992,1992
6VLACFUiXX5Blewd7kFR32,"Herbei, o ihr Gläubigen",Christmas Carols,7EZOtrsO5Bulg0ExL5MU0n,"['Traditional', 'Peter Schreier', 'Hans Otto', 'Thomanerchor Leipzig', 'Staatskapelle Dresden', 'Hans-Joachim Rotzsch']","['1U5zgr455OGyIkLNXvDdrf', '38ghpVkkvBf5wugUg4HW4G', '6tldzwbC4pz52WJz3WRYbP', '76HODsD07qiiAFoxCaMVIz', '3Vfvyx6OouTxYU3emXonW7', '1C17hjKww5t8f2znhlPBBe']",10,1,False,0.336,0.242,9,-14.407,1,0.0346,0.953,0.00101,0.145,0.32799999999999996,114.449,141573,4.0,1975,1975-09-17
1g3J2YagOtdfDCkN8xilEv,Circling,"White Shore, White Sky",3MJN1i6YrLZEGZ8SQC4z3Y,['Dive (jpn)'],['2cb7ST2JO69j7IJREhibN8'],1,1,False,0.402,0.897,11,-3.85,0,0.0479,1.56e-06,0.937,0.40299999999999997,0.306,119.931,244369,4.0,2010,2010-08-22
1Ob5nJJqmkFh3J5wCBmkJq,Borrow Mine,Try,1rBBB9sPV3S8QphoTivIhz,['Bebo Norman'],['0acFxGm0vYIfwTX4NRlEWd'],11,1,False,0.451,0.685,1,-5.347,1,0.0283,0.00374,3.6700000000000004e-05,0.14400000000000002,0.436,144.08,280387,4.0,2004,2004
4lWDP8Brmgpzvv4WzIGzyc,Somethng Else,Real Day,60VOTA3Ta0qO7O99jNxBhr,['Alice Peacock'],['58UCFxYeO9fczztva9OyEY'],7,1,False,0.467,0.6729999999999999,0,-7.087999999999999,1,0.0356,0.136,0.0,0.21600000000000005,0.757,155.993,188533,4.0,1998,1998
1erOVr4sf25GrEjeHAjfe4,"Kansas City - Live at University of Missouri, Columbia, MO - April 1993",Complete Columbia: Live at University of Missouri 4/25/93,7eZKKe38ipnOOa7QsbZWIR,['Big Star'],['3UvcmAOZt64oKpP95f6MMM'],19,1,False,0.45,0.897,9,-7.794,1,0.19899999999999998,0.0292,8.37e-05,0.7240000000000001,0.56,122.65700000000001,184987,4.0,1993,1993-09-14
7iwrAcPUQNnqokthYKk1Qr,Originated,Fresh Roots Music Presents: The People's Verses,1rqkO5A4I3rlXJsjIzmN5g,['Hired Gun'],['5DIHMRMMLph9Ma04OLvbBU'],5,1,False,0.919,0.812,9,-6.452000000000001,0,0.22,0.0324,0.0,0.114,0.7120000000000001,98.016,282573,4.0,2008,2008-01-01
4IpKWkFIrNbA378GjtlcLi,Cobbelstoned Waltz,Lillian,2XLMDQJkxydQm21aVA9ibs,"['Alias', 'Ehren']","['4fnsjU6L1NvRMdgEs0lY11', '6DzsFQn2Hty3ItvlEREUjY']",12,1,False,0.526,0.738,1,-13.135,1,0.0613,0.217,0.919,0.0594,0.5479999999999999,175.947,218160,4.0,2005,2005-08-22
1idZoyItKXlssqiGJItfyF,Inaccessibility,Lost Subject,2HFIGVlJxwrrBHfhYlCn7c,['Deceptikon'],['0BncKFvKZq0ltNmbXvIrrm'],5,1,False,0.7190000000000001,0.405,9,-10.412,0,0.157,0.019,0.855,0.185,0.721,82.99700000000001,110187,4.0,2004,2004-05-20
4N5SAJQKaDAgUsLiCkLCJV,Megaman 2 - Flashman,The Advantage,2fjMrpamTOXUss7SphWfL7,['The Advantage'],['1YavzUjXGxvbyXaohIU1EN'],1,1,False,0.584,0.858,0,-11.558,1,0.0362,0.0239,0.8420000000000001,0.26,0.434,128.939,128800,4.0,2016,2016-07-06
3BOqXpN2qf5ZUhAU44tdiT,Shadows,Calling Over Time,0AaYQ1hTlHXrEgUCJ9MyWo,['Edith Frost'],['3cmq7YmDFFy99rpgJipF2E'],8,1,False,0.52,0.0459,4,-20.733,0,0.0309,0.91,0.00385,0.111,0.355,103.20200000000001,170400,4.0,1997,1997-04-22
2v7qHl2FncwSfSSg4CUpfi,A Small Trip,Reclaimed Property Volume 2,6GLoGx3ZhCgZ6vxbQcSqg2,['Kalabi'],['4XEW8oO0o5BRExrRj5W1XE'],7,1,False,0.68,0.578,7,-10.953,1,0.0329,0.467,0.9009999999999999,0.102,0.24,99.99,247200,4.0,2011,2011-04-20
2T2woh4uYrb5TYFJw43K7D,No Business Again,No Business,72IfUMtAsZe6o4SBopx5NF,['Negativland'],['6m6fw8IM7yDdkdgjBTTisW'],9,1,False,0.565,0.14800000000000002,9,-24.01,1,0.49,0.983,0.000674,0.522,0.469,83.79700000000003,36320,4.0,2005,2005
0ym4WZQ3ip4iVqHcfRgSyd,Angelina,"Cowboys, Outlaws & Border Town Dogs",4tiEdpg9XZsyE0UySLhFQF,['Danny Griego'],['3evY4K4kOT0iE65tI8b5LM'],11,1,False,0.536,0.69,10,-5.496,1,0.0293,0.285,0.0618,0.19399999999999998,0.43799999999999994,100.162,215840,3.0,2014,2014-04-29
1F3fJc8tBsGGRYxMKdd109,It Takes Two (To Make It Happen),Back On The Streets,4hAko2EBOGZ12Fh9j6VKZ8,['Tower Of Power'],['0JCxGVxsISZzJHJPUOtceB'],7,1,False,0.631,0.715,10,-13.529000000000002,0,0.16,0.0384,2.02e-05,0.34600000000000003,0.857,190.58700000000002,215173,4.0,1979,1979
51NBFhffHNvLUST5itH0X0,"Selfless, Cold and Composed",Whatever and Ever Amen,7ggEMmVTUloqdMw18rv0ve,['Ben Folds Five'],['44gRHbEm4Uqa0ykW0rDTNk'],5,1,False,0.226,0.521,11,-10.372,1,0.0333,0.0926,0.0272,0.07400000000000001,0.27899999999999997,180.52200000000002,369600,3.0,1997,1997-03-18
7wGVJ1niBwVd72jW7Se9xR,more to what,Lit,7HZazrOICOS9rfbDpib1q4,['Malcom Kipe'],['5ItRuIOfsXJaTTZ1nBNQO4'],19,1,False,0.55,0.8220000000000001,3,-5.297999999999999,0,0.33899999999999997,0.619,0.774,0.331,0.809,159.22,74200,4.0,2005,2005-01-01
0wVekuVb95B3dIlIRWVFuo,Mambo Solitario,Boogie Angst,0b0jiJxbY7YlqAxW3YTjcl,['Kraak & Smaak'],['7c5qu1gNlg8jWDzzmlp89O'],10,1,False,0.805,0.375,7,-10.125,1,0.0406,0.848,0.904,0.124,0.231,131.875,284987,4.0,2005,2005-06-13
5evbbY302zicCY5iVO8wNj,Water Falls,Shadow Of Time,7IxohWcQUw5Wf6fiRsLPr7,['Triona Ní Dhomhnaill'],['44LE83xodXZHiqFX8Qb7CB'],5,1,False,0.316,0.166,9,-19.66,0,0.0332,0.9790000000000001,0.8420000000000001,0.0992,0.455,87.414,169667,4.0,1993,1993-08-26
7hi06leecn8Atq5031zaVn,Young Embrace (Um Abraco Da Mocidade),Light As A Feather,4Bc3Vi6eMdJKEGN3haOTGF,['Azymuth'],['5lYcr7Yue9FUB7MJDBtTJx'],7,1,False,0.505,0.69,6,-14.899000000000001,1,0.0448,0.807,0.821,0.19399999999999998,0.892,177.136,202933,4.0,1979,1979
3daYWZj5GzsolTbu4pdKe0,More Than Than,Calling The Fiends,2575B9ZanguN38llcj8Tuv,['Phantom Vision'],['7JgdddkVSv4RbKTnvCG0fU'],2,1,False,0.435,0.583,0,-7.479,1,0.0299,0.0243,0.000308,0.10099999999999999,0.195,139.89700000000002,246067,4.0,2004,2004-06-08
573Brzp0HMCOz7DOaJiFbJ,Straight for the Heart - 87 Evolutions Version,Whitesnake (30th Anniversary Super Deluxe Edition),0aaGy4xNDYJ1QLllH7mSNp,['Whitesnake'],['3UbyYnvNIT5DFXU4WgiGpP'],5,3,False,0.168,0.579,7,-13.364,1,0.0838,0.6509999999999999,0.0018899999999999998,0.39799999999999996,0.494,177.88400000000001,287813,4.0,2017,2017-10-27
2hp56AoOim48tTQEdsBxMi,All The Best,Somewhere Someone's Falling In Love,2GiuY6zd1eLn1Kdwmn3rda,['Henning Stærk'],['0OmrAV3lcs88FhbEREgrYR'],10,1,False,0.599,0.353,9,-14.661,1,0.0315,0.28800000000000003,0.126,0.11800000000000001,0.373,89.274,234867,4.0,1997,1997
50FEX2edJuyrhlWBfPVdbI,Finale,Hotel Rwanda,1oB7DuHxiwy0FkPwJ9ay8Q,['Andrea Guerra'],['2RH4zVV2q0H5iVnfSl7XFz'],9,1,False,0.14800000000000002,0.29,2,-16.265,0,0.0363,0.24600000000000002,0.858,0.218,0.0573,79.166,182880,4.0,2005,2005-01-11
7H1Z0pnuODs9CYmGNttxcR,Traffic,The Prepared Piano,0QOgStTo4q2flp4Cih6nJJ,['Hauschka'],['6fTuDQJqqMDrrEXSFmgyJt'],2,1,False,0.589,0.39799999999999996,10,-10.827,1,0.0355,0.868,0.853,0.138,0.768,81.927,251387,4.0,2005,2005-09-19
5UNz6l2zFR4IWFRGoTAMI7,Something That We Do,The Love Songs,21Cr5WwZauySMITmxIihwW,['Clint Black'],['3Ay15wt0QChT4Kapsuw5Jt'],3,1,False,0.598,0.503,5,-8.382,1,0.0295,0.402,2.380000000000001e-05,0.11,0.341,132.93200000000002,278840,4.0,2007,2007-01-30
1FDjjDrlD3bM6Ppb5u5MHG,"Oboe Concerto in B-Flat Major, Op. 9, No. 11: II. Adagio","Albinoni: Oboe Concertos, Vol. 1",5gBHQs4zIhgrM96oIkh9pJ,"['Tomaso Albinoni', 'Anthony Camden', 'London Virtuosi', 'John Georgiadis']","['17OArJzEhRR3OmhtGcnfBq', '1iNHrIYKqHXQONIKKClI73', '1rN8URXQLC7teSgmIeUuQn', '7eqecmnZFVZA4oPKk3HTBf']",11,1,False,0.0996,0.127,7,-21.068,0,0.0437,0.9440000000000001,0.873,0.31,0.0828,173.30900000000003,206107,3.0,1993,1993-03-29
49S31CcJ0PKiF4pZU1Z3zV,South Express,Lord Riff and Me,7jMUV9eShCk6wdeA0sdIuT,['Chico Freeman'],['0V2fyT9oYJQdsePL7VrfwL'],7,1,False,0.483,0.272,5,-21.52,0,0.0466,0.392,0.638,0.157,0.596,127.07700000000001,361200,3.0,1987,1987
6ZmFns5HS3cLYsxMhpDdE8,Valentine,Valentine,09uX9yPnOqVEujjILTooQ2,"['Jim Brickman', 'Martina McBride']","['2NzWRNaaLByHyI3wpuec8P', '3P33qFNGBVXl86yQYWspFj']",1,1,False,0.537,0.268,1,-12.822000000000001,1,0.0269,0.828,2.25e-05,0.138,0.153,95.34200000000001,193093,4.0,2002,2002
37ptwpTlNINaLIfmIzfhRX,The Sky Keeps On Falling,Kenny Edwards,7ryzMBCKaujdaEIF7vtMaI,['Kenny Edwards'],['17WwLzF75E6iqTd4wXzFmv'],7,1,False,0.726,0.402,7,-12.489,1,0.0285,0.5670000000000001,0.008029999999999999,0.174,0.715,133.61700000000002,314267,4.0,2002,2002-01-01
4TDTYHtRQScCQu8e3b0Z86,Let Freedom Ring,Renegade,2KOaa5VC9kV7GTKcHTFoTS,['Charlie Daniels'],['6UpFUXmXvDV7Qj1SPymamh'],10,1,False,0.563,0.48,9,-13.032,1,0.043,0.111,0.0,0.12300000000000001,0.38,92.135,301333,4.0,1991,1991-04-23
3dUpQSS0oqW7hmFH4PF8j0,Mica Mori,Zone on Nine,2AcNwPm7Z2GcKofFamKD34,['BONZIE'],['5P7xOLYjahofPTxDa0MOc8'],10,1,False,0.29,0.336,2,-9.564,1,0.0314,0.545,0.353,0.0927,0.0383,152.564,421147,3.0,2017,2017-05-19
30ycrPWAK8xTz2GVSJlsuM,Perpetual Dream,The Great Perhaps,3wrLDLLKpQ7Wh5oOFHUOBc,['Parlour Steps'],['2F4JlxKRUAiMPdmmuBy7wj'],3,1,False,0.353,0.813,4,-6.505,1,0.0403,0.00746,6.55e-05,0.34700000000000003,0.475,169.923,252813,4.0,2005,2005-01-01
1TAe71XfRa0j02kimHpThE,What I Do,Low Down Suite,4gwKZV5qNCv1AFm347UlRj,['Moka Only'],['7G9ZUoEjbi5Z2bR5w60S0h'],14,1,False,0.8959999999999999,0.535,1,-5.364,1,0.27,0.153,0.00032,0.344,0.649,94.01,219907,4.0,2003,2003-01-01
4TUi59fWQCHIRlS46fXHaj,Matador,One (Hellbound),163CUNnThccqHNAxYSx2oo,['Demiricous'],['6K9kNr9EqTnJ29HjZHNvOP'],8,1,False,0.42200000000000004,0.973,2,-4.476,1,0.147,7.82e-06,0.747,0.159,0.345,105.124,204840,4.0,2006,2006-01-24
3cIKpHSsC6lNh8ixZ9OBnH,Pale,Pale,3dZ46RrLfkUWYkwyQJev7W,['Diorama'],['5ATzDLuAJJWC4nSFgnVKxF'],11,1,False,0.499,0.21,2,-12.767000000000001,1,0.0356,0.769,0.006529999999999999,0.15,0.08900000000000001,129.833,359491,3.0,1999,1999-09-24
77ehulzrP7gSD5iWQTK05b,Rainbow Connection,The Scientific Supercake,5KdtxWSGPNNqfLiLchfzbI,['Godheadsilo'],['19U1TljX5HGtzVlI1JljwV'],5,1,False,0.415,0.252,11,-26.191999999999997,1,0.0337,0.943,0.27399999999999997,0.395,0.503,100.01899999999999,58507,3.0,1994,1994-04-12
5stBAHTcDKm6ggDFVz1z9g,Knives At The Wall,The Mezzanine,32NQAU9OcRukccBgZRvgqF,['Liz Durrett'],['5jdExtboQGiHQU2073HMCs'],1,1,False,0.474,0.0784,10,-15.366,0,0.0312,0.794,0.00013000000000000002,0.11599999999999999,0.0603,68.184,170613,3.0,2006,2006
0LS7rWfHz1z2tGfOggu6ab,The Lighthouse Is Gone,Smokin' Joint,6Mu3YbQIQkwOfyyEq0qbnY,['Kim Wilson'],['3LkeAX21Tyb0t1CCAP5aq3'],13,1,False,0.41700000000000004,0.6659999999999999,9,-11.642000000000001,0,0.265,0.951,0.858,0.825,0.8170000000000001,142.871,154293,4.0,2001,2001-01-01
4SBMrXSuJkSAXZ4zgvWwNP,Who's Got Three?,The Hidden Land,4XQxZSC8fGJWK5BR0CVKom,['Béla Fleck and the Flecktones'],['5Zmur9D9gpr6tXyDrpnbOe'],6,1,False,0.5329999999999999,0.2,10,-17.857,1,0.0559,0.98,0.647,0.126,0.23399999999999999,122.219,322693,4.0,2006,2006-01-08
3KmdyoCsdP6FAMnwNUQTV2,Africa,Chitlins Parmigiana,0pqs4BxDpR7zsfHN2mHTTJ,['Vivino Brothers'],['51fGfQ8wTmZpD8HxPnTMtr'],8,1,False,0.617,0.532,7,-15.954,1,0.0555,0.011000000000000001,0.8170000000000001,0.0971,0.524,103.649,373533,4.0,1992,1992
2soG4u7sPJo0o0HzHLwo2D,Without You,I'm Already There,4aC1f4gcfN1lGRG1W9OuMJ,['Lonestar'],['3qbnxnvUqR14MJ9g8QwZJK'],6,1,False,0.519,0.502,7,-6.675,1,0.0266,0.188,0.0,0.10099999999999999,0.225,145.534,252200,4.0,2001,2001-03-27
2hWdLbmI90CX4svACvb8Ed,Cooma Town,Live At The Rockhouse,7ojF9wzWClf9nEIian0Vi3,['Matt Burke'],['1niEklOb99AXWieIrU05N7'],4,1,False,0.672,0.649,0,-8.192,1,0.0404,0.0439,0.000105,0.313,0.301,107.84700000000001,314747,4.0,2007,2007-04-16
1y9DiXzQ5b1O5huZ5Q54wJ,Less Than Perfect,Broken Hearts Break Faster Every Day,5IHKeJpJly0LiSirkhI1qB,['Papermoon'],['2ThmmBUdyRxZBAQuvUnG7g'],5,1,False,0.528,0.672,0,-5.5070000000000014,1,0.032,0.0689,3.5799999999999996e-05,0.0716,0.703,123.874,211440,4.0,2006,2006-01-01
0l6NGrW2fe15fCfa8LM5i8,Go Away,Total,2G5Ictjj38CjYvpk8KDHGP,['Teenage Bottlerocket'],['0mGyXXKzoR5KAAh4Mkef2W'],7,1,False,0.499,0.978,7,-4.546,1,0.0801,0.00293,0.0,0.335,0.47600000000000003,102.02,134853,4.0,2005,2005-03-30
5LUaninZhWsGxso4r9dgDQ,Disintergrating Reels,"Rise, Rise, Rise",5W6KIIB0NspWfLZBHm7ucL,['Tyondai Braxton'],['3LxogQGFWIVPpDWNOVlSzK'],9,1,False,0.217,0.693,4,-10.270999999999999,0,0.134,0.091,0.00507,0.251,0.0396,85.301,753400,4.0,2003,2003-10-21
2Txn9YkGHWWYKHMq8gzQuG,Tijerina,Scavengers,14gzGzRxVusWgbupPA4b1f,['Calla'],['4mcVAxcVVry8r6zmPBpL1w'],4,1,False,0.419,0.32899999999999996,0,-6.2410000000000005,1,0.0317,0.00948,0.21899999999999997,0.111,0.115,137.447,372267,4.0,2001,2001-01-16
6DdiwkwPeZDD5TibMOZI3I,You're Still Here,Comfort,2jpYnD0qElhTXuAZv0Gtqv,['Kathy Troccoli'],['73CmW7Heo8CxnYXydAs6qc'],11,1,False,0.385,0.125,1,-14.975999999999999,1,0.0497,0.97,2.13e-05,0.0804,0.19399999999999998,83.845,262747,4.0,2005,2005-04-30
1gxw7zTs2lVVrOQqp945RZ,"St. John Passion, BWV 245: Part 2 No. 37: Choral - O hilf, Christe, Gottes Sohn","Bach, J.S.: St. John Passion",1C6Vpccwf7489GGdk0eNYi,"['Johann Sebastian Bach', 'The Scholars Baroque Ensemble']","['5aIqB5nVVvmFsvSdExz408', '79zqMJ0Tc0wATqK0eszdsJ']",23,2,False,0.271,0.0191,9,-31.048000000000002,0,0.0474,0.972,6.47e-05,0.141,0.142,114.073,71813,4.0,1994,1994-07-05
2UgJTuYUeAjsrILn0gMZO1,"String Quartet No. 8 in C Major, Op. 192 No. 3 ""Suite in Canon Form"": III. Capriccio: Vivace","Joachim Raff: String Quartets Nos. 2, 3, 4 & 8",2wHQpr8ZveSV84o1F999Ax,"['Joachim Raff', 'Mannheim String Quartet']","['1LA9Zn3bgZCPA1VJVEvDa0', '4eWx4wVLWtEchWREiD5Wy8']",7,2,False,0.5920000000000001,0.115,0,-19.511,1,0.0494,0.9470000000000001,0.884,0.0803,0.518,74.952,148987,4.0,2015,2015-03-03
2n5gVJ9fzeX2SSWlLQuyS9,Fight Night,No Label II,56PJDByaunMWwCqs5rV3Nc,['Migos'],['6oMuImdp5ZcFhWP0ESe6mG'],9,1,True,0.8740000000000001,0.706,1,-5.1320000000000014,1,0.207,0.182,0.0,0.33399999999999996,0.895,89.96799999999998,216248,4.0,2014,2014-06-03
52d3v0ihDpKEaw7ypjcdPL,Fix,Impetus,7cnDbdGXw5rtggtOzaPWU1,['Backlash'],['5DP1O2E2VeWpAeDslexqws'],4,1,False,0.627,0.7929999999999999,3,-9.861,0,0.0371,0.0033,0.0135,0.11,0.7709999999999999,117.863,252213,4.0,2002,2002-09-13
0eTjeigDG1uhrjzuSpXy4D,Happy Birthday,Six Songs,5ubpwwbfoPMoKf7vLwPBOd,['Luck Of Aleia'],['4D9CGeJQZFalCcfwfbr7sF'],2,1,False,0.233,0.747,2,-8.151,1,0.0332,8.84e-06,0.0119,0.114,0.4270000000000001,168.278,255307,4.0,2000,2000-05-13
0Twzv7Nuq0YXmSOhEAIpEG,Cambios - En Vivo,Trapos,1K64jidLVfUXr4aCBbcXEI,['Attaque 77'],['5rI6C5mJm6GYXbGHhpHTu9'],2,1,False,0.442,0.988,0,-3.0580000000000003,1,0.126,0.000629,0.0,0.973,0.45299999999999996,114.09299999999999,139840,4.0,2001,2001-08-04
1A1vxRfhe2SDNcgivr0bTI,Suckafree,Universal Language,0sOmMe2iBJ7P6jQqlTEUGQ,['Bub Bizzle'],['4kLNWmoJ6PflT9dpDjoxfU'],8,1,True,0.815,0.8340000000000001,7,-2.401,1,0.191,0.128,0.0,0.121,0.608,93.029,215223,4.0,2020,2020-11-23
1JRd0XRi9Mzug8JqUXNp14,Make You Move,Second Season,0bYtkQWhmfDERfpAeomH8U,['Unk'],['0PGtMx1bsqoCHCy3MB3gXA'],17,1,True,0.9109999999999999,0.907,2,-0.934,1,0.043,0.131,0.0,0.0957,0.531,117.03299999999999,197907,4.0,2008,2008-11-04
1ccrP3bCVdvupLS6m8Q4nC,(I'll See You In) Cuba,There'S A Small Hotel,5DJpQHOP5FxcVokPQRZcC0,['Mary Cleere Haran'],['7osFspZ7XzDztLlTaa1vbH'],14,1,False,0.508,0.34600000000000003,7,-16.022000000000002,1,0.43799999999999994,0.871,5.9e-05,0.8140000000000001,0.53,141.286,206507,4.0,1992,1992-04-07
4cbAT9Puz0BbkPzfPfsJGI,Mortality,New Faith & Sins of the Heart,7dM1NGhTQPwOUQ1s2ziZMC,['Neuropa'],['7bVMGgM5YC8hlw6BYulg8b'],1,1,False,0.659,0.6920000000000001,0,-8.281,1,0.0303,0.0899,0.0023899999999999998,0.0852,0.281,121.92399999999999,325480,4.0,2002,2002-01-01
3HWEI4NJqm0JQ0Uf1Nki82,King Alcohol,13,3cAURdA5lOghu9VvZF8JuX,['Solace'],['1t6lG3RtA1w2Sne7A1722V'],3,1,False,0.18899999999999997,0.92,7,-5.332000000000002,1,0.0648,1.49e-05,1.84e-06,0.10800000000000001,0.396,136.674,341107,4.0,2003,2003-02-05
7z2WCmDJizRfbK5WS5UIUF,Lately,The Impossible Dream,6GhAyW7hdyaGiKrWz8umz9,['Andy Abraham'],['4IALHiQ0AXC3oLrtUo6MQP'],11,1,False,0.295,0.365,10,-8.011000000000001,1,0.0298,0.664,0.0,0.11,0.292,151.611,252840,4.0,2006,2006-03-18
4sF0kU5TdtcQdjDEpx3epj,The End of the World,Camping,14L6IjLUVghNliAm5AWJKf,['Kiki'],['2A3UPT7S17kkDFwCKfQ6ez'],18,1,False,0.696,0.637,6,-8.551,0,0.0498,1.0199999999999999e-05,0.9109999999999999,0.0633,0.732,129.984,225160,4.0,2006,2006-10-06
60eUIiJgSWtue2D9WPrj3F,The Passion and the Fury,Love Poems for Dying Children: Act III : Winter and the Broken Angel,6YyBomQC6QGWmT3hyi8osW,['Autumn Tears'],['32WFfO8pMkrpupMgDiXlDE'],11,1,False,0.226,0.15,0,-13.765,0,0.0336,0.973,2.1e-05,0.128,0.0719,118.66,190147,5.0,2000,2000-06-05
49mbqujLhVLsCxskIrc3vm,Frida K. The Beautiful,The Beautiful,6hKzf1xg6tfndKHJB9HY5H,"['Triptych Myth', 'Cooper-Moore', 'Tom Abbs', 'Chad Taylor']","['6yZFzv8akAGUCHv3broeN2', '41PYctYGu2C3I4csuIC9VR', '1OmkZMCHGJYUvTpCHweuIJ', '0o8c17fdXpsDbQez6drlmt']",2,1,False,0.409,0.374,3,-14.886,1,0.034,0.764,0.723,0.113,0.25,103.943,322080,3.0,2001,2001-10-03
36COuAtIxi6vnxrLm5iOdQ,"St. Luke Passion, TWV 5:13: Chorus: Hinweg mit diesem, und gibt uns Barabam los!",Telemann: St. Luke Passion,36SdeIE2xtJm3OxQ5iwlRr,"['Georg Philipp Telemann', 'Wolfgang Klose', 'Marcus Ullmann', 'Christian Hilz', 'Raimonds Spogis', 'Thilo Dahlmann', 'Kolner Akademie Choir', 'Kölner Akademie', 'Michael Alexander Willens']","['2fg5h5pzleqI4RjFopWroj', '5nNQ6qm3qLltNXY64gZc2C', '4mXJjr43fnFO3ktRE9SLZF', '2zPtWhELwKS2zvTsMEIoZg', '4S3d4pKFPFvmEf5wCW6d9b', '3PfHc2P4XZb2ubTERoavaT', '71lBbgFUpN2SVkriXPJfgN', '2EuaWz2LnVKvUcygvMhBnw', '57Gzkes3RHKDd60RYVEEGL']",32,1,False,0.611,0.494,9,-16.66,1,0.0377,0.812,0.00019099999999999998,0.33,0.937,111.446,31520,3.0,2013,2013-04-30
4vB2SCi8FVyVNKJg3PYAAe,Virgin Killer,Born To Touch Your Feeling,6LrqTmkow0Ea3GdoI250DY,['Scorpions'],['27T030eWyCQRmDyuvr1kxY'],10,1,False,0.34700000000000003,0.961,8,-7.056,1,0.157,0.00472,0.0293,0.374,0.324,90.573,221467,4.0,1995,1995-04-03
52UxlHMvAsjRb6PMjZ64hU,Aftur,Sample + Hold,47vJTwboMrSgqvNdVd9fN0,['Plat'],['4M35oWYwBKkTxE8REfsfDU'],1,1,False,0.667,0.605,5,-9.548,1,0.0661,0.259,0.892,0.0968,0.306,90.024,272053,4.0,2004,2004-05-08
1xqEkDHoIPENFrBcScztOk,Milestones,Underground Memoirs,3TNZ5AnpxznK2kVNXxvUaG,['Cedar Walton'],['7DCTgrI6aDK3nBRZm5RUKT'],1,1,False,0.58,0.14,10,-19.213,1,0.0528,0.9940000000000001,0.932,0.105,0.276,84.885,266573,4.0,2005,2005-05-24
6ZHXmnVPzCS9w86ixJ0mo1,Renée Died,Burning Kingdom,7vOp0mHCe3y67XTrUhVpWq,['Smog'],['2ajVJyxI4sHmTMtTA3ENko'],2,1,False,0.451,0.155,1,-18.108,1,0.0335,0.87,0.0031,0.191,0.0386,84.71,110480,4.0,1994,1994-09-19
5iKmBtxYi3IkozHyCvqmLo,Just Like Tom Thumb's Blues,Robyn Sings,5QNJKm16uFMYJp1ffgGuF0,['Robyn Hitchcock'],['0O0g9JMOVNoIgLG6dgaYMY'],4,2,False,0.395,0.882,7,-6.496,1,0.0426,0.11,0.0,0.825,0.47700000000000004,101.59299999999999,318987,4.0,2002,2002-11-05
5I2RabADZOtL7zEHPojIn3,The Ancient Lords,Kriegsfall-U,5gz6l3lFiOvCxV6Bgj4C4i,['Kriegsfall-U'],['1UuEebFoyVQAjzXLMpBkdv'],5,1,False,0.35,0.435,11,-13.017999999999999,0,0.14300000000000002,0.0231,0.265,0.0957,0.2,162.75,266453,4.0,2005,2005
2NPin2PspCwaENF1BEjvhL,Seine to the Rhine,943 Recluse,4852zBzLrRyOTpFYU7wX8S,['Brando'],['5ThJpgpzCFNIWL21T8aoeW'],8,1,False,0.6579999999999999,0.634,11,-6.7170000000000005,0,0.0583,0.00747,0.00795,0.36,0.413,135.805,182920,4.0,2003,2003
14vxdzhikKhJROZ12RpTEH,Coincidence Is Either Hit or Miss,Ball-Hog Or Tugboat?,2deUSnHlt1JegsHSPS1bPS,['Mike Watt'],['1MGR2y3msa1wBK06SSUNaf'],17,1,False,0.7090000000000001,0.301,5,-12.585,0,0.0884,0.0036799999999999997,0.8009999999999999,0.0858,0.247,95.499,140733,4.0,1995,1995-02-28
6xQAqy4DdZDL92KjwVkJRN,Delela,Pop Star,0aD16LAwt4NSGxYEA1rrvy,['Yanga Chief'],['30WlMKuvwN6RrMeLARZeqk'],13,1,False,0.772,0.555,7,-7.423999999999999,0,0.0339,0.441,0.0,0.11900000000000001,0.428,95.042,274000,4.0,2020,2020-11-27
0THzPjCQRP5LQLUAyfcUq9,Soweto,Becoming a Pop Star,3NPs79Ld62yisjSF4rM9Vl,['Yanga Chief'],['30WlMKuvwN6RrMeLARZeqk'],6,1,True,0.586,0.682,6,-7.7970000000000015,1,0.20800000000000002,0.7040000000000001,0.0,0.127,0.5579999999999999,92.88600000000001,291613,4.0,2019,2019-10-18
3fZeS0FtA9quRkodkS9AmO,Piggy's Had Too Much Wine,God Bless Your Black Heart,2zDHunII4jAuOQoeExHSET,['The Paper Chase'],['0z8SSepzt4lAxLDiKryVO6'],5,1,False,0.499,0.792,10,-12.794,0,0.45,0.209,2.16e-06,0.775,0.483,82.98,42160,3.0,2004,2004-06-08
6vu1BpIrBK3yjr5gbKrQF0,Together,Pokémon Detective Pikachu (Original Motion Picture Soundtrack),5jE5ifgXfepCiYc9pEZFHg,['Henry Jackman'],['5SEW04tNMMrOz7UFQJA6vz'],27,1,False,0.212,0.0248,7,-23.288,1,0.04,0.9309999999999999,0.862,0.0828,0.0358,133.047,140467,5.0,2019,2019-05-03
75iUaccc8RkMs8TfqP3Ahq,Jah Is with Me,Talk the Truth,1BYaL22dLDWTX6dMy286sn,['Isasha'],['1fvFPEXKwHYKtAp3kwQlc1'],1,1,False,0.667,0.545,8,-6.3610000000000015,1,0.244,0.139,0.0,0.15,0.7120000000000001,79.336,218706,4.0,2017,2017-05-26
6BxAzYMMyCbSIOuaXT0JlP,Peace,Talk the Truth,1BYaL22dLDWTX6dMy286sn,['Isasha'],['1fvFPEXKwHYKtAp3kwQlc1'],2,1,False,0.787,0.53,9,-6.5470000000000015,1,0.19399999999999998,0.278,0.0,0.325,0.654,84.988,238588,4.0,2017,2017-05-26
4a3J509BI4yMFL6JivlS0T,Warn Them,Talk the Truth,1BYaL22dLDWTX6dMy286sn,['Isasha'],['1fvFPEXKwHYKtAp3kwQlc1'],3,1,False,0.7659999999999999,0.63,8,-6.642,1,0.254,0.021,0.0,0.03,0.884,89.97,189440,4.0,2017,2017-05-26
0ZhPIlosMj9zSmLOB1u2LW,Who Jah Bless,Talk the Truth,1BYaL22dLDWTX6dMy286sn,['Isasha'],['1fvFPEXKwHYKtAp3kwQlc1'],4,1,False,0.63,0.675,1,-5.245,0,0.106,0.0315,0.0,0.653,0.725,88.505,228072,4.0,2017,2017-05-26
6G6jgcU33Jyhuwhr1zdUQg,The World Is Inna Mess,Talk the Truth,1BYaL22dLDWTX6dMy286sn,['Isasha'],['1fvFPEXKwHYKtAp3kwQlc1'],6,1,False,0.69,0.561,7,-7.006,1,0.187,0.292,0.0,0.0784,0.8140000000000001,79.977,203845,4.0,2017,2017-05-26
4aWdWaiHTU552SALQE6eCd,Don't You Know,Talk the Truth,1BYaL22dLDWTX6dMy286sn,['Isasha'],['1fvFPEXKwHYKtAp3kwQlc1'],7,1,False,0.452,0.693,2,-6.349,1,0.085,0.42200000000000004,0.0,0.10099999999999999,0.5660000000000001,109.444,255069,5.0,2017,2017-05-26
1Ozw9Q7AQr5VtTDYMiQMLa,Tell Me,Talk the Truth,1BYaL22dLDWTX6dMy286sn,['Isasha'],['1fvFPEXKwHYKtAp3kwQlc1'],8,1,False,0.6970000000000001,0.597,9,-6.119,1,0.085,0.0997,0.0,0.531,0.687,85.06299999999997,205128,4.0,2017,2017-05-26
7E2evIHh27XVMYtc7Wlwn2,I Do,Talk the Truth,1BYaL22dLDWTX6dMy286sn,['Isasha'],['1fvFPEXKwHYKtAp3kwQlc1'],9,1,False,0.498,0.40700000000000003,1,-8.511000000000001,1,0.0468,0.805,0.0,0.0873,0.503,56.207,280126,3.0,2017,2017-05-26
0fAIGCR6Vl37Uf4MHiQ7kC,Big up Mama,Talk the Truth,1BYaL22dLDWTX6dMy286sn,['Isasha'],['1fvFPEXKwHYKtAp3kwQlc1'],10,1,False,0.513,0.8859999999999999,7,-5.19,1,0.0598,0.498,0.0,0.409,0.963,94.992,194553,4.0,2017,2017-05-26
1pZgFAaCRxfqEy9cfQlAsk,Chatty Chatty,Talk the Truth,1BYaL22dLDWTX6dMy286sn,['Isasha'],['1fvFPEXKwHYKtAp3kwQlc1'],11,1,False,0.8909999999999999,0.5720000000000001,11,-8.599,0,0.35100000000000003,0.0533,0.0,0.0698,0.855,96.031,222616,4.0,2017,2017-05-26
4WCgdQUuJqMaGhPKio6K7d,Talk the Truth,Talk the Truth,1BYaL22dLDWTX6dMy286sn,['Isasha'],['1fvFPEXKwHYKtAp3kwQlc1'],12,1,False,0.601,0.628,9,-7.6160000000000005,0,0.425,0.303,0.0,0.0799,0.498,99.01799999999999,175786,4.0,2017,2017-05-26
3MpDG7wZFT2e64Hw2DJLIF,"Red, White & Black",Talk the Truth,1BYaL22dLDWTX6dMy286sn,['Isasha'],['1fvFPEXKwHYKtAp3kwQlc1'],13,1,False,0.682,0.746,2,-5.225,1,0.0647,0.12300000000000001,0.0,0.14800000000000002,0.644,173.958,237918,4.0,2017,2017-05-26
2GnstRN9NcKFrIP0Tv5WRp,Live Together,Talk the Truth,1BYaL22dLDWTX6dMy286sn,['Isasha'],['1fvFPEXKwHYKtAp3kwQlc1'],14,1,False,0.733,0.515,1,-7.093999999999999,1,0.381,0.106,0.0,0.0679,0.8440000000000001,173.822,248755,4.0,2017,2017-05-26
1mJmt4XK4icA53R91m4Hdh,Pull Up,Talk the Truth,1BYaL22dLDWTX6dMy286sn,['Isasha'],['1fvFPEXKwHYKtAp3kwQlc1'],15,1,True,0.831,0.616,0,-6.892,1,0.0859,0.147,0.0,0.174,0.846,87.016,246806,4.0,2017,2017-05-26
6x3N0vB3LqDrJ3HwjHCRY8,Pull Up - Radio Edit,Talk the Truth,1BYaL22dLDWTX6dMy286sn,['Isasha'],['1fvFPEXKwHYKtAp3kwQlc1'],16,1,False,0.852,0.632,0,-6.471,1,0.0709,0.163,0.0,0.139,0.851,87.027,246544,4.0,2017,2017-05-26
2AjkYqzSQ8YIu0prVdsa8Y,Make Up Your Mind,Make Up Your Mind,4tVi7nSJkEHsNk7cZbUQMd,['Janelle de la Rosa'],['6jWgvB18wHQR89OQH2gr6F'],1,1,False,0.767,0.6409999999999999,0,-5.896,1,0.0944,0.498,0.0,0.27399999999999997,0.649,107.96799999999999,180234,4.0,2019,2019-07-26
3V9g4dOku8yOkrTFBpJyo0,Do It Again,Live At Felt Forum - The 2001 Concert,3N1BK7WpalSMn1Tj8oTnj8,"['Airto', 'Deodato']","['7yyIIRJV6dklQEvISTzRjE', '0hE3uA2w3guHeKvuc7BpRr']",1,1,False,0.649,0.747,7,-12.72,0,0.0411,0.562,0.8759999999999999,0.968,0.758,133.744,396800,4.0,1977,1977
1fle4Dv4jI1UuH7DtgOZXE,September 13,Live At Felt Forum - The 2001 Concert,3N1BK7WpalSMn1Tj8oTnj8,['Deodato'],['0hE3uA2w3guHeKvuc7BpRr'],2,1,False,0.446,0.7509999999999999,7,-11.979000000000001,1,0.0448,0.319,0.00399,0.9420000000000001,0.9470000000000001,102.791,446227,4.0,1977,1977
5S7GUciAh7wIf5vVwbf7d1,"Baubles, Bangles and Beats",Live At Felt Forum - The 2001 Concert,3N1BK7WpalSMn1Tj8oTnj8,['Deodato'],['0hE3uA2w3guHeKvuc7BpRr'],3,1,False,0.579,0.6759999999999999,7,-12.837,1,0.0458,0.41700000000000004,0.8959999999999999,0.823,0.8590000000000001,135.627,284133,4.0,1977,1977
5LnffZYpxNHS5YWSNxIRq9,Whirlwinds,Live At Felt Forum - The 2001 Concert,3N1BK7WpalSMn1Tj8oTnj8,['Deodato'],['0hE3uA2w3guHeKvuc7BpRr'],4,1,False,0.507,0.857,2,-13.852,1,0.0429,0.501,0.649,0.92,0.711,119.434,520667,4.0,1977,1977
0xISZsRIc7huMRUqiHNNUg,Spirit Of Summer,Live At Felt Forum - The 2001 Concert,3N1BK7WpalSMn1Tj8oTnj8,['Deodato'],['0hE3uA2w3guHeKvuc7BpRr'],5,1,False,0.293,0.152,0,-20.721,0,0.0371,0.932,0.871,0.7,0.0782,146.461,331573,4.0,1977,1977
5yQqb9o5LgkzZxcjwZYs66,Skyscrapers,Live At Felt Forum - The 2001 Concert,3N1BK7WpalSMn1Tj8oTnj8,['Deodato'],['0hE3uA2w3guHeKvuc7BpRr'],6,1,False,0.462,0.775,11,-13.005,0,0.0804,0.701,0.47,0.6970000000000001,0.608,127.743,751200,4.0,1977,1977
6ywm0ilJ9ItgXRDg0yrJP1,Also Sprach Zarathustra,Live At Felt Forum - The 2001 Concert,3N1BK7WpalSMn1Tj8oTnj8,['Deodato'],['0hE3uA2w3guHeKvuc7BpRr'],7,1,False,0.44799999999999995,0.763,0,-11.657,1,0.0493,0.431,0.359,0.29100000000000004,0.513,117.93799999999999,663133,4.0,1977,1977
1r5hGK8q4Hl0FMtD5F8P4P,Makes Me Nervous,Lightning Round,4pDwtZKEgsUaekOlVA4kkJ,['Bad Bad Hats'],['2bstapBmz5M83elQvPnwp6'],1,1,False,0.7240000000000001,0.728,10,-7.776,1,0.0409,0.292,0.013999999999999999,0.14,0.515,119.95299999999999,198667,4.0,2018,2018-08-03
11RTkyUXGgxIDN3EYDHABu,Write It on Your Heart,Lightning Round,4pDwtZKEgsUaekOlVA4kkJ,['Bad Bad Hats'],['2bstapBmz5M83elQvPnwp6'],2,1,False,0.5710000000000001,0.648,0,-6.0360000000000005,1,0.0559,0.109,3.4e-05,0.32899999999999996,0.62,176.115,164347,4.0,2018,2018-08-03
0Jn8XRxfc7Z4zCQqunRaib,Get What I Want,Lightning Round,4pDwtZKEgsUaekOlVA4kkJ,['Bad Bad Hats'],['2bstapBmz5M83elQvPnwp6'],3,1,False,0.63,0.7659999999999999,1,-7.176,1,0.0546,0.44299999999999995,0.0254,0.12300000000000001,0.946,82.98299999999998,182773,4.0,2018,2018-08-03
4Cm8vkpB0ZC5yaCjc4B8In,1-800,Lightning Round,4pDwtZKEgsUaekOlVA4kkJ,['Bad Bad Hats'],['2bstapBmz5M83elQvPnwp6'],4,1,False,0.853,0.45399999999999996,2,-9.218,1,0.03,0.637,0.17,0.094,0.929,108.015,209520,4.0,2018,2018-08-03
5pP462QnVPfXeTvAiYAV6w,Nothing Gets Me High,Lightning Round,4pDwtZKEgsUaekOlVA4kkJ,['Bad Bad Hats'],['2bstapBmz5M83elQvPnwp6'],5,1,False,0.701,0.625,0,-5.807,1,0.0401,0.193,0.0262,0.121,0.6859999999999999,120.90799999999999,235400,4.0,2018,2018-08-03
4NnP5XQEbe3Kd6faO3kXUK,Talk With Your Hands,Lightning Round,4pDwtZKEgsUaekOlVA4kkJ,['Bad Bad Hats'],['2bstapBmz5M83elQvPnwp6'],6,1,False,0.685,0.6779999999999999,2,-6.1670000000000025,1,0.0265,0.299,0.0,0.135,0.615,112.038,186253,4.0,2018,2018-08-03
6jS6GQKrQJwW7rRvswsRjq,Girl,Lightning Round,4pDwtZKEgsUaekOlVA4kkJ,['Bad Bad Hats'],['2bstapBmz5M83elQvPnwp6'],7,1,False,0.654,0.723,6,-6.119,1,0.0329,0.0482,0.755,0.0879,0.48100000000000004,120.03200000000001,224680,4.0,2018,2018-08-03
2WGTC0YWrp0aFG9UkET2zH,Automatic,Lightning Round,4pDwtZKEgsUaekOlVA4kkJ,['Bad Bad Hats'],['2bstapBmz5M83elQvPnwp6'],8,1,False,0.762,0.652,11,-6.257999999999999,1,0.0293,0.18600000000000005,5.03e-06,0.095,0.955,109.06299999999999,213200,4.0,2018,2018-08-03
3KbSpckDBrwCUPbU4XqiOk,Absolute Worst,Lightning Round,4pDwtZKEgsUaekOlVA4kkJ,['Bad Bad Hats'],['2bstapBmz5M83elQvPnwp6'],9,1,False,0.5920000000000001,0.375,4,-10.051,1,0.0303,0.45299999999999996,0.0026100000000000003,0.106,0.24100000000000002,151.83700000000005,209680,4.0,2018,2018-08-03
2nU66msIuxMBQ2RRt0jJtR,365,Lightning Round,4pDwtZKEgsUaekOlVA4kkJ,['Bad Bad Hats'],['2bstapBmz5M83elQvPnwp6'],10,1,False,0.442,0.28,11,-13.004000000000001,1,0.0429,0.825,0.13699999999999998,0.121,0.5660000000000001,167.968,231179,4.0,2018,2018-08-03
4fl1ipW4Zd7XtHewRt0ieZ,When Midnight Comes,When Midnight Comes,61ASMt6YVIw8m3kkfXc0ve,"[""Surgin'""]",['7rq0QHGx5Deh0SiadF2xFq'],1,1,False,0.509,0.9229999999999999,9,-3.505,1,0.069,0.00144,3.15e-05,0.0953,0.636,110.359,189440,4.0,1985,1985
13q1ko3CqNl6zoyp1SFHex,Shot Through the Heart,When Midnight Comes,61ASMt6YVIw8m3kkfXc0ve,"[""Surgin'""]",['7rq0QHGx5Deh0SiadF2xFq'],2,1,False,0.466,0.955,11,-3.359,0,0.127,0.0768,0.0,0.309,0.607,154.18200000000004,180067,4.0,1985,1985
5ZR9KDJSYsaAz5EM5gc8hK,Not Done Lovin' You,When Midnight Comes,61ASMt6YVIw8m3kkfXc0ve,"[""Surgin'""]",['7rq0QHGx5Deh0SiadF2xFq'],3,1,False,0.451,0.879,2,-4.288,1,0.0387,0.00558,0.000481,0.28300000000000003,0.447,82.344,258853,4.0,1985,1985
2UlTHvWxIcoIZLBK5tZUCb,In the Heat of It All,When Midnight Comes,61ASMt6YVIw8m3kkfXc0ve,"[""Surgin'""]",['7rq0QHGx5Deh0SiadF2xFq'],4,1,False,0.591,0.914,7,-4.145,1,0.0432,0.00055,0.00158,0.0746,0.77,120.051,276467,4.0,1985,1985
54pdC3izKAkDoK4yhIRlcz,Wait Until Morning,When Midnight Comes,61ASMt6YVIw8m3kkfXc0ve,"[""Surgin'""]",['7rq0QHGx5Deh0SiadF2xFq'],5,1,False,0.545,0.8740000000000001,2,-3.9930000000000003,0,0.0407,0.0544,0.13,0.21600000000000005,0.48100000000000004,116.834,207867,4.0,1985,1985
6ylNXyH2RZYm8I1V6ZRoSe,Hands of Time,When Midnight Comes,61ASMt6YVIw8m3kkfXc0ve,"[""Surgin'""]",['7rq0QHGx5Deh0SiadF2xFq'],6,1,False,0.337,0.9059999999999999,2,-3.514,0,0.055999999999999994,0.0127,0.000681,0.231,0.473,191.695,244560,4.0,1985,1985
3rFKgT58I6u8ze6H4I4Ib6,Turn the Radio On,When Midnight Comes,61ASMt6YVIw8m3kkfXc0ve,"[""Surgin'""]",['7rq0QHGx5Deh0SiadF2xFq'],7,1,False,0.5329999999999999,0.951,6,-3.748,0,0.0616,0.00045599999999999997,8.97e-05,0.355,0.684,140.428,212187,4.0,1985,1985
4YX2J3nMRWhuRY8SS7GRBh,Heartbeat Away,When Midnight Comes,61ASMt6YVIw8m3kkfXc0ve,"[""Surgin'""]",['7rq0QHGx5Deh0SiadF2xFq'],8,1,False,0.507,0.785,2,-4.655,0,0.0295,0.0174,6.900000000000003e-06,0.34700000000000003,0.504,90.426,235173,4.0,1985,1985
6Wk1xFw5LBIp8nRSTEWwni,Hot Nights,When Midnight Comes,61ASMt6YVIw8m3kkfXc0ve,"[""Surgin'""]",['7rq0QHGx5Deh0SiadF2xFq'],9,1,False,0.488,0.938,9,-3.9530000000000003,1,0.0741,0.034,0.005370000000000001,0.39299999999999996,0.725,154.03799999999995,187040,4.0,1985,1985
4Oi2s3XRDE8GGLJYHqZpwV,Desiree,When Midnight Comes,61ASMt6YVIw8m3kkfXc0ve,"[""Surgin'""]",['7rq0QHGx5Deh0SiadF2xFq'],10,1,False,0.502,0.9620000000000001,9,-3.738,0,0.0496,0.0029100000000000003,2.410000000000001e-05,0.318,0.6659999999999999,137.386,199600,4.0,1985,1985
3K1WdgL7UcZMrm4cKX7gcE,For John Cage,For John Cage,70jt2DIaccVPCYHq3oafq4,"['Aisha Orazbayeva', 'Mark Knoop']","['2GIvybDvsKlPHyGEaoBOhh', '22vVmcLXtRDIQkIknurdYt']",1,1,False,0.344,0.00105,1,-38.618,1,0.0484,0.956,1.0800000000000003e-05,0.11,0.0363,133.209,4452000,4.0,2018,2018-07-06
7zTL1kFNThS47gI36152C6,Curvy,Curvy,2m7ZvcY3DCnYt1A5BwZngy,['D.A.R.K.'],['7lpO9TaTC5gp0igXi3xAfl'],1,1,False,0.523,0.773,9,-7.233,1,0.037000000000000005,5.7499999999999995e-05,0.10400000000000001,0.327,0.39399999999999996,125.978,328185,4.0,2016,2016-03-04
0dB9tmhQwbEYdrL0lvCerm,Gunfight,Gunfight,6VZIDMgoBy2I4Gjtdx9jcy,['D.A.R.K.'],['7lpO9TaTC5gp0igXi3xAfl'],1,1,False,0.765,0.846,0,-8.158,0,0.0328,0.0743,0.00042199999999999996,0.184,0.9309999999999999,119.007,197160,4.0,2016,2016-07-27
0805jO3cIfQjdAMMoNJAxf,You're Only As Old As You Look,Leo Rising,09FdGmf0D8HfIANPfC3UoM,['Frank Foster'],['1UBOhgHqPdFDiDW3qF1y1d'],1,1,False,0.5720000000000001,0.523,5,-10.612,0,0.0446,0.35200000000000004,0.335,0.0775,0.72,136.645,487933,4.0,2006,2006-02-07
4m5hSpBS9tlOyXtMJwdOPC,Simone,Leo Rising,09FdGmf0D8HfIANPfC3UoM,['Frank Foster'],['1UBOhgHqPdFDiDW3qF1y1d'],2,1,False,0.41100000000000003,0.594,0,-11.969000000000001,1,0.06,0.327,0.262,0.261,0.44,106.478,734440,4.0,2006,2006-02-07
147WWCKc1bWoyclyWZe5FD,Gray Thursday,Leo Rising,09FdGmf0D8HfIANPfC3UoM,['Frank Foster'],['1UBOhgHqPdFDiDW3qF1y1d'],3,1,False,0.294,0.21100000000000002,5,-13.099,0,0.0338,0.912,0.868,0.16399999999999998,0.29600000000000004,86.985,438107,3.0,2006,2006-02-07
6Ty2pOenuclSEXvTYKhZd3,Cidade Alto,Leo Rising,09FdGmf0D8HfIANPfC3UoM,['Frank Foster'],['1UBOhgHqPdFDiDW3qF1y1d'],4,1,False,0.54,0.556,7,-12.079,1,0.0381,0.43799999999999994,0.9059999999999999,0.0607,0.7609999999999999,122.93700000000001,210333,4.0,2006,2006-02-07
1CE8sYyzlYfzQMhBHzQNqw,Leo Rising,Leo Rising,09FdGmf0D8HfIANPfC3UoM,['Frank Foster'],['1UBOhgHqPdFDiDW3qF1y1d'],5,1,False,0.337,0.5870000000000001,9,-9.58,0,0.0416,0.5920000000000001,0.447,0.669,0.5329999999999999,80.858,486707,3.0,2006,2006-02-07
4hwDvxHQ5jOx8rbNtMBGUz,When April Comes Again,Leo Rising,09FdGmf0D8HfIANPfC3UoM,['Frank Foster'],['1UBOhgHqPdFDiDW3qF1y1d'],6,1,False,0.3720000000000001,0.307,7,-12.634,1,0.0329,0.72,0.342,0.13,0.135,125.085,329307,4.0,2006,2006-02-07
2iIlmz4bZ3D9B9D10JttZD,Last Night When We Were Young,Leo Rising,09FdGmf0D8HfIANPfC3UoM,['Frank Foster'],['1UBOhgHqPdFDiDW3qF1y1d'],7,1,False,0.556,0.519,0,-9.738,1,0.0425,0.71,0.187,0.0989,0.59,90.93,679547,4.0,2006,2006-02-07
3qbU3m6B9dxlwFIeM8vKRK,Derricksterity,Leo Rising,09FdGmf0D8HfIANPfC3UoM,['Frank Foster'],['1UBOhgHqPdFDiDW3qF1y1d'],8,1,False,0.493,0.685,7,-8.746,0,0.0828,0.40399999999999997,0.732,0.316,0.848,122.478,392467,4.0,2006,2006-02-07
493DTYt711cdamqJzq4KST,Die Gefühle haben Schweigepflicht,Best Of,11VnZA8KyuAiHbWf1GHhFQ,['Andrea Berg'],['5dXbkgq9goxRAwCFoNU9Dp'],1,1,False,0.636,0.831,9,-4.459,1,0.0466,0.33799999999999997,0.0,0.0557,0.738,123.79899999999999,207933,4.0,2001,2001-10-08
5ObgFczNvSL3frmwqRf9rs,Wenn Du mich willst (dann küss mich doch),Best Of,11VnZA8KyuAiHbWf1GHhFQ,['Andrea Berg'],['5dXbkgq9goxRAwCFoNU9Dp'],2,1,False,0.6729999999999999,0.899,10,-4.034,1,0.032,0.239,3.32e-06,0.11,0.831,124.845,189493,4.0,2001,2001-10-08
1UKv93t9EMPHuC5JwYUZpK,Bittersüße Zärtlichkeit,Best Of,11VnZA8KyuAiHbWf1GHhFQ,['Andrea Berg'],['5dXbkgq9goxRAwCFoNU9Dp'],3,1,False,0.721,0.738,7,-5.934,1,0.0265,0.028999999999999998,0.0,0.324,0.7490000000000001,121.00299999999999,221267,4.0,2001,2001-10-08
4dP9UNT06O37DuLdqyJGCp,Kilimandscharo,Best Of,11VnZA8KyuAiHbWf1GHhFQ,['Andrea Berg'],['5dXbkgq9goxRAwCFoNU9Dp'],4,1,False,0.68,0.887,5,-5.776,1,0.0379,0.43,6.14e-05,0.0619,0.884,110.988,187560,4.0,2001,2001-10-08
6eSfZATNvqJzQp22lz7KKz,Warum nur träumen,Best Of,11VnZA8KyuAiHbWf1GHhFQ,['Andrea Berg'],['5dXbkgq9goxRAwCFoNU9Dp'],5,1,False,0.68,0.8290000000000001,10,-4.914,1,0.0874,0.27899999999999997,2.48e-06,0.0706,0.532,121.865,206000,4.0,2001,2001-10-08
61Yw5pMYtguC3kZMjVC4Qz,Wenn du mich berührst,Best Of,11VnZA8KyuAiHbWf1GHhFQ,['Andrea Berg'],['5dXbkgq9goxRAwCFoNU9Dp'],6,1,False,0.685,0.897,8,-5.251,1,0.0334,0.41600000000000004,0.000373,0.085,0.768,99.915,246093,4.0,2001,2001-10-08
6fPITajjA034NOZ5q78FgR,Diese Nacht soll nie enden,Best Of,11VnZA8KyuAiHbWf1GHhFQ,['Andrea Berg'],['5dXbkgq9goxRAwCFoNU9Dp'],7,1,False,0.536,0.748,5,-4.059,1,0.033,0.285,2.31e-06,0.374,0.7609999999999999,187.83599999999998,204893,3.0,2001,2001-10-08
49eEd1dWuWIjWyPiVXiEz2,Du hast mich tausendmal belogen,Best Of,11VnZA8KyuAiHbWf1GHhFQ,['Andrea Berg'],['5dXbkgq9goxRAwCFoNU9Dp'],8,1,False,0.79,0.855,8,-6.5829999999999975,1,0.0507,0.29,0.0063,0.0382,0.871,115.97200000000001,225040,3.0,2001,2001-10-08
2weWmQvmL7UuNsmSoJVmqR,Tango Amore,Best Of,11VnZA8KyuAiHbWf1GHhFQ,['Andrea Berg'],['5dXbkgq9goxRAwCFoNU9Dp'],9,1,False,0.5920000000000001,0.706,3,-5.2620000000000005,1,0.0265,0.706,0.0,0.05,0.47700000000000004,95.536,211400,3.0,2001,2001-10-08
5vfcfalGXVUDqSIBtFykAt,Ich sterbe nicht noch mal,Best Of,11VnZA8KyuAiHbWf1GHhFQ,['Andrea Berg'],['5dXbkgq9goxRAwCFoNU9Dp'],10,1,False,0.6970000000000001,0.937,3,-4.018,1,0.048,0.541,2.65e-06,0.292,0.695,120.949,220800,4.0,2001,2001-10-08
1HdMzY1qYSSZIU1wlLpee5,Vielleicht ein Traum zu viel,Best Of,11VnZA8KyuAiHbWf1GHhFQ,['Andrea Berg'],['5dXbkgq9goxRAwCFoNU9Dp'],11,1,False,0.7559999999999999,0.9079999999999999,10,-4.715,1,0.0313,0.423,0.00465,0.0719,0.5770000000000001,107.99600000000001,207067,4.0,2001,2001-10-08
7f6Ij0uk3ZyIe7K3KmNfQM,Und wenn ich geh',Best Of,11VnZA8KyuAiHbWf1GHhFQ,['Andrea Berg'],['5dXbkgq9goxRAwCFoNU9Dp'],12,1,False,0.769,0.445,3,-7.21,1,0.0329,0.856,1.01e-05,0.0768,0.275,122.917,219773,4.0,2001,2001-10-08
5yn3Z88m2JjwutMI1qyqqb,"Geh doch, wenn du sie liebst",Best Of,11VnZA8KyuAiHbWf1GHhFQ,['Andrea Berg'],['5dXbkgq9goxRAwCFoNU9Dp'],13,1,False,0.7879999999999999,0.914,6,-4.4510000000000005,1,0.0313,0.28300000000000003,0.000305,0.109,0.75,120.053,198107,4.0,2001,2001-10-08
3Gr2UgBDz5I3OI1mPE8R0h,Auch heute noch,Best Of,11VnZA8KyuAiHbWf1GHhFQ,['Andrea Berg'],['5dXbkgq9goxRAwCFoNU9Dp'],14,1,False,0.662,0.727,8,-7.181,1,0.027999999999999997,0.259,0.000537,0.109,0.46,91.008,277533,4.0,2001,2001-10-08
5ZyfTonC7L6WxG1UsCIUbQ,Andrea Berg Partymix,Best Of,11VnZA8KyuAiHbWf1GHhFQ,['Andrea Berg'],['5dXbkgq9goxRAwCFoNU9Dp'],15,1,False,0.677,0.905,3,-5.046,1,0.0875,0.204,2.23e-05,0.0685,0.747,121.76799999999999,249867,4.0,2001,2001-10-08
4iwIe1InKraWW9yZ49RSOj,Three Planets,Trio Loco,38RADZWM2frn3R5nVXUWqL,"['Jeff Richman', 'Jimmy Haslip', 'Danny Gottlieb']","['6RSwSKb1o5Vc1mNS9Byr1D', '5ngGllFz8UMTMeazVphrPb', '29aflj7NM4ocg7fMqbhifM']",1,1,False,0.419,0.564,11,-10.152000000000001,0,0.037000000000000005,0.00365,0.531,0.419,0.297,91.654,318800,4.0,2001,2001-01-02
0UtIqUYR0aXJKAi6vl7yre,Abeology,Trio Loco,38RADZWM2frn3R5nVXUWqL,"['Jeff Richman', 'Jimmy Haslip', 'Danny Gottlieb']","['6RSwSKb1o5Vc1mNS9Byr1D', '5ngGllFz8UMTMeazVphrPb', '29aflj7NM4ocg7fMqbhifM']",2,1,False,0.387,0.379,7,-15.491,1,0.0289,0.00698,0.5429999999999999,0.0847,0.415,98.22399999999999,263973,4.0,2001,2001-01-02
6mcp77Bb7xVQYtDabxhTQh,Little Star,Trio Loco,38RADZWM2frn3R5nVXUWqL,"['Jeff Richman', 'Jimmy Haslip', 'Danny Gottlieb']","['6RSwSKb1o5Vc1mNS9Byr1D', '5ngGllFz8UMTMeazVphrPb', '29aflj7NM4ocg7fMqbhifM']",3,1,False,0.67,0.235,1,-21.366999999999997,0,0.0438,0.0413,0.41600000000000004,0.35200000000000004,0.309,124.477,289293,4.0,2001,2001-01-02
4Ue9C2DDRD6BZgn9WlUMv0,Country Living,Trio Loco,38RADZWM2frn3R5nVXUWqL,"['Jeff Richman', 'Jimmy Haslip', 'Danny Gottlieb']","['6RSwSKb1o5Vc1mNS9Byr1D', '5ngGllFz8UMTMeazVphrPb', '29aflj7NM4ocg7fMqbhifM']",4,1,False,0.495,0.45299999999999996,2,-16.296,1,0.0603,0.00028700000000000004,0.75,0.183,0.45399999999999996,101.624,531040,4.0,2001,2001-01-02
54jAbq9yM2crwyf6s7G21x,Daji,Trio Loco,38RADZWM2frn3R5nVXUWqL,"['Jeff Richman', 'Jimmy Haslip', 'Danny Gottlieb']","['6RSwSKb1o5Vc1mNS9Byr1D', '5ngGllFz8UMTMeazVphrPb', '29aflj7NM4ocg7fMqbhifM']",5,1,False,0.39299999999999996,0.6609999999999999,8,-15.376,1,0.0645,0.5,0.88,0.105,0.8420000000000001,158.623,80120,4.0,2001,2001-01-02
4ZpF8eSdJbx056AbFbomtE,Red Planet,Trio Loco,38RADZWM2frn3R5nVXUWqL,"['Jeff Richman', 'Jimmy Haslip', 'Danny Gottlieb']","['6RSwSKb1o5Vc1mNS9Byr1D', '5ngGllFz8UMTMeazVphrPb', '29aflj7NM4ocg7fMqbhifM']",6,1,False,0.312,0.153,10,-23.518,0,0.0315,0.8,0.9229999999999999,0.114,0.0591,90.07,253147,3.0,2001,2001-01-02
5g637aHDnZfP9q21ZmLCeu,Monkfish,Trio Loco,38RADZWM2frn3R5nVXUWqL,"['Jeff Richman', 'Jimmy Haslip', 'Danny Gottlieb']","['6RSwSKb1o5Vc1mNS9Byr1D', '5ngGllFz8UMTMeazVphrPb', '29aflj7NM4ocg7fMqbhifM']",7,1,False,0.6859999999999999,0.39399999999999996,5,-16.712,0,0.0746,0.19699999999999998,0.6509999999999999,0.0972,0.643,138.026,208960,4.0,2001,2001-01-02
4VZmPYd0gsCsvcQtO9Ty50,Kamaroon,Trio Loco,38RADZWM2frn3R5nVXUWqL,"['Jeff Richman', 'Jimmy Haslip', 'Danny Gottlieb']","['6RSwSKb1o5Vc1mNS9Byr1D', '5ngGllFz8UMTMeazVphrPb', '29aflj7NM4ocg7fMqbhifM']",8,1,False,0.433,0.47700000000000004,1,-13.655,0,0.0308,0.00175,0.8540000000000001,0.0921,0.502,103.581,373013,3.0,2001,2001-01-02
3c9TPxv5HFijuu4F1p4WRR,For Keith,Trio Loco,38RADZWM2frn3R5nVXUWqL,"['Jeff Richman', 'Jimmy Haslip', 'Danny Gottlieb']","['6RSwSKb1o5Vc1mNS9Byr1D', '5ngGllFz8UMTMeazVphrPb', '29aflj7NM4ocg7fMqbhifM']",9,1,False,0.535,0.0996,1,-20.811,0,0.0505,0.614,0.09300000000000001,0.11800000000000001,0.10099999999999999,119.21,377707,4.0,2001,2001-01-02
1FhtGjtQqWwAb4jZKE9GwB,Simplexity,Trio Loco,38RADZWM2frn3R5nVXUWqL,"['Jeff Richman', 'Jimmy Haslip', 'Danny Gottlieb']","['6RSwSKb1o5Vc1mNS9Byr1D', '5ngGllFz8UMTMeazVphrPb', '29aflj7NM4ocg7fMqbhifM']",10,1,False,0.423,0.255,9,-20.408,1,0.0564,0.0532,0.155,0.0738,0.182,85.51299999999998,371413,4.0,2001,2001-01-02
0hjc4PZotWdwBNAN7dsXrg,Out of Sight - Out of Mind,Fair City Riots,6GmtXhhmxkh0J0Scqjjliu,['Titors insignia'],['2GylBbawFTeYQ85mr4lljT'],1,1,False,0.48700000000000004,0.871,0,-8.404,1,0.0322,1.77e-05,0.0006309999999999999,0.353,0.767,104.995,241091,4.0,2012,2012-01-05
6eg3pY190wonfr8HsKCaL6,A Town Called Yesterday,Fair City Riots,6GmtXhhmxkh0J0Scqjjliu,['Titors insignia'],['2GylBbawFTeYQ85mr4lljT'],2,1,False,0.40700000000000003,0.841,9,-7.421,1,0.0409,0.000151,8.97e-05,0.24100000000000002,0.423,144.977,272760,4.0,2012,2012-01-05
10PhIHFbbiBzUIPoZEBgDM,Fair City Riots,Fair City Riots,6GmtXhhmxkh0J0Scqjjliu,['Titors insignia'],['2GylBbawFTeYQ85mr4lljT'],3,1,False,0.501,0.8,9,-6.3839999999999995,1,0.0427,0.000127,5.460000000000001e-05,0.0785,0.7120000000000001,117.037,226440,3.0,2012,2012-01-05
7rx6HV3gbVPtyvhm3jjI7j,I Don't Love You,Fair City Riots,6GmtXhhmxkh0J0Scqjjliu,['Titors insignia'],['2GylBbawFTeYQ85mr4lljT'],4,1,False,0.376,0.932,9,-7.529,1,0.053,0.000143,0.00847,0.13699999999999998,0.509,157.92600000000004,247493,4.0,2012,2012-01-05
01N0QJyYfQn1FToCX6FmW6,Lonely Girl,Fair City Riots,6GmtXhhmxkh0J0Scqjjliu,['Titors insignia'],['2GylBbawFTeYQ85mr4lljT'],5,1,False,0.424,0.764,2,-6.56,1,0.0312,0.00854,0.0,0.22899999999999998,0.396,94.964,210813,4.0,2012,2012-01-05
20a4ZDsmY2PWRpcbp3LkiT,Playing With Fire,Fair City Riots,6GmtXhhmxkh0J0Scqjjliu,['Titors insignia'],['2GylBbawFTeYQ85mr4lljT'],6,1,False,0.359,0.94,2,-6.9670000000000005,1,0.0584,1.13e-05,0.00454,0.134,0.555,163.06,325240,4.0,2012,2012-01-05
2OgJQcuvmojsYvegtmUKft,Timewaster,Fair City Riots,6GmtXhhmxkh0J0Scqjjliu,['Titors insignia'],['2GylBbawFTeYQ85mr4lljT'],7,1,False,0.249,0.861,7,-6.737,1,0.0469,4.24e-06,5.43e-06,0.146,0.392,170.032,273147,4.0,2012,2012-01-05
0Du8X30T1CVb2Q7wSO1BwT,Set in Stone,Fair City Riots,6GmtXhhmxkh0J0Scqjjliu,['Titors insignia'],['2GylBbawFTeYQ85mr4lljT'],8,1,False,0.41200000000000003,0.885,7,-6.715,1,0.0324,1.89e-05,0.0,0.34600000000000003,0.655,148.0,265627,4.0,2012,2012-01-05
0OJH89h7w8En0Vztp9MaQP,Bring Me Back Alive,Fair City Riots,6GmtXhhmxkh0J0Scqjjliu,['Titors insignia'],['2GylBbawFTeYQ85mr4lljT'],9,1,False,0.405,0.614,0,-9.238999999999999,1,0.034,0.006409999999999999,0.0,0.0998,0.528,180.107,228440,4.0,2012,2012-01-05
13xwXPfbeVvyttYam4pfwu,Freedom Fighter,Fair City Riots,6GmtXhhmxkh0J0Scqjjliu,['Titors insignia'],['2GylBbawFTeYQ85mr4lljT'],11,1,False,0.608,0.506,0,-9.356,1,0.0298,0.344,1.88e-05,0.153,0.294,140.02700000000002,267200,4.0,2012,2012-01-05
5Qyo2WDJuOFM9L5YviwScW,Longly Girl (Reprise),Fair City Riots,6GmtXhhmxkh0J0Scqjjliu,['Titors insignia'],['2GylBbawFTeYQ85mr4lljT'],12,1,False,0.21,0.18600000000000005,2,-13.319,1,0.0343,0.41200000000000003,0.254,0.212,0.155,94.501,113685,4.0,2012,2012-01-05
0zNdw7vzK7nVtMlNkjVRfb,"Sweet Victory (As Heard on ""SpongeBob SquarePants"")","Sweet Victory (As Heard on ""SpongeBob SquarePants"") - Single",2iaGA7Id7HBOqNeoPLul4d,"['David Glen Eisley', 'Bob Kulick']","['7iAUZj65TsyjfcvprSYb9w', '4q45RFcseWdsJx2gR1rrio']",1,1,False,0.551,0.552,10,-13.35,1,0.0334,0.0223,0.0315,0.11900000000000001,0.379,121.98899999999999,231507,4.0,2012,2012-06-19
7Lp1OaiWGOPoJPzL0c7cNU,Kiss Like a Rattle Snake,Get Yourself a Name,022bQFRc5WfTB1CS9CxC8F,['Titors insignia'],['2GylBbawFTeYQ85mr4lljT'],1,1,False,0.521,0.877,11,-5.557,0,0.0569,0.000105,0.00633,0.11,0.6709999999999999,134.999,188630,4.0,2014,2014-08-11
3nxSKtSXzbCcn3oNMxS2rY,Lay It on the Line,Get Yourself a Name,022bQFRc5WfTB1CS9CxC8F,['Titors insignia'],['2GylBbawFTeYQ85mr4lljT'],2,1,False,0.523,0.8590000000000001,1,-5.19,0,0.0368,0.00038500000000000003,5.5e-06,0.0841,0.8240000000000001,134.999,213029,4.0,2014,2014-08-11
3PhPBSSjdvLntH79QVpWa5,Closing Time,Get Yourself a Name,022bQFRc5WfTB1CS9CxC8F,['Titors insignia'],['2GylBbawFTeYQ85mr4lljT'],3,1,False,0.447,0.868,0,-5.6670000000000025,1,0.0416,0.0024,4.23e-06,0.377,0.622,158.016,230583,4.0,2014,2014-08-11
3TDUqzs83VKFRrwVGAa528,Wake up Wake Up,Get Yourself a Name,022bQFRc5WfTB1CS9CxC8F,['Titors insignia'],['2GylBbawFTeYQ85mr4lljT'],4,1,False,0.506,0.892,4,-5.727,1,0.0493,0.0005740000000000001,2.26e-06,0.0523,0.522,147.965,193881,4.0,2014,2014-08-11
2FFHFM20V2sVj4GPaDA116,Forgiving Kind,Get Yourself a Name,022bQFRc5WfTB1CS9CxC8F,['Titors insignia'],['2GylBbawFTeYQ85mr4lljT'],5,1,False,0.41600000000000004,0.563,7,-7.4289999999999985,1,0.0254,0.00031299999999999996,3.28e-05,0.146,0.306,160.118,211148,4.0,2014,2014-08-11
4i4cIZnPYmBfU7BSfy27oU,I Need the Real Thing,Get Yourself a Name,022bQFRc5WfTB1CS9CxC8F,['Titors insignia'],['2GylBbawFTeYQ85mr4lljT'],6,1,False,0.4920000000000001,0.855,2,-4.883,1,0.0476,9.329999999999999e-05,0.015,0.0811,0.33,137.97899999999998,203076,4.0,2014,2014-08-11
2zHuPStYACQPolX6gkSEpt,Movin On,Get Yourself a Name,022bQFRc5WfTB1CS9CxC8F,['Titors insignia'],['2GylBbawFTeYQ85mr4lljT'],7,1,False,0.475,0.569,7,-7.485,1,0.0242,0.162,1.48e-06,0.168,0.213,146.031,238028,4.0,2014,2014-08-11
443XkalDIzswVeeGLmGrOj,"Beg, Plead & Pray",Get Yourself a Name,022bQFRc5WfTB1CS9CxC8F,['Titors insignia'],['2GylBbawFTeYQ85mr4lljT'],8,1,False,0.435,0.9620000000000001,4,-4.516,1,0.0481,0.00021099999999999998,4.6899999999999995e-05,0.171,0.895,169.042,152111,4.0,2014,2014-08-11
1zoxHbcqZiXVaAv6hTCOTv,Get Yourself a Name,Get Yourself a Name,022bQFRc5WfTB1CS9CxC8F,['Titors insignia'],['2GylBbawFTeYQ85mr4lljT'],9,1,False,0.57,0.88,9,-6.117999999999999,0,0.0369,0.000101,6.440000000000001e-05,0.107,0.529,119.98200000000001,212376,4.0,2014,2014-08-11
4VK4nwdyXOCjDBR2iy0SOK,Born This Way (But Thats OK),Get Yourself a Name,022bQFRc5WfTB1CS9CxC8F,['Titors insignia'],['2GylBbawFTeYQ85mr4lljT'],10,1,False,0.405,0.86,0,-4.592,1,0.034,0.00043099999999999996,2.24e-05,0.13,0.335,141.953,241136,4.0,2014,2014-08-11
5wo5Hn5D9BYx74C1m8uuG2,The Skys the Limit,Get Yourself a Name,022bQFRc5WfTB1CS9CxC8F,['Titors insignia'],['2GylBbawFTeYQ85mr4lljT'],11,1,False,0.518,0.8079999999999999,2,-5.497000000000001,1,0.0292,0.0012,0.0,0.081,0.579,138.035,243200,4.0,2014,2014-08-11
6TRQPx5Z0YZ0pCQX7JbtlS,I Dreamt We Spoke Again,Thank You for Today,6agCM9GJcebduMddgFmgsO,['Death Cab for Cutie'],['0YrtvWJMgSdVrk3SfNjTbx'],1,1,False,0.708,0.706,9,-6.45,0,0.0385,0.276,0.0063100000000000005,0.115,0.45,119.027,184827,4.0,2018,2018-08-17
7znbs5T41Li5UBiVGhEACQ,Summer Years,Thank You for Today,6agCM9GJcebduMddgFmgsO,['Death Cab for Cutie'],['0YrtvWJMgSdVrk3SfNjTbx'],2,1,False,0.556,0.902,11,-6.0870000000000015,0,0.0333,0.215,0.35700000000000004,0.109,0.8490000000000001,152.25,268160,4.0,2018,2018-08-17
6x9VaGUbiSRvkLEdjeqjsN,Gold Rush,Thank You for Today,6agCM9GJcebduMddgFmgsO,['Death Cab for Cutie'],['0YrtvWJMgSdVrk3SfNjTbx'],3,1,False,0.518,0.96,5,-4.466,1,0.0504,0.254,0.000233,0.311,0.826,80.43,240253,4.0,2018,2018-08-17
1XKpPquRjEig0y74JsARVJ,Your Hurricane,Thank You for Today,6agCM9GJcebduMddgFmgsO,['Death Cab for Cutie'],['0YrtvWJMgSdVrk3SfNjTbx'],4,1,False,0.512,0.628,0,-7.06,0,0.032,0.12300000000000001,0.00566,0.113,0.51,178.06900000000005,198907,4.0,2018,2018-08-17
3g2BcuGHf4zYPSxv1uoSmv,When We Drive,Thank You for Today,6agCM9GJcebduMddgFmgsO,['Death Cab for Cutie'],['0YrtvWJMgSdVrk3SfNjTbx'],5,1,False,0.72,0.628,11,-8.759,0,0.0302,0.405,0.0201,0.311,0.524,103.57600000000001,229307,4.0,2018,2018-08-17
6vzRrGER6V3z1oQbUSUlFW,Autumn Love,Thank You for Today,6agCM9GJcebduMddgFmgsO,['Death Cab for Cutie'],['0YrtvWJMgSdVrk3SfNjTbx'],6,1,False,0.573,0.828,2,-5.317,1,0.0269,0.0011300000000000001,0.155,0.138,0.733,122.62700000000001,258933,4.0,2018,2018-08-17
28QF5ELXqDnaBjPjGTlzAK,Northern Lights,Thank You for Today,6agCM9GJcebduMddgFmgsO,['Death Cab for Cutie'],['0YrtvWJMgSdVrk3SfNjTbx'],7,1,False,0.514,0.95,4,-3.807,0,0.0298,0.00575,0.00238,0.134,0.665,137.975,236800,4.0,2018,2018-08-17
7ez4zYMOMkj4dZgfkYGSbv,You Moved Away,Thank You for Today,6agCM9GJcebduMddgFmgsO,['Death Cab for Cutie'],['0YrtvWJMgSdVrk3SfNjTbx'],8,1,False,0.557,0.75,0,-8.516,1,0.0387,0.166,0.91,0.121,0.3720000000000001,125.13,229160,4.0,2018,2018-08-17
0mFkb9lXyTIrhy5nPAyrs5,Near/Far,Thank You for Today,6agCM9GJcebduMddgFmgsO,['Death Cab for Cutie'],['0YrtvWJMgSdVrk3SfNjTbx'],9,1,False,0.578,0.951,6,-6.105,1,0.0343,0.0558,0.171,0.142,0.867,137.983,221787,4.0,2018,2018-08-17
7JSR685hpFDqvTSNHeSKjL,60 & Punk,Thank You for Today,6agCM9GJcebduMddgFmgsO,['Death Cab for Cutie'],['0YrtvWJMgSdVrk3SfNjTbx'],10,1,False,0.503,0.389,3,-9.096,1,0.0304,0.77,0.0271,0.111,0.327,105.823,247413,4.0,2018,2018-08-17
7gdR0uWA7h7txd7cXk1h26,I'm Cured,I'm Cured,1Z2t6bbN3mOhYZkmBVDCOo,['Aimee Mann'],['3UpIbyXfGzmHG6TMH4dJEk'],1,1,False,0.584,0.37799999999999995,7,-9.079,1,0.0326,0.8220000000000001,0.0,0.0882,0.305,87.21799999999998,171773,4.0,2014,2014-02-01
3BHxg5xwE1WllM1IHJNCEb,Smile,For Ever,5gYCZgmXzzWXxOCb9fMfBm,['Jungle'],['59oA5WbbQvomJz2BuRG071'],1,1,False,0.648,0.863,8,-8.202,1,0.0873,0.243,0.805,0.10300000000000001,0.5820000000000001,110.02600000000001,187148,4.0,2018,2018-09-14
34wcz4mpAActEc6gtqX3wz,"Heavy, California",For Ever,5gYCZgmXzzWXxOCb9fMfBm,['Jungle'],['59oA5WbbQvomJz2BuRG071'],2,1,False,0.674,0.713,6,-7.46,0,0.0359,0.0733,0.139,0.16899999999999998,0.71,111.01700000000001,184600,4.0,2018,2018-09-14
7CFbh9XfJ40XaYWgCbYX3H,Beat 54 (All Good Now),For Ever,5gYCZgmXzzWXxOCb9fMfBm,['Jungle'],['59oA5WbbQvomJz2BuRG071'],3,1,False,0.6459999999999999,0.695,2,-6.34,1,0.0545,0.513,0.007229999999999999,0.154,0.514,105.978,246815,4.0,2018,2018-09-14
5k44yc5bXO1XRedzjaugdQ,Cherry,For Ever,5gYCZgmXzzWXxOCb9fMfBm,['Jungle'],['59oA5WbbQvomJz2BuRG071'],4,1,False,0.613,0.4270000000000001,8,-8.324,1,0.221,0.889,0.0272,0.129,0.467,82.527,196139,4.0,2018,2018-09-14
1oSDiyNMslJoTCfUZBHNP2,Happy Man,For Ever,5gYCZgmXzzWXxOCb9fMfBm,['Jungle'],['59oA5WbbQvomJz2BuRG071'],5,1,False,0.594,0.516,9,-7.848,0,0.0316,0.198,2.9100000000000013e-05,0.0736,0.154,108.01700000000001,191530,4.0,2018,2018-09-14
44ZKnfWEkp7wPs035j4Tua,Casio,For Ever,5gYCZgmXzzWXxOCb9fMfBm,['Jungle'],['59oA5WbbQvomJz2BuRG071'],6,1,False,0.816,0.4920000000000001,10,-7.463999999999999,0,0.0752,0.431,0.0896,0.0995,0.765,115.98899999999999,234370,4.0,2018,2018-09-14
7jcDWSLRHt5T35S1zbOktP,Mama Oh No,For Ever,5gYCZgmXzzWXxOCb9fMfBm,['Jungle'],['59oA5WbbQvomJz2BuRG071'],7,1,False,0.6709999999999999,0.502,7,-7.952000000000001,1,0.0329,0.465,0.588,0.138,0.26,123.074,197241,4.0,2018,2018-09-14
71hX3p3RYgvx5rybyCmyrc,House In LA,For Ever,5gYCZgmXzzWXxOCb9fMfBm,['Jungle'],['59oA5WbbQvomJz2BuRG071'],8,1,False,0.45399999999999996,0.47100000000000003,10,-9.079,0,0.0303,0.364,0.00527,0.662,0.0743,116.914,283823,4.0,2018,2018-09-14
6CjxCi3LiENux7z3FKg9Du,Give Over,For Ever,5gYCZgmXzzWXxOCb9fMfBm,['Jungle'],['59oA5WbbQvomJz2BuRG071'],9,1,False,0.545,0.387,1,-8.673,1,0.0345,0.679,0.053,0.0992,0.14800000000000002,137.957,213394,4.0,2018,2018-09-14
7JrwRcbAj13sNPEGShBD9g,Cosurmyne,For Ever,5gYCZgmXzzWXxOCb9fMfBm,['Jungle'],['59oA5WbbQvomJz2BuRG071'],10,1,False,0.555,0.718,1,-8.405,1,0.0533,0.0119,0.133,0.33899999999999997,0.644,149.884,219984,4.0,2018,2018-09-14
0DWZCp57PV6TPAxHf0hQYZ,Home,For Ever,5gYCZgmXzzWXxOCb9fMfBm,['Jungle'],['59oA5WbbQvomJz2BuRG071'],11,1,False,0.4,0.134,4,-10.981,0,0.0436,0.986,0.698,0.0946,0.23199999999999998,76.77600000000002,132202,4.0,2018,2018-09-14
6q8P6s3j8uTtIfkzrT3XOf,(More and More) It Ain't Easy,For Ever,5gYCZgmXzzWXxOCb9fMfBm,['Jungle'],['59oA5WbbQvomJz2BuRG071'],12,1,False,0.51,0.659,10,-10.082,0,0.0401,0.109,0.196,0.1,0.72,81.305,191900,4.0,2018,2018-09-14
1oU1aXYXzKuma1MBWumfhX,Pray,For Ever,5gYCZgmXzzWXxOCb9fMfBm,['Jungle'],['59oA5WbbQvomJz2BuRG071'],13,1,False,0.266,0.561,1,-6.626,0,0.0363,0.218,0.152,0.127,0.136,178.093,280699,4.0,2018,2018-09-14
48XJmfdaOMIjhLJF5JSSwc,Out to Dry,Blush,6wS0wDOvrNm1ugmwcotkit,['Mexico City Blondes'],['1LBgSCwIAplPE9DCqxhDj4'],1,1,False,0.8140000000000001,0.68,11,-4.819,1,0.0476,0.111,0.8270000000000001,0.0855,0.779,96.088,236544,4.0,2019,2019-05-03
70tHbpo350W615c4EZHght,Addio,Blush,6wS0wDOvrNm1ugmwcotkit,['Mexico City Blondes'],['1LBgSCwIAplPE9DCqxhDj4'],2,1,False,0.632,0.7609999999999999,4,-4.378,0,0.0307,0.146,0.000126,0.155,0.409,76.008,243417,4.0,2019,2019-05-03
7MynXM6rZoulEwT6iud0no,Road Noise,Blush,6wS0wDOvrNm1ugmwcotkit,['Mexico City Blondes'],['1LBgSCwIAplPE9DCqxhDj4'],3,1,False,0.631,0.903,10,-6.275,0,0.0621,0.00642,0.452,0.182,0.32899999999999996,100.506,265884,4.0,2019,2019-05-03
4GMlv5zKbOs3itnJ0SysRS,Thick as Thieves,Blush,6wS0wDOvrNm1ugmwcotkit,['Mexico City Blondes'],['1LBgSCwIAplPE9DCqxhDj4'],4,1,False,0.693,0.581,8,-5.816,1,0.0368,0.136,0.0681,0.10800000000000001,0.36200000000000004,83.749,187029,4.0,2019,2019-05-03
0RxOFZNvMJ0qUkFSTgW9MR,Planet Caravan,Blush,6wS0wDOvrNm1ugmwcotkit,['Mexico City Blondes'],['1LBgSCwIAplPE9DCqxhDj4'],12,1,False,0.644,0.638,11,-6.352,1,0.0351,0.48100000000000004,0.883,0.0964,0.541,169.97099999999998,272463,4.0,2019,2019-05-03
6TQSdD4LmZyM8fFB51m3nL,Hustle,Hurts 2B Human,0hgt3tZlHEGukN56ueTGcL,['P!nk'],['1KCSPY1glIKqW2TotWuXOR'],1,1,False,0.7240000000000001,0.813,9,-5.083,0,0.33399999999999996,0.0564,0.0,0.0842,0.5589999999999999,97.038,175600,4.0,2019,2019-04-25
6jfEZdUJ2Yla6h7gTJgKuo,Walk Me Home,Hurts 2B Human,0hgt3tZlHEGukN56ueTGcL,['P!nk'],['1KCSPY1glIKqW2TotWuXOR'],3,1,False,0.652,0.45299999999999996,1,-6.119,1,0.0445,0.0519,0.0,0.179,0.4320000000000001,88.038,177391,3.0,2019,2019-04-25
6BoGECI8eEAII2fjOV88He,My Attic,Hurts 2B Human,0hgt3tZlHEGukN56ueTGcL,['P!nk'],['1KCSPY1glIKqW2TotWuXOR'],4,1,False,0.65,0.7090000000000001,7,-7.146,1,0.124,0.0355,4.83e-06,0.13699999999999998,0.16399999999999998,103.96600000000001,182333,4.0,2019,2019-04-25
4AGXxDQjRWTimOdvt6BtZF,90 Days (feat. Wrabel),Hurts 2B Human,0hgt3tZlHEGukN56ueTGcL,"['P!nk', 'Wrabel']","['1KCSPY1glIKqW2TotWuXOR', '7r2uG6BlFXKcwmh9ItqlII']",5,1,False,0.657,0.377,7,-5.398,0,0.0721,0.774,0.0,0.109,0.366,66.132,230853,4.0,2019,2019-04-25
2BM7nF0pMIpLQOT04o691Z,Hurts 2B Human (feat. Khalid),Hurts 2B Human,0hgt3tZlHEGukN56ueTGcL,"['P!nk', 'Khalid']","['1KCSPY1glIKqW2TotWuXOR', '6LuN9FCkKOj5PcnpouEgny']",6,1,False,0.46299999999999997,0.62,7,-5.647,1,0.16699999999999998,0.131,0.0,0.0619,0.158,83.031,202640,1.0,2019,2019-04-25
7GfKD5B7fVAzUgDvqAIbSL,Can We Pretend (feat. Cash Cash),Hurts 2B Human,0hgt3tZlHEGukN56ueTGcL,"['P!nk', 'Cash Cash']","['1KCSPY1glIKqW2TotWuXOR', '1LOB7jTeEV14pHai6EXSzF']",7,1,False,0.524,0.8059999999999999,1,-3.447,0,0.406,0.19699999999999998,0.0,0.10099999999999999,0.45,115.17200000000001,224360,4.0,2019,2019-04-25
3wNPirSnPtlJOS2PSBQGqG,Courage,Hurts 2B Human,0hgt3tZlHEGukN56ueTGcL,['P!nk'],['1KCSPY1glIKqW2TotWuXOR'],8,1,False,0.511,0.9129999999999999,0,-4.657,1,0.109,0.0015300000000000001,0.0,0.111,0.33799999999999997,92.05,259440,4.0,2019,2019-04-25
45ThktsHkQGbCQQDkSzI3s,Happy,Hurts 2B Human,0hgt3tZlHEGukN56ueTGcL,['P!nk'],['1KCSPY1glIKqW2TotWuXOR'],9,1,False,0.645,0.502,11,-6.932,1,0.053,0.0163,0.0,0.0644,0.32799999999999996,135.92600000000002,181720,4.0,2019,2019-04-25
4J46tS7XglXAakeKCFLePh,We Could Have It All,Hurts 2B Human,0hgt3tZlHEGukN56ueTGcL,['P!nk'],['1KCSPY1glIKqW2TotWuXOR'],10,1,False,0.688,0.836,8,-3.464,1,0.0474,0.0147,0.0,0.102,0.6990000000000001,130.026,273333,4.0,2019,2019-04-25
4Kmp7D3Gg95xv5dzg2mPMq,Love Me Anyway (feat. Chris Stapleton),Hurts 2B Human,0hgt3tZlHEGukN56ueTGcL,"['P!nk', 'Chris Stapleton']","['1KCSPY1glIKqW2TotWuXOR', '4YLtscXsxbVgi031ovDDdh']",11,1,False,0.368,0.321,3,-5.904,1,0.0272,0.769,0.0,0.135,0.0673,139.001,188120,4.0,2019,2019-04-25
3U0bZHXECn3AvCRfgzsWQU,Circle Game,Hurts 2B Human,0hgt3tZlHEGukN56ueTGcL,['P!nk'],['1KCSPY1glIKqW2TotWuXOR'],12,1,False,0.415,0.364,7,-7.065,1,0.0576,0.8140000000000001,0.0,0.0611,0.149,92.853,294440,3.0,2019,2019-04-25
5zbpdOuaFibWW4MH0PCchl,The Last Song Of Your Life,Hurts 2B Human,0hgt3tZlHEGukN56ueTGcL,['P!nk'],['1KCSPY1glIKqW2TotWuXOR'],13,1,False,0.529,0.257,2,-7.426,1,0.0311,0.611,0.0,0.113,0.16,120.083,233653,4.0,2019,2019-04-25
34CWNKWhS2Y84avJxTeCRd,Pictures of You,Hate Music Last Time Delete EP,7CD4sL0t3Cr6NX7inBN0tC,['HMLTD'],['0yd6o6a2MaOjsF1SglI4Hw'],1,1,False,0.218,0.946,5,-3.4760000000000004,0,0.203,0.0201,0.0276,0.179,0.47700000000000004,79.862,194476,4.0,2018,2018-07-20
4NhuWUWpSp3je70KkoSRB4,Proxy Love,Hate Music Last Time Delete EP,7CD4sL0t3Cr6NX7inBN0tC,['HMLTD'],['0yd6o6a2MaOjsF1SglI4Hw'],2,1,False,0.578,0.9109999999999999,9,-2.121,1,0.0637,0.0009289999999999999,0.0134,0.0848,0.518,139.082,293668,4.0,2018,2018-07-20
1ankcTGjdWSoYcHsrcKYX2,Mannequin,Hate Music Last Time Delete EP,7CD4sL0t3Cr6NX7inBN0tC,['HMLTD'],['0yd6o6a2MaOjsF1SglI4Hw'],3,1,False,0.564,0.884,6,-3.075,0,0.0636,0.0993,0.00624,0.307,0.389,124.975,233700,4.0,2018,2018-07-20
1hgKlrIGwepPfyq2psckW3,Apple of My Eye,Hate Music Last Time Delete EP,7CD4sL0t3Cr6NX7inBN0tC,['HMLTD'],['0yd6o6a2MaOjsF1SglI4Hw'],4,1,False,0.4320000000000001,0.696,9,-4.703,0,0.0764,0.00602,3.08e-06,0.09300000000000001,0.28,128.608,240698,4.0,2018,2018-07-20
2r2eskw4hAQwOhk1sbHnVo,Proxy Love - Soft Cell Remix,Hate Music Last Time Delete EP,7CD4sL0t3Cr6NX7inBN0tC,"['HMLTD', 'Soft Cell']","['0yd6o6a2MaOjsF1SglI4Hw', '6aq8T2RcspxVOGgMrTzjWc']",5,1,False,0.662,0.8690000000000001,5,-4.627,1,0.0388,0.000932,0.706,0.133,0.38799999999999996,138.983,447425,4.0,2018,2018-07-20
2knOapxfpOxyqo4TMQ4C6H,Mono,Mono,44F30MLssCFBuNGoqnuqrg,['altopalo'],['7uK0DQd6ovJfq8IjDy64fE'],1,1,True,0.519,0.23600000000000002,4,-14.675,0,0.0689,0.655,0.6970000000000001,0.0727,0.0525,111.965,282474,4.0,2018,2018-08-06
6MjiSBqVWiJCki6aUWV7h7,Texas Reznikoff,Bury Me At Makeout Creek,472GvzwE3EZ0i2EEaly5mX,['Mitski'],['2uYWxilOVlUdk4oV9DvwqK'],1,1,False,0.297,0.263,2,-9.752,1,0.0347,0.0613,1.19e-06,0.0935,0.37,145.64700000000005,132000,3.0,2014,2014-11-11
2HUIm4ZmwC5aIEQQakmgO4,Townie,Bury Me At Makeout Creek,472GvzwE3EZ0i2EEaly5mX,['Mitski'],['2uYWxilOVlUdk4oV9DvwqK'],2,1,False,0.31,0.884,1,-3.484,1,0.0567,1.13e-05,3.33e-06,0.121,0.276,137.755,205080,4.0,2014,2014-11-11
1Ac5BDsGUMQ3tsW2vnc52x,First Love / Late Spring,Bury Me At Makeout Creek,472GvzwE3EZ0i2EEaly5mX,['Mitski'],['2uYWxilOVlUdk4oV9DvwqK'],3,1,False,0.44299999999999995,0.545,0,-8.196,1,0.0273,0.000813,0.0137,0.20199999999999999,0.10400000000000001,99.914,278640,4.0,2014,2014-11-11
6gpSU2C1VJq0xaVIGtQPVi,Francis Forever,Bury Me At Makeout Creek,472GvzwE3EZ0i2EEaly5mX,['Mitski'],['2uYWxilOVlUdk4oV9DvwqK'],4,1,False,0.535,0.44799999999999995,2,-9.167,1,0.0279,0.00262,1.9399999999999997e-05,0.115,0.32,101.984,149680,4.0,2014,2014-11-11
42lQlyLSQR3qLTu4FOMqHY,I Don't Smoke,Bury Me At Makeout Creek,472GvzwE3EZ0i2EEaly5mX,['Mitski'],['2uYWxilOVlUdk4oV9DvwqK'],5,1,False,0.135,0.54,1,-7.108,1,0.0338,2.56e-05,0.0082,0.114,0.233,143.365,198533,4.0,2014,2014-11-11
1XXA4Lok0sIaeHdCPkkCxD,Jobless Monday,Bury Me At Makeout Creek,472GvzwE3EZ0i2EEaly5mX,['Mitski'],['2uYWxilOVlUdk4oV9DvwqK'],6,1,False,0.433,0.442,5,-11.217,1,0.03,0.00106,0.0136,0.12300000000000001,0.203,100.01899999999999,126747,4.0,2014,2014-11-11
0r7UEhhOH1DJQYVPJ1NwOQ,Drunk Walk Home,Bury Me At Makeout Creek,472GvzwE3EZ0i2EEaly5mX,['Mitski'],['2uYWxilOVlUdk4oV9DvwqK'],7,1,False,0.331,0.358,9,-7.6270000000000024,1,0.0339,0.0018,1.5399999999999998e-05,0.18899999999999997,0.325,172.65200000000004,155507,3.0,2014,2014-11-11
0eYmkWPJqioxUgSh9pVzS5,I Will,Bury Me At Makeout Creek,472GvzwE3EZ0i2EEaly5mX,['Mitski'],['2uYWxilOVlUdk4oV9DvwqK'],8,1,False,0.5329999999999999,0.306,2,-13.659,1,0.0355,0.0538,0.39,0.11,0.261,137.983,174760,4.0,2014,2014-11-11
0zXDEhxZ02tdfIyAYAf4QL,Carry Me Out,Bury Me At Makeout Creek,472GvzwE3EZ0i2EEaly5mX,['Mitski'],['2uYWxilOVlUdk4oV9DvwqK'],9,1,False,0.154,0.382,7,-8.717,1,0.0312,0.0199,0.000725,0.162,0.113,75.495,233493,4.0,2014,2014-11-11
0zCm4JTVBuIWSSL8rMUChT,Last Words of a Shooting Star,Bury Me At Makeout Creek,472GvzwE3EZ0i2EEaly5mX,['Mitski'],['2uYWxilOVlUdk4oV9DvwqK'],10,1,False,0.39299999999999996,0.16699999999999998,2,-19.024,1,0.0361,0.473,0.0009699999999999999,0.11,0.0961,129.955,164227,3.0,2014,2014-11-11
3nyY9HIn6zGJa6AkI1DuOR,Isolation,Isolation,6M1aYATORfLdGh2v7oiWkT,"['Protostar', 'hayve']","['0n8nGcgKnLHVv106g3AfnH', '6HT10ZbNJFIRYirBe3PTxs']",1,1,False,0.41,0.941,11,-2.029,1,0.0938,0.00116,0.249,0.12300000000000001,0.0632,86.988,273110,4.0,2019,2019-12-02
1iBoEceLHIzp9dwxR7o5oA,Two Slow Dancers,Two Slow Dancers,2BTReUeyCo4p13gE6ntEMO,['Mitski'],['2uYWxilOVlUdk4oV9DvwqK'],1,1,False,0.32,0.10400000000000001,0,-13.162,1,0.0342,0.7979999999999999,0.00075,0.106,0.0566,124.677,239304,3.0,2018,2018-08-09
32Shk6SZ3oKBpkIaJTiLNs,Ma Hine Cocore (3rd Bass Remix),Remixed: UFOs Over Bamako,434LTMrpSnKrhYhT60SEFx,['Vieux Farka Touré'],['4PmxbsWP1u0TnvqcrIA9ze'],1,1,False,0.47100000000000003,0.875,4,-8.009,0,0.302,0.273,0.445,0.0977,0.48100000000000004,110.182,284862,3.0,2007,2007-08-28
62qo7TeJRSEbxoRhGeoiTQ,Wosoubour (Chris Annibell Remix),Remixed: UFOs Over Bamako,434LTMrpSnKrhYhT60SEFx,['Vieux Farka Touré'],['4PmxbsWP1u0TnvqcrIA9ze'],2,1,False,0.71,0.5660000000000001,5,-6.7070000000000025,0,0.0526,0.00587,0.0146,0.0448,0.733,174.084,324801,3.0,2007,2007-08-28
4giVFRBMpnZqW4cqlHRCrP,Sangrare (DJ Center Remix),Remixed: UFOs Over Bamako,434LTMrpSnKrhYhT60SEFx,['Vieux Farka Touré'],['4PmxbsWP1u0TnvqcrIA9ze'],3,1,False,0.84,0.626,5,-7.27,0,0.0835,0.0349,0.00475,0.0795,0.436,108.042,295915,4.0,2007,2007-08-28
6V122tOB1ai6wTylMooVGl,Ana (GOONDA Tribal Dub),Remixed: UFOs Over Bamako,434LTMrpSnKrhYhT60SEFx,['Vieux Farka Touré'],['4PmxbsWP1u0TnvqcrIA9ze'],4,1,False,0.768,0.919,6,-8.392000000000001,0,0.0783,0.0044,0.0753,0.16899999999999998,0.634,126.979,324986,4.0,2007,2007-08-28
7KIrKL847fIBLp4o0a4SqY,Ana (Captain Planet Remix),Remixed: UFOs Over Bamako,434LTMrpSnKrhYhT60SEFx,['Vieux Farka Touré'],['4PmxbsWP1u0TnvqcrIA9ze'],5,1,False,0.8,0.925,7,-4.522,1,0.0564,0.00798,0.627,0.0643,0.747,114.009,296658,4.0,2007,2007-08-28
7xlgtb72mALHvnAQDP2Pr6,Sangare (Nickodemus Remix),Remixed: UFOs Over Bamako,434LTMrpSnKrhYhT60SEFx,['Vieux Farka Touré'],['4PmxbsWP1u0TnvqcrIA9ze'],6,1,False,0.737,0.934,0,-6.36,1,0.0383,0.009340000000000001,0.27,0.0858,0.9440000000000001,108.02600000000001,323667,4.0,2007,2007-08-28
1GzNPNYpZ3TRGNBdctxt3s,Wosoubour (Eccodek Remix),Remixed: UFOs Over Bamako,434LTMrpSnKrhYhT60SEFx,['Vieux Farka Touré'],['4PmxbsWP1u0TnvqcrIA9ze'],8,1,False,0.365,0.805,7,-9.168,1,0.14800000000000002,0.0395,0.00025299999999999997,0.0474,0.8190000000000001,81.126,292107,3.0,2007,2007-08-28
5Ftl5YfV1bv9HpdI3trHT5,Ana (Hisboyelroy's Smooth Dub),Remixed: UFOs Over Bamako,434LTMrpSnKrhYhT60SEFx,['Vieux Farka Touré'],['4PmxbsWP1u0TnvqcrIA9ze'],9,1,False,0.583,0.853,4,-8.651,0,0.0359,0.5870000000000001,0.581,0.0848,0.5,115.064,298144,4.0,2007,2007-08-28
7cq6bZ1AQCMsgaemNHiDPL,Courage (UFOs Over Bamako Remix),Remixed: UFOs Over Bamako,434LTMrpSnKrhYhT60SEFx,['Vieux Farka Touré'],['4PmxbsWP1u0TnvqcrIA9ze'],10,1,False,0.601,0.787,9,-6.519,1,0.0461,0.28600000000000003,0.0005690000000000001,0.0919,0.321,89.01,409972,4.0,2007,2007-08-28
52zpLht33ZWZ7mP7na493O,Ma Hine Cocore (Karsh Kale Remix),Remixed: UFOs Over Bamako,434LTMrpSnKrhYhT60SEFx,['Vieux Farka Touré'],['4PmxbsWP1u0TnvqcrIA9ze'],11,1,False,0.244,0.529,2,-10.925,0,0.034,0.11900000000000001,0.324,0.13,0.0895,99.874,250280,3.0,2007,2007-08-28
52yC8pZMs3XELEqAp1BpHp,Nobody,Nobody,3EImU2DZuByriWElksSyig,['Mitski'],['2uYWxilOVlUdk4oV9DvwqK'],1,1,False,0.392,0.718,0,-5.252999999999999,1,0.0401,0.0777,0.0,0.0848,0.49,117.43299999999999,193429,4.0,2018,2018-06-26
1dOdyzJllRbFJKaYySduFA,Put My Number in Your Phone (feat. J Boy Fresh),Put My Number in Your Phone (feat. J Boy Fresh),3OozwyKfNvzMNLnflBFiOM,['A.P. Appleberry'],['47LywxWRI3Bfev1Oft0N1L'],1,1,True,0.8220000000000001,0.679,7,-5.337999999999999,1,0.18,0.16399999999999998,0.0,0.152,0.8140000000000001,78.006,235359,4.0,2012,2012-11-20
73YichzT0Fw5z1isSLWewU,"Rhapsody on a Theme of Paganini, Op. 43: Introduction: Allegro vivace","Rachmaninoff, Falla, Chopin",3jqOVwz3mCjviwo6fVBDci,"['Arthur Rubinstein', 'Fritz Reiner']","['5N1GUHhFMRFFgMTjSOJDb9', '4nsMLwMcViXAqwTLJ71y8i']",1,1,False,0.0,0.353,2,-9.62,1,0.0,0.99,0.985,0.424,0.0,0.0,8333,0.0,1996,1996-03-16
1H6eQrsxGuQKBp9oV3uLLD,"Rhapsody on a Theme of Paganini, Op. 43: Variation I (Precedente)","Rachmaninoff, Falla, Chopin",3jqOVwz3mCjviwo6fVBDci,"['Arthur Rubinstein', 'Fritz Reiner']","['5N1GUHhFMRFFgMTjSOJDb9', '4nsMLwMcViXAqwTLJ71y8i']",2,1,False,0.5479999999999999,0.0563,7,-21.474,1,0.0403,0.983,0.00128,0.374,0.0,137.126,20800,4.0,1996,1996-03-16
7yISdeTzNGrErvcym5YryM,Noches en los jardines de España: En el Generalife,"Rachmaninoff, Falla, Chopin",3jqOVwz3mCjviwo6fVBDci,['Arthur Rubinstein'],['5N1GUHhFMRFFgMTjSOJDb9'],27,1,False,0.248,0.0517,4,-21.894000000000002,0,0.0421,0.98,0.821,0.105,0.0383,112.553,573000,3.0,1996,1996-03-16
4Xm26WsOgMX8pXBqmlPwQL,Noches en los jardines de España: Danza lejana,"Rachmaninoff, Falla, Chopin",3jqOVwz3mCjviwo6fVBDci,['Arthur Rubinstein'],['5N1GUHhFMRFFgMTjSOJDb9'],28,1,False,0.223,0.14300000000000002,2,-19.942999999999998,0,0.0366,0.97,0.841,0.139,0.14400000000000002,82.027,306400,4.0,1996,1996-03-16
0VpvIGwBgZv7dI1UiAFpn3,Take Our Time (Neighbour & Elan B Remix),Disco Deep,02kR8SMFgRavEND2pN9s8t,"['Heion', 'Neighbour']","['0SI2DCstHJXZoR14sRtUTP', '2LLyP4GbSaUBJ4usHtnAa1']",8,1,False,0.7929999999999999,0.41,5,-5.752999999999999,0,0.106,0.00135,0.7040000000000001,0.0556,0.24600000000000002,108.00299999999999,409891,4.0,2017,2017-04-11
0qC2BJoXuvLskmZADEySpc,Cinnamon,Disco Deep,02kR8SMFgRavEND2pN9s8t,['Woodhead'],['3pfJxUDRmyzbMnfSZ4fXGn'],9,1,False,0.807,0.611,10,-7.7639999999999985,0,0.0424,0.0008849999999999998,0.7979999999999999,0.0498,0.537,115.99799999999999,322311,4.0,2017,2017-04-11
3TxOnULTFnVRjaNj7IIpxl,Star System,Disco Deep,02kR8SMFgRavEND2pN9s8t,['Matt Hughes'],['3e2qGE0gG6EONwh0XTb53X'],10,1,False,0.778,0.574,0,-10.69,1,0.0627,0.138,0.863,0.0728,0.8220000000000001,109.135,370000,4.0,2017,2017-04-11
70EN4dkjvf6DN40ivdrY8A,New Age,New Age,2UNAczK3VNmaBgaT35qHvN,"['Loxy', 'Resound']","['5Cs0SJYrr8XUtlZWtkoian', '1cZNybE2AD1B9kBjjNunSV']",1,1,False,0.57,0.948,4,-3.802,1,0.0429,0.00143,0.858,0.0926,0.2,171.99,406050,4.0,2019,2019-09-27
7qBxp4suAmqhHtoZEYGRwP,Stone Cold,New Age,2UNAczK3VNmaBgaT35qHvN,['Resound'],['1cZNybE2AD1B9kBjjNunSV'],2,1,False,0.649,0.955,6,-2.408,1,0.0661,0.0135,0.87,0.138,0.802,174.028,445271,4.0,2019,2019-09-27
33F32wfxpHz2xBF4KmfJ6G,Stone Cold - Forgot Why mix,New Age,2UNAczK3VNmaBgaT35qHvN,['Resound'],['1cZNybE2AD1B9kBjjNunSV'],3,1,False,0.657,0.6579999999999999,10,-5.479,0,0.0753,0.0050100000000000006,0.207,0.789,0.515,174.005,290022,4.0,2019,2019-09-27
0mqvQRPY2GxpTmLcJUYH22,As If a Star,Sweeter as the Years Roll By,3GXrnVj2163I1n1gYLZxDG,['Heaven And'],['3OWk1AVCIuQY0pudnCYziQ'],1,1,False,0.153,0.519,9,-12.032,0,0.0338,0.006670000000000001,0.0016600000000000002,0.204,0.0356,135.226,301733,4.0,2008,2008-06-20
7EAv3XmvmL760X9fsjS3hw,Scarlet Woman,Sweeter as the Years Roll By,3GXrnVj2163I1n1gYLZxDG,['Heaven And'],['3OWk1AVCIuQY0pudnCYziQ'],2,1,False,0.349,0.337,2,-15.684000000000001,1,0.039,0.305,0.371,0.10099999999999999,0.239,150.79399999999995,358627,4.0,2008,2008-06-20
3ieh9QnJXOjbPnmpzrtWK0,Bring Back Those Happy Days,Sweeter as the Years Roll By,3GXrnVj2163I1n1gYLZxDG,['Heaven And'],['3OWk1AVCIuQY0pudnCYziQ'],3,1,False,0.18600000000000005,0.948,11,-5.136,0,0.13,0.0312,0.8420000000000001,0.0978,0.28600000000000003,124.62700000000001,262987,4.0,2008,2008-06-20
7m9IX6lzZppBI0MdthidHL,Fire Next Time,Sweeter as the Years Roll By,3GXrnVj2163I1n1gYLZxDG,['Heaven And'],['3OWk1AVCIuQY0pudnCYziQ'],4,1,False,0.5479999999999999,0.429,2,-13.687000000000001,1,0.0539,0.5589999999999999,0.893,0.0939,0.177,142.591,108440,4.0,2008,2008-06-20
5byQShqWM8KbjiwR2SODK3,Prince Priest,Sweeter as the Years Roll By,3GXrnVj2163I1n1gYLZxDG,['Heaven And'],['3OWk1AVCIuQY0pudnCYziQ'],5,1,False,0.324,0.775,9,-8.052,1,0.079,0.0355,0.529,0.161,0.192,62.13800000000001,449973,4.0,2008,2008-06-20
5UuSgS4t2HcAecaOXVeD50,Noon of Night,Sweeter as the Years Roll By,3GXrnVj2163I1n1gYLZxDG,['Heaven And'],['3OWk1AVCIuQY0pudnCYziQ'],6,1,False,0.292,0.278,2,-15.86,1,0.0297,0.29,0.852,0.275,0.0369,100.537,454293,4.0,2008,2008-06-20
79cRfdtymrGUKvT4PsJdPZ,Parade,Sweeter as the Years Roll By,3GXrnVj2163I1n1gYLZxDG,['Heaven And'],['3OWk1AVCIuQY0pudnCYziQ'],7,1,False,0.215,0.647,4,-8.914,1,0.0443,0.0137,0.7759999999999999,0.151,0.0501,80.595,414173,4.0,2008,2008-06-20
2aiRlaTREPW1lWniEzRYjj,Durango,Sweeter as the Years Roll By,3GXrnVj2163I1n1gYLZxDG,['Heaven And'],['3OWk1AVCIuQY0pudnCYziQ'],8,1,False,0.32299999999999995,0.318,7,-12.887,0,0.0271,0.397,0.10099999999999999,0.0868,0.12,83.336,376107,4.0,2008,2008-06-20
4aBCqecLckB4yNpbWr0rFX,Heaven End,Sweeter as the Years Roll By,3GXrnVj2163I1n1gYLZxDG,['Heaven And'],['3OWk1AVCIuQY0pudnCYziQ'],9,1,False,0.302,0.578,0,-8.794,1,0.0334,0.114,0.8859999999999999,0.363,0.21,125.95,180067,3.0,2008,2008-06-20
3ZpsJRU9IYlY6yXH6NhCEW,Introduction,Lineage of Hurt,681kEsXGpzyS8mqrXghKwY,['Travesty Child'],['5N0X3tBpq7PFgPLRWPBCxT'],1,1,False,0.0947,0.0881,10,-22.005,1,0.0491,0.635,0.98,0.12300000000000001,0.028999999999999998,88.39200000000002,129474,4.0,2018,2018-09-02
2SWECKQcOJz5jdKPJjgkuq,Homage,Lineage of Hurt,681kEsXGpzyS8mqrXghKwY,['Travesty Child'],['5N0X3tBpq7PFgPLRWPBCxT'],2,1,False,0.45399999999999996,0.637,10,-10.911,1,0.0332,0.0006389999999999999,0.7509999999999999,0.35200000000000004,0.439,75.994,320526,4.0,2018,2018-09-02
1937y101U0ov6OqoS7Bq8V,Dream's Keep,Lineage of Hurt,681kEsXGpzyS8mqrXghKwY,['Travesty Child'],['5N0X3tBpq7PFgPLRWPBCxT'],3,1,False,0.491,0.862,5,-8.237,1,0.0343,0.000587,0.431,0.0883,0.14,111.999,285003,4.0,2018,2018-09-02
512Zx8GkBXK28zVx5Oorvd,Love Vandal,Lineage of Hurt,681kEsXGpzyS8mqrXghKwY,['Travesty Child'],['5N0X3tBpq7PFgPLRWPBCxT'],4,1,False,0.478,0.655,6,-7.778,0,0.0302,0.0285,0.0621,0.29600000000000004,0.11699999999999999,136.963,292556,4.0,2018,2018-09-02
0YN9oksI6eX92IM5ocwlN0,Leisures in the Sky,Lineage of Hurt,681kEsXGpzyS8mqrXghKwY,['Travesty Child'],['5N0X3tBpq7PFgPLRWPBCxT'],5,1,False,0.129,0.655,4,-8.084,0,0.04,0.0018,2.33e-05,0.249,0.039,83.04,429176,4.0,2018,2018-09-02
7zl5MtbUigeRKCxGfUyZnj,Rock Steady,"Some Other Place, Some Other Time",5mIYMTx9wRfgc1zbQ4Hkez,['Heavens Edge'],['2T03HaMa4RA484VbUGwnff'],1,1,True,0.435,0.917,6,-3.65,0,0.0687,0.00047000000000000004,2.31e-06,0.392,0.396,133.094,311533,4.0,2011,2011-06-23
6PdQJpmRKOhbo1Urv3xc2u,"Some Other Place, Some Other Time","Some Other Place, Some Other Time",5mIYMTx9wRfgc1zbQ4Hkez,['Heavens Edge'],['2T03HaMa4RA484VbUGwnff'],2,1,True,0.537,0.9520000000000001,7,-3.017,1,0.0426,0.0868,0.0,0.147,0.705,110.367,259800,4.0,2011,2011-06-23
2WaZ4VL6s05rBkoUY9dyhy,Jacky,"Some Other Place, Some Other Time",5mIYMTx9wRfgc1zbQ4Hkez,['Heavens Edge'],['2T03HaMa4RA484VbUGwnff'],3,1,True,0.5670000000000001,0.968,2,-4.6160000000000005,1,0.0373,0.0139,1.81e-06,0.0828,0.44299999999999995,132.62,306960,4.0,2011,2011-06-23
2KvrXSe8oA54RocLkgT4k3,Jump On It,"Some Other Place, Some Other Time",5mIYMTx9wRfgc1zbQ4Hkez,['Heavens Edge'],['2T03HaMa4RA484VbUGwnff'],4,1,True,0.581,0.9520000000000001,11,-3.8310000000000004,0,0.0526,0.0273,0.0,0.294,0.609,124.38600000000001,195307,4.0,2011,2011-06-23
616rVS8Akzhta5LTJGJ5aU,Nice and Easy,"Some Other Place, Some Other Time",5mIYMTx9wRfgc1zbQ4Hkez,['Heavens Edge'],['2T03HaMa4RA484VbUGwnff'],16,1,True,0.418,0.856,2,-7.662000000000001,0,0.0556,0.121,0.0104,0.41700000000000004,0.612,120.719,311880,4.0,2011,2011-06-23
5vnpANH92iEajvGwE2oQ6r,Real Friends,Real Friends,61rwEPg49tCJFTXzyWgxJP,"['Camila Cabello', 'Swae Lee']","['4nDoRrQiYLoBzwC5BhVJzF', '1zNqQNIdeOUZHb8zbZRFMX']",1,1,False,0.701,0.512,0,-6.869,0,0.0969,0.235,5.07e-06,0.135,0.6629999999999999,91.947,223583,4.0,2018,2018-08-16
0yAxkN4U9LukriOXCbYM9n,Junjo koigokoro,Junjo koigokoro,5gb1nJlz5b36gh1tmdCryy,['Nanahira'],['0bkkiFN0ghGl4j9aLi3oQx'],1,1,False,0.5660000000000001,0.8859999999999999,4,-4.527,0,0.0623,0.00757,0.000739,0.0463,0.551,180.045,227000,4.0,2020,2020-06-10
62o8KoI44JfN7aYxgTnPvh,Mala Mía,Mala Mía,3Bj8Yd9ANO4KufZkqOmG0W,['Maluma'],['1r4hJ1h58CWwUQe3MxPuau'],1,1,False,0.7490000000000001,0.752,6,-4.883,1,0.345,0.31,0.0,0.23199999999999998,0.9009999999999999,180.049,183753,4.0,2018,2018-08-10
30d0B1wvg82yqqDltUr0xQ,Militant,"Rhythm Collision, Vol. 1 & Remix Versions",5B9bKHSF2pTGQZDDYrcOrd,"['Ruts D.C.', 'Mad Professor']","['5f8RyKvs43eXT5Z3nMuz4G', '3hbnUwHvxyFxeJ9veCzOE7']",2,1,False,0.755,0.655,2,-10.534,1,0.075,0.087,0.506,0.0692,0.21,106.24,227707,4.0,2002,2002
5b3rzyNtfJdMtRcswrQ6z5,Push Yourself - Make It Work,"Rhythm Collision, Vol. 1 & Remix Versions",5B9bKHSF2pTGQZDDYrcOrd,"['Ruts D.C.', 'Mad Professor']","['5f8RyKvs43eXT5Z3nMuz4G', '3hbnUwHvxyFxeJ9veCzOE7']",3,1,False,0.715,0.626,11,-9.769,0,0.0584,0.00231,0.177,0.21600000000000005,0.536,125.53299999999999,181200,4.0,2002,2002
7sL1ZNxBylE4WK9j9qLkml,Rhythm Collision,"Rhythm Collision, Vol. 1 & Remix Versions",5B9bKHSF2pTGQZDDYrcOrd,"['Ruts D.C.', 'Mad Professor']","['5f8RyKvs43eXT5Z3nMuz4G', '3hbnUwHvxyFxeJ9veCzOE7']",4,1,False,0.845,0.397,7,-12.638,0,0.0435,0.00285,0.9079999999999999,0.11,0.769,100.208,350960,4.0,2002,2002
1Wweu6SPjt1RsJTsnXt8if,Accusation,"Rhythm Collision, Vol. 1 & Remix Versions",5B9bKHSF2pTGQZDDYrcOrd,"['Ruts D.C.', 'Mad Professor']","['5f8RyKvs43eXT5Z3nMuz4G', '3hbnUwHvxyFxeJ9veCzOE7']",5,1,False,0.531,0.674,2,-12.129000000000001,0,0.0578,0.000165,0.45,0.125,0.77,188.09400000000002,242000,4.0,2002,2002
2oRIoMWS1CkORtQhreyVoz,Pleasures of the Dance,"Rhythm Collision, Vol. 1 & Remix Versions",5B9bKHSF2pTGQZDDYrcOrd,"['Ruts D.C.', 'Mad Professor']","['5f8RyKvs43eXT5Z3nMuz4G', '3hbnUwHvxyFxeJ9veCzOE7']",6,1,False,0.68,0.425,1,-15.005999999999998,0,0.0628,0.0359,0.66,0.0638,0.41200000000000003,78.124,279600,4.0,2002,2002
012dz20jNzLCb1G0L9ZZVT,Love & Fire,"Rhythm Collision, Vol. 1 & Remix Versions",5B9bKHSF2pTGQZDDYrcOrd,"['Ruts D.C.', 'Mad Professor']","['5f8RyKvs43eXT5Z3nMuz4G', '3hbnUwHvxyFxeJ9veCzOE7']",8,1,False,0.662,0.42200000000000004,2,-10.703,1,0.0654,0.0027,0.8490000000000001,0.136,0.446,75.028,518827,4.0,2002,2002
17CLv92qB4AL5eGfFlhhST,"Whatever We Do - 12"" Mix","Rhythm Collision, Vol. 1 & Remix Versions",5B9bKHSF2pTGQZDDYrcOrd,"['Ruts D.C.', 'Mad Professor']","['5f8RyKvs43eXT5Z3nMuz4G', '3hbnUwHvxyFxeJ9veCzOE7']",9,1,False,0.6920000000000001,0.392,1,-14.493,0,0.0766,0.0504,0.18600000000000005,0.0853,0.629,139.148,527040,4.0,2002,2002
1HHwFd8A7OCcF2jCOFO8cI,Militant - Vocal Mix,"Rhythm Collision, Vol. 1 & Remix Versions",5B9bKHSF2pTGQZDDYrcOrd,"['Ruts D.C.', 'Mad Professor']","['5f8RyKvs43eXT5Z3nMuz4G', '3hbnUwHvxyFxeJ9veCzOE7']",10,1,False,0.753,0.6779999999999999,2,-9.686,0,0.0619,0.128,0.575,0.0938,0.395,111.58,211933,4.0,2002,2002
1cx6xjNzAhLy8RForVp6HT,Rhythm Collision - Mad Mix,"Rhythm Collision, Vol. 1 & Remix Versions",5B9bKHSF2pTGQZDDYrcOrd,"['Ruts D.C.', 'Mad Professor']","['5f8RyKvs43eXT5Z3nMuz4G', '3hbnUwHvxyFxeJ9veCzOE7']",11,1,False,0.8490000000000001,0.382,11,-13.123,0,0.125,0.0393,0.861,0.248,0.5710000000000001,95.303,395067,4.0,2002,2002
3LCWBFHZwGGwnipnDRox5y,Accusation - Vocal Mix,"Rhythm Collision, Vol. 1 & Remix Versions",5B9bKHSF2pTGQZDDYrcOrd,"['Ruts D.C.', 'Mad Professor']","['5f8RyKvs43eXT5Z3nMuz4G', '3hbnUwHvxyFxeJ9veCzOE7']",12,1,False,0.349,0.628,10,-9.729,1,0.331,0.00472,0.313,0.207,0.452,189.343,222027,4.0,2002,2002
6D22FfJP1v8LKDfUakiA8U,Weak Heart - Vocal Mix,"Rhythm Collision, Vol. 1 & Remix Versions",5B9bKHSF2pTGQZDDYrcOrd,"['Ruts D.C.', 'Mad Professor']","['5f8RyKvs43eXT5Z3nMuz4G', '3hbnUwHvxyFxeJ9veCzOE7']",13,1,False,0.669,0.4970000000000001,4,-11.595,0,0.0431,0.019,0.129,0.272,0.7929999999999999,92.931,367800,4.0,2002,2002
6pQLaZ2VgMMH60mDsIag1K,Whatever We Do,"Rhythm Collision, Vol. 1 & Remix Versions",5B9bKHSF2pTGQZDDYrcOrd,"['Ruts D.C.', 'Zion Train']","['5f8RyKvs43eXT5Z3nMuz4G', '6sDKfmMPaTI7MYeFoNFrg7']",1,2,False,0.772,0.5870000000000001,2,-7.336,1,0.0516,0.02,0.0159,0.188,0.88,143.067,353200,4.0,2002,2002
6SDi65Lqjd3gZ87sC1inVu,Whatever We Dub,"Rhythm Collision, Vol. 1 & Remix Versions",5B9bKHSF2pTGQZDDYrcOrd,"['Ruts D.C.', 'Zion Train']","['5f8RyKvs43eXT5Z3nMuz4G', '6sDKfmMPaTI7MYeFoNFrg7']",2,2,False,0.823,0.425,2,-9.668,1,0.0656,0.00246,0.742,0.126,0.741,143.132,354693,4.0,2002,2002
2FSRooSwamtAgx2k8YMvqC,Militant,"Rhythm Collision, Vol. 1 & Remix Versions",5B9bKHSF2pTGQZDDYrcOrd,"['Ruts D.C.', 'Zion Train']","['5f8RyKvs43eXT5Z3nMuz4G', '6sDKfmMPaTI7MYeFoNFrg7']",3,2,False,0.799,0.615,0,-9.003,1,0.037000000000000005,0.0123,0.929,0.381,0.6679999999999999,108.191,214640,4.0,2002,2002
6hceECiRTFUmJgT0nHYW3y,Militant Base,"Rhythm Collision, Vol. 1 & Remix Versions",5B9bKHSF2pTGQZDDYrcOrd,"['Ruts D.C.', 'Zion Train']","['5f8RyKvs43eXT5Z3nMuz4G', '6sDKfmMPaTI7MYeFoNFrg7']",4,2,False,0.818,0.456,4,-10.633,0,0.0508,0.00119,0.8759999999999999,0.10800000000000001,0.524,108.14,216600,4.0,2002,2002
6PakQ1j5bhlWp49Q07pkUV,Rhythm Collision,"Rhythm Collision, Vol. 1 & Remix Versions",5B9bKHSF2pTGQZDDYrcOrd,"['Ruts D.C.', 'Zion Train']","['5f8RyKvs43eXT5Z3nMuz4G', '6sDKfmMPaTI7MYeFoNFrg7']",5,2,False,0.746,0.39,0,-11.300999999999998,1,0.0638,0.0027300000000000002,0.88,0.38,0.638,98.182,390467,4.0,2002,2002
1pj1fdPR9qu2M3UDdgdv3o,Accusation,"Rhythm Collision, Vol. 1 & Remix Versions",5B9bKHSF2pTGQZDDYrcOrd,"['Ruts D.C.', 'Zion Train']","['5f8RyKvs43eXT5Z3nMuz4G', '6sDKfmMPaTI7MYeFoNFrg7']",6,2,False,0.7609999999999999,0.8190000000000001,2,-8.793,1,0.049,0.000708,0.777,0.0752,0.6920000000000001,91.963,305867,4.0,2002,2002
0xfssueMv2KdHWZiErqio9,Dub Accusations,"Rhythm Collision, Vol. 1 & Remix Versions",5B9bKHSF2pTGQZDDYrcOrd,"['Ruts D.C.', 'Zion Train']","['5f8RyKvs43eXT5Z3nMuz4G', '6sDKfmMPaTI7MYeFoNFrg7']",7,2,False,0.705,0.871,2,-8.054,1,0.0469,0.00114,0.885,0.0234,0.65,92.088,270133,4.0,2002,2002
0Mp24jCQZqXRqlmD8dU5HQ,Pleasure of the Dance,"Rhythm Collision, Vol. 1 & Remix Versions",5B9bKHSF2pTGQZDDYrcOrd,"['Ruts D.C.', 'Zion Train']","['5f8RyKvs43eXT5Z3nMuz4G', '6sDKfmMPaTI7MYeFoNFrg7']",8,2,False,0.7559999999999999,0.43799999999999994,0,-9.451,1,0.0897,0.0652,0.912,0.0997,0.925,78.46300000000002,364000,4.0,2002,2002
3WKQbDbtJ0kgg7tLHvKn5x,Weakheart,"Rhythm Collision, Vol. 1 & Remix Versions",5B9bKHSF2pTGQZDDYrcOrd,"['Ruts D.C.', 'Zion Train']","['5f8RyKvs43eXT5Z3nMuz4G', '6sDKfmMPaTI7MYeFoNFrg7']",9,2,False,0.732,0.672,9,-9.129,1,0.047,0.0228,0.847,0.0957,0.41200000000000003,97.65899999999999,236400,4.0,2002,2002
4FQPBU21A0Rjlcjg5V2YMb,Love & Fire,"Rhythm Collision, Vol. 1 & Remix Versions",5B9bKHSF2pTGQZDDYrcOrd,"['Ruts D.C.', 'Zion Train']","['5f8RyKvs43eXT5Z3nMuz4G', '6sDKfmMPaTI7MYeFoNFrg7']",10,2,False,0.73,0.613,2,-9.59,1,0.0985,0.0182,0.32,0.133,0.753,75.58,512960,4.0,2002,2002
6I4hIxOHFKa4PRhCbP6B8e,Akk & Feel It (feat. Captain Jack),Alpaka,0PValkChn507IYqp0Yhmtv,"['257ers', 'Captain Jack']","['6ihLfpY3cmdGyWEnItn30w', '1b81zU0IfjHE8krv2IZ0Hf']",2,1,True,0.769,0.799,11,-3.475,1,0.0354,0.00502,4.16e-06,0.465,0.804,125.007,176733,4.0,2019,2019-05-03
7AXWkAdnEMyn6kqblJqphH,Gravitacion,Alpaka,0PValkChn507IYqp0Yhmtv,['257ers'],['6ihLfpY3cmdGyWEnItn30w'],3,1,True,0.7909999999999999,0.74,0,-4.5969999999999995,1,0.0727,0.0007700000000000001,0.00195,0.17,0.708,117.045,200987,4.0,2019,2019-05-03
0EekLXEMi1DPMkvPUptPJT,Stone Is My Pillow,Alpaka,0PValkChn507IYqp0Yhmtv,['257ers'],['6ihLfpY3cmdGyWEnItn30w'],4,1,True,0.868,0.84,7,-4.83,0,0.198,0.147,0.00139,0.092,0.69,116.04799999999999,169587,4.0,2019,2019-05-03
3foV2JSxxMUVr6rCJQFDKw,Igitt,Alpaka,0PValkChn507IYqp0Yhmtv,['257ers'],['6ihLfpY3cmdGyWEnItn30w'],5,1,True,0.802,0.802,1,-4.2360000000000015,1,0.066,0.0128,0.0,0.08800000000000001,0.764,118.036,158533,4.0,2019,2019-05-03
2eiXhTtdq3ungxbIl7mBVa,Halt Mein Bier,Alpaka,0PValkChn507IYqp0Yhmtv,['257ers'],['6ihLfpY3cmdGyWEnItn30w'],6,1,True,0.863,0.7240000000000001,0,-4.7330000000000005,1,0.0644,0.03,2.64e-06,0.297,0.746,129.984,177213,4.0,2019,2019-05-03
4CdmMyMVQ2t643LWglfRRI,Delorean,Alpaka,0PValkChn507IYqp0Yhmtv,['257ers'],['6ihLfpY3cmdGyWEnItn30w'],7,1,True,0.7020000000000001,0.8590000000000001,10,-4.088,0,0.0784,0.0787,0.0,0.369,0.632,165.05700000000004,195040,4.0,2019,2019-05-03
6NQr8yj5CgmvX5t1RTZZRd,Stabile Seitenlage,Alpaka,0PValkChn507IYqp0Yhmtv,['257ers'],['6ihLfpY3cmdGyWEnItn30w'],8,1,True,0.8340000000000001,0.866,4,-4.067,1,0.134,0.0406,0.000676,0.18,0.569,100.014,170613,4.0,2019,2019-05-03
7w137gjh5i46nwGiARhrFh,Baggamuffin,Alpaka,0PValkChn507IYqp0Yhmtv,['257ers'],['6ihLfpY3cmdGyWEnItn30w'],9,1,True,0.665,0.915,9,-3.438,0,0.0874,0.113,0.00015900000000000002,0.166,0.777,173.88099999999997,154507,4.0,2019,2019-05-03
4v5FvmOZJNDCRfCv3XxYfo,Ja Sichael,Alpaka,0PValkChn507IYqp0Yhmtv,['257ers'],['6ihLfpY3cmdGyWEnItn30w'],10,1,True,0.71,0.9470000000000001,1,-3.3789999999999996,1,0.245,0.0965,0.0,0.0391,0.126,99.975,203227,4.0,2019,2019-05-03
6FEWgrUib9YvPBz0yeAXou,Lastkraftwagenfahrer,Alpaka,0PValkChn507IYqp0Yhmtv,['257ers'],['6ihLfpY3cmdGyWEnItn30w'],11,1,True,0.9109999999999999,0.647,7,-5.107,0,0.11199999999999999,0.20800000000000002,0.0,0.0664,0.695,126.971,162547,4.0,2019,2019-05-03
07wmRb1WV8XLmsrFv33Exv,Regenbogenland (feat. Le Fly),Alpaka,0PValkChn507IYqp0Yhmtv,"['257ers', 'Le Fly']","['6ihLfpY3cmdGyWEnItn30w', '4ZtBx6rfSEXaqAgUWjCip6']",12,1,True,0.612,0.857,6,-3.4139999999999997,0,0.0881,0.0985,0.0,0.127,0.961,177.00900000000001,134613,4.0,2019,2019-05-03
2syRIpPnWoBwC7HJ7oZxwc,Bis Einer Weint,Alpaka,0PValkChn507IYqp0Yhmtv,['257ers'],['6ihLfpY3cmdGyWEnItn30w'],13,1,True,0.662,0.907,11,-3.673,0,0.11699999999999999,0.00572,2.8499999999999998e-05,0.0825,0.34299999999999997,127.98299999999999,187573,4.0,2019,2019-05-03
6TgwBgTEx7ilEX6ocbVXJe,Around the Horn: Part I,Babbitt: Soli E Duettini,2YOMavnJnV9NGG8feFayaI,"['Milton Babbitt', 'William Purvis']","['1s4OwCgHh16FZOkmmNLWeO', '2rVo1rwuD8uem99HDJzOsT']",1,1,False,0.336,0.0035600000000000002,6,-27.04300000000001,1,0.0527,0.995,0.395,0.0796,0.24100000000000002,77.244,280067,3.0,2006,2006-03-21
7wP6yiwoIlTMkIhWUCJMLP,Around the Horn: Part II,Babbitt: Soli E Duettini,2YOMavnJnV9NGG8feFayaI,"['Milton Babbitt', 'William Purvis']","['1s4OwCgHh16FZOkmmNLWeO', '2rVo1rwuD8uem99HDJzOsT']",2,1,False,0.34,0.0036200000000000004,0,-27.073,1,0.0496,0.996,0.733,0.0716,0.177,88.792,294187,5.0,2006,2006-03-21
4uM4QsJ99ACEBMR37RK3ty,Whirled Series,Babbitt: Soli E Duettini,2YOMavnJnV9NGG8feFayaI,"['Milton Babbitt', 'Marshall Taylor', 'Charles Abramovic']","['1s4OwCgHh16FZOkmmNLWeO', '6Y5DGfwiid7ciHp0w8EGWq', '1kJQZjtRbw6K5vql50jFw8']",3,1,False,0.451,0.0304,1,-22.837,1,0.0403,0.988,0.335,0.135,0.151,75.158,929973,4.0,2006,2006-03-21
0SncnWsZ7fY3QCJcxrGQ2k,None but the Lonely Flute,Babbitt: Soli E Duettini,2YOMavnJnV9NGG8feFayaI,"['Milton Babbitt', 'Rachel Rudich']","['1s4OwCgHh16FZOkmmNLWeO', '6uIiyYVn6MPf64hkZGCE2L']",4,1,False,0.4270000000000001,0.00454,10,-31.775,0,0.0522,0.98,0.08900000000000001,0.0753,0.353,132.459,371787,3.0,2006,2006-03-21
0nShpJw6MaFEqydvV1jUaJ,Homily,Babbitt: Soli E Duettini,2YOMavnJnV9NGG8feFayaI,"['Milton Babbitt', 'Peter Jarvis']","['1s4OwCgHh16FZOkmmNLWeO', '6mp6NB8q7DnI59mEWLYaxD']",5,1,False,0.522,0.0296,5,-26.801,1,0.0429,0.225,0.919,0.0949,0.0369,108.978,225773,3.0,2006,2006-03-21
3zx7VDojsPi2UMn0ipGEvB,Beaten Paths,Babbitt: Soli E Duettini,2YOMavnJnV9NGG8feFayaI,"['Milton Babbitt', 'Thomas Kolor']","['1s4OwCgHh16FZOkmmNLWeO', '5zyDX9bzcyxeyIs18WgQVx']",6,1,False,0.565,0.004,11,-22.511,0,0.0984,0.94,0.22399999999999998,0.0911,0.2,112.85700000000001,278360,3.0,2006,2006-03-21
13DxCaOV8wQfjcWiH2Hw63,Play it Again Sam,Babbitt: Soli E Duettini,2YOMavnJnV9NGG8feFayaI,"['Milton Babbitt', 'Lois Martin']","['1s4OwCgHh16FZOkmmNLWeO', '3IgsLUIEioF8TrCTmCLrwX']",7,1,False,0.408,0.0104,7,-25.608,1,0.0574,0.991,0.057999999999999996,0.11,0.31,71.923,396560,4.0,2006,2006-03-21
5fjnHNC1WFACaF4sNM1621,Soli e Duettini,Babbitt: Soli E Duettini,2YOMavnJnV9NGG8feFayaI,"['Milton Babbitt', 'Susan Palma-Nidel', 'David Starobin']","['1s4OwCgHh16FZOkmmNLWeO', '4HCnIOtP5STjugeu0m5whu', '5B49fd5IP74BVYaAzI7X9I']",8,1,False,0.386,0.0161,7,-27.718000000000004,1,0.0508,0.976,0.508,0.35100000000000003,0.124,79.559,618173,4.0,2006,2006-03-21
6OFIdwbjDLzTovaQDns2RJ,Melismata,Babbitt: Soli E Duettini,2YOMavnJnV9NGG8feFayaI,"['Milton Babbitt', 'Curtis Macomber']","['1s4OwCgHh16FZOkmmNLWeO', '7msH1jbONQCfACK18lY5Da']",9,1,False,0.3670000000000001,0.005229999999999999,9,-27.003,1,0.0502,0.96,0.0103,0.13699999999999998,0.124,127.859,1119893,3.0,2006,2006-03-21
2VajdQ0hOOknpxl3KZJKWO,Be Myself,Be Myself,1kUiMel6p3DFZu6WWIyVXs,['Sheryl Crow'],['4TKTii6gnOnUXQHyuo9JaD'],1,1,False,0.67,0.7879999999999999,1,-7.3679999999999986,0,0.0406,0.175,0.0,0.21,0.6920000000000001,116.823,261760,4.0,2017,2017-04-14
4PgOc5tuZPoO7xrGSgwuTi,Again for Greenland,Ten: The Errant Night,1zq5r08ymzANB4qpXAIyRL,['Runa'],['0HrQW5zYxvmTwFywwJ0DXj'],1,1,False,0.693,0.644,11,-6.653,1,0.0295,0.5760000000000001,4.36e-05,0.0859,0.7390000000000001,130.08,273843,4.0,2019,2019-03-16
4eDQf7K5uxDHW1wb0Uv3DJ,John Riley,Ten: The Errant Night,1zq5r08ymzANB4qpXAIyRL,['Runa'],['0HrQW5zYxvmTwFywwJ0DXj'],2,1,False,0.7559999999999999,0.768,4,-4.993,0,0.0339,0.38799999999999996,0.00033,0.201,0.8420000000000001,109.97,267599,4.0,2019,2019-03-16
2NiEndYXzFNmNt2eZCn91B,The Green Fields of Canada,Ten: The Errant Night,1zq5r08ymzANB4qpXAIyRL,['Runa'],['0HrQW5zYxvmTwFywwJ0DXj'],4,1,False,0.615,0.21,8,-10.395,0,0.0294,0.8959999999999999,2.3899999999999998e-05,0.151,0.265,81.858,326323,3.0,2019,2019-03-16
6fkVFwY7S8BBqCNIc6wSan,Thaney,Ten: The Errant Night,1zq5r08ymzANB4qpXAIyRL,['Runa'],['0HrQW5zYxvmTwFywwJ0DXj'],5,1,False,0.705,0.655,11,-5.3020000000000005,0,0.0374,0.29,4.71e-05,0.27399999999999997,0.8220000000000001,89.98700000000002,263028,4.0,2019,2019-03-16
6UMocrLPDSxLCx4Q39imVj,The Lakes of Pontchartrain,Ten: The Errant Night,1zq5r08ymzANB4qpXAIyRL,['Runa'],['0HrQW5zYxvmTwFywwJ0DXj'],6,1,False,0.5529999999999999,0.436,10,-7.234,1,0.0268,0.6409999999999999,0.0,0.0865,0.363,90.023,343355,4.0,2019,2019-03-16
5D8KMBfUGP9aklFwshil7O,Firewood Set,Ten: The Errant Night,1zq5r08ymzANB4qpXAIyRL,['Runa'],['0HrQW5zYxvmTwFywwJ0DXj'],7,1,False,0.40700000000000003,0.882,2,-3.3960000000000004,1,0.0364,0.46399999999999997,0.0035,0.105,0.812,125.896,234763,4.0,2019,2019-03-16
7JuOf2DSJRiA1F7ZqB9hY3,The Banks of Newfoundland,Ten: The Errant Night,1zq5r08ymzANB4qpXAIyRL,['Runa'],['0HrQW5zYxvmTwFywwJ0DXj'],8,1,False,0.647,0.6970000000000001,10,-5.329,0,0.0362,0.48200000000000004,4.42e-06,0.175,0.7070000000000001,120.802,332775,4.0,2019,2019-03-16
1WbEsoRMlSSemLxXTU685p,Saints and Sinners,Ten: The Errant Night,1zq5r08ymzANB4qpXAIyRL,['Runa'],['0HrQW5zYxvmTwFywwJ0DXj'],9,1,False,0.722,0.5489999999999999,2,-6.318,1,0.0359,0.601,0.00016999999999999999,0.11,0.528,88.95100000000002,247929,1.0,2019,2019-03-16
6h4afvHRijulVV9poGmXZl,Ole Buttermilk Sky,Ten: The Errant Night,1zq5r08ymzANB4qpXAIyRL,['Runa'],['0HrQW5zYxvmTwFywwJ0DXj'],10,1,False,0.7709999999999999,0.6970000000000001,7,-6.0870000000000015,1,0.0307,0.81,2.49e-05,0.324,0.93,105.02799999999999,187952,4.0,2019,2019-03-16
19dvlrbCQKbs2dwuFxKvzT,Torn Screen Door,Ten: The Errant Night,1zq5r08ymzANB4qpXAIyRL,['Runa'],['0HrQW5zYxvmTwFywwJ0DXj'],11,1,False,0.735,0.244,3,-9.783,1,0.3720000000000001,0.888,0.0,0.21100000000000002,0.677,80.411,118492,4.0,2019,2019-03-16
6296R6RzLVIhWETxpQpcSk,Runa Alumni Set,Ten: The Errant Night,1zq5r08ymzANB4qpXAIyRL,['Runa'],['0HrQW5zYxvmTwFywwJ0DXj'],12,1,False,0.38,0.789,7,-4.274,1,0.0447,0.642,3.11e-06,0.168,0.91,114.194,329170,4.0,2019,2019-03-16
2JeOPK23ZWo0XfRW9vSIvQ,An Buachaillín Bán,Ten: The Errant Night,1zq5r08ymzANB4qpXAIyRL,['Runa'],['0HrQW5zYxvmTwFywwJ0DXj'],13,1,False,0.312,0.0937,9,-14.103,0,0.0381,0.978,8.51e-05,0.15,0.254,140.784,347769,3.0,2019,2019-03-16
4t4eaAp8xscRHKdQXGIsBD,Dance in the Graveyard,Ten: The Errant Night,1zq5r08ymzANB4qpXAIyRL,['Runa'],['0HrQW5zYxvmTwFywwJ0DXj'],14,1,False,0.632,0.674,0,-6.697,1,0.0294,0.518,0.0,0.222,0.807,104.397,309996,4.0,2019,2019-03-16
7oJc0hX0MUQkRaVMVxMEsi,Bright Morning Stars,Ten: The Errant Night,1zq5r08ymzANB4qpXAIyRL,['Runa'],['0HrQW5zYxvmTwFywwJ0DXj'],15,1,False,0.22399999999999998,0.17600000000000002,4,-10.425,1,0.0336,0.982,0.000165,0.205,0.141,81.377,277657,4.0,2019,2019-03-16
6AN81GigVXP6As1U5bJngV,Dime Cuando,Nuevo Sistema,12BP4u48psAuaZb3mcE63F,['Rj'],['5Y5j4RESos3uCRwe9sySi3'],1,1,False,0.8140000000000001,0.638,2,-8.578,1,0.0988,0.0438,1.7800000000000002e-05,0.102,0.685,91.978,194116,4.0,2019,2019-03-26
56dN1Nx7ASul3GSjiuiZJv,Priki Prake,Nuevo Sistema,12BP4u48psAuaZb3mcE63F,['Rj'],['5Y5j4RESos3uCRwe9sySi3'],2,1,False,0.84,0.759,1,-5.18,1,0.172,0.0218,2.37e-05,0.0444,0.9079999999999999,91.961,193855,4.0,2019,2019-03-26
5DVVw9e4D656vURT3pfnjg,No Place,No Place,5BvrJjbQqxu8YbcT4F6SwO,['RÜFÜS DU SOL'],['5Pb27ujIyYb33zBqVysBkj'],1,1,False,0.612,0.8759999999999999,4,-6.247000000000001,0,0.0315,0.0167,0.175,0.18899999999999997,0.187,120.022,237987,4.0,2018,2018-05-24
0P631T4XSLQgMHYVqKvbAB,Woman in the White House - Single Version,Woman In The White House,2Zy8R0DUhyI4qctTKKk7mT,['Sheryl Crow'],['4TKTii6gnOnUXQHyuo9JaD'],1,1,False,0.725,0.828,4,-6.313,1,0.0413,0.221,0.0,0.111,0.965,142.757,202487,4.0,2012,2012-11-06
04QZdz4g1qoDlPscXVXS1I,Underwater,Underwater,0KDYWXyVzqgZWRS1oZu91c,['RÜFÜS DU SOL'],['5Pb27ujIyYb33zBqVysBkj'],1,1,False,0.611,0.809,6,-6.63,0,0.0342,0.019,0.0185,0.114,0.428,118.00299999999999,349293,4.0,2018,2018-08-10
70AXlGFwEVWdHBVothRVLf,No Place,Underwater,0KDYWXyVzqgZWRS1oZu91c,['RÜFÜS DU SOL'],['5Pb27ujIyYb33zBqVysBkj'],2,1,False,0.612,0.8759999999999999,4,-6.247000000000001,0,0.0315,0.0167,0.175,0.18899999999999997,0.187,120.022,237987,4.0,2018,2018-08-10
5XzANsC4KB0FEEZwHruDh6,Blue Heels,Blue Heels,3udJqOHXHMOuDjjIXUW64F,"['Queres', 'C. Simz']","['7v5k89dGsrwggSaccpECHf', '49CCPyr5NCe7QmGF4PzgSv']",1,1,True,0.795,0.7290000000000001,1,-3.635,1,0.134,0.0905,0.0,0.434,0.345,106.098,280112,4.0,2017,2017-05-12
1gZvv9dpgM2T8JlcCVcjRj,Procesos Maquinicos,Monte Mapu Festival by Ovnimoon,4qT4ZoZGqhO3HHkQlgcAHI,"['Ovnimoon', 'Pragmatix']","['316Y5LT34H1PZIOHgYPRie', '0V3IY5pfTOFGp71n7lmy4a']",1,1,False,0.607,0.941,2,-7.365,1,0.0348,0.000668,0.894,0.233,0.474,145.99200000000005,464805,4.0,2010,2010-12-13
3eWO9DQDt6Dm084tRimKTn,Holographic spheres,Monte Mapu Festival by Ovnimoon,4qT4ZoZGqhO3HHkQlgcAHI,['Pragmatix'],['0V3IY5pfTOFGp71n7lmy4a'],2,1,False,0.754,0.998,2,-6.768,1,0.0613,0.000129,0.919,0.289,0.34600000000000003,140.014,363714,4.0,2010,2010-12-13
2mIqXVAzuFCMAP74K5Jnzs,Regreso,Monte Mapu Festival by Ovnimoon,4qT4ZoZGqhO3HHkQlgcAHI,['MoaiacT'],['5TltHUKun5XGS6HMPW26c5'],3,1,False,0.705,0.846,7,-8.948,1,0.0467,0.00045599999999999997,0.852,0.7979999999999999,0.138,145.018,529415,4.0,2010,2010-12-13
0stqKdA28s2mbW7z0yti9d,Astrolinguistics,Monte Mapu Festival by Ovnimoon,4qT4ZoZGqhO3HHkQlgcAHI,['Xpiral'],['0HJA9gGYv4BflZFEGrADYE'],4,1,False,0.635,0.998,9,-6.1270000000000024,1,0.0679,0.00307,0.917,0.127,0.604,145.029,457154,4.0,2010,2010-12-13
7rAM2zj75FVQr5cuWT9Hfx,A Hard Ride - DJ Astralex eat Roomnoise,Monte Mapu Festival by Ovnimoon,4qT4ZoZGqhO3HHkQlgcAHI,"['A.U.N. Project', 'Alexander Rosdobutko', 'Christoph Plohovi']","['0BRmmbFMOkVfBq2n5foqGG', '3PYUoCxegoZcN7JwlADSAp', '4EU7JToxy90bu6L5dnUt5L']",5,1,False,0.606,0.98,11,-6.347,0,0.0696,0.00228,0.8440000000000001,0.32299999999999995,0.08,145.011,438760,4.0,2010,2010-12-13
709X4XhzXB3fT8CL8uvN8o,Kukulcan,Monte Mapu Festival by Ovnimoon,4qT4ZoZGqhO3HHkQlgcAHI,['Ital'],['3jWUDE7UxTG08qD0EtLVRn'],6,1,False,0.735,0.915,10,-6.992000000000001,0,0.0601,1.4499999999999993e-05,0.894,0.0952,0.14400000000000002,143.011,416940,4.0,2010,2010-12-13
08gG6f6jiS2xpjfEl5djPR,Propagating Disturbance,Monte Mapu Festival by Ovnimoon,4qT4ZoZGqhO3HHkQlgcAHI,"['Man Machine', 'Sonic Entity']","['1PqNiO8mHfWJMb3MH9eMLQ', '0Ks62jdItk3MFEZJoLa7BF']",7,1,False,0.669,0.951,9,-8.991,1,0.0459,0.002,0.8029999999999999,0.124,0.16,143.026,476262,4.0,2010,2010-12-13
0l2R86N3N9EbBR0zIKwqI2,playing with spheres,Monte Mapu Festival by Ovnimoon,4qT4ZoZGqhO3HHkQlgcAHI,['Zybex'],['0MmFWZmpclamDZpCMk6Z3j'],9,1,False,0.619,0.985,6,-7.987999999999999,1,0.0553,0.0009939999999999999,0.705,0.11,0.379,145.005,478627,4.0,2010,2010-12-13
46LUlq0FpNGSK2zXD0KS2r,spiritual nrg,Monte Mapu Festival by Ovnimoon,4qT4ZoZGqhO3HHkQlgcAHI,"['Crying Freemen', 'lamat']","['1Lgyix8IEbddfmjq8BvWhY', '4huGy7nlAir0la0qdQKNcB']",10,1,False,0.578,0.958,1,-7.817,1,0.0369,0.00010700000000000001,0.7959999999999999,0.318,0.325,144.999,448778,4.0,2010,2010-12-13
5e2asqheta8W0KzUjO0shH,Life In A Box - BonusTrack,Monte Mapu Festival by Ovnimoon,4qT4ZoZGqhO3HHkQlgcAHI,['Aladiah'],['4DX7xgSNTwOAYyWlyHm8Fx'],11,1,False,0.6920000000000001,0.8440000000000001,4,-8.792,0,0.0387,0.00036,0.894,0.102,0.0641,138.017,488696,4.0,2010,2010-12-13
33kzBohR3ehy6IrGw62BUE,Choice Of Mind,Monte Mapu Festival by Ovnimoon,4qT4ZoZGqhO3HHkQlgcAHI,['Mindwave'],['23eZB5FwYP14NlJJgvXwkl'],1,2,False,0.67,0.9440000000000001,7,-7.16,1,0.0365,0.0475,0.8320000000000001,0.0669,0.295,142.023,386001,4.0,2010,2010-12-13
6I78h6bi3yVhZmXE8lnW9D,Robot,Monte Mapu Festival by Ovnimoon,4qT4ZoZGqhO3HHkQlgcAHI,['The First Stone'],['2mFEB1yADKv56pUDpTqSqb'],2,2,False,0.74,0.9540000000000001,7,-8.139,1,0.0614,0.00172,0.9129999999999999,0.0473,0.18600000000000005,144.003,540003,4.0,2010,2010-12-13
5i8eOHEiq8FPLj1CJnxUNl,mangue creatures,Monte Mapu Festival by Ovnimoon,4qT4ZoZGqhO3HHkQlgcAHI,['Terra'],['7DyKQmjCalcwQMMlGmTJsq'],4,2,False,0.581,0.9440000000000001,11,-8.3,1,0.0856,0.0366,0.884,0.0903,0.0884,145.0,486621,4.0,2010,2010-12-13
4FP4PZUEcFy20XztGHTBMH,Spun,Monte Mapu Festival by Ovnimoon,4qT4ZoZGqhO3HHkQlgcAHI,"['SENSITIVE', 'Red Sun']","['1mO0tk1hnPSpIlolt7besI', '0bqfJUtnA2DQtHy6C4BYf2']",5,2,False,0.5579999999999999,0.917,10,-8.672,0,0.0429,0.00281,0.828,0.0884,0.0907,141.994,494688,4.0,2010,2010-12-13
2cvSKAutahKUhcbZbgkGWv,Traveling without moving,Monte Mapu Festival by Ovnimoon,4qT4ZoZGqhO3HHkQlgcAHI,['Farbo'],['2bjZemKbcsMq9B0xZspN8W'],6,2,False,0.5379999999999999,0.975,9,-4.904,1,0.14800000000000002,0.000354,0.223,0.13699999999999998,0.337,143.019,456503,4.0,2010,2010-12-13
58JLIkrqWj35uPavf8KuDx,the beyond within,Monte Mapu Festival by Ovnimoon,4qT4ZoZGqhO3HHkQlgcAHI,['Via Axis'],['4DZva9qTb1HkFs8I9NF2BA'],7,2,False,0.49,0.995,9,-7.395,1,0.0576,0.0156,0.855,0.331,0.179,146.996,535793,4.0,2010,2010-12-13
1RsOH41WcNxJIjQBNQda2f,psyconnection,Monte Mapu Festival by Ovnimoon,4qT4ZoZGqhO3HHkQlgcAHI,['DNA'],['44QsE5rXwhKVMxf8YhON5J'],8,2,False,0.63,0.94,2,-8.009,1,0.0454,0.000795,0.83,0.114,0.379,145.996,394521,4.0,2010,2010-12-13
5pod7rfyB8EW9NJdbGgHLm,Lucky Strike Remix,Monte Mapu Festival by Ovnimoon,4qT4ZoZGqhO3HHkQlgcAHI,['Wizack Twizack'],['7jrU9INGn7QyFGl4CPalHo'],9,2,False,0.62,0.946,11,-6.526,0,0.0671,8.9e-05,0.86,0.767,0.608,148.002,487153,4.0,2010,2010-12-13
1Q8y2FjLrHoP4695aGuGEO,Law Of Nature (BonusTrack),Monte Mapu Festival by Ovnimoon,4qT4ZoZGqhO3HHkQlgcAHI,['TuK'],['2wk0Un6r6ICHcTmmCN8WTN'],10,2,False,0.693,0.643,7,-9.29,1,0.0621,0.00024700000000000004,0.8079999999999999,0.128,0.221,143.985,466667,4.0,2010,2010-12-13
2qTN8cbAJKDBT0qe5Olwnk,magical visions - New Mix,Monte Mapu Festival by Ovnimoon,4qT4ZoZGqhO3HHkQlgcAHI,"['Ovnimoon', 'New Mix']","['316Y5LT34H1PZIOHgYPRie', '43m1vC86ldPWeFmmEuGTFG']",11,2,False,0.439,0.4970000000000001,11,-11.046,0,0.0272,0.276,0.878,0.10800000000000001,0.14,139.991,486377,3.0,2010,2010-12-13
3kAvZ3KbdJTK8JqcoHBiRL,Berserker,Berserker,6mXaDdXuuISDjMEFHBjtnm,"['Mazare', 'Essenger']","['4yzZdtb9UicgY2M23eEtL9', '3vc0JWD1Nj1VLrgJ1x3cjE']",1,1,False,0.221,0.809,10,-2.8789999999999996,1,0.0665,0.00218,4.2700000000000015e-05,0.138,0.0945,118.021,265875,5.0,2019,2019-08-08
420i6SSaUbmZsDfZsrhuW2,All Night Long,The Alliance,2ZGOW77bE0zgtuZM50Du0k,"['Young Soulja The Realest', 'Cherry Da Vixen']","['33NBBNnYTB1N8Yhxmhxmhk', '2wB54xhuEJaIpBLAETIkkY']",1,1,True,0.8370000000000001,0.617,9,-4.555,0,0.0674,0.149,0.0,0.0764,0.757,102.061,200413,4.0,2017,2017-09-11
2uM2n11TbmwWQVHpl3noyv,Choo Choo Baby,The Alliance,2ZGOW77bE0zgtuZM50Du0k,"['Young Soulja The Realest', 'Cherry Da Vixen']","['33NBBNnYTB1N8Yhxmhxmhk', '2wB54xhuEJaIpBLAETIkkY']",2,1,False,0.6659999999999999,0.759,1,-4.333,1,0.196,0.0306,0.0,0.309,0.716,120.84700000000001,172133,4.0,2017,2017-09-11
5Hlte3nmN7OilpPt17RgLI,Do You Wrong,The Alliance,2ZGOW77bE0zgtuZM50Du0k,"['Young Soulja The Realest', 'Cherry Da Vixen']","['33NBBNnYTB1N8Yhxmhxmhk', '2wB54xhuEJaIpBLAETIkkY']",3,1,False,0.675,0.8290000000000001,1,-5.144,1,0.0784,0.11800000000000001,6.93e-06,0.28600000000000003,0.792,138.148,353827,4.0,2017,2017-09-11
4o56P8oZF1u27b6I8lphzW,Insane,The Alliance,2ZGOW77bE0zgtuZM50Du0k,['Young Soulja The Realest'],['33NBBNnYTB1N8Yhxmhxmhk'],4,1,False,0.833,0.609,9,-4.938,1,0.106,0.00518,0.0,0.11199999999999999,0.6629999999999999,114.93700000000001,219227,4.0,2017,2017-09-11
1oWBnPCscUNtBVnPkzDSro,Best One Yet,The Alliance,2ZGOW77bE0zgtuZM50Du0k,"['Young Soulja The Realest', 'Cherry Da Vixen']","['33NBBNnYTB1N8Yhxmhxmhk', '2wB54xhuEJaIpBLAETIkkY']",5,1,True,0.743,0.679,11,-5.553999999999999,0,0.153,0.381,0.0,0.273,0.8,96.13,245187,4.0,2017,2017-09-11
6ceBc2nZ7mnKM9xV9qfT2j,Better Days,The Alliance,2ZGOW77bE0zgtuZM50Du0k,"['Young Soulja The Realest', 'Cherry Da Vixen']","['33NBBNnYTB1N8Yhxmhxmhk', '2wB54xhuEJaIpBLAETIkkY']",6,1,False,0.768,0.583,10,-5.596,0,0.0716,0.145,0.0,0.12300000000000001,0.33899999999999997,100.959,190347,4.0,2017,2017-09-11
11C73B5PnLhxm7Ax7YKmfC,You're My Only One,The Alliance,2ZGOW77bE0zgtuZM50Du0k,"['Young Soulja The Realest', 'Cherry Da Vixen']","['33NBBNnYTB1N8Yhxmhxmhk', '2wB54xhuEJaIpBLAETIkkY']",7,1,False,0.5660000000000001,0.7390000000000001,7,-3.377,1,0.0294,0.204,0.0,0.474,0.248,139.977,346720,4.0,2017,2017-09-11
3635lruwJ0kvT06Dnu0BCo,Hit You Back,The Alliance,2ZGOW77bE0zgtuZM50Du0k,"['Young Soulja The Realest', 'Cherry Da Vixen']","['33NBBNnYTB1N8Yhxmhxmhk', '2wB54xhuEJaIpBLAETIkkY']",8,1,False,0.679,0.879,0,-4.44,0,0.10800000000000001,0.0505,0.0,0.354,0.5770000000000001,115.994,200080,4.0,2017,2017-09-11
2NIN70lvKdXMRQdj3qcw64,My Angel,The Alliance,2ZGOW77bE0zgtuZM50Du0k,"['Young Soulja The Realest', 'Cherry Da Vixen']","['33NBBNnYTB1N8Yhxmhxmhk', '2wB54xhuEJaIpBLAETIkkY']",9,1,False,0.631,0.8140000000000001,5,-4.477,0,0.278,0.425,0.0,0.809,0.6709999999999999,79.717,257493,4.0,2017,2017-09-11
5skoHFIJSwl68EZAdLWzhc,Spend My Life,The Alliance,2ZGOW77bE0zgtuZM50Du0k,"['Young Soulja The Realest', 'Cherry Da Vixen']","['33NBBNnYTB1N8Yhxmhxmhk', '2wB54xhuEJaIpBLAETIkkY']",10,1,True,0.759,0.401,11,-7.135,0,0.0846,0.19,3.86e-05,0.0748,0.792,96.022,211773,4.0,2017,2017-09-11
71JxNodfbWUUguzb9klOAH,Emotional,The Alliance,2ZGOW77bE0zgtuZM50Du0k,"['Young Soulja The Realest', 'Cherry Da Vixen']","['33NBBNnYTB1N8Yhxmhxmhk', '2wB54xhuEJaIpBLAETIkkY']",11,1,True,0.494,0.596,3,-5.142,0,0.0388,0.276,0.0,0.18100000000000002,0.619,118.024,344293,4.0,2017,2017-09-11
5dCARy450cOMJum250woHr,All Night Long (Radio Version),The Alliance,2ZGOW77bE0zgtuZM50Du0k,"['Young Soulja The Realest', 'Cherry Da Vixen']","['33NBBNnYTB1N8Yhxmhxmhk', '2wB54xhuEJaIpBLAETIkkY']",1,2,False,0.836,0.614,9,-4.533,0,0.0667,0.15,0.0,0.0746,0.768,102.068,200413,4.0,2017,2017-09-11
6gXZy2olv7Nn2KI0N38S5R,Best One Yet (Radio Version),The Alliance,2ZGOW77bE0zgtuZM50Du0k,"['Young Soulja The Realest', 'Cherry Da Vixen']","['33NBBNnYTB1N8Yhxmhxmhk', '2wB54xhuEJaIpBLAETIkkY']",2,2,False,0.73,0.68,11,-5.556,0,0.174,0.37,0.0,0.27,0.805,96.064,245187,4.0,2017,2017-09-11
