id,name,album,album_id,artists,artist_ids,track_number,disc_number,explicit,danceability,energy,key,loudness,mode,speechiness,acousticness,instrumentalness,liveness,valence,tempo,duration_ms,time_signature,year,release_date
7KoYZb5Io55vvQHBJnaMT5,Levitating (feat. DaBaby),Levitating EP,5HaIikztvnTIwx2QA5YsmX,"['Dua Lipa', 'DaBaby']","['6M2wZ9GZgrQXHCFfjv46we', '4r63FhuTkUYltbVAg5TQnk']",1,1,False,0.7020000000000001,0.825,6,-3.787,0,0.0601,0.00883,0.0,0.0674,0.915,102.977,203064,4.0,2020,2020-11-20
2Oycxb8QbPkpHTo8ZrmG0B,Prisoner (feat. Dua Lipa),Plastic Hearts,5BRhg6NSEZOj0BR6Iz56fR,"['Miley Cyrus', 'Dua Lipa']","['5YGY8feqx7naU7z4HrwZM6', '6M2wZ9GZgrQXHCFfjv46we']",4,1,False,0.7809999999999999,0.67,3,-3.912,0,0.0452,0.0103,0.0,0.0761,0.595,127.99,169333,4.0,2020,2020-11-27
6KWs55JWUNqgII6O97F5Gr,"Electricity (feat. Diplo, Dua Lipa & Mark Ronson) - Radio Edit","NOW That's What I Call Music, Vol. 69",0lSF3fStnLLcmNBYdtXD1M,"['Silk City', 'Diplo', 'Dua Lipa', 'Mark Ronson']","['2X97ZAqRKRMYFIDqtvGgGc', '5fMUXHkw8R8eOP2RNVYEZX', '6M2wZ9GZgrQXHCFfjv46we', '3hv9jJF3adDNsBSIQDqcjp']",5,1,False,0.5820000000000001,0.672,0,-6.3320000000000025,1,0.0444,0.0107,4.56e-06,0.36200000000000004,0.5489999999999999,118.227,219427,4.0,2019,2019-02-01
5tsZgJv9QqdrIqxU9piCku,One Kiss (with Dua Lipa) - R3HAB Remix,One Kiss (with Dua Lipa) [Remixes],5vH3ugictBcayQWRWgfvpN,"['Calvin Harris', 'Dua Lipa', 'R3HAB']","['7CajNmpbOovFoOoasH2HaY', '6M2wZ9GZgrQXHCFfjv46we', '6cEuCEZu7PAE9ZSzLLc2oQ']",1,1,False,0.59,0.919,9,-3.3139999999999996,0,0.146,0.158,0.00021400000000000002,0.0595,0.133,126.926,190866,4.0,2018,2018-07-13
3uBO402IWL4Ci4K5MHIV27,"New Love - Live from Spotify, London",Spotify Session,3NW16XZ8U99Qm8E9v52UTz,['Dua Lipa'],['6M2wZ9GZgrQXHCFfjv46we'],2,1,False,0.382,0.289,8,-7.566,1,0.0357,0.934,0.0,0.705,0.32299999999999995,84.279,187093,4.0,2016,2016-07-08
6kGoGtZzmlW6fX6ZNEAyjb,"Hotter Than Hell - Live from Spotify, London",Spotify Session,3NW16XZ8U99Qm8E9v52UTz,['Dua Lipa'],['6M2wZ9GZgrQXHCFfjv46we'],5,1,False,0.725,0.611,3,-5.2570000000000014,0,0.122,0.8370000000000001,0.0,0.85,0.493,109.837,207360,4.0,2016,2016-07-08
69QmvPaWVL2bKODWev93An,"Be the One - Live from Spotify, London",Spotify Session,3NW16XZ8U99Qm8E9v52UTz,['Dua Lipa'],['6M2wZ9GZgrQXHCFfjv46we'],4,1,False,0.44,0.77,7,-4.7669999999999995,0,0.0542,0.665,0.00119,0.8759999999999999,0.591,174.359,199509,4.0,2016,2016-07-08
7wIYDzWW82O6Rc4vGuzjND,"I'm Not the Only One - Live from Spotify, London",Spotify Session,3NW16XZ8U99Qm8E9v52UTz,['Dua Lipa'],['6M2wZ9GZgrQXHCFfjv46we'],3,1,False,0.455,0.265,5,-8.468,1,0.0491,0.861,0.0,0.685,0.324,176.03599999999997,195840,4.0,2016,2016-07-08
4VZXB1paIf867OlmQg89GU,New Love,New Love,3y9KX279BOc4iFpMoM1y72,['Dua Lipa'],['6M2wZ9GZgrQXHCFfjv46we'],1,1,False,0.579,0.621,1,-8.625,1,0.0445,0.152,4.01e-06,0.0869,0.34299999999999997,90.354,271935,4.0,2015,2015-08-21
7kJlTKjNZVT26iwiDUVhRm,Blow Your Mind (Mwah),Blow Your Mind (Mwah),7fb7W4noziWjuzWsdr3DzT,['Dua Lipa'],['6M2wZ9GZgrQXHCFfjv46we'],1,1,True,0.654,0.7959999999999999,2,-4.761,0,0.122,0.0188,0.0,0.0948,0.491,108.854,178583,4.0,2016,2016-08-26
1z5jOmNswvnzjC5gFLu5Dv,Hotter Than Hell,Hotter Than Hell,4W8ubS7Ee8pmGXhWNlX4zx,['Dua Lipa'],['6M2wZ9GZgrQXHCFfjv46we'],1,1,False,0.532,0.868,3,-4.23,0,0.0908,0.011000000000000001,0.0,0.0584,0.529,110.12700000000001,187958,4.0,2016,2016-05-06
1v3bR4v6SruaE8efrTUqqp,Lost In Your Light (feat. Miguel),Lost in Your Light (feat. Miguel),62p5XdeJZ6LMZ94D37rMM1,"['Dua Lipa', 'Miguel']","['6M2wZ9GZgrQXHCFfjv46we', '360IAlyVv4PCEVjgyMZrxK']",1,1,False,0.6459999999999999,0.772,2,-3.826,1,0.0564,0.00040199999999999996,0.0,0.102,0.414,117.09700000000001,203769,4.0,2017,2017-04-21
1Oc6LH83W9huJq6u4ZcWIH,Genesis,Dua Lipa (Complete Edition),0obMz8EHnr3dg6NCUK4xWp,['Dua Lipa'],['6M2wZ9GZgrQXHCFfjv46we'],1,1,False,0.715,0.5720000000000001,7,-6.853,1,0.0745,0.0244,0.0,0.26,0.429,113.02,205720,4.0,2018,2018-10-19
3NqtXWHYIV3VxdRZ7uJwYZ,Lost In Your Light (feat. Miguel),Dua Lipa (Complete Edition),0obMz8EHnr3dg6NCUK4xWp,"['Dua Lipa', 'Miguel']","['6M2wZ9GZgrQXHCFfjv46we', '360IAlyVv4PCEVjgyMZrxK']",2,1,False,0.6459999999999999,0.772,2,-3.826,1,0.0564,0.00040199999999999996,0.0,0.102,0.414,117.09700000000001,203769,4.0,2018,2018-10-19
3R91ySVDSOjcxpW5PZF394,Hotter Than Hell,Dua Lipa (Complete Edition),0obMz8EHnr3dg6NCUK4xWp,['Dua Lipa'],['6M2wZ9GZgrQXHCFfjv46we'],3,1,False,0.532,0.868,3,-4.23,0,0.0908,0.011000000000000001,0.0,0.0584,0.529,110.12700000000001,187958,4.0,2018,2018-10-19
2lOuvydCaSk8asn1HxBO9r,Be the One,Dua Lipa (Complete Edition),0obMz8EHnr3dg6NCUK4xWp,['Dua Lipa'],['6M2wZ9GZgrQXHCFfjv46we'],4,1,False,0.6609999999999999,0.6509999999999999,7,-3.7710000000000004,0,0.0499,0.11699999999999999,1.32e-05,0.055999999999999994,0.368,87.46,202915,4.0,2018,2018-10-19
6acdKgBrJoYKbJD6WhG81R,IDGAF,Dua Lipa (Complete Edition),0obMz8EHnr3dg6NCUK4xWp,['Dua Lipa'],['6M2wZ9GZgrQXHCFfjv46we'],5,1,True,0.836,0.544,7,-5.975,1,0.0943,0.0403,0.0,0.0824,0.51,97.02799999999999,217947,4.0,2018,2018-10-19
6oVGIxnuwcwZspPEYk2Yb3,Blow Your Mind (Mwah),Dua Lipa (Complete Edition),0obMz8EHnr3dg6NCUK4xWp,['Dua Lipa'],['6M2wZ9GZgrQXHCFfjv46we'],6,1,True,0.654,0.7959999999999999,2,-4.761,0,0.122,0.0188,0.0,0.0948,0.491,108.854,178583,4.0,2018,2018-10-19
5gvtExjZWlMv62e4aY3KeK,Garden,Dua Lipa (Complete Edition),0obMz8EHnr3dg6NCUK4xWp,['Dua Lipa'],['6M2wZ9GZgrQXHCFfjv46we'],7,1,False,0.46,0.828,10,-4.005,0,0.14800000000000002,0.00475,0.0,0.141,0.419,151.548,227947,4.0,2018,2018-10-19
1IX3aarIbfNW3t2geL0YnL,No Goodbyes,Dua Lipa (Complete Edition),0obMz8EHnr3dg6NCUK4xWp,['Dua Lipa'],['6M2wZ9GZgrQXHCFfjv46we'],8,1,False,0.6779999999999999,0.7140000000000001,0,-4.9239999999999995,1,0.0408,0.00795,0.0,0.0827,0.307,109.021,216080,4.0,2018,2018-10-19
69bQtJECLLhILFjI7ZC4F1,Thinking 'Bout You,Dua Lipa (Complete Edition),0obMz8EHnr3dg6NCUK4xWp,['Dua Lipa'],['6M2wZ9GZgrQXHCFfjv46we'],9,1,False,0.802,0.48100000000000004,4,-5.1320000000000014,0,0.043,0.0856,0.0,0.152,0.46799999999999997,90.973,171947,4.0,2018,2018-10-19
43oK4OAWUsRZUDVeHtKI4U,New Rules,Dua Lipa (Complete Edition),0obMz8EHnr3dg6NCUK4xWp,['Dua Lipa'],['6M2wZ9GZgrQXHCFfjv46we'],10,1,False,0.762,0.7,9,-6.021,0,0.0694,0.0026100000000000003,1.56e-05,0.153,0.608,116.073,209320,4.0,2018,2018-10-19
1LPGXjVWl8EnrnyaOgPpBm,Begging,Dua Lipa (Complete Edition),0obMz8EHnr3dg6NCUK4xWp,['Dua Lipa'],['6M2wZ9GZgrQXHCFfjv46we'],11,1,False,0.6829999999999999,0.794,8,-4.558,1,0.0533,0.024,0.0,0.302,0.327,105.941,194107,4.0,2018,2018-10-19
1fF9w1hapJKALsOQ6yTcxg,Homesick,Dua Lipa (Complete Edition),0obMz8EHnr3dg6NCUK4xWp,['Dua Lipa'],['6M2wZ9GZgrQXHCFfjv46we'],12,1,False,0.426,0.22399999999999998,6,-8.683,1,0.0391,0.948,0.0,0.11199999999999999,0.39899999999999997,85.728,230480,5.0,2018,2018-10-19
5oSHYs4Lqx4YTqBSFbxzQx,Dreams,Dua Lipa (Complete Edition),0obMz8EHnr3dg6NCUK4xWp,['Dua Lipa'],['6M2wZ9GZgrQXHCFfjv46we'],13,1,False,0.728,0.8240000000000001,9,-4.581,0,0.07,0.0688,0.0,0.332,0.894,105.001,220240,4.0,2018,2018-10-19
0LMgOEJZ5KmNmqcYv22bpJ,Room for 2,Dua Lipa (Complete Edition),0obMz8EHnr3dg6NCUK4xWp,['Dua Lipa'],['6M2wZ9GZgrQXHCFfjv46we'],14,1,False,0.536,0.488,9,-5.7520000000000024,1,0.0354,0.396,1.4400000000000001e-05,0.133,0.382,75.76100000000002,208689,4.0,2018,2018-10-19
3QNcGTHxCCLoHWKIake7x4,New Love,Dua Lipa (Complete Edition),0obMz8EHnr3dg6NCUK4xWp,['Dua Lipa'],['6M2wZ9GZgrQXHCFfjv46we'],15,1,False,0.579,0.621,1,-8.625,1,0.0445,0.152,4.01e-06,0.0869,0.34299999999999997,90.354,271935,4.0,2018,2018-10-19
1yr8bvOuWtDsa6zYBi4lYZ,Bad Together,Dua Lipa (Complete Edition),0obMz8EHnr3dg6NCUK4xWp,['Dua Lipa'],['6M2wZ9GZgrQXHCFfjv46we'],16,1,False,0.703,0.628,5,-6.349,0,0.0284,0.0076,0.0,0.47100000000000003,0.425,103.98299999999999,238827,4.0,2018,2018-10-19
1NzY8x7l7RvawESgC1FCQH,Last Dance,Dua Lipa (Complete Edition),0obMz8EHnr3dg6NCUK4xWp,['Dua Lipa'],['6M2wZ9GZgrQXHCFfjv46we'],17,1,False,0.589,0.578,8,-5.626,0,0.0454,0.0232,0.0,0.0984,0.38,135.77,228976,4.0,2018,2018-10-19

7k0yeWhUKKRU8EnbV0bXPc,Clori mio ben (Cantata): IV. Augelletto prigioniero (Aria),Hasse at Home - Cantatas and Sonatas,0S40W8PIVIdVwIqq73VXxK,"['Johann Adolf Hasse', 'Le Musiche Nove']","['6w8vbl8dEQWsrWokjeM4sn', '2KjGHo4wigBaeROPKokb9b']",5,1,False,0.431,0.20199999999999999,4,-17.052,1,0.0429,0.8320000000000001,0.00155,0.106,0.43,125.35799999999999,318000,4.0,2019,2019-07-19
0V83FGBPpRcuxEQW1EdZE7,"Flute Sonata in D Minor, Op. 1, No. 11: I. Un poco vivace",Hasse at Home - Cantatas and Sonatas,0S40W8PIVIdVwIqq73VXxK,"['Johann Adolf Hasse', 'Le Musiche Nove']","['6w8vbl8dEQWsrWokjeM4sn', '2KjGHo4wigBaeROPKokb9b']",6,1,False,0.335,0.015,1,-26.545,0,0.0468,0.977,0.126,0.0969,0.36,104.88600000000001,111000,4.0,2019,2019-07-19
0RQ8DYWEAHym0iAXHhz4jq,"Flute Sonata in D Minor, Op. 1, No. 11: II. Allegro",Hasse at Home - Cantatas and Sonatas,0S40W8PIVIdVwIqq73VXxK,"['Johann Adolf Hasse', 'Le Musiche Nove']","['6w8vbl8dEQWsrWokjeM4sn', '2KjGHo4wigBaeROPKokb9b']",7,1,False,0.484,0.0763,4,-23.276,1,0.0367,0.976,0.0253,0.10300000000000001,0.491,93.479,247000,4.0,2019,2019-07-19
3tQ6N3IKJUQhRzvGQc54TH,"Flute Sonata in D Minor, Op. 1, No. 11: III. Arioso",Hasse at Home - Cantatas and Sonatas,0S40W8PIVIdVwIqq73VXxK,"['Johann Adolf Hasse', 'Le Musiche Nove']","['6w8vbl8dEQWsrWokjeM4sn', '2KjGHo4wigBaeROPKokb9b']",8,1,False,0.418,0.0151,4,-26.831,1,0.0362,0.966,0.007390000000000002,0.0862,0.635,104.807,86000,3.0,2019,2019-07-19
3H1orrlHAevznjStrHOOqU,"Flute Sonata in D Minor, Op. 1, No. 11: IV. Vivace",Hasse at Home - Cantatas and Sonatas,0S40W8PIVIdVwIqq73VXxK,"['Johann Adolf Hasse', 'Le Musiche Nove']","['6w8vbl8dEQWsrWokjeM4sn', '2KjGHo4wigBaeROPKokb9b']",9,1,False,0.41,0.107,1,-22.811,0,0.0419,0.956,0.0012900000000000001,0.11199999999999999,0.809,129.30200000000002,237000,3.0,2019,2019-07-19
04Pg1DgVzHXNU6gC6AunZt,Perché leggiadra Irene (Cantata): I. Perché leggiadra Irene (Recitativo),Hasse at Home - Cantatas and Sonatas,0S40W8PIVIdVwIqq73VXxK,"['Johann Adolf Hasse', 'Le Musiche Nove']","['6w8vbl8dEQWsrWokjeM4sn', '2KjGHo4wigBaeROPKokb9b']",10,1,False,0.496,0.0397,3,-21.201999999999998,0,0.0636,0.988,0.00011599999999999999,0.0906,0.29100000000000004,99.633,60000,3.0,2019,2019-07-19
56O3WfLoAE8PcUuotKHXRK,Perché leggiadra Irene (Cantata): II. Quando la bianca aurora (Aria),Hasse at Home - Cantatas and Sonatas,0S40W8PIVIdVwIqq73VXxK,"['Johann Adolf Hasse', 'Le Musiche Nove']","['6w8vbl8dEQWsrWokjeM4sn', '2KjGHo4wigBaeROPKokb9b']",11,1,False,0.33299999999999996,0.13699999999999998,3,-19.363,1,0.0445,0.835,0.000134,0.166,0.213,98.03399999999999,256000,4.0,2019,2019-07-19
5pJktNLqiqs6QBe2ZrqmGs,Perché leggiadra Irene (Cantata): III. Ma oimè tu fuggi intanto (Recitativo),Hasse at Home - Cantatas and Sonatas,0S40W8PIVIdVwIqq73VXxK,"['Johann Adolf Hasse', 'Le Musiche Nove']","['6w8vbl8dEQWsrWokjeM4sn', '2KjGHo4wigBaeROPKokb9b']",12,1,False,0.485,0.159,4,-17.271,1,0.0656,0.937,0.0,0.355,0.262,121.72399999999999,118000,4.0,2019,2019-07-19
52rU6fXhn9d0y5Ke7f01xu,Perché leggiadra Irene (Cantata): IV. Al tuo bel foco (Aria),Hasse at Home - Cantatas and Sonatas,0S40W8PIVIdVwIqq73VXxK,"['Johann Adolf Hasse', 'Le Musiche Nove']","['6w8vbl8dEQWsrWokjeM4sn', '2KjGHo4wigBaeROPKokb9b']",13,1,False,0.525,0.3,6,-15.374,1,0.035,0.919,0.0596,0.0919,0.7509999999999999,130.898,261000,4.0,2019,2019-07-19
7iyPVhEuOyPOPCghlz5T9C,Cello Sonata in C Major: I. Adagio,Hasse at Home - Cantatas and Sonatas,0S40W8PIVIdVwIqq73VXxK,"['Johann Adolf Hasse', 'Le Musiche Nove']","['6w8vbl8dEQWsrWokjeM4sn', '2KjGHo4wigBaeROPKokb9b']",14,1,False,0.11900000000000001,0.068,11,-24.717,1,0.0415,0.919,0.00027,0.10300000000000001,0.332,86.609,85000,3.0,2019,2019-07-19
425eVqMpzoYgwfPddhyJ7k,Cello Sonata in C Major: II. Allegro,Hasse at Home - Cantatas and Sonatas,0S40W8PIVIdVwIqq73VXxK,"['Johann Adolf Hasse', 'Le Musiche Nove']","['6w8vbl8dEQWsrWokjeM4sn', '2KjGHo4wigBaeROPKokb9b']",15,1,False,0.426,0.175,11,-23.045,1,0.0466,0.9440000000000001,0.0535,0.348,0.938,107.2,86000,4.0,2019,2019-07-19
6hHE19Q5FXYQSPeJUfatMb,Cello Sonata in C Major: III. Adagio,Hasse at Home - Cantatas and Sonatas,0S40W8PIVIdVwIqq73VXxK,"['Johann Adolf Hasse', 'Le Musiche Nove']","['6w8vbl8dEQWsrWokjeM4sn', '2KjGHo4wigBaeROPKokb9b']",16,1,False,0.237,0.0196,8,-28.987,0,0.0524,0.9279999999999999,0.0514,0.157,0.0936,132.464,72000,4.0,2019,2019-07-19
4CHk6kO66JCzZl1dOq5V5z,Cello Sonata in C Major: IV. Allegro,Hasse at Home - Cantatas and Sonatas,0S40W8PIVIdVwIqq73VXxK,"['Johann Adolf Hasse', 'Le Musiche Nove']","['6w8vbl8dEQWsrWokjeM4sn', '2KjGHo4wigBaeROPKokb9b']",17,1,False,0.506,0.0809,6,-24.688000000000002,1,0.0434,0.867,0.00912,0.18600000000000005,0.805,81.745,56000,4.0,2019,2019-07-19
5IQHWCo08jaj9a311tNXV6,Cello Sonata in C Major: V. Allegro,Hasse at Home - Cantatas and Sonatas,0S40W8PIVIdVwIqq73VXxK,"['Johann Adolf Hasse', 'Le Musiche Nove']","['6w8vbl8dEQWsrWokjeM4sn', '2KjGHo4wigBaeROPKokb9b']",18,1,False,0.406,0.185,6,-23.241999999999997,1,0.0413,0.9309999999999999,0.0194,0.11699999999999999,0.961,139.43200000000002,85000,4.0,2019,2019-07-19
5iDdVYHjmGCgDcVQUFTkeh,Cello Sonata in C Major: VI. Allegro assai,Hasse at Home - Cantatas and Sonatas,0S40W8PIVIdVwIqq73VXxK,"['Johann Adolf Hasse', 'Le Musiche Nove']","['6w8vbl8dEQWsrWokjeM4sn', '2KjGHo4wigBaeROPKokb9b']",19,1,False,0.691,0.0525,11,-23.861,1,0.0544,0.961,0.00321,0.0944,0.409,107.46700000000001,29000,3.0,2019,2019-07-19
3oefQ9ayzCaEEV4OJuYzXU,Della noiosa estate (Aria),Hasse at Home - Cantatas and Sonatas,0S40W8PIVIdVwIqq73VXxK,"['Johann Adolf Hasse', 'Le Musiche Nove']","['6w8vbl8dEQWsrWokjeM4sn', '2KjGHo4wigBaeROPKokb9b']",20,1,False,0.313,0.19399999999999998,6,-14.890999999999998,1,0.0425,0.7659999999999999,1.7800000000000002e-05,0.115,0.289,136.955,352000,4.0,2019,2019-07-19
5Y1jJhHxoJ3GFap8RhQdTZ,Harpsichord Sonata in G Major: I. Allegro,Hasse at Home - Cantatas and Sonatas,0S40W8PIVIdVwIqq73VXxK,"['Johann Adolf Hasse', 'Le Musiche Nove']","['6w8vbl8dEQWsrWokjeM4sn', '2KjGHo4wigBaeROPKokb9b']",21,1,False,0.14800000000000002,0.20600000000000002,6,-27.785999999999998,1,0.0356,0.672,0.00301,0.135,0.821,72.88600000000002,202000,1.0,2019,2019-07-19
1nL6xNOPJG2FUh0Jza1Za5,Harpsichord Sonata in G Major: II. Sarabanda,Hasse at Home - Cantatas and Sonatas,0S40W8PIVIdVwIqq73VXxK,"['Johann Adolf Hasse', 'Le Musiche Nove']","['6w8vbl8dEQWsrWokjeM4sn', '2KjGHo4wigBaeROPKokb9b']",22,1,False,0.187,0.0654,6,-30.719,1,0.0362,0.875,0.0006309999999999999,0.114,0.475,170.34099999999995,97000,5.0,2019,2019-07-19
0bTNtM5xbldVknGXtHYZE6,Harpsichord Sonata in G Major: III. Menuet,Hasse at Home - Cantatas and Sonatas,0S40W8PIVIdVwIqq73VXxK,"['Johann Adolf Hasse', 'Le Musiche Nove']","['6w8vbl8dEQWsrWokjeM4sn', '2KjGHo4wigBaeROPKokb9b']",23,1,False,0.341,0.166,6,-29.346999999999998,1,0.0327,0.894,0.0183,0.0842,0.875,96.62700000000001,92000,3.0,2019,2019-07-19
4mbcl9RRzJSqSvf4EsFqpR,Pallido il volto (Cantata): I. Pallido il volto (Recitativo),Hasse at Home - Cantatas and Sonatas,0S40W8PIVIdVwIqq73VXxK,"['Johann Adolf Hasse', 'Le Musiche Nove']","['6w8vbl8dEQWsrWokjeM4sn', '2KjGHo4wigBaeROPKokb9b']",24,1,False,0.309,0.0501,8,-19.438,1,0.0672,0.977,1.15e-05,0.10099999999999999,0.124,85.359,120000,4.0,2019,2019-07-19
5E9wuC9V1h4ni4CXrAnNzf,Pallido il volto (Cantata): II. Quando sarà quell'ora (Aria),Hasse at Home - Cantatas and Sonatas,0S40W8PIVIdVwIqq73VXxK,"['Johann Adolf Hasse', 'Le Musiche Nove']","['6w8vbl8dEQWsrWokjeM4sn', '2KjGHo4wigBaeROPKokb9b']",25,1,False,0.402,0.0386,8,-21.451999999999998,1,0.0546,0.995,0.193,0.135,0.314,134.135,270000,3.0,2019,2019-07-19
0mjGYc1hJzNqPRgxg7BMK4,"Pallido il volto (Cantata): III. Tirsi, amico (Recitativo)",Hasse at Home - Cantatas and Sonatas,0S40W8PIVIdVwIqq73VXxK,"['Johann Adolf Hasse', 'Le Musiche Nove']","['6w8vbl8dEQWsrWokjeM4sn', '2KjGHo4wigBaeROPKokb9b']",26,1,False,0.396,0.175,8,-17.391,1,0.0814,0.961,0.0,0.255,0.14,94.708,58000,4.0,2019,2019-07-19
163L51WwAwd1B2uAH0OXNQ,Pallido il volto (Cantata): IV. Vedrai che amore (Aria),Hasse at Home - Cantatas and Sonatas,0S40W8PIVIdVwIqq73VXxK,"['Johann Adolf Hasse', 'Le Musiche Nove']","['6w8vbl8dEQWsrWokjeM4sn', '2KjGHo4wigBaeROPKokb9b']",27,1,False,0.511,0.205,1,-16.07,1,0.0391,0.9570000000000001,0.000196,0.0975,0.62,123.024,180160,4.0,2019,2019-07-19
7am7P8m7pvZnQnGkt1CcmK,"Honey and Fire, Pt. I",Against Capitalism: Première Symphonie,4sAzhKQj3wAVzm9M5dnVmi,['Marco Di Meco'],['4WOKh5H3iIkzLqcvpH8NJx'],1,1,False,0.42200000000000004,0.311,4,-11.636,0,0.0887,0.735,0.6629999999999999,0.121,0.217,76.777,784874,4.0,2018,2018-02-28
6fr5CWNsjR5WeHhuh04dY3,"The Floating Point, Pt. II",Against Capitalism: Première Symphonie,4sAzhKQj3wAVzm9M5dnVmi,['Marco Di Meco'],['4WOKh5H3iIkzLqcvpH8NJx'],2,1,False,0.47200000000000003,0.341,9,-9.206,0,0.0539,0.958,0.10300000000000001,0.0906,0.331,115.92200000000001,340296,3.0,2018,2018-02-28
03NZyONMomwWuNHT6s6odg,"Blue Kandinskij, Pt. III",Against Capitalism: Première Symphonie,4sAzhKQj3wAVzm9M5dnVmi,['Marco Di Meco'],['4WOKh5H3iIkzLqcvpH8NJx'],3,1,False,0.40299999999999997,0.0863,0,-14.609000000000002,1,0.0332,0.8170000000000001,0.851,0.111,0.38,62.44300000000001,347015,4.0,2018,2018-02-28
1YTEXatXhS5d6mEKWZCLbT,Rock'n'roll Damnation,A True AC/DC Remake,56Nr8KYZUmM2g27PbUJDKa,['CC/DC'],['0NrCF1LlUu3SDvV7TLKVug'],1,1,False,0.534,0.96,9,-4.922,1,0.0721,0.000682,0.35600000000000004,0.363,0.428,132.01,217825,4.0,2012,2012-03-01
3jStNZCO6v9IJudNybv9dh,Rock'n'roll Singer,A True AC/DC Remake,56Nr8KYZUmM2g27PbUJDKa,['CC/DC'],['0NrCF1LlUu3SDvV7TLKVug'],2,1,False,0.5670000000000001,0.7659999999999999,4,-4.994,1,0.0473,0.0419,0.0332,0.254,0.835,134.976,293206,4.0,2012,2012-03-01
0NxQTq3rzbNTVHCO5r3qbe,Go Down,A True AC/DC Remake,56Nr8KYZUmM2g27PbUJDKa,['CC/DC'],['0NrCF1LlUu3SDvV7TLKVug'],3,1,True,0.597,0.759,9,-5.462999999999999,1,0.0418,0.0452,0.406,0.785,0.47,136.075,328535,4.0,2012,2012-03-01
0gzBKSRlaT0NbQUxjo18Bm,Hell Ain't a Bad Place to Be,A True AC/DC Remake,56Nr8KYZUmM2g27PbUJDKa,['CC/DC'],['0NrCF1LlUu3SDvV7TLKVug'],4,1,False,0.616,0.789,9,-4.869,1,0.0528,0.013000000000000001,0.515,0.102,0.446,128.031,249141,4.0,2012,2012-03-01
0N2sAs0EtsOHPvWT8bZYWu,Riff Raff,A True AC/DC Remake,56Nr8KYZUmM2g27PbUJDKa,['CC/DC'],['0NrCF1LlUu3SDvV7TLKVug'],5,1,False,0.406,0.9470000000000001,2,-5.016,1,0.0626,5.08e-05,0.711,0.431,0.264,92.434,306748,4.0,2012,2012-03-01
1E0fNEOB5eraQN6FK2jGUv,Crabsody in Blue,A True AC/DC Remake,56Nr8KYZUmM2g27PbUJDKa,['CC/DC'],['0NrCF1LlUu3SDvV7TLKVug'],6,1,False,0.28800000000000003,0.544,4,-6.329,1,0.0337,0.0459,0.183,0.083,0.314,70.979,286357,4.0,2012,2012-03-01
5YCydVFMDq6zgjXOqjU6Lj,It ́s a Long Way to the Top,A True AC/DC Remake,56Nr8KYZUmM2g27PbUJDKa,['CC/DC'],['0NrCF1LlUu3SDvV7TLKVug'],7,1,False,0.5479999999999999,0.726,3,-5.439,1,0.0381,0.00302,0.151,0.25,0.579,135.011,305431,4.0,2012,2012-03-01
2b5Fw1NAYYzZtMdmCriw1M,High Voltage,A True AC/DC Remake,56Nr8KYZUmM2g27PbUJDKa,['CC/DC'],['0NrCF1LlUu3SDvV7TLKVug'],8,1,False,0.59,0.845,9,-5.124,1,0.0408,0.0162,0.52,0.23600000000000002,0.59,136.915,252061,4.0,2012,2012-03-01
0qmaNdv34NvcZVMVUl1zty,Girls Got Rythm,A True AC/DC Remake,56Nr8KYZUmM2g27PbUJDKa,['CC/DC'],['0NrCF1LlUu3SDvV7TLKVug'],9,1,False,0.568,0.8190000000000001,7,-5.525,1,0.0375,0.0016899999999999999,0.415,0.375,0.8690000000000001,136.99,204142,4.0,2012,2012-03-01
0MTGQI3JzJISjN7Acn7mr5,Gonna Be Some Rocking,A True AC/DC Remake,56Nr8KYZUmM2g27PbUJDKa,['CC/DC'],['0NrCF1LlUu3SDvV7TLKVug'],10,1,False,0.562,0.863,2,-4.694,1,0.0489,0.045,0.000735,0.247,0.628,126.927,198894,4.0,2012,2012-03-01
5aqv8u5L2suQPfNAfugLNW,Now That You're Gone,For Broken Hearts Only,4hA3NY3bT9EUVheghEN67f,['Sharon Cuneta'],['3I5ONm7nnP1LpvqsnA5dBG'],1,1,False,0.498,0.26899999999999996,5,-11.999,1,0.0295,0.655,0.0,0.115,0.138,138.274,256600,4.0,2002,2002-01-06
1QateMtnMDxlY7moIQ7BcR,Kahit Wala Ka Na,For Broken Hearts Only,4hA3NY3bT9EUVheghEN67f,['Sharon Cuneta'],['3I5ONm7nnP1LpvqsnA5dBG'],2,1,False,0.436,0.386,7,-11.716,1,0.0298,0.73,0.0,0.0706,0.139,140.121,223067,4.0,2002,2002-01-06
0zfCYM4bCq5TuDeBOkY0DP,Make It Happen,For Broken Hearts Only,4hA3NY3bT9EUVheghEN67f,['Sharon Cuneta'],['3I5ONm7nnP1LpvqsnA5dBG'],3,1,False,0.6779999999999999,0.6629999999999999,8,-12.047,1,0.0817,0.23600000000000002,0.0,0.294,0.575,98.08200000000001,241227,4.0,2002,2002-01-06
2RgwH79ViW1xv97qppZUXu,Patatawarin Ba Kita,For Broken Hearts Only,4hA3NY3bT9EUVheghEN67f,['Sharon Cuneta'],['3I5ONm7nnP1LpvqsnA5dBG'],4,1,False,0.217,0.3,4,-13.574000000000002,1,0.0288,0.17800000000000002,0.000123,0.226,0.0624,142.649,272773,4.0,2002,2002-01-06
2pmNpsleYdxlbF5MwLPwH6,Hindi Na Muli,For Broken Hearts Only,4hA3NY3bT9EUVheghEN67f,['Sharon Cuneta'],['3I5ONm7nnP1LpvqsnA5dBG'],5,1,False,0.32,0.32299999999999995,3,-12.341,1,0.0365,0.8009999999999999,2.37e-06,0.107,0.12,144.336,284600,4.0,2002,2002-01-06
61NsmA6DyQearUBXEBw4yd,Kailan,For Broken Hearts Only,4hA3NY3bT9EUVheghEN67f,['Sharon Cuneta'],['3I5ONm7nnP1LpvqsnA5dBG'],6,1,False,0.377,0.196,0,-12.772,1,0.0308,0.77,0.000437,0.263,0.35100000000000003,138.29399999999998,243160,4.0,2002,2002-01-06
1LrkkykcGaGbwXOFzLbmal,Maybe Someday,For Broken Hearts Only,4hA3NY3bT9EUVheghEN67f,['Sharon Cuneta'],['3I5ONm7nnP1LpvqsnA5dBG'],7,1,False,0.447,0.369,4,-11.923,1,0.0291,0.657,0.0,0.27,0.54,135.44899999999998,251307,4.0,2002,2002-01-06
3rBjnvcpGHMG0BLsHR8toc,Parang Baliw,For Broken Hearts Only,4hA3NY3bT9EUVheghEN67f,['Sharon Cuneta'],['3I5ONm7nnP1LpvqsnA5dBG'],8,1,False,0.5660000000000001,0.536,5,-12.526,1,0.0303,0.228,8.29e-06,0.242,0.358,140.07,296800,4.0,2002,2002-01-06
5rucGW6cj3V8tAASjMKXvP,Can't Let You Walk Away,For Broken Hearts Only,4hA3NY3bT9EUVheghEN67f,['Sharon Cuneta'],['3I5ONm7nnP1LpvqsnA5dBG'],9,1,False,0.47200000000000003,0.297,3,-13.767999999999999,1,0.0287,0.664,0.0,0.0551,0.19899999999999998,59.913999999999994,222627,4.0,2002,2002-01-06
5QyHoKKCINqiHJgKEWJ4Ua,Lumipas Na Ang Tag-Araw,For Broken Hearts Only,4hA3NY3bT9EUVheghEN67f,['Sharon Cuneta'],['3I5ONm7nnP1LpvqsnA5dBG'],10,1,False,0.33299999999999996,0.152,9,-15.347999999999999,1,0.0385,0.8320000000000001,0.00112,0.105,0.162,90.741,150000,4.0,2002,2002-01-06
0dFw6dkg3BjshHKo9L1asc,Unforgiving Girl (She's Not An) - Single Version,Unforgiving Girl (She's Not An),3ZS4iyoQ1zE0k7LzwHo7bN,['Car Seat Headrest'],['5PbpKlxQE0Ktl5lcNABoFf'],1,1,False,0.546,0.6659999999999999,7,-6.319,1,0.06,0.0163,5.610000000000002e-05,0.299,0.225,158.048,214463,4.0,2017,2017-04-19
1a1MeIOdEGL5jqfdyKgHAV,Mind the Gap,In Time,6PLHyt7sUaphFfg6WVIrZw,['Akshara'],['18luE8ugX6fV0BTXqkfb22'],1,1,False,0.527,0.7190000000000001,4,-10.657,0,0.0463,0.7,0.254,0.094,0.956,109.73899999999999,385467,4.0,2017,2017-10-12
5uIORNXdWh906Pga1wfHWu,Mohana Blues,In Time,6PLHyt7sUaphFfg6WVIrZw,['Akshara'],['18luE8ugX6fV0BTXqkfb22'],2,1,False,0.341,0.314,9,-13.152999999999999,1,0.0409,0.9690000000000001,0.264,0.114,0.551,90.266,396187,4.0,2017,2017-10-12
66SJU0vHe6vFeltOAQRpGQ,Opus in 5,In Time,6PLHyt7sUaphFfg6WVIrZw,['Akshara'],['18luE8ugX6fV0BTXqkfb22'],3,1,False,0.557,0.57,2,-12.231,1,0.177,0.634,0.48,0.0672,0.868,96.944,929347,4.0,2017,2017-10-12
20g2cDdmWLz9Cc4xZ14Y1F,Shadjam,In Time,6PLHyt7sUaphFfg6WVIrZw,['Akshara'],['18luE8ugX6fV0BTXqkfb22'],4,1,False,0.466,0.4920000000000001,7,-12.515999999999998,1,0.040999999999999995,0.93,0.809,0.11599999999999999,0.742,95.125,552573,4.0,2017,2017-10-12
2oK765JZzCU0ikCx5sdwRy,Urban Krithi,In Time,6PLHyt7sUaphFfg6WVIrZw,['Akshara'],['18luE8ugX6fV0BTXqkfb22'],5,1,False,0.48,0.662,2,-11.713,0,0.0417,0.726,0.5870000000000001,0.0985,0.47100000000000003,111.792,810200,4.0,2017,2017-10-12
3CvUP5dHzsX0yjekYSa8sK,Tes Scénettes,Tes Scénettes,56cniwhoE2HH0VXQtpf3Em,['Jason Gee'],['6kCldWy3GG6IAQ6BQRQdcC'],1,1,False,0.823,0.251,10,-19.366,0,0.0639,0.228,3.4200000000000005e-05,0.14400000000000002,0.522,120.00299999999999,293540,4.0,2018,2018-03-03
1buzdTlX7aey2kGlhlwEsE,Make It to the Other Side,"Seriously Raw, Live at Sunbanks EP",30HzQBMEpZeiTLXMNbxW5l,['Cee Cee James'],['6Y21yqal00z7As840atRpD'],1,1,True,0.41700000000000004,0.745,8,-9.193999999999999,1,0.196,0.584,2.77e-06,0.76,0.4,162.58,403880,4.0,2010,2010-05-07
0etOu52SbR8LBv0Ml4tqy6,I Got a Right to Sing the Blues,"Seriously Raw, Live at Sunbanks EP",30HzQBMEpZeiTLXMNbxW5l,['Cee Cee James'],['6Y21yqal00z7As840atRpD'],2,1,False,0.602,0.568,1,-10.289000000000001,1,0.0703,0.633,1.8e-05,0.6990000000000001,0.6729999999999999,113.20700000000001,339427,4.0,2010,2010-05-07
3pc77WeD2MpMIHh80z0Szg,Done Love Wrong,"Seriously Raw, Live at Sunbanks EP",30HzQBMEpZeiTLXMNbxW5l,['Cee Cee James'],['6Y21yqal00z7As840atRpD'],3,1,False,0.505,0.257,2,-14.933,0,0.0534,0.502,0.000602,0.722,0.196,166.968,482280,3.0,2010,2010-05-07
12Dc9O1pSYRMVtshM91sLf,Symphony in C Major: I. Moderato alla breve,Stravinsky: Symphony in C / Symphony in Three Movements,4AGxUDtpU2Ugnyug7qtwMR,"['Igor Stravinsky', 'New Zealand Symphony Orchestra', 'En Shao']","['7ie36YytMoKtPiL7tUvmoE', '5ZvFgRwyPK2Qf4TmSLTtfM', '7l4Z3eVa2FGRIQMGaRBtcW']",1,1,False,0.33,0.0523,0,-22.88,1,0.0392,0.9690000000000001,0.847,0.0995,0.245,146.66899999999995,610267,4.0,1997,1997-02-19
3jLEBVnHyYowyx3yHYimIo,Symphony in C Major: II. Larghetto concertante,Stravinsky: Symphony in C / Symphony in Three Movements,4AGxUDtpU2Ugnyug7qtwMR,"['Igor Stravinsky', 'New Zealand Symphony Orchestra', 'En Shao']","['7ie36YytMoKtPiL7tUvmoE', '5ZvFgRwyPK2Qf4TmSLTtfM', '7l4Z3eVa2FGRIQMGaRBtcW']",2,1,False,0.142,0.0417,5,-30.608,1,0.0459,0.963,0.7559999999999999,0.282,0.201,83.535,381227,3.0,1997,1997-02-19
7AtbcbXAQfqeuKhMy5NGpj,Symphony in C Major: III. Allegretto,Stravinsky: Symphony in C / Symphony in Three Movements,4AGxUDtpU2Ugnyug7qtwMR,"['Igor Stravinsky', 'New Zealand Symphony Orchestra', 'En Shao']","['7ie36YytMoKtPiL7tUvmoE', '5ZvFgRwyPK2Qf4TmSLTtfM', '7l4Z3eVa2FGRIQMGaRBtcW']",3,1,False,0.3720000000000001,0.0615,7,-25.386999999999997,1,0.0392,0.981,0.843,0.129,0.209,122.649,306973,4.0,1997,1997-02-19
3PpejoxlnrEK5u1oVztkdT,"Symphony in C Major: IV. Largo - Tempo giusto, alla breve",Stravinsky: Symphony in C / Symphony in Three Movements,4AGxUDtpU2Ugnyug7qtwMR,"['Igor Stravinsky', 'New Zealand Symphony Orchestra', 'En Shao']","['7ie36YytMoKtPiL7tUvmoE', '5ZvFgRwyPK2Qf4TmSLTtfM', '7l4Z3eVa2FGRIQMGaRBtcW']",4,1,False,0.303,0.0797,0,-24.198,1,0.0445,0.98,0.914,0.096,0.083,87.93700000000004,424733,4.0,1997,1997-02-19
4ldJLduJVbBIirx5v5NGUy,Symphony in 3 Movements: I. Quarter Note = 160,Stravinsky: Symphony in C / Symphony in Three Movements,4AGxUDtpU2Ugnyug7qtwMR,"['Igor Stravinsky', 'New Zealand Symphony Orchestra', 'En Shao']","['7ie36YytMoKtPiL7tUvmoE', '5ZvFgRwyPK2Qf4TmSLTtfM', '7l4Z3eVa2FGRIQMGaRBtcW']",5,1,False,0.312,0.0472,0,-23.15,1,0.0364,0.9640000000000001,0.914,0.105,0.0807,83.12299999999998,594093,4.0,1997,1997-02-19
69GrWLast6stwxoibThYEe,Symphony in 3 Movements: II. Andante,Stravinsky: Symphony in C / Symphony in Three Movements,4AGxUDtpU2Ugnyug7qtwMR,"['Igor Stravinsky', 'New Zealand Symphony Orchestra', 'En Shao']","['7ie36YytMoKtPiL7tUvmoE', '5ZvFgRwyPK2Qf4TmSLTtfM', '7l4Z3eVa2FGRIQMGaRBtcW']",6,1,False,0.214,0.00705,5,-35.79,1,0.0407,0.9620000000000001,0.408,0.267,0.0661,139.09799999999998,362373,4.0,1997,1997-02-19
6mAWrDwDI9ksDHDPZyiZVW,Symphony in 3 Movements: III. Con moto,Stravinsky: Symphony in C / Symphony in Three Movements,4AGxUDtpU2Ugnyug7qtwMR,"['Igor Stravinsky', 'New Zealand Symphony Orchestra', 'En Shao']","['7ie36YytMoKtPiL7tUvmoE', '5ZvFgRwyPK2Qf4TmSLTtfM', '7l4Z3eVa2FGRIQMGaRBtcW']",7,1,False,0.32899999999999996,0.0968,1,-19.66,1,0.0335,0.972,0.897,0.113,0.161,74.67,368427,4.0,1997,1997-02-19
6KhgjX1vKCwJc3Uyd5z6BV,Symphonies of Wind Instruments (original 1920 version),Stravinsky: Symphony in C / Symphony in Three Movements,4AGxUDtpU2Ugnyug7qtwMR,"['Igor Stravinsky', 'New Zealand Symphony Orchestra', 'En Shao']","['7ie36YytMoKtPiL7tUvmoE', '5ZvFgRwyPK2Qf4TmSLTtfM', '7l4Z3eVa2FGRIQMGaRBtcW']",8,1,False,0.255,0.009170000000000001,7,-28.69,1,0.036000000000000004,0.981,0.883,0.179,0.0494,137.003,531800,4.0,1997,1997-02-19
0rIchbYV6f0nugJ0QKV77v,The Day,The Day,6us2dBD31rGA2DPJuWa8si,"['David Lang', 'Kate Valk', 'Maya Beiser']","['7rdRfDNLKnGbxnnanaggQ2', '5gCcgtylA9fIHZ1WQ7Ktw8', '2f7l8CBj9S5ZW92kw2M2pb']",1,1,False,0.242,0.28600000000000003,9,-12.613,0,0.0346,0.937,0.524,0.303,0.221,87.37700000000002,1823284,4.0,2018,2018-01-26
5fl3WTk1iRGswwli7qV3ai,World to Come,The Day,6us2dBD31rGA2DPJuWa8si,"['David Lang', 'Maya Beiser']","['7rdRfDNLKnGbxnnanaggQ2', '2f7l8CBj9S5ZW92kw2M2pb']",2,1,False,0.19399999999999998,0.2,2,-14.67,0,0.039,0.966,0.88,0.0924,0.0874,77.354,1449596,4.0,2018,2018-01-26
1Yd1W7lkYpAosV6OrLaZTp,Be My Fetish,Faetish,2xavBj6FhxSkyyYGHATCZh,['Leæther Strip'],['0klcoRwPQF1GMv8FrA7F8V'],1,1,False,0.634,0.628,4,-8.639,0,0.0371,0.00028700000000000004,0.7170000000000001,0.0961,0.7340000000000001,140.016,369147,4.0,2006,2006-09-19
3tPjAig5H4bZkJMhlUcc7t,Manic Aggression - Psychopharmacology Version,Faetish,2xavBj6FhxSkyyYGHATCZh,['Leæther Strip'],['0klcoRwPQF1GMv8FrA7F8V'],2,1,False,0.636,0.6659999999999999,8,-9.165,1,0.0408,4.6299999999999994e-05,0.619,0.41,0.445,140.011,439413,4.0,2006,2006-09-19
0NUcBSe1xvIXqqzp6pl0et,Punktured Eyeballs,Faetish,2xavBj6FhxSkyyYGHATCZh,['Leæther Strip'],['0klcoRwPQF1GMv8FrA7F8V'],3,1,False,0.589,0.9,10,-6.484,0,0.0362,0.000959,0.161,0.083,0.27399999999999997,130.023,421853,4.0,2006,2006-09-19
59A4lOCBjxsSfZ3icSaoAA,We Will Walk With Pride - Moscow 18 May 2006 Version,Faetish,2xavBj6FhxSkyyYGHATCZh,['Leæther Strip'],['0klcoRwPQF1GMv8FrA7F8V'],4,1,False,0.556,0.6509999999999999,5,-12.043,1,0.0284,4.320000000000001e-05,0.19699999999999998,0.231,0.66,131.993,396720,4.0,2006,2006-09-19
0qitNENPGpNMlQ6bGvoZc8,Be My Fetish - Homemade Porn Mix,Faetish,2xavBj6FhxSkyyYGHATCZh,['Leæther Strip'],['0klcoRwPQF1GMv8FrA7F8V'],5,1,False,0.616,0.7090000000000001,7,-9.561,1,0.0423,2.6899999999999997e-05,0.57,0.32799999999999996,0.657,140.007,485573,4.0,2006,2006-09-19
16ZQT7IuKfQt8W5wKKNbGD,Tears Run Rings,Faetish,2xavBj6FhxSkyyYGHATCZh,['Leæther Strip'],['0klcoRwPQF1GMv8FrA7F8V'],6,1,False,0.581,0.7859999999999999,7,-8.227,1,0.0301,0.000146,0.475,0.457,0.479,126.006,412787,4.0,2006,2006-09-19
6nMyiKKY60x3Q23U3jcLNq,The Kitchen Knife - Pocket Knife version,Faetish,2xavBj6FhxSkyyYGHATCZh,['Leæther Strip'],['0klcoRwPQF1GMv8FrA7F8V'],7,1,False,0.5820000000000001,0.514,9,-10.337,1,0.0359,0.0135,0.415,0.0985,0.133,117.035,322973,4.0,2006,2006-09-19
51BYx3Tp8QkiT2yCSSbqoa,Frank Tovey Taught Me Things,Faetish,2xavBj6FhxSkyyYGHATCZh,['Leæther Strip'],['0klcoRwPQF1GMv8FrA7F8V'],8,1,False,0.665,0.703,2,-8.246,1,0.0555,2.54e-05,0.431,0.22699999999999998,0.386,144.99,260253,4.0,2006,2006-09-19
3suu18XnmITBT99j8sZkls,Adrenalin Rush 2006,Faetish,2xavBj6FhxSkyyYGHATCZh,['Leæther Strip'],['0klcoRwPQF1GMv8FrA7F8V'],9,1,False,0.503,0.867,2,-7.415,1,0.0298,1.28e-05,0.7959999999999999,0.18100000000000002,0.0389,132.02,391000,4.0,2006,2006-09-19
6ZJbtqi0jnvEVsLBbEAvoO,Watch It Burn,Faetish,2xavBj6FhxSkyyYGHATCZh,['Leæther Strip'],['0klcoRwPQF1GMv8FrA7F8V'],10,1,False,0.6729999999999999,0.626,1,-7.636,0,0.05,3.02e-05,0.6559999999999999,0.109,0.0378,110.99700000000001,339027,4.0,2006,2006-09-19
0xPGBaG9LqIZ6ccHxQOMWN,Quantum Mystic - Live,Live At Roadburn 2010,3b0W4H5y3r12gDS5lWH5AP,['YOB'],['1hiIe6hmDchjc246cpoAOM'],1,1,False,0.19699999999999998,0.81,5,-8.675,1,0.10400000000000001,0.0486,0.441,0.39299999999999996,0.0513,139.974,795943,4.0,2011,2011-08-15
0NQD67X3DqTqWYu3NRBMyl,Burning The Altar - Live,Live At Roadburn 2010,3b0W4H5y3r12gDS5lWH5AP,['YOB'],['1hiIe6hmDchjc246cpoAOM'],2,1,False,0.193,0.903,2,-7.612,1,0.0911,0.0125,0.6729999999999999,0.179,0.0717,97.625,801525,4.0,2011,2011-08-15
4dH598yVB2oFIi0YgK919t,Kosmos - Live,Live At Roadburn 2010,3b0W4H5y3r12gDS5lWH5AP,['YOB'],['1hiIe6hmDchjc246cpoAOM'],3,1,False,0.22699999999999998,0.925,2,-7.935,1,0.105,0.00735,0.568,0.124,0.0692,119.135,667527,3.0,2011,2011-08-15
7rP3Eyhi2798ywvo0hJmM9,The Great Cessation - Live,Live At Roadburn 2010,3b0W4H5y3r12gDS5lWH5AP,['YOB'],['1hiIe6hmDchjc246cpoAOM'],4,1,False,0.243,0.649,9,-8.004,1,0.0401,0.0327,0.887,0.72,0.0659,120.02,1341533,4.0,2011,2011-08-15
0jKFfTSCmnJRzjMfBCxYYJ,Powerful Being,Beauty & Power,2QWUlf5gE5DEqtuYX8Y91f,['Magdalena Atkinson'],['59WZhZBfgiaG8QpCGYGCwM'],1,1,False,0.643,0.182,9,-9.321,0,0.111,0.755,0.0,0.0989,0.217,79.347,83244,4.0,2016,2016-01-02
211CkAWEZFlZ2y6AuoUwbU,Peace Within,Beauty & Power,2QWUlf5gE5DEqtuYX8Y91f,['Magdalena Atkinson'],['59WZhZBfgiaG8QpCGYGCwM'],2,1,False,0.48700000000000004,0.0887,7,-14.789000000000001,1,0.0558,0.987,1.26e-06,0.105,0.153,138.467,260249,3.0,2016,2016-01-02
1DB8qXLvZe3dWa3mBHWKcx,Sacred Waters,Beauty & Power,2QWUlf5gE5DEqtuYX8Y91f,['Magdalena Atkinson'],['59WZhZBfgiaG8QpCGYGCwM'],3,1,False,0.524,0.293,2,-11.210999999999999,1,0.0285,0.732,2.52e-06,0.9309999999999999,0.2,100.199,347000,4.0,2016,2016-01-02
15WThlkwKsYCnyICnLRflD,On My Way,Beauty & Power,2QWUlf5gE5DEqtuYX8Y91f,['Magdalena Atkinson'],['59WZhZBfgiaG8QpCGYGCwM'],4,1,False,0.569,0.544,11,-8.531,0,0.0293,0.179,2.8e-06,0.131,0.384,153.933,391500,4.0,2016,2016-01-02
3as2WBOotJuE2QdJbnma38,Let It Fly,Beauty & Power,2QWUlf5gE5DEqtuYX8Y91f,['Magdalena Atkinson'],['59WZhZBfgiaG8QpCGYGCwM'],5,1,False,0.6729999999999999,0.43,7,-8.631,1,0.0291,0.5820000000000001,0.0,0.0833,0.45799999999999996,138.0,273875,4.0,2016,2016-01-02
0ahGXRZN3wXKQ8rLuemonn,Follow My Path,Beauty & Power,2QWUlf5gE5DEqtuYX8Y91f,['Magdalena Atkinson'],['59WZhZBfgiaG8QpCGYGCwM'],6,1,False,0.648,0.306,11,-11.534,0,0.0324,0.605,9.26e-06,0.0747,0.0968,119.844,333008,3.0,2016,2016-01-02
6g3BTzrWivbhnMglpUTsUy,Meditation,Beauty & Power,2QWUlf5gE5DEqtuYX8Y91f,['Magdalena Atkinson'],['59WZhZBfgiaG8QpCGYGCwM'],7,1,False,0.457,0.282,2,-11.732000000000001,0,0.0383,0.924,0.0033299999999999996,0.0642,0.0773,129.012,439795,4.0,2016,2016-01-02
6lzRnMbwHdJOW59GBVDyGl,Mother Moon,Beauty & Power,2QWUlf5gE5DEqtuYX8Y91f,['Magdalena Atkinson'],['59WZhZBfgiaG8QpCGYGCwM'],8,1,False,0.318,0.17600000000000002,7,-12.927999999999999,1,0.0365,0.91,0.00589,0.0958,0.171,73.967,374312,4.0,2016,2016-01-02
58rPH9pcRMQUIhs0aZsOR1,Otwórz Ręce,Beauty & Power,2QWUlf5gE5DEqtuYX8Y91f,['Magdalena Atkinson'],['59WZhZBfgiaG8QpCGYGCwM'],9,1,False,0.655,0.42,7,-8.974,1,0.031,0.7070000000000001,0.0,0.0838,0.46299999999999997,137.928,273875,4.0,2016,2016-01-02
0Pug8pGpEt0atVxs6y3wr1,Medytacja,Beauty & Power,2QWUlf5gE5DEqtuYX8Y91f,['Magdalena Atkinson'],['59WZhZBfgiaG8QpCGYGCwM'],10,1,False,0.461,0.262,2,-12.24,0,0.0416,0.938,0.00175,0.0717,0.0775,125.954,440194,4.0,2016,2016-01-02
5Ta5MpvuGkr4mLJ23W72gk,Kobieta Mocy,Beauty & Power,2QWUlf5gE5DEqtuYX8Y91f,['Magdalena Atkinson'],['59WZhZBfgiaG8QpCGYGCwM'],11,1,False,0.8240000000000001,0.327,5,-8.765,1,0.0624,0.8859999999999999,0.0,0.0854,0.551,80.278,129573,4.0,2016,2016-01-02
3ynoFpgc3cspKMtTAFnl8q,Beechwood Beat,Party Time Discotheque,7nq7TkNhyNjq3uop4L1gFE,['The Beechwoods'],['5AeOGWM6t05a7Xua80c8lp'],1,1,False,0.7859999999999999,0.594,0,-11.145,0,0.0423,0.93,0.905,0.14,0.966,93.546,173493,4.0,2011,2011-02-01
2rVW305zQ5FHFK6rXm6IRv,(They Call Me) The Late Bloomer,Party Time Discotheque,7nq7TkNhyNjq3uop4L1gFE,['The Beechwoods'],['5AeOGWM6t05a7Xua80c8lp'],2,1,False,0.65,0.483,10,-12.765999999999998,1,0.0293,0.963,0.882,0.265,0.895,149.953,272293,4.0,2011,2011-02-01
5jNwqJJqBQLLDPi282GPAZ,Don't Monkey with Me,Party Time Discotheque,7nq7TkNhyNjq3uop4L1gFE,['The Beechwoods'],['5AeOGWM6t05a7Xua80c8lp'],3,1,False,0.5760000000000001,0.5489999999999999,5,-12.955,1,0.0519,0.622,0.0314,0.0385,0.9640000000000001,155.862,185493,4.0,2011,2011-02-01
1fcp123uLdhmTftgGe2Rx5,The Sultan,Party Time Discotheque,7nq7TkNhyNjq3uop4L1gFE,['The Beechwoods'],['5AeOGWM6t05a7Xua80c8lp'],4,1,False,0.708,0.672,11,-11.864,1,0.051,0.7659999999999999,0.792,0.0743,0.621,130.982,231027,4.0,2011,2011-02-01
6nn62gVNJpnZ37R56IkRfa,Tight Spot,Party Time Discotheque,7nq7TkNhyNjq3uop4L1gFE,['The Beechwoods'],['5AeOGWM6t05a7Xua80c8lp'],5,1,False,0.597,0.594,2,-11.665,1,0.035,0.909,0.682,0.136,0.866,144.97799999999995,202547,4.0,2011,2011-02-01
1H9rI6ZhkrjbQO4WgbywTF,It's Party Time!,Party Time Discotheque,7nq7TkNhyNjq3uop4L1gFE,['The Beechwoods'],['5AeOGWM6t05a7Xua80c8lp'],6,1,False,0.6729999999999999,0.494,3,-12.685,1,0.0432,0.784,0.585,0.0844,0.81,165.03,143613,4.0,2011,2011-02-01
2DAIlJJYnfbvTUdTaFDfYd,I Met a Girl from Pluto,Party Time Discotheque,7nq7TkNhyNjq3uop4L1gFE,['The Beechwoods'],['5AeOGWM6t05a7Xua80c8lp'],7,1,False,0.6509999999999999,0.624,11,-12.710999999999999,1,0.0557,0.897,0.456,0.293,0.895,174.793,143333,4.0,2011,2011-02-01
0tA0bo5iGhb4J1S0E9Vdua,A Little Soul (Part 1),Party Time Discotheque,7nq7TkNhyNjq3uop4L1gFE,['The Beechwoods'],['5AeOGWM6t05a7Xua80c8lp'],8,1,False,0.784,0.5379999999999999,5,-11.179,1,0.0387,0.973,0.87,0.106,0.6809999999999999,111.961,259627,4.0,2011,2011-02-01
2nMt1MpLpegzd2r5AI9AI6,Jackpot!,Party Time Discotheque,7nq7TkNhyNjq3uop4L1gFE,['The Beechwoods'],['5AeOGWM6t05a7Xua80c8lp'],9,1,False,0.565,0.765,5,-12.696,0,0.0348,0.893,0.897,0.106,0.825,95.98700000000001,120907,4.0,2011,2011-02-01
0XMdNueOAXpnDWpL1xwNxq,Rick's Drums,Party Time Discotheque,7nq7TkNhyNjq3uop4L1gFE,['The Beechwoods'],['5AeOGWM6t05a7Xua80c8lp'],10,1,False,0.534,0.958,4,-13.013,0,0.0452,0.665,0.685,0.14800000000000002,0.0593,160.868,197573,4.0,2011,2011-02-01
4vODRLh0fjQEfFDP2QJn7y,It's Likely,It's Likely,5OnSBizGFEvCJnatso4sZD,['McCauliffe Brothers Band'],['4asxu06V3J94lpVulDJhlE'],1,1,False,0.32299999999999995,0.6729999999999999,5,-5.961,1,0.028999999999999998,0.0722,0.000136,0.0582,0.263,99.947,420253,3.0,2009,2009-08-03
7KkOqob2pKyx5XhIk6UqVr,I Just Wanna,John The Conqueror,5J05LEDQP5q6wzJWuXO1Sp,['John The Conqueror'],['1PEYH4hqPi7Wqa4qNV4184'],1,1,False,0.528,0.643,9,-7.713999999999999,1,0.0733,0.122,0.0007769999999999999,0.638,0.504,175.03099999999995,209707,4.0,2012,2012-10-16
2mLhr22v1vhaYGuAn11Hlz,Southern Boy,John The Conqueror,5J05LEDQP5q6wzJWuXO1Sp,['John The Conqueror'],['1PEYH4hqPi7Wqa4qNV4184'],2,1,False,0.499,0.82,9,-6.2920000000000025,1,0.0513,0.157,3.17e-05,0.20199999999999999,0.677,137.98,204880,4.0,2012,2012-10-16
4oQMFlSqI9f5doyOw1SgV4,Lucille,John The Conqueror,5J05LEDQP5q6wzJWuXO1Sp,['John The Conqueror'],['1PEYH4hqPi7Wqa4qNV4184'],3,1,False,0.565,0.662,7,-8.148,0,0.0394,0.23399999999999999,0.00014199999999999998,0.451,0.843,155.00799999999995,286573,4.0,2012,2012-10-16
4QcFM4sEayM4QjvIQjF3bE,All Alone,John The Conqueror,5J05LEDQP5q6wzJWuXO1Sp,['John The Conqueror'],['1PEYH4hqPi7Wqa4qNV4184'],4,1,False,0.5820000000000001,0.469,7,-9.062000000000001,1,0.0266,0.387,0.00787,0.0809,0.617,140.191,229720,4.0,2012,2012-10-16
3X5lMOmo5bG37K0Xa5g4VD,Time to Go,John The Conqueror,5J05LEDQP5q6wzJWuXO1Sp,['John The Conqueror'],['1PEYH4hqPi7Wqa4qNV4184'],5,1,False,0.345,0.44299999999999995,9,-10.334000000000001,1,0.095,0.7609999999999999,0.000656,0.10099999999999999,0.31,200.204,241987,4.0,2012,2012-10-16
0nr31GGMPrbk8z0yjFVKgT,Say What You Want,John The Conqueror,5J05LEDQP5q6wzJWuXO1Sp,['John The Conqueror'],['1PEYH4hqPi7Wqa4qNV4184'],6,1,False,0.504,0.7240000000000001,4,-6.629,1,0.0476,0.34700000000000003,1.1900000000000001e-05,0.298,0.889,126.014,144627,4.0,2012,2012-10-16
1yX7l7JI72QVLOHVpi5MSz,Come Home With Me,John The Conqueror,5J05LEDQP5q6wzJWuXO1Sp,['John The Conqueror'],['1PEYH4hqPi7Wqa4qNV4184'],7,1,False,0.6779999999999999,0.8079999999999999,10,-7.4620000000000015,1,0.0426,0.433,0.0336,0.0253,0.589,101.083,227547,4.0,2012,2012-10-16
5NKZO1HQaU6fCobUhURe0r,Letter Of Intervention,John The Conqueror,5J05LEDQP5q6wzJWuXO1Sp,['John The Conqueror'],['1PEYH4hqPi7Wqa4qNV4184'],8,1,False,0.455,0.6679999999999999,5,-8.441,1,0.0346,0.0725,0.0273,0.11199999999999999,0.5479999999999999,169.72400000000005,216147,3.0,2012,2012-10-16
5y9fWgZjbHQDT2szK3slnp,Passing Time,John The Conqueror,5J05LEDQP5q6wzJWuXO1Sp,['John The Conqueror'],['1PEYH4hqPi7Wqa4qNV4184'],9,1,False,0.565,0.39,4,-12.207,1,0.0308,0.88,0.867,0.09699999999999999,0.431,81.958,99453,4.0,2012,2012-10-16
7d7OukpnGyjGoSLNCq7Zd6,3 More,John The Conqueror,5J05LEDQP5q6wzJWuXO1Sp,['John The Conqueror'],['1PEYH4hqPi7Wqa4qNV4184'],10,1,False,0.607,0.645,4,-7.335,0,0.0281,0.151,0.44799999999999995,0.287,0.799,135.879,402453,3.0,2012,2012-10-16
7BNrw3lw8SnPgQtZXqEOqG,Mantaray,Girls Girls Girls,6uAU08rC15FvX5p0c4LAHo,['The Volcanics'],['58N8mAzynLbncZ19cl7BSl'],1,1,False,0.235,0.917,2,-5.505,0,0.0445,0.007790000000000002,0.857,0.36,0.732,184.796,131187,4.0,2009,2009-12-11
6uTjVuv4NjZk6kRAmVsfpW,Dew Point,Girls Girls Girls,6uAU08rC15FvX5p0c4LAHo,['The Volcanics'],['58N8mAzynLbncZ19cl7BSl'],2,1,False,0.494,0.805,0,-6.3629999999999995,1,0.034,0.0589,0.8109999999999999,0.0967,0.7509999999999999,147.531,132253,4.0,2009,2009-12-11
1UhbrYRvMl3d6oZBN8Ztpe,Girls Girls Girls,Girls Girls Girls,6uAU08rC15FvX5p0c4LAHo,['The Volcanics'],['58N8mAzynLbncZ19cl7BSl'],3,1,False,0.473,0.9329999999999999,3,-7.319,1,0.0377,0.0909,0.608,0.249,0.653,92.071,184320,4.0,2009,2009-12-11
7obn6f5gz2ZddmD8UGt6kg,Midnight Swell,Girls Girls Girls,6uAU08rC15FvX5p0c4LAHo,['The Volcanics'],['58N8mAzynLbncZ19cl7BSl'],4,1,False,0.23800000000000002,0.8,0,-6.607,1,0.0373,0.0393,0.925,0.098,0.768,157.519,219613,4.0,2009,2009-12-11
6oHXz9FZFou8h2B8PfEiUW,Hurricane,Girls Girls Girls,6uAU08rC15FvX5p0c4LAHo,['The Volcanics'],['58N8mAzynLbncZ19cl7BSl'],5,1,False,0.348,0.9420000000000001,7,-7.803,1,0.0519,0.00013000000000000002,0.855,0.125,0.679,92.226,130533,4.0,2009,2009-12-11
5baVSv1V8UlcrNSvWuk784,Kogar the Girl,Girls Girls Girls,6uAU08rC15FvX5p0c4LAHo,['The Volcanics'],['58N8mAzynLbncZ19cl7BSl'],6,1,False,0.531,0.904,11,-7.445,1,0.0459,0.419,0.934,0.396,0.9570000000000001,151.45600000000005,139693,4.0,2009,2009-12-11
14U1U5CxFWDX3PhUbiYszr,Boulevard,Girls Girls Girls,6uAU08rC15FvX5p0c4LAHo,['The Volcanics'],['58N8mAzynLbncZ19cl7BSl'],7,1,False,0.37799999999999995,0.83,10,-8.161,1,0.0401,0.0321,0.77,0.13,0.956,155.917,105747,4.0,2009,2009-12-11
4jhzxCyX4UU9R94cpcjYi7,Russian Roulette,Girls Girls Girls,6uAU08rC15FvX5p0c4LAHo,['The Volcanics'],['58N8mAzynLbncZ19cl7BSl'],8,1,False,0.19699999999999998,0.909,9,-6.1270000000000024,0,0.0438,0.00037,0.899,0.04,0.9620000000000001,171.16299999999995,132627,4.0,2009,2009-12-11
4ZXPGfLCP2OaXUozy0H2pG,Fury Stomp,Girls Girls Girls,6uAU08rC15FvX5p0c4LAHo,['The Volcanics'],['58N8mAzynLbncZ19cl7BSl'],9,1,False,0.344,0.943,9,-6.565,1,0.0464,0.064,0.922,0.0927,0.6829999999999999,96.815,121947,4.0,2009,2009-12-11
2aW9y91o8gfUqbrkaEipTZ,Do the Paramount,Girls Girls Girls,6uAU08rC15FvX5p0c4LAHo,['The Volcanics'],['58N8mAzynLbncZ19cl7BSl'],10,1,False,0.581,0.857,8,-7.608,1,0.0374,0.37799999999999995,0.00011899999999999999,0.419,0.925,143.109,171680,4.0,2009,2009-12-11
6pG0lDMZlF2brVJeWWDt7x,Point of No Return,Girls Girls Girls,6uAU08rC15FvX5p0c4LAHo,['The Volcanics'],['58N8mAzynLbncZ19cl7BSl'],11,1,False,0.19399999999999998,0.826,4,-6.251,1,0.036000000000000004,0.000103,0.8270000000000001,0.0648,0.807,177.78099999999995,125053,4.0,2009,2009-12-11
671wrD1l7zBlWfEcTUF0c2,Futureman,Girls Girls Girls,6uAU08rC15FvX5p0c4LAHo,['The Volcanics'],['58N8mAzynLbncZ19cl7BSl'],12,1,False,0.165,0.953,4,-8.274,1,0.0577,0.000344,0.885,0.335,0.607,183.535,260147,4.0,2009,2009-12-11
5FazA7ssiK6brxXUpUy5fo,Keep You Dancing,Girls Girls Girls,6uAU08rC15FvX5p0c4LAHo,['The Volcanics'],['58N8mAzynLbncZ19cl7BSl'],13,1,False,0.23600000000000002,0.932,9,-6.48,1,0.0407,0.0846,0.0132,0.0687,0.985,188.398,74480,4.0,2009,2009-12-11
07FEdVrfueu7asF2XEKc2D,Blue Without You,Girls Girls Girls,6uAU08rC15FvX5p0c4LAHo,['The Volcanics'],['58N8mAzynLbncZ19cl7BSl'],14,1,False,0.604,0.774,4,-9.45,1,0.0315,0.192,0.76,0.183,0.6759999999999999,133.623,141920,4.0,2009,2009-12-11
0lSrZduE8OVFSuMdL3JtYr,Volcanic Beat,Girls Girls Girls,6uAU08rC15FvX5p0c4LAHo,['The Volcanics'],['58N8mAzynLbncZ19cl7BSl'],15,1,False,0.413,0.815,9,-7.7920000000000025,1,0.046,0.0279,0.654,0.0492,0.86,155.291,119627,4.0,2009,2009-12-11
4kMt4N5eZ3AcJz8yyHoFID,Que Walou,Que Walou,1lFEMNnRUZKbr4JJeyCtDI,['Namika'],['0HSc7yUdNSosxRb2UJnXlz'],1,1,False,0.755,0.52,4,-8.91,0,0.134,0.201,0.0,0.26899999999999996,0.276,105.0,206227,4.0,2018,2018-06-01
79E291DORqQMzXjunQIu2p,Alles was zählt,Que Walou,1lFEMNnRUZKbr4JJeyCtDI,['Namika'],['0HSc7yUdNSosxRb2UJnXlz'],2,1,False,0.655,0.51,8,-8.552,1,0.11,0.013000000000000001,0.00041900000000000016,0.0904,0.331,145.974,201720,4.0,2018,2018-06-01
4eJqzRN15DabYK4byfWghD,Je ne parle pas français,Que Walou,1lFEMNnRUZKbr4JJeyCtDI,['Namika'],['0HSc7yUdNSosxRb2UJnXlz'],3,1,False,0.767,0.516,0,-9.466000000000001,0,0.0619,0.134,0.0,0.503,0.7859999999999999,102.01299999999999,180933,4.0,2018,2018-06-01
7Auk3S44CYYFXUZs4wWLk9,Ok (feat. Lary),Que Walou,1lFEMNnRUZKbr4JJeyCtDI,"['Namika', 'Lary']","['0HSc7yUdNSosxRb2UJnXlz', '5yNlFmp5vESd61p6Ob3Qzo']",4,1,False,0.828,0.55,7,-6.642,0,0.2,0.207,0.00123,0.0956,0.873,97.994,164680,4.0,2018,2018-06-01
2bjdIqNoJvbLpNLcznwewY,Programm,Que Walou,1lFEMNnRUZKbr4JJeyCtDI,['Namika'],['0HSc7yUdNSosxRb2UJnXlz'],5,1,False,0.5820000000000001,0.496,11,-8.038,0,0.195,0.278,0.000589,0.0994,0.647,84.111,157707,4.0,2018,2018-06-01
4RdxTGOALq61CHSVRC801U,Liebe Liebe,Que Walou,1lFEMNnRUZKbr4JJeyCtDI,['Namika'],['0HSc7yUdNSosxRb2UJnXlz'],6,1,False,0.578,0.606,11,-10.505999999999998,0,0.381,0.0882,1.6e-05,0.45399999999999996,0.325,94.81,209427,4.0,2018,2018-06-01
2wLtQl7bZGAmITFEi4vlhU,Dschungel im Kopf,Que Walou,1lFEMNnRUZKbr4JJeyCtDI,['Namika'],['0HSc7yUdNSosxRb2UJnXlz'],7,1,False,0.7340000000000001,0.6509999999999999,7,-9.573,0,0.0689,0.337,4.9e-05,0.512,0.457,126.00299999999999,169853,4.0,2018,2018-06-01
5uK104lt4H8f7sLrsRG7KO,Parkbank,Que Walou,1lFEMNnRUZKbr4JJeyCtDI,['Namika'],['0HSc7yUdNSosxRb2UJnXlz'],8,1,False,0.701,0.47600000000000003,6,-7.99,0,0.361,0.13,1.58e-06,0.27699999999999997,0.478,75.98100000000002,178693,4.0,2018,2018-06-01
4c8CEafxcvlYdi4pGDDjmt,DNA,Que Walou,1lFEMNnRUZKbr4JJeyCtDI,['Namika'],['0HSc7yUdNSosxRb2UJnXlz'],9,1,False,0.7979999999999999,0.469,9,-10.898,0,0.0612,0.368,0.00038700000000000003,0.215,0.628,138.007,175507,4.0,2018,2018-06-01
6nPPnKdfTnuwEgUq4QxRg0,Ahmed (1960-2002),Que Walou,1lFEMNnRUZKbr4JJeyCtDI,['Namika'],['0HSc7yUdNSosxRb2UJnXlz'],10,1,False,0.446,0.45399999999999996,5,-11.283,0,0.273,0.344,0.0,0.11,0.21,149.89600000000004,185480,4.0,2018,2018-06-01
1wsPebRWeYsBjtbWN7mP10,Hände (feat. Farid Bang),Que Walou,1lFEMNnRUZKbr4JJeyCtDI,"['Namika', 'Farid Bang']","['0HSc7yUdNSosxRb2UJnXlz', '2JwyRtuXf2l6sTnSnGVIa1']",11,1,False,0.511,0.634,1,-8.135,0,0.41,0.233,2.25e-05,0.223,0.248,73.013,232787,4.0,2018,2018-06-01
3svGBY2tHQkIcQqFN8GGD8,Comic,Que Walou,1lFEMNnRUZKbr4JJeyCtDI,['Namika'],['0HSc7yUdNSosxRb2UJnXlz'],12,1,False,0.657,0.41200000000000003,7,-11.612,1,0.0794,0.42100000000000004,0.000246,0.114,0.402,120.006,202653,4.0,2018,2018-06-01
1ilh3lqPYOUqQ2Kw1Tcrsu,Roboterliebe,Que Walou,1lFEMNnRUZKbr4JJeyCtDI,['Namika'],['0HSc7yUdNSosxRb2UJnXlz'],13,1,False,0.401,0.67,8,-7.497000000000001,1,0.16699999999999998,0.0407,0.000384,0.105,0.242,132.44799999999998,193600,4.0,2018,2018-06-01
69M0S9eaSKM7solSKNuynf,Kronleuchterlicht,Que Walou,1lFEMNnRUZKbr4JJeyCtDI,['Namika'],['0HSc7yUdNSosxRb2UJnXlz'],14,1,False,0.519,0.547,0,-9.878,1,0.754,0.493,0.0,0.297,0.483,203.91400000000002,114987,4.0,2018,2018-06-01
592JPcG8ICfY4vnbv5TlHF,Ich will dich vermissen,Que Walou,1lFEMNnRUZKbr4JJeyCtDI,['Namika'],['0HSc7yUdNSosxRb2UJnXlz'],15,1,False,0.619,0.24600000000000002,4,-11.554,0,0.0688,0.78,0.00018600000000000002,0.366,0.31,66.906,181480,4.0,2018,2018-06-01
2KSLbLhHjp2natQRgMSMu6,Zirkus,Que Walou,1lFEMNnRUZKbr4JJeyCtDI,['Namika'],['0HSc7yUdNSosxRb2UJnXlz'],16,1,False,0.7170000000000001,0.544,8,-8.064,1,0.11,0.000727,0.209,0.0998,0.3720000000000001,119.93299999999999,220387,4.0,2018,2018-06-01
6fN4mUSCIy1GKO55QyVAcA,Scarlet,Dead River Drag,0pGce5JcEiCuDEs3gA68Ca,['Dead River Drag'],['4NseZNFTwN2LOwqofnKct4'],1,1,False,0.447,0.8740000000000001,0,-7.726,1,0.06,0.00114,0.0,0.218,0.321,105.074,341360,4.0,1991,1991
1UCddSwtgeicyVSJ7rkBGi,Distance,Dead River Drag,0pGce5JcEiCuDEs3gA68Ca,['Dead River Drag'],['4NseZNFTwN2LOwqofnKct4'],2,1,False,0.511,0.606,0,-8.389,1,0.045,0.0012900000000000001,0.0,0.0709,0.945,103.305,345453,4.0,1991,1991
07CDryjCDZpcdJi12MGqKZ,Parasites,Dead River Drag,0pGce5JcEiCuDEs3gA68Ca,['Dead River Drag'],['4NseZNFTwN2LOwqofnKct4'],3,1,False,0.345,0.726,2,-7.472,1,0.0423,0.0101,2.09e-05,0.136,0.299,123.286,350627,4.0,1991,1991
2ysZpudTwMfiEM0coaUlXC,Bad Stations,Dead River Drag,0pGce5JcEiCuDEs3gA68Ca,['Dead River Drag'],['4NseZNFTwN2LOwqofnKct4'],4,1,False,0.262,0.902,9,-6.937,0,0.10099999999999999,0.00503,0.0,0.284,0.155,151.981,312227,4.0,1991,1991
5DtuNjbXwBdnZLWZDXSvS7,Bones To Glass,Dead River Drag,0pGce5JcEiCuDEs3gA68Ca,['Dead River Drag'],['4NseZNFTwN2LOwqofnKct4'],5,1,False,0.253,0.737,2,-8.404,1,0.0659,0.0309,2.52e-05,0.35100000000000003,0.32,174.368,300973,4.0,1991,1991
6l6RszecjBtFtxmGfnGE5w,Stay,Dead River Drag,0pGce5JcEiCuDEs3gA68Ca,['Dead River Drag'],['4NseZNFTwN2LOwqofnKct4'],6,1,False,0.493,0.705,0,-8.568,1,0.0373,0.0652,2.34e-05,0.0747,0.24600000000000002,128.92,296360,4.0,1991,1991
0BPQ7Om3rSnvFrWT5yt32l,Sonic Portal - Pitch Black's Magnetospheric Multiscale Remix,Sonic Portal (Pitch Black's Magnetospheric Multiscale Remix),26xHKhLakgFHm3e5tuQZCt,"['Radioactive Man', 'Pitch Black']","['3phNexX9ywXXZYuOxZRthf', '48bwfC5uieNXZjebbWBLpm']",1,1,False,0.655,0.69,4,-13.392999999999999,0,0.0433,0.00979,0.848,0.93,0.15,130.026,553092,4.0,2018,2018-02-16
0drULKbAyhFVSDkfipH9xU,"Concerto for Recorder and Flute in E Minor, TWV 52:e1: I. Largo",Telemann: Overtures / Violin Concerto in B-Flat Major / Concerto for Recorder and Flute in E Minor,51vx1kDoge3m0Wqv4ink0U,"['Georg Philipp Telemann', 'Peter Holtslag', 'Rachel Brown', 'Collegium Musicum 90', 'Simon Standage']","['2fg5h5pzleqI4RjFopWroj', '7B7Wh5DNzVBv9v7ybOdlXF', '6Di0SJlBpTmXotR33qNaXk', '0RttOiRAmjz06ug0WAsD4i', '2jIBkRzVUboTbp05rJnKeT']",1,1,False,0.35600000000000004,0.00963,3,-28.041999999999998,0,0.0402,0.9570000000000001,0.0194,0.289,0.188,100.781,218160,4.0,2000,2000-08-01
2ARplnwhKkz1I588yvmed4,"Concerto for Recorder and Flute in E Minor, TWV 52:e1: II. Allegro",Telemann: Overtures / Violin Concerto in B-Flat Major / Concerto for Recorder and Flute in E Minor,51vx1kDoge3m0Wqv4ink0U,"['Georg Philipp Telemann', 'Peter Holtslag', 'Rachel Brown', 'Collegium Musicum 90', 'Simon Standage']","['2fg5h5pzleqI4RjFopWroj', '7B7Wh5DNzVBv9v7ybOdlXF', '6Di0SJlBpTmXotR33qNaXk', '0RttOiRAmjz06ug0WAsD4i', '2jIBkRzVUboTbp05rJnKeT']",2,1,False,0.501,0.105,6,-23.081,1,0.0405,0.922,0.0672,0.12300000000000001,0.6509999999999999,126.87899999999999,242640,4.0,2000,2000-08-01
71HbOVc9H8KwcSzU43HoyH,"Concerto for Recorder and Flute in E Minor, TWV 52:e1: III. Largo",Telemann: Overtures / Violin Concerto in B-Flat Major / Concerto for Recorder and Flute in E Minor,51vx1kDoge3m0Wqv4ink0U,"['Georg Philipp Telemann', 'Peter Holtslag', 'Rachel Brown', 'Collegium Musicum 90', 'Simon Standage']","['2fg5h5pzleqI4RjFopWroj', '7B7Wh5DNzVBv9v7ybOdlXF', '6Di0SJlBpTmXotR33qNaXk', '0RttOiRAmjz06ug0WAsD4i', '2jIBkRzVUboTbp05rJnKeT']",3,1,False,0.355,0.0155,3,-32.063,1,0.0406,0.97,0.474,0.0944,0.365,94.891,181440,4.0,2000,2000-08-01
4iGdByDYMriyLX1d8ZDKOA,"Concerto for Recorder and Flute in E Minor, TWV 52:e1: IV. Presto",Telemann: Overtures / Violin Concerto in B-Flat Major / Concerto for Recorder and Flute in E Minor,51vx1kDoge3m0Wqv4ink0U,"['Georg Philipp Telemann', 'Peter Holtslag', 'Rachel Brown', 'Collegium Musicum 90', 'Simon Standage']","['2fg5h5pzleqI4RjFopWroj', '7B7Wh5DNzVBv9v7ybOdlXF', '6Di0SJlBpTmXotR33qNaXk', '0RttOiRAmjz06ug0WAsD4i', '2jIBkRzVUboTbp05rJnKeT']",4,1,False,0.47700000000000004,0.105,3,-22.408,0,0.0495,0.943,0.831,0.21100000000000002,0.642,79.316,151200,4.0,2000,2000-08-01
0yPBBilKdhyCvkAz6V037T,"Violin Concerto in B-Flat Major, TWV 51:B1: I. Largo",Telemann: Overtures / Violin Concerto in B-Flat Major / Concerto for Recorder and Flute in E Minor,51vx1kDoge3m0Wqv4ink0U,"['Georg Philipp Telemann', 'Simon Standage', 'Collegium Musicum 90']","['2fg5h5pzleqI4RjFopWroj', '2jIBkRzVUboTbp05rJnKeT', '0RttOiRAmjz06ug0WAsD4i']",5,1,False,0.267,0.0293,9,-23.785,1,0.0488,0.9359999999999999,0.0429,0.142,0.168,80.723,207720,4.0,2000,2000-08-01
1FtEkuHRcoEq9Uzdyug0uc,"Violin Concerto in B-Flat Major, TWV 51:B1: II. Vivace",Telemann: Overtures / Violin Concerto in B-Flat Major / Concerto for Recorder and Flute in E Minor,51vx1kDoge3m0Wqv4ink0U,"['Georg Philipp Telemann', 'Simon Standage', 'Collegium Musicum 90']","['2fg5h5pzleqI4RjFopWroj', '2jIBkRzVUboTbp05rJnKeT', '0RttOiRAmjz06ug0WAsD4i']",6,1,False,0.573,0.0788,9,-21.038,1,0.0428,0.9009999999999999,0.0423,0.11800000000000001,0.7929999999999999,94.01299999999999,207360,3.0,2000,2000-08-01
3nH8ktsSuQD2ZICV8oOy8T,"Violin Concerto in B-Flat Major, TWV 51:B1: III. [Andante]",Telemann: Overtures / Violin Concerto in B-Flat Major / Concerto for Recorder and Flute in E Minor,51vx1kDoge3m0Wqv4ink0U,"['Georg Philipp Telemann', 'Simon Standage', 'Collegium Musicum 90']","['2fg5h5pzleqI4RjFopWroj', '2jIBkRzVUboTbp05rJnKeT', '0RttOiRAmjz06ug0WAsD4i']",7,1,False,0.259,0.0143,2,-30.939,1,0.0589,0.9109999999999999,6.1e-05,0.11199999999999999,0.312,71.861,153360,4.0,2000,2000-08-01
4m2dSWz1jcbZXVMj6FuydG,"Violin Concerto in B-Flat Major, TWV 51:B1: IV. Allegro",Telemann: Overtures / Violin Concerto in B-Flat Major / Concerto for Recorder and Flute in E Minor,51vx1kDoge3m0Wqv4ink0U,"['Georg Philipp Telemann', 'Simon Standage', 'Collegium Musicum 90']","['2fg5h5pzleqI4RjFopWroj', '2jIBkRzVUboTbp05rJnKeT', '0RttOiRAmjz06ug0WAsD4i']",8,1,False,0.647,0.24100000000000002,9,-19.83,1,0.057,0.889,0.0132,0.0604,0.387,129.554,96480,4.0,2000,2000-08-01
4mEdywnBZRXZZBoP71SFWW,"Overture (Suite) in F-Sharp Minor, TWV 55:fis1: I. Ouverture",Telemann: Overtures / Violin Concerto in B-Flat Major / Concerto for Recorder and Flute in E Minor,51vx1kDoge3m0Wqv4ink0U,"['Georg Philipp Telemann', 'Collegium Musicum 90', 'Simon Standage']","['2fg5h5pzleqI4RjFopWroj', '0RttOiRAmjz06ug0WAsD4i', '2jIBkRzVUboTbp05rJnKeT']",9,1,False,0.405,0.0241,5,-24.675,0,0.0465,0.9179999999999999,7.31e-05,0.155,0.205,129.293,325080,3.0,2000,2000-08-01
5KDEAyJBoIhzjhstjBIhz9,"Overture (Suite) in F-Sharp Minor, TWV 55:fis1: II. Les Plaisirs",Telemann: Overtures / Violin Concerto in B-Flat Major / Concerto for Recorder and Flute in E Minor,51vx1kDoge3m0Wqv4ink0U,"['Georg Philipp Telemann', 'Collegium Musicum 90', 'Simon Standage']","['2fg5h5pzleqI4RjFopWroj', '0RttOiRAmjz06ug0WAsD4i', '2jIBkRzVUboTbp05rJnKeT']",10,1,False,0.27399999999999997,0.0269,8,-28.066999999999997,1,0.0492,0.8909999999999999,0.0009050000000000001,0.14300000000000002,0.257,135.714,145440,4.0,2000,2000-08-01
4lCzpnsV5EH0gA1IvAotLO,"Overture (Suite) in F-Sharp Minor, TWV 55:fis1: III. Angloise: Vivement",Telemann: Overtures / Violin Concerto in B-Flat Major / Concerto for Recorder and Flute in E Minor,51vx1kDoge3m0Wqv4ink0U,"['Georg Philipp Telemann', 'Collegium Musicum 90', 'Simon Standage']","['2fg5h5pzleqI4RjFopWroj', '0RttOiRAmjz06ug0WAsD4i', '2jIBkRzVUboTbp05rJnKeT']",11,1,False,0.654,0.0181,5,-24.820999999999998,0,0.038,0.9359999999999999,0.0,0.131,0.6829999999999999,79.23,88200,4.0,2000,2000-08-01
4LKmxu3Fw6KO59ffH2udBB,"Overture (Suite) in F-Sharp Minor, TWV 55:fis1: IV. La Badinerie italienne: Viste",Telemann: Overtures / Violin Concerto in B-Flat Major / Concerto for Recorder and Flute in E Minor,51vx1kDoge3m0Wqv4ink0U,"['Georg Philipp Telemann', 'Collegium Musicum 90', 'Simon Standage']","['2fg5h5pzleqI4RjFopWroj', '0RttOiRAmjz06ug0WAsD4i', '2jIBkRzVUboTbp05rJnKeT']",12,1,False,0.5760000000000001,0.10400000000000001,5,-23.677,0,0.062,0.882,0.00398,0.147,0.7929999999999999,130.928,82800,4.0,2000,2000-08-01
30vRWPvCy9HlwgEEZ6hqGV,"Overture (Suite) in F-Sharp Minor, TWV 55:fis1: V. Loure",Telemann: Overtures / Violin Concerto in B-Flat Major / Concerto for Recorder and Flute in E Minor,51vx1kDoge3m0Wqv4ink0U,"['Georg Philipp Telemann', 'Collegium Musicum 90', 'Simon Standage']","['2fg5h5pzleqI4RjFopWroj', '0RttOiRAmjz06ug0WAsD4i', '2jIBkRzVUboTbp05rJnKeT']",13,1,False,0.44,0.0050799999999999994,5,-25.467,0,0.0502,0.91,0.0,0.19,0.37799999999999995,82.93,102960,4.0,2000,2000-08-01
5LkRO4wXCe3XNCaBpRTZdb,"Overture (Suite) in F-Sharp Minor, TWV 55:fis1: VI. Menuet I - Menuet II: Doucement",Telemann: Overtures / Violin Concerto in B-Flat Major / Concerto for Recorder and Flute in E Minor,51vx1kDoge3m0Wqv4ink0U,"['Georg Philipp Telemann', 'Collegium Musicum 90', 'Simon Standage']","['2fg5h5pzleqI4RjFopWroj', '0RttOiRAmjz06ug0WAsD4i', '2jIBkRzVUboTbp05rJnKeT']",14,1,False,0.5820000000000001,0.00842,3,-25.046,1,0.0467,0.9209999999999999,3.86e-06,0.121,0.402,80.52199999999998,148320,4.0,2000,2000-08-01
0TZHazMDNayiw4IywAY4X4,"Overture (Suite) in F-Sharp Minor, TWV 55:fis1: VII. Courante",Telemann: Overtures / Violin Concerto in B-Flat Major / Concerto for Recorder and Flute in E Minor,51vx1kDoge3m0Wqv4ink0U,"['Georg Philipp Telemann', 'Collegium Musicum 90', 'Simon Standage']","['2fg5h5pzleqI4RjFopWroj', '0RttOiRAmjz06ug0WAsD4i', '2jIBkRzVUboTbp05rJnKeT']",15,1,False,0.485,0.0327,5,-25.948,0,0.0471,0.8740000000000001,5.4299999999999985e-05,0.243,0.483,80.436,111960,1.0,2000,2000-08-01
4dQAgmuXqRKiiMsHlTMA8M,"Overture (Suite) in F-Sharp Minor, TWV 55:fis1: VIII. Le Batelage",Telemann: Overtures / Violin Concerto in B-Flat Major / Concerto for Recorder and Flute in E Minor,51vx1kDoge3m0Wqv4ink0U,"['Georg Philipp Telemann', 'Collegium Musicum 90', 'Simon Standage']","['2fg5h5pzleqI4RjFopWroj', '0RttOiRAmjz06ug0WAsD4i', '2jIBkRzVUboTbp05rJnKeT']",16,1,False,0.6990000000000001,0.165,8,-26.574,1,0.061,0.845,0.168,0.109,0.978,154.735,47880,4.0,2000,2000-08-01
4s08ND0xlW65pwUgncbNRy,"Concerto for 2 Oboes d'amore in A Major, TWV 52:A1: I. Andante",Telemann: Overtures / Violin Concerto in B-Flat Major / Concerto for Recorder and Flute in E Minor,51vx1kDoge3m0Wqv4ink0U,"['Georg Philipp Telemann', 'Anthony Robson', 'John Eastaway', 'Collegium Musicum 90', 'Simon Standage']","['2fg5h5pzleqI4RjFopWroj', '1COgwDHM1uK7tZJ6jp2pDD', '3iwzgm97nFKo2RjzXS2QnZ', '0RttOiRAmjz06ug0WAsD4i', '2jIBkRzVUboTbp05rJnKeT']",17,1,False,0.21100000000000002,0.0225,8,-28.081999999999997,1,0.0502,0.976,0.251,0.10099999999999999,0.254,83.307,122040,3.0,2000,2000-08-01
2W1x06dYeVV9J0oHNkbtGh,"Concerto for 2 Oboes d'amore in A Major, TWV 52:A1: II. Vivace",Telemann: Overtures / Violin Concerto in B-Flat Major / Concerto for Recorder and Flute in E Minor,51vx1kDoge3m0Wqv4ink0U,"['Georg Philipp Telemann', 'Anthony Robson', 'John Eastaway', 'Collegium Musicum 90', 'Simon Standage']","['2fg5h5pzleqI4RjFopWroj', '1COgwDHM1uK7tZJ6jp2pDD', '3iwzgm97nFKo2RjzXS2QnZ', '0RttOiRAmjz06ug0WAsD4i', '2jIBkRzVUboTbp05rJnKeT']",18,1,False,0.649,0.166,8,-22.66800000000001,1,0.048,0.91,0.5539999999999999,0.171,0.871,120.064,101880,4.0,2000,2000-08-01
5FPktgJSUXPPF78ychSaTy,"Concerto for 2 Oboes d'amore in A Major, TWV 52:A1: III. Siciliana",Telemann: Overtures / Violin Concerto in B-Flat Major / Concerto for Recorder and Flute in E Minor,51vx1kDoge3m0Wqv4ink0U,"['Georg Philipp Telemann', 'Anthony Robson', 'John Eastaway', 'Collegium Musicum 90', 'Simon Standage']","['2fg5h5pzleqI4RjFopWroj', '1COgwDHM1uK7tZJ6jp2pDD', '3iwzgm97nFKo2RjzXS2QnZ', '0RttOiRAmjz06ug0WAsD4i', '2jIBkRzVUboTbp05rJnKeT']",19,1,False,0.21100000000000002,0.0143,3,-26.558000000000003,1,0.0412,0.98,0.094,0.0966,0.11699999999999999,83.083,228600,4.0,2000,2000-08-01
00dXhbyMWqgLdJEx8k6zg8,"Concerto for 2 Oboes d'amore in A Major, TWV 52:A1: IV. Allegro",Telemann: Overtures / Violin Concerto in B-Flat Major / Concerto for Recorder and Flute in E Minor,51vx1kDoge3m0Wqv4ink0U,"['Georg Philipp Telemann', 'Anthony Robson', 'John Eastaway', 'Collegium Musicum 90', 'Simon Standage']","['2fg5h5pzleqI4RjFopWroj', '1COgwDHM1uK7tZJ6jp2pDD', '3iwzgm97nFKo2RjzXS2QnZ', '0RttOiRAmjz06ug0WAsD4i', '2jIBkRzVUboTbp05rJnKeT']",20,1,False,0.662,0.0673,3,-22.91,1,0.0454,0.9570000000000001,0.0694,0.22699999999999998,0.748,100.49700000000001,139680,3.0,2000,2000-08-01
2dU343Lbu8F73TqEjVIhOP,"Overture (Suite) in D Major TWV 55:D22, ""Ouverture, jointes d'une Suite tragi-comique"": I. [Ouverture]: Lentement - Vite - Lentement",Telemann: Overtures / Violin Concerto in B-Flat Major / Concerto for Recorder and Flute in E Minor,51vx1kDoge3m0Wqv4ink0U,"['Georg Philipp Telemann', 'Collegium Musicum 90', 'Simon Standage']","['2fg5h5pzleqI4RjFopWroj', '0RttOiRAmjz06ug0WAsD4i', '2jIBkRzVUboTbp05rJnKeT']",21,1,False,0.43799999999999994,0.0322,1,-19.625,1,0.0475,0.897,0.171,0.0885,0.255,100.656,317520,4.0,2000,2000-08-01
4fZlBPqMste69WLzPqYvxK,"Overture (Suite) in D Major TWV 55:D22, ""Ouverture, jointes d'une Suite tragi-comique"": II. Le Podagre: Loure",Telemann: Overtures / Violin Concerto in B-Flat Major / Concerto for Recorder and Flute in E Minor,51vx1kDoge3m0Wqv4ink0U,"['Georg Philipp Telemann', 'Collegium Musicum 90', 'Simon Standage']","['2fg5h5pzleqI4RjFopWroj', '0RttOiRAmjz06ug0WAsD4i', '2jIBkRzVUboTbp05rJnKeT']",22,1,False,0.33399999999999996,0.00371,1,-31.206,0,0.0527,0.9159999999999999,4.3e-05,0.16699999999999998,0.079,75.22399999999998,162360,3.0,2000,2000-08-01
2FbXhROSoUL2SCin15nzgz,"Overture (Suite) in D Major TWV 55:D22, ""Ouverture, jointes d'une Suite tragi-comique"": III. Remede experimente: La Poste et la danse: Menuet en rondeau",Telemann: Overtures / Violin Concerto in B-Flat Major / Concerto for Recorder and Flute in E Minor,51vx1kDoge3m0Wqv4ink0U,"['Georg Philipp Telemann', 'Collegium Musicum 90', 'Simon Standage']","['2fg5h5pzleqI4RjFopWroj', '0RttOiRAmjz06ug0WAsD4i', '2jIBkRzVUboTbp05rJnKeT']",23,1,False,0.6920000000000001,0.23199999999999998,1,-16.121,1,0.0613,0.7809999999999999,0.976,0.0882,0.9570000000000001,95.226,51480,3.0,2000,2000-08-01
7z2ny8Jpea8Yty7gDRFt9y,"Overture (Suite) in D Major TWV 55:D22, ""Ouverture, jointes d'une Suite tragi-comique"": IV. L'Hypocondre: Sarabande - Gigue - Sarabande - Bourree - Sarabande - Hornpipe - Sarabande - La Suave",Telemann: Overtures / Violin Concerto in B-Flat Major / Concerto for Recorder and Flute in E Minor,51vx1kDoge3m0Wqv4ink0U,"['Georg Philipp Telemann', 'Collegium Musicum 90', 'Simon Standage']","['2fg5h5pzleqI4RjFopWroj', '0RttOiRAmjz06ug0WAsD4i', '2jIBkRzVUboTbp05rJnKeT']",24,1,False,0.32299999999999995,0.0063100000000000005,6,-29.273000000000003,0,0.0535,0.851,0.0,0.142,0.256,177.84799999999996,165600,3.0,2000,2000-08-01
4G1jLa2gmxbEXTwEJVZmws,"Overture (Suite) in D Major TWV 55:D22, ""Ouverture, jointes d'une Suite tragi-comique"": V. Remede: Souffrance heroique: Marche",Telemann: Overtures / Violin Concerto in B-Flat Major / Concerto for Recorder and Flute in E Minor,51vx1kDoge3m0Wqv4ink0U,"['Georg Philipp Telemann', 'Collegium Musicum 90', 'Simon Standage']","['2fg5h5pzleqI4RjFopWroj', '0RttOiRAmjz06ug0WAsD4i', '2jIBkRzVUboTbp05rJnKeT']",25,1,False,0.777,0.16699999999999998,8,-16.361,1,0.071,0.9440000000000001,0.7070000000000001,0.111,0.7759999999999999,80.301,71280,4.0,2000,2000-08-01
3q1vm7m1RAJw41Y71jsAAr,"Overture (Suite) in D Major TWV 55:D22, ""Ouverture, jointes d'une Suite tragi-comique"": VI. Le Petit-maitre: Rondeau",Telemann: Overtures / Violin Concerto in B-Flat Major / Concerto for Recorder and Flute in E Minor,51vx1kDoge3m0Wqv4ink0U,"['Georg Philipp Telemann', 'Collegium Musicum 90', 'Simon Standage']","['2fg5h5pzleqI4RjFopWroj', '0RttOiRAmjz06ug0WAsD4i', '2jIBkRzVUboTbp05rJnKeT']",26,1,False,0.5770000000000001,0.0436,1,-20.993000000000002,1,0.0465,0.887,0.0104,0.0833,0.495,87.57600000000002,120960,4.0,2000,2000-08-01
0VjMh20wcpEQxDESK5kvVL,"Overture (Suite) in D Major TWV 55:D22, ""Ouverture, jointes d'une Suite tragi-comique"": VII. Remede: Petite-maison: Furies",Telemann: Overtures / Violin Concerto in B-Flat Major / Concerto for Recorder and Flute in E Minor,51vx1kDoge3m0Wqv4ink0U,"['Georg Philipp Telemann', 'Collegium Musicum 90', 'Simon Standage']","['2fg5h5pzleqI4RjFopWroj', '0RttOiRAmjz06ug0WAsD4i', '2jIBkRzVUboTbp05rJnKeT']",27,1,False,0.555,0.409,1,-13.945,1,0.0332,0.757,0.8540000000000001,0.18100000000000002,0.9440000000000001,137.252,61920,3.0,2000,2000-08-01
37SY41EyGdBn2NAgfGhJxa,Poop Ain't Gotta Scuffle No More,Satchmo of the Ghetto,7u1CBtiI79XyVIHN9xc0e9,['James Andrews'],['0a64NyXnMUydRlOi1V8J7Z'],1,1,False,0.7390000000000001,0.573,10,-12.128,1,0.0423,0.545,0.109,0.184,0.961,143.191,337920,4.0,1998,1998-01-01
3SwwTRgUirCxLqedhnKhsr,Last Night on the Back Porch,Satchmo of the Ghetto,7u1CBtiI79XyVIHN9xc0e9,['James Andrews'],['0a64NyXnMUydRlOi1V8J7Z'],2,1,False,0.7559999999999999,0.58,5,-10.776,1,0.14400000000000002,0.272,0.0755,0.0724,0.8859999999999999,71.308,158499,4.0,1998,1998-01-01
18DREHoHE84D1TXRzBSSFb,Latin Cats,Satchmo of the Ghetto,7u1CBtiI79XyVIHN9xc0e9,['James Andrews'],['0a64NyXnMUydRlOi1V8J7Z'],3,1,False,0.512,0.708,0,-10.288,1,0.0507,0.256,0.938,0.0822,0.9640000000000001,188.467,244971,4.0,1998,1998-01-01
58WC9DK6cpWzJeDvNYMky8,Sweet Emma,Satchmo of the Ghetto,7u1CBtiI79XyVIHN9xc0e9,['James Andrews'],['0a64NyXnMUydRlOi1V8J7Z'],4,1,False,0.7509999999999999,0.47100000000000003,7,-11.058,1,0.0518,0.369,0.18,0.14800000000000002,0.68,107.958,259042,4.0,1998,1998-01-01
6JKstG9U9rNYDLhjeyEDTI,Going for the Money,Satchmo of the Ghetto,7u1CBtiI79XyVIHN9xc0e9,['James Andrews'],['0a64NyXnMUydRlOi1V8J7Z'],5,1,False,0.895,0.6859999999999999,5,-9.837,0,0.039,0.22899999999999998,0.778,0.191,0.938,117.458,265497,4.0,1998,1998-01-01
6OyL3VHeArzCiERjd9MEnB,Got Me a New Love Thing,Satchmo of the Ghetto,7u1CBtiI79XyVIHN9xc0e9,['James Andrews'],['0a64NyXnMUydRlOi1V8J7Z'],6,1,False,0.836,0.66,10,-9.963,1,0.066,0.33299999999999996,0.000541,0.11199999999999999,0.899,118.977,211232,4.0,1998,1998-01-01
1m6rXrOa2xeS5QWjvurvi2,Banana Boogie,Satchmo of the Ghetto,7u1CBtiI79XyVIHN9xc0e9,['James Andrews'],['0a64NyXnMUydRlOi1V8J7Z'],7,1,False,0.594,0.662,0,-10.681,1,0.0986,0.293,0.895,0.243,0.961,184.67,165907,4.0,1998,1998-01-01
3BW4FjAYOz14MVi9xoKaAJ,Catch the Willie,Satchmo of the Ghetto,7u1CBtiI79XyVIHN9xc0e9,['James Andrews'],['0a64NyXnMUydRlOi1V8J7Z'],8,1,False,0.573,0.615,10,-10.296,1,0.0998,0.596,0.00206,0.18,0.8079999999999999,168.989,245574,4.0,1998,1998-01-01
5zXcW9ktnqIi5YPVq3mHGz,It's Only a Paper Moon,Satchmo of the Ghetto,7u1CBtiI79XyVIHN9xc0e9,['James Andrews'],['0a64NyXnMUydRlOi1V8J7Z'],9,1,False,0.536,0.4970000000000001,5,-11.504000000000001,1,0.132,0.42100000000000004,0.00149,0.0868,0.82,143.171,240512,4.0,1998,1998-01-01
5W309pZIlpXNK8BT98Kc9h,Your Mama Don't Dance,Satchmo of the Ghetto,7u1CBtiI79XyVIHN9xc0e9,['James Andrews'],['0a64NyXnMUydRlOi1V8J7Z'],10,1,False,0.508,0.741,10,-9.336,1,0.349,0.61,0.000192,0.0881,0.8009999999999999,154.161,249034,4.0,1998,1998-01-01
6vysEBdjDjqPfnQ4FmVYsE,The Old Rugged Cross,Satchmo of the Ghetto,7u1CBtiI79XyVIHN9xc0e9,['James Andrews'],['0a64NyXnMUydRlOi1V8J7Z'],11,1,False,0.518,0.555,10,-12.072000000000001,1,0.11699999999999999,0.20199999999999999,0.8270000000000001,0.0707,0.792,182.903,227834,4.0,1998,1998-01-01
1b0RlNbfcgqv2pOF9wZOAd,I'm Ready,Carey Bell's Blues Harp,2IxcDVDCYF96agcXrJTo1B,['Carey Bell'],['7wcrtrCODZkNbpq1ZYABxs'],1,1,False,0.573,0.3670000000000001,3,-10.796,1,0.0507,0.44799999999999995,0.0222,0.11699999999999999,0.86,122.875,188760,4.0,1969,1969
1j5yQ5m3IBV0c11BTS77XJ,I Got To Find Somebody,Carey Bell's Blues Harp,2IxcDVDCYF96agcXrJTo1B,['Carey Bell'],['7wcrtrCODZkNbpq1ZYABxs'],2,1,False,0.461,0.35600000000000004,2,-11.245,1,0.0507,0.698,0.0157,0.13699999999999998,0.5539999999999999,214.577,260440,3.0,1969,1969
78q6XHI3jiKZ5sQIRyxowB,I Wanna Will My Love To You,Carey Bell's Blues Harp,2IxcDVDCYF96agcXrJTo1B,['Carey Bell'],['7wcrtrCODZkNbpq1ZYABxs'],3,1,False,0.499,0.431,2,-11.642000000000001,1,0.0389,0.284,0.11900000000000001,0.11800000000000001,0.715,114.854,220200,4.0,1969,1969
41dEip3M7Em1FXDcnmJHG9,Blue Monday At Kansas City Red's,Carey Bell's Blues Harp,2IxcDVDCYF96agcXrJTo1B,['Carey Bell'],['7wcrtrCODZkNbpq1ZYABxs'],4,1,False,0.519,0.61,10,-11.402999999999999,0,0.0487,0.578,0.35600000000000004,0.0969,0.6890000000000001,133.635,243200,4.0,1969,1969
31M6SiJiqEQaRU3HITpLGh,I'm Gonna Buy Me A Train Ticket,Carey Bell's Blues Harp,2IxcDVDCYF96agcXrJTo1B,['Carey Bell'],['7wcrtrCODZkNbpq1ZYABxs'],5,1,False,0.478,0.447,2,-12.686,1,0.0412,0.309,0.107,0.179,0.759,95.571,227600,4.0,1969,1969
1bY2OhLxqV7wz89ZqoCaHZ,Come On Over Here,Carey Bell's Blues Harp,2IxcDVDCYF96agcXrJTo1B,['Carey Bell'],['7wcrtrCODZkNbpq1ZYABxs'],6,1,False,0.512,0.527,10,-11.193,0,0.0388,0.436,4.1e-05,0.0835,0.775,143.642,189467,4.0,1969,1969
3bfEfnFpf5868btHo1Lw8t,I Cry So Much,Carey Bell's Blues Harp,2IxcDVDCYF96agcXrJTo1B,['Carey Bell'],['7wcrtrCODZkNbpq1ZYABxs'],7,1,False,0.507,0.3720000000000001,7,-12.865,1,0.0382,0.753,0.0611,0.256,0.7140000000000001,191.257,287600,4.0,1969,1969
2eUHhaRC1sNVggnUSqMoY9,Sad Dreams,Carey Bell's Blues Harp,2IxcDVDCYF96agcXrJTo1B,['Carey Bell'],['7wcrtrCODZkNbpq1ZYABxs'],8,1,False,0.43799999999999994,0.38799999999999996,10,-13.86,0,0.0293,0.0554,0.821,0.0819,0.498,94.62899999999999,287467,1.0,1969,1969
62a1WuBcTZCURDs01LeOhj,Everything's Up Tight,Carey Bell's Blues Harp,2IxcDVDCYF96agcXrJTo1B,['Carey Bell'],['7wcrtrCODZkNbpq1ZYABxs'],9,1,False,0.5760000000000001,0.503,2,-11.527000000000001,1,0.0628,0.5670000000000001,0.0609,0.0985,0.688,157.394,245827,4.0,1969,1969
1682oUKymhmLebGN5Jc7oW,You Know It Ain't Right,Carey Bell's Blues Harp,2IxcDVDCYF96agcXrJTo1B,['Carey Bell'],['7wcrtrCODZkNbpq1ZYABxs'],10,1,False,0.602,0.466,3,-11.097999999999999,1,0.0345,0.278,0.00221,0.131,0.8290000000000001,109.891,225507,4.0,1969,1969
40bfgbKgWGOxr9UHcHWFIE,Last Night,Carey Bell's Blues Harp,2IxcDVDCYF96agcXrJTo1B,['Carey Bell'],['7wcrtrCODZkNbpq1ZYABxs'],11,1,False,0.652,0.287,2,-13.841,1,0.039,0.657,0.32799999999999996,0.0953,0.3,96.742,274733,3.0,1969,1969
0yNbmezXZFvHWnR6hoseeS,Rocking With A Chromatic,Carey Bell's Blues Harp,2IxcDVDCYF96agcXrJTo1B,['Carey Bell'],['7wcrtrCODZkNbpq1ZYABxs'],12,1,False,0.359,0.672,10,-11.904000000000002,0,0.0622,0.293,0.231,0.0704,0.8690000000000001,201.687,202027,4.0,1969,1969
2Khwhz17omdxZwBeyWMoBi,I'm Gonna Buy Me A Train Ticket,Carey Bell's Blues Harp,2IxcDVDCYF96agcXrJTo1B,['Carey Bell'],['7wcrtrCODZkNbpq1ZYABxs'],13,1,False,0.602,0.414,9,-11.215,1,0.038,0.355,0.00795,0.271,0.748,137.136,149773,4.0,1969,1969
3YJX9C1NUz0pSmWDhf6u0b,Walking In The Park,Carey Bell's Blues Harp,2IxcDVDCYF96agcXrJTo1B,['Carey Bell'],['7wcrtrCODZkNbpq1ZYABxs'],14,1,False,0.5429999999999999,0.45299999999999996,2,-11.683,1,0.0454,0.706,0.59,0.0936,0.688,138.47299999999998,174133,3.0,1969,1969
79gMtvRe3yiIbYQUUnRO03,Carey Bell's Blues Harp,Carey Bell's Blues Harp,2IxcDVDCYF96agcXrJTo1B,['Carey Bell'],['7wcrtrCODZkNbpq1ZYABxs'],15,1,False,0.6629999999999999,0.389,2,-13.349,1,0.0403,0.7929999999999999,0.935,0.162,0.677,126.289,231493,4.0,1969,1969
3SAm1kjFgiybF04qFz2DcL,Sleepy Lake Bike Club,Nansemond,5AjZsbHHa17T4JTSxT8mr4,['Nathan Bowles'],['19AVjnZBhPCLUQQeTkzaSh'],1,1,False,0.287,0.465,8,-10.702,1,0.035,0.642,0.938,0.0812,0.314,87.101,527827,4.0,2014,2014-11-18
2W3EArteGyIzrMehdGhRgJ,The Smoke Swallower,Nansemond,5AjZsbHHa17T4JTSxT8mr4,['Nathan Bowles'],['19AVjnZBhPCLUQQeTkzaSh'],2,1,False,0.18,0.519,5,-13.92,0,0.0461,0.667,0.978,0.29,0.14300000000000002,134.545,166808,3.0,2014,2014-11-18
3YzIYsHls0mIBSevEgtBdu,Jonah / Poor Liza Jane,Nansemond,5AjZsbHHa17T4JTSxT8mr4,['Nathan Bowles'],['19AVjnZBhPCLUQQeTkzaSh'],3,1,False,0.284,0.515,6,-11.242,1,0.0411,0.532,0.785,0.094,0.544,187.275,431653,4.0,2014,2014-11-18
4U9NEHI4z1qqCwnMClD51k,Chuckatuck,Nansemond,5AjZsbHHa17T4JTSxT8mr4,['Nathan Bowles'],['19AVjnZBhPCLUQQeTkzaSh'],4,1,False,0.304,0.473,7,-11.675999999999998,1,0.040999999999999995,0.914,0.9209999999999999,0.0537,0.41100000000000003,174.57,326736,4.0,2014,2014-11-18
6TQuHlAzOCU5VIsVoJRvCT,J.H. for M.P.,Nansemond,5AjZsbHHa17T4JTSxT8mr4,['Nathan Bowles'],['19AVjnZBhPCLUQQeTkzaSh'],5,1,False,0.435,0.511,2,-9.654,1,0.0352,0.755,0.142,0.257,0.7090000000000001,133.042,191280,3.0,2014,2014-11-18
0zHhu8UbjEZa4FjA286sbY,Golden Floaters / Hog Jank,Nansemond,5AjZsbHHa17T4JTSxT8mr4,['Nathan Bowles'],['19AVjnZBhPCLUQQeTkzaSh'],6,1,False,0.39,0.408,5,-14.302999999999999,1,0.0489,0.938,0.7140000000000001,0.131,0.33,153.60299999999995,595171,4.0,2014,2014-11-18
5kEMkUUqioyl9amdx1rBou,Sleepy Lake Tire Swing,Nansemond,5AjZsbHHa17T4JTSxT8mr4,['Nathan Bowles'],['19AVjnZBhPCLUQQeTkzaSh'],7,1,False,0.384,0.368,1,-12.06,1,0.0417,0.639,0.9540000000000001,0.0985,0.201,115.064,614125,4.0,2014,2014-11-18
5D30Z6r9Tk96rKTXuKN0dB,I Care,I Care,2Qx8DS60Ud1Nbd9GCsx8I0,['Rachelle Ann Go'],['0YaTdozvKSQ2UkOTTONmSJ'],1,1,False,0.609,0.524,7,-4.89,1,0.0276,0.591,0.0,0.18600000000000005,0.261,106.99,240747,4.0,2005,2005-12-14
5ncG5MpyrofYtnio0KV5GE,Bakit,I Care,2Qx8DS60Ud1Nbd9GCsx8I0,['Rachelle Ann Go'],['0YaTdozvKSQ2UkOTTONmSJ'],2,1,False,0.609,0.38799999999999996,5,-6.4270000000000005,1,0.0289,0.835,0.0,0.10400000000000001,0.17800000000000002,120.064,247133,4.0,2005,2005-12-14
29d8rZMqF9bzEMbqyNFDn2,Baby It's Time,I Care,2Qx8DS60Ud1Nbd9GCsx8I0,['Rachelle Ann Go'],['0YaTdozvKSQ2UkOTTONmSJ'],3,1,False,0.35600000000000004,0.539,0,-6.041,0,0.0334,0.115,0.0,0.188,0.318,199.797,210213,5.0,2005,2005-12-14
1cV8TMwXtLwDKz7HyTZzuo,If You Walk Away,I Care,2Qx8DS60Ud1Nbd9GCsx8I0,['Rachelle Ann Go'],['0YaTdozvKSQ2UkOTTONmSJ'],4,1,False,0.568,0.636,10,-4.183,1,0.028999999999999998,0.465,4.59e-06,0.23800000000000002,0.397,116.05,251440,4.0,2005,2005-12-14
3QwuQ2uqhaUGFtHdgUCAJN,Strange Are the Ways of Love,I Care,2Qx8DS60Ud1Nbd9GCsx8I0,['Rachelle Ann Go'],['0YaTdozvKSQ2UkOTTONmSJ'],5,1,False,0.5,0.507,7,-6.431,1,0.0335,0.414,0.0,0.0849,0.14400000000000002,78.032,250013,4.0,2005,2005-12-14
2A6E2nMvXF3pKlFgFyx8pq,Promise Me,I Care,2Qx8DS60Ud1Nbd9GCsx8I0,['Rachelle Ann Go'],['0YaTdozvKSQ2UkOTTONmSJ'],6,1,False,0.491,0.41200000000000003,0,-6.693,0,0.026000000000000002,0.7879999999999999,0.0,0.142,0.19,111.376,243120,4.0,2005,2005-12-14
51DPp2a5RsLNsV6o1Yrwje,Number One,I Care,2Qx8DS60Ud1Nbd9GCsx8I0,['Rachelle Ann Go'],['0YaTdozvKSQ2UkOTTONmSJ'],7,1,False,0.753,0.66,7,-10.112,1,0.0524,0.293,9.5e-06,0.0593,0.526,94.98700000000001,255467,4.0,2005,2005-12-14
5Mu5ez5owHj2auotOxtSvK,The Sweetest Vice,I Care,2Qx8DS60Ud1Nbd9GCsx8I0,['Rachelle Ann Go'],['0YaTdozvKSQ2UkOTTONmSJ'],8,1,False,0.574,0.659,2,-7.651,0,0.0365,0.0297,5.3700000000000004e-05,0.0763,0.946,169.862,220373,4.0,2005,2005-12-14
3eNncmc8n9pfRFXRTDHsoo,Days to Come,I Care,2Qx8DS60Ud1Nbd9GCsx8I0,['Rachelle Ann Go'],['0YaTdozvKSQ2UkOTTONmSJ'],9,1,False,0.6990000000000001,0.628,9,-9.687999999999999,0,0.0446,0.000651,7.509999999999998e-05,0.15,0.794,130.025,246800,4.0,2005,2005-12-14
2CwpLBNxPB8gxYER8KQH5J,Palm Reader,I Care,2Qx8DS60Ud1Nbd9GCsx8I0,['Rachelle Ann Go'],['0YaTdozvKSQ2UkOTTONmSJ'],10,1,False,0.856,0.943,4,-6.94,0,0.0748,0.0917,0.0,0.0815,0.922,111.971,211867,4.0,2005,2005-12-14
2C6hgQ5tlgrGhL7fMOxeGF,Thank You,I Care,2Qx8DS60Ud1Nbd9GCsx8I0,['Rachelle Ann Go'],['0YaTdozvKSQ2UkOTTONmSJ'],11,1,False,0.5770000000000001,0.535,0,-4.827,1,0.0269,0.62,0.0,0.124,0.19699999999999998,135.97799999999998,263173,4.0,2005,2005-12-14
2UeNBD4dQhuThNfVLzV7Qw,Good Love,I Care,2Qx8DS60Ud1Nbd9GCsx8I0,['Rachelle Ann Go'],['0YaTdozvKSQ2UkOTTONmSJ'],12,1,False,0.677,0.838,11,-8.118,0,0.043,0.00898,0.037000000000000005,0.11599999999999999,0.738,128.665,241267,4.0,2005,2005-12-14
5fyFf7DhtHBrxyBe6X96Bn,Alam Ng Ating Mga Puso,Obsession,6h6MWTvMGYK7C7OWHk9PkF,['Rachelle Ann Go'],['0YaTdozvKSQ2UkOTTONmSJ'],1,1,False,0.564,0.47700000000000004,9,-9.19,1,0.0359,0.693,0.0,0.10300000000000001,0.37,125.84,224920,4.0,2007,2007-01-01
22p2i2T9rkYFtxTMi6iuWE,And Me U,Obsession,6h6MWTvMGYK7C7OWHk9PkF,['Rachelle Ann Go'],['0YaTdozvKSQ2UkOTTONmSJ'],2,1,False,0.63,0.608,3,-8.304,1,0.0273,0.14300000000000002,0.0,0.301,0.57,97.027,219467,4.0,2007,2007-01-01
2P2vJKQ5tmlJTlfbZj8Zdn,And You Love Me (La Notte Delle Favole),Obsession,6h6MWTvMGYK7C7OWHk9PkF,['Rachelle Ann Go'],['0YaTdozvKSQ2UkOTTONmSJ'],3,1,False,0.542,0.531,7,-7.419,0,0.03,0.46399999999999997,0.0,0.146,0.187,136.013,206867,4.0,2007,2007-01-01
1MGiVpaCTyGceg9TXmNNyD,Come One Day (Sei Tu Sei),Obsession,6h6MWTvMGYK7C7OWHk9PkF,['Rachelle Ann Go'],['0YaTdozvKSQ2UkOTTONmSJ'],4,1,False,0.606,0.49,3,-7.962999999999999,1,0.03,0.693,0.0,0.23399999999999999,0.33899999999999997,119.985,223533,4.0,2007,2007-01-01
12bbWBIIXnKBNBTmkJoLH0,Don't Say Goodbye,Obsession,6h6MWTvMGYK7C7OWHk9PkF,['Rachelle Ann Go'],['0YaTdozvKSQ2UkOTTONmSJ'],5,1,False,0.363,0.39299999999999996,10,-8.035,1,0.03,0.43,0.0,0.177,0.22899999999999998,121.053,269533,4.0,2007,2007-01-01
4nRX6nwBuraHRyszRQkrx9,I Will Always Love You Anyway,Obsession,6h6MWTvMGYK7C7OWHk9PkF,['Rachelle Ann Go'],['0YaTdozvKSQ2UkOTTONmSJ'],6,1,False,0.65,0.614,11,-8.485,0,0.0295,0.102,0.0,0.11900000000000001,0.71,126.962,246080,4.0,2007,2007-01-01
0MR4xLsGPGXELNJfG03lHL,I'm Sure,Obsession,6h6MWTvMGYK7C7OWHk9PkF,['Rachelle Ann Go'],['0YaTdozvKSQ2UkOTTONmSJ'],7,1,False,0.8270000000000001,0.5379999999999999,5,-8.104,0,0.040999999999999995,0.0736,0.0,0.11900000000000001,0.9620000000000001,112.021,202560,4.0,2007,2007-01-01
5m8ZOxDIYx8yn1k5AKzA0z,My Forever Love,Obsession,6h6MWTvMGYK7C7OWHk9PkF,['Rachelle Ann Go'],['0YaTdozvKSQ2UkOTTONmSJ'],8,1,False,0.518,0.402,4,-8.812000000000003,1,0.0269,0.133,0.0,0.12300000000000001,0.298,90.921,229440,4.0,2007,2007-01-01
2PZiNBcurfTaJP7bVWD3Ej,Something In The Air,Obsession,6h6MWTvMGYK7C7OWHk9PkF,['Rachelle Ann Go'],['0YaTdozvKSQ2UkOTTONmSJ'],9,1,False,0.6940000000000001,0.594,11,-10.408,0,0.0397,0.147,0.0,0.141,0.444,127.066,226067,4.0,2007,2007-01-01
2sNovkJOHFDhY3Bzg5U0Qr,This Must Be Love (En Tus Brazos),Obsession,6h6MWTvMGYK7C7OWHk9PkF,['Rachelle Ann Go'],['0YaTdozvKSQ2UkOTTONmSJ'],10,1,False,0.446,0.563,7,-8.577,1,0.0495,0.20800000000000002,0.0,0.102,0.368,139.95,251720,4.0,2007,2007-01-01
7eZMqjPbOdSBALkQJcLW1i,Walk Into My Life (Enamorada DE Ti),Obsession,6h6MWTvMGYK7C7OWHk9PkF,['Rachelle Ann Go'],['0YaTdozvKSQ2UkOTTONmSJ'],11,1,False,0.693,0.575,1,-8.777999999999999,0,0.0431,0.0682,0.0,0.0892,0.672,120.947,257360,4.0,2007,2007-01-01
35TZ7ePM4TzZMujfN2QGmf,You Are My Obsession,Obsession,6h6MWTvMGYK7C7OWHk9PkF,['Rachelle Ann Go'],['0YaTdozvKSQ2UkOTTONmSJ'],12,1,False,0.7040000000000001,0.833,11,-7.8729999999999976,1,0.0567,0.0353,0.0,0.282,0.9,94.993,196707,4.0,2007,2007-01-01
62VLPvhTspiq3uUPPal3uo,Iyong-Iyo,Obsession,6h6MWTvMGYK7C7OWHk9PkF,['Rachelle Ann Go'],['0YaTdozvKSQ2UkOTTONmSJ'],13,1,False,0.597,0.494,3,-8.633,1,0.0286,0.6609999999999999,0.0,0.237,0.33,119.906,221333,4.0,2007,2007-01-01
5dO00T2z5bfAtxFrrQus0O,Whiskey Talking,Heavy In My Hands,2vM8zObR5vwnLJKDKJPF2u,['The Bellyachers'],['2Vp5e87ZmqSTnfcfZsmkXK'],1,1,False,0.5670000000000001,0.726,2,-7.425,1,0.0266,0.0332,0.00502,0.222,0.516,129.439,267453,4.0,2002,2002-01-01
7DM3G2yiIZpPTuTlZoDiQt,Heavy In My Hands,Heavy In My Hands,2vM8zObR5vwnLJKDKJPF2u,['The Bellyachers'],['2Vp5e87ZmqSTnfcfZsmkXK'],2,1,False,0.5329999999999999,0.7440000000000001,9,-7.941,0,0.0264,0.0357,0.7090000000000001,0.18600000000000005,0.826,138.545,192907,4.0,2002,2002-01-01
0smEDQgBbGsyKCdNIA9Pb6,You Move Me,Heavy In My Hands,2vM8zObR5vwnLJKDKJPF2u,['The Bellyachers'],['2Vp5e87ZmqSTnfcfZsmkXK'],3,1,False,0.38,0.38799999999999996,9,-9.963,1,0.0321,0.28300000000000003,0.0808,0.22,0.24,118.008,334920,3.0,2002,2002-01-01
1H1eA9ZLYxazJTubGucmOG,You Can Blame Me,Heavy In My Hands,2vM8zObR5vwnLJKDKJPF2u,['The Bellyachers'],['2Vp5e87ZmqSTnfcfZsmkXK'],4,1,False,0.618,0.5870000000000001,11,-9.307,1,0.0356,0.516,0.000175,0.121,0.82,129.195,206960,4.0,2002,2002-01-01
26B5XCNGRYkZUBJUcfg6ef,Jamie's Cryin',Heavy In My Hands,2vM8zObR5vwnLJKDKJPF2u,['The Bellyachers'],['2Vp5e87ZmqSTnfcfZsmkXK'],5,1,False,0.5579999999999999,0.875,9,-7.185,0,0.0299,0.12,0.00297,0.365,0.8859999999999999,131.482,188000,4.0,2002,2002-01-01
3Tb5ovbJfteRfcKbvyWqpA,Very Married,Heavy In My Hands,2vM8zObR5vwnLJKDKJPF2u,['The Bellyachers'],['2Vp5e87ZmqSTnfcfZsmkXK'],6,1,False,0.597,0.72,9,-7.341,1,0.0254,0.0301,0.00301,0.142,0.9670000000000001,135.406,232907,4.0,2002,2002-01-01
0w5zcWxQP4eulG9iJHuKSl,Something To Cry About,Heavy In My Hands,2vM8zObR5vwnLJKDKJPF2u,['The Bellyachers'],['2Vp5e87ZmqSTnfcfZsmkXK'],7,1,False,0.589,0.371,9,-8.561,1,0.0258,0.185,0.0101,0.0864,0.396,86.891,303760,3.0,2002,2002-01-01
60BnooaqiOzTbe3KYf3PSd,You & Me & the Highway,Heavy In My Hands,2vM8zObR5vwnLJKDKJPF2u,['The Bellyachers'],['2Vp5e87ZmqSTnfcfZsmkXK'],8,1,False,0.578,0.40700000000000003,7,-8.215,1,0.0255,0.40399999999999997,0.00477,0.147,0.0985,109.161,279960,4.0,2002,2002-01-01
7jePScyatwBkExJvhZaUhA,Light Was So Bright,Heavy In My Hands,2vM8zObR5vwnLJKDKJPF2u,['The Bellyachers'],['2Vp5e87ZmqSTnfcfZsmkXK'],9,1,False,0.565,0.462,0,-10.133,1,0.0276,0.154,0.00657,0.14300000000000002,0.401,113.03399999999999,263467,3.0,2002,2002-01-01
5T7qpatvotS0gzku3nFTwU,I Follow You,Heavy In My Hands,2vM8zObR5vwnLJKDKJPF2u,['The Bellyachers'],['2Vp5e87ZmqSTnfcfZsmkXK'],10,1,False,0.429,0.9179999999999999,2,-8.147,0,0.0435,0.00105,0.28800000000000003,0.0939,0.565,126.396,236213,4.0,2002,2002-01-01
1WojP6gbZTpVNany4WAl9G,Death Valley,Heavy In My Hands,2vM8zObR5vwnLJKDKJPF2u,['The Bellyachers'],['2Vp5e87ZmqSTnfcfZsmkXK'],11,1,False,0.495,0.43799999999999994,7,-8.696,1,0.0285,0.228,2.12e-05,0.109,0.319,135.069,302827,3.0,2002,2002-01-01
6xWfXeNy5hBRHvMVhpcypR,Hungering To See You,Heavy In My Hands,2vM8zObR5vwnLJKDKJPF2u,['The Bellyachers'],['2Vp5e87ZmqSTnfcfZsmkXK'],12,1,False,0.386,0.32899999999999996,2,-9.847999999999999,1,0.0302,0.0828,0.00165,0.0857,0.159,106.98,208467,3.0,2002,2002-01-01
6y4iBllXEffHqm6MnISe1F,The Opening Sequence,Instrumental,15LzKq4pznkKQ7mZHxT1Ot,['Esgazette'],['0x9eUjgyyC7UPx6cfSQC7W'],1,1,False,0.737,0.45799999999999996,0,-11.821,1,0.309,0.8740000000000001,0.703,0.111,0.9179999999999999,164.00400000000005,183925,1.0,2018,2018-03-01
1Tp1E84uaE4TqETKCq2zOP,Plasma State Everywhere,Instrumental,15LzKq4pznkKQ7mZHxT1Ot,['Esgazette'],['0x9eUjgyyC7UPx6cfSQC7W'],2,1,False,0.529,0.0884,2,-23.98,1,0.0555,0.992,0.5670000000000001,0.0899,0.585,120.016,168647,4.0,2018,2018-03-01
3AZvRuFgr0HqVpTmNDr1RQ,What Love Is Not,Instrumental,15LzKq4pznkKQ7mZHxT1Ot,['Esgazette'],['0x9eUjgyyC7UPx6cfSQC7W'],3,1,False,0.626,0.5770000000000001,0,-13.53,1,0.0355,0.154,0.809,0.10800000000000001,0.688,86.005,174010,4.0,2018,2018-03-01
7bfeJK8pdMTQWvHkpexeY0,Morton Feldman in a Washing Machine,Instrumental,15LzKq4pznkKQ7mZHxT1Ot,['Esgazette'],['0x9eUjgyyC7UPx6cfSQC7W'],4,1,False,0.244,0.106,7,-18.578,1,0.0361,0.927,0.816,0.121,0.0509,174.37099999999995,189150,3.0,2018,2018-03-01
76rJck1GO1GZHqiJYDCX8Q,Philosophers at the Spa,Instrumental,15LzKq4pznkKQ7mZHxT1Ot,['Esgazette'],['0x9eUjgyyC7UPx6cfSQC7W'],5,1,False,0.46399999999999997,0.672,7,-13.582,0,0.0353,0.491,0.5770000000000001,0.0849,0.209,163.967,136022,4.0,2018,2018-03-01
6VuBaPyCD6kv8nodUTlAcd,Tally Counter Culture,Instrumental,15LzKq4pznkKQ7mZHxT1Ot,['Esgazette'],['0x9eUjgyyC7UPx6cfSQC7W'],6,1,False,0.607,0.41600000000000004,9,-14.392000000000001,0,0.0723,0.359,0.8859999999999999,0.0955,0.0655,134.986,47113,3.0,2018,2018-03-01
6JtnMyIit83NuXfweCV0oH,The Timing of Every Sunrise and Sunset,Instrumental,15LzKq4pznkKQ7mZHxT1Ot,['Esgazette'],['0x9eUjgyyC7UPx6cfSQC7W'],7,1,False,0.7120000000000001,0.20800000000000002,8,-14.277999999999999,1,0.0591,0.925,0.9209999999999999,0.0882,0.376,116.97,204615,4.0,2018,2018-03-01
2IGpoou0M7WwLTNlQAM1fM,Mother City Megalopolis,Instrumental,15LzKq4pznkKQ7mZHxT1Ot,['Esgazette'],['0x9eUjgyyC7UPx6cfSQC7W'],8,1,False,0.605,0.45799999999999996,6,-12.164000000000001,0,0.032,0.0117,0.0916,0.0724,0.6559999999999999,169.97,169412,4.0,2018,2018-03-01
6wPs3FC0c1tME4mWi2bCwQ,Building of the Panopticon,Instrumental,15LzKq4pznkKQ7mZHxT1Ot,['Esgazette'],['0x9eUjgyyC7UPx6cfSQC7W'],9,1,False,0.127,0.0655,9,-20.746,0,0.0385,0.684,0.943,0.11,0.0718,177.11900000000003,176667,3.0,2018,2018-03-01
74Hu2GFWDGhbdKQCDXxP8Q,List of Nature Deities,Instrumental,15LzKq4pznkKQ7mZHxT1Ot,['Esgazette'],['0x9eUjgyyC7UPx6cfSQC7W'],10,1,False,0.604,0.257,0,-19.787,1,0.0525,0.8490000000000001,0.91,0.353,0.6459999999999999,163.97400000000005,170488,4.0,2018,2018-03-01
51JhzCMMWiPzdllWwpyTjA,Rush to Lull,Instrumental,15LzKq4pznkKQ7mZHxT1Ot,['Esgazette'],['0x9eUjgyyC7UPx6cfSQC7W'],11,1,False,0.637,0.222,2,-17.308,0,0.0419,0.794,0.951,0.106,0.767,140.0,203360,4.0,2018,2018-03-01
0ofwRDnR9J5jfyS8OUFbxu,Weltschmerz Weekend,Instrumental,15LzKq4pznkKQ7mZHxT1Ot,['Esgazette'],['0x9eUjgyyC7UPx6cfSQC7W'],12,1,False,0.812,0.311,9,-19.262999999999998,1,0.0569,0.271,0.8440000000000001,0.109,0.335,111.98200000000001,200357,4.0,2018,2018-03-01
27Y8orD45BYWZPHhgRcsjj,Incident at the Monastery,Instrumental,15LzKq4pznkKQ7mZHxT1Ot,['Esgazette'],['0x9eUjgyyC7UPx6cfSQC7W'],13,1,False,0.213,0.11800000000000001,11,-22.135,0,0.0402,0.298,0.8059999999999999,0.10400000000000001,0.0392,170.80700000000004,123571,3.0,2018,2018-03-01
2WDl1HAQ836v8gADexklMQ,Cyborg Anthropology,Instrumental,15LzKq4pznkKQ7mZHxT1Ot,['Esgazette'],['0x9eUjgyyC7UPx6cfSQC7W'],14,1,False,0.591,0.452,0,-12.640999999999998,1,0.10099999999999999,0.327,0.8959999999999999,0.11699999999999999,0.033,90.04700000000004,108414,4.0,2018,2018-03-01
7l2N1nSoQDP8XLdtMBA3uh,Dancing Jelly,Instrumental,15LzKq4pznkKQ7mZHxT1Ot,['Esgazette'],['0x9eUjgyyC7UPx6cfSQC7W'],15,1,False,0.621,0.162,3,-17.219,1,0.0352,0.289,0.0431,0.0985,0.18100000000000002,180.115,55333,4.0,2018,2018-03-01
6E4GkIfXh37G2zX48HltfK,Pharaoh on a Floating Island,Instrumental,15LzKq4pznkKQ7mZHxT1Ot,['Esgazette'],['0x9eUjgyyC7UPx6cfSQC7W'],16,1,False,0.753,0.336,7,-19.287,1,0.0976,0.7070000000000001,0.83,0.107,0.447,128.004,177493,4.0,2018,2018-03-01
7cy2C02OQtG3GNBSIgfupI,Disco on Titan Moon,Instrumental,15LzKq4pznkKQ7mZHxT1Ot,['Esgazette'],['0x9eUjgyyC7UPx6cfSQC7W'],17,1,False,0.725,0.41700000000000004,10,-14.015999999999998,1,0.0609,0.19399999999999998,0.9420000000000001,0.10800000000000001,0.304,89.986,132667,4.0,2018,2018-03-01
5Db8F6ykzdETSbCYABm4lw,Foolish Fire,Instrumental,15LzKq4pznkKQ7mZHxT1Ot,['Esgazette'],['0x9eUjgyyC7UPx6cfSQC7W'],18,1,False,0.43799999999999994,0.188,5,-17.271,0,0.0322,0.774,0.862,0.0804,0.155,168.03099999999995,172664,4.0,2018,2018-03-01
2TQkEcEsJDTwBs7Uk931CW,No One Is out There,Instrumental,15LzKq4pznkKQ7mZHxT1Ot,['Esgazette'],['0x9eUjgyyC7UPx6cfSQC7W'],19,1,False,0.317,0.298,1,-26.175,1,0.0499,0.893,0.836,0.105,0.0666,120.24700000000001,50132,5.0,2018,2018-03-01
2SygJLyqMZWlCNz08Zsn9I,Static Interpretation of Time,Instrumental,15LzKq4pznkKQ7mZHxT1Ot,['Esgazette'],['0x9eUjgyyC7UPx6cfSQC7W'],20,1,False,0.583,0.39799999999999996,7,-16.396,0,0.10400000000000001,0.0304,0.777,0.10800000000000001,0.92,188.02700000000002,141702,4.0,2018,2018-03-01
2JVwsN6viHjR9t5pCPQ4Br,Pretty Shining People,Staying at Tamara's,2NaulYO6lGXTyIzWTJvRJj,['George Ezra'],['2ysnwxxNtSgbb9t1m2Ur4j'],1,1,False,0.584,0.726,1,-4.604,1,0.0371,0.14,0.0,0.0984,0.39799999999999996,106.979,212447,4.0,2018,2018-03-23
0SQN1rxWySXy2K2imvcpTr,Don't Matter Now,Staying at Tamara's,2NaulYO6lGXTyIzWTJvRJj,['George Ezra'],['2ysnwxxNtSgbb9t1m2Ur4j'],2,1,False,0.634,0.8540000000000001,4,-2.698,1,0.0525,0.239,7.36e-06,0.335,0.8340000000000001,95.01100000000001,176089,4.0,2018,2018-03-23
197haCqQ3ehyUC6jmTC9cj,Get Away,Staying at Tamara's,2NaulYO6lGXTyIzWTJvRJj,['George Ezra'],['2ysnwxxNtSgbb9t1m2Ur4j'],3,1,False,0.691,0.8959999999999999,7,-4.882,1,0.0796,0.0912,0.0,0.124,0.94,140.069,154342,4.0,2018,2018-03-23
4ofwffwvvnbSkrMSCKQDaC,Shotgun,Staying at Tamara's,2NaulYO6lGXTyIzWTJvRJj,['George Ezra'],['2ysnwxxNtSgbb9t1m2Ur4j'],4,1,False,0.672,0.735,5,-4.7330000000000005,1,0.0457,0.28600000000000003,0.0,0.242,0.754,115.741,201287,4.0,2018,2018-03-23
38zwkK6TtTjIW9tpYBfZ3D,Paradise,Staying at Tamara's,2NaulYO6lGXTyIzWTJvRJj,['George Ezra'],['2ysnwxxNtSgbb9t1m2Ur4j'],5,1,False,0.642,0.8809999999999999,11,-3.537,1,0.0393,0.209,0.0,0.21,0.9129999999999999,138.03,222045,4.0,2018,2018-03-23
22GUd9JOxhSidGguHxf3Nu,All My Love,Staying at Tamara's,2NaulYO6lGXTyIzWTJvRJj,['George Ezra'],['2ysnwxxNtSgbb9t1m2Ur4j'],6,1,False,0.449,0.5710000000000001,0,-5.206,1,0.0503,0.135,0.0,0.27899999999999997,0.6559999999999999,173.73,160951,4.0,2018,2018-03-23
2UOytD96KzsV0PyDI9uPTu,Sugarcoat,Staying at Tamara's,2NaulYO6lGXTyIzWTJvRJj,['George Ezra'],['2ysnwxxNtSgbb9t1m2Ur4j'],7,1,False,0.706,0.653,5,-6.745,1,0.0368,0.42200000000000004,0.0,0.12,0.368,123.954,202126,4.0,2018,2018-03-23
42bbDWZ8WmXTH7PkYAlGLu,Hold My Girl,Staying at Tamara's,2NaulYO6lGXTyIzWTJvRJj,['George Ezra'],['2ysnwxxNtSgbb9t1m2Ur4j'],8,1,False,0.614,0.527,10,-6.374,1,0.0302,0.597,0.0,0.11,0.354,121.941,211764,4.0,2018,2018-03-23
1bYW7P6Uk83IJU61eozUfE,Saviour (feat. First Aid Kit),Staying at Tamara's,2NaulYO6lGXTyIzWTJvRJj,"['George Ezra', 'First Aid Kit']","['2ysnwxxNtSgbb9t1m2Ur4j', '21egYD1eInY6bGFcniCRT1']",9,1,False,0.5820000000000001,0.7829999999999999,7,-6.437,0,0.0633,0.0505,1.59e-05,0.244,0.187,101.009,212275,4.0,2018,2018-03-23
4JSDMODQLLa35g8PsOM26o,Only a Human,Staying at Tamara's,2NaulYO6lGXTyIzWTJvRJj,['George Ezra'],['2ysnwxxNtSgbb9t1m2Ur4j'],10,1,True,0.53,0.371,7,-6.617000000000001,0,0.0276,0.765,0.0,0.14,0.389,76.031,214475,1.0,2018,2018-03-23
3rGGGUvG6YXzNaqD1yzdzW,The Beautiful Dream,Staying at Tamara's,2NaulYO6lGXTyIzWTJvRJj,['George Ezra'],['2ysnwxxNtSgbb9t1m2Ur4j'],11,1,False,0.501,0.494,4,-8.468,1,0.0295,0.706,0.0118,0.0829,0.163,126.139,269938,4.0,2018,2018-03-23
5RtI5YtqFc7d5ETy6wWPqJ,Psywar,Psywar,5FfgWos3g5rflWHvmvQNrM,['Mayhem'],['0dR10i73opHXuRuLbgxltM'],1,1,False,0.23800000000000002,0.9590000000000001,9,-8.429,1,0.0891,0.000144,0.135,0.369,0.0466,124.92299999999999,210135,4.0,2014,2014-04-29
5TRw3b1ISmkZzFotX3P2DE,From Beyond the Event Horizon - Budapest Sessions,Psywar,5FfgWos3g5rflWHvmvQNrM,['Mayhem'],['0dR10i73opHXuRuLbgxltM'],2,1,False,0.27,0.97,8,-5.956,1,0.0687,0.000152,0.0201,0.331,0.0378,140.253,272970,4.0,2014,2014-04-29
2APKNF5zJpIQLWqOILSp4H,Orgy for One,Orgy for One,3YQSpFI52k9RAMUDAQ1wYa,['Ninja Sex Party'],['3jsyANBBy6gOZUSQhiGclx'],1,1,True,0.578,0.91,2,-2.307,1,0.0637,0.0648,0.0,0.311,0.823,133.055,203150,4.0,2018,2018-03-06
38p3cwk5Hg3u0h4PbDcZxH,Intro,Movement,2vRhA8LISKeh7qVhTsqUSO,"['Malcolm Anthony', 'Choppa Dunks', 'Marzi']","['6PyeXqjH8OMGnt1IOhWgrQ', '6zFHhkl68rXYS57HJ6zGQa', '4ou6cmjDFP0qzoXwr0cJTM']",1,1,True,0.408,0.43799999999999994,0,-7.852,1,0.0298,0.0733,0.915,0.13,0.0343,87.064,121919,4.0,2019,2019-11-13
7dfOzJdEv4ME41VjlTiwSY,I'm Back,Movement,2vRhA8LISKeh7qVhTsqUSO,"['Malcolm Anthony', 'Choppa Dunks', 'Marzi']","['6PyeXqjH8OMGnt1IOhWgrQ', '6zFHhkl68rXYS57HJ6zGQa', '4ou6cmjDFP0qzoXwr0cJTM']",2,1,True,0.6579999999999999,0.413,1,-8.156,1,0.32899999999999996,0.0342,0.00020299999999999997,0.109,0.0725,174.03400000000005,110879,4.0,2019,2019-11-13
0OWobdpAOy3ahGM6xIQFVG,Boss Shit,Movement,2vRhA8LISKeh7qVhTsqUSO,"['Malcolm Anthony', 'Choppa Dunks', 'Marzi']","['6PyeXqjH8OMGnt1IOhWgrQ', '6zFHhkl68rXYS57HJ6zGQa', '4ou6cmjDFP0qzoXwr0cJTM']",3,1,True,0.715,0.531,7,-7.487999999999999,1,0.0379,0.192,2.2899999999999998e-05,0.174,0.151,83.01799999999999,150349,4.0,2019,2019-11-13
7p5oq1GhoeNVzpm2OAQuTv,XO / Hidden Hills,Movement,2vRhA8LISKeh7qVhTsqUSO,"['Malcolm Anthony', 'Choppa Dunks', 'Marzi']","['6PyeXqjH8OMGnt1IOhWgrQ', '6zFHhkl68rXYS57HJ6zGQa', '4ou6cmjDFP0qzoXwr0cJTM']",4,1,True,0.447,0.551,4,-7.421,0,0.0359,0.0192,0.00067,0.255,0.105,118.016,290807,4.0,2019,2019-11-13
2ZsOdgVuylGDMbOqErlc6M,Let Go,Movement,2vRhA8LISKeh7qVhTsqUSO,"['Malcolm Anthony', 'Choppa Dunks', 'Marzi']","['6PyeXqjH8OMGnt1IOhWgrQ', '6zFHhkl68rXYS57HJ6zGQa', '4ou6cmjDFP0qzoXwr0cJTM']",5,1,True,0.485,0.578,7,-7.62,1,0.0311,0.012,0.16,0.395,0.0766,82.98100000000002,166000,4.0,2019,2019-11-13
0Km5rMAlwyEQ4fkjL9lPTa,Time After Time,Time After Time,74scwGs6gfVsPfaVpRSy7N,['D.N.A.'],['7fbQ6nLnH7tUQo1HbIZRI0'],1,1,False,0.517,0.752,11,-8.133,1,0.0578,0.0437,0.632,0.11699999999999999,0.4970000000000001,136.255,158024,4.0,2020,2020-06-26
3HLAFAoyMoMAHBhyuhhBbV,Love In Reverse,Time After Time,74scwGs6gfVsPfaVpRSy7N,['D.N.A.'],['7fbQ6nLnH7tUQo1HbIZRI0'],2,1,False,0.382,0.564,8,-10.04,0,0.0503,0.00323,0.588,0.10800000000000001,0.439,125.801,186493,4.0,2020,2020-06-26
3eObKHpEnzZ3e1FAUdCs1H,Raise Up,Party Animals,1lTVtZIFd2uT1HQSftLSou,['AC Slater'],['6EqFMCnVGBRNmwPlk2f3Uc'],1,1,False,0.629,0.898,1,-5.421,1,0.0426,0.00797,0.0904,0.66,0.262,131.987,225600,4.0,2012,2012-11-06
4LlFJJnf0GYPE6eKuJwzIC,Night Owl,Party Animals,1lTVtZIFd2uT1HQSftLSou,"['AC Slater', 'Nick Thayer']","['6EqFMCnVGBRNmwPlk2f3Uc', '2OebTWrIkx0bL4zoJzG7SK']",2,1,False,0.6709999999999999,0.9259999999999999,9,-4.417,1,0.0845,0.007240000000000002,0.0683,0.0727,0.121,128.925,337600,4.0,2012,2012-11-06
5H8S78l1anyLaqaRkuHsol,Party Animals (feat. Nina Sky),Party Animals,1lTVtZIFd2uT1HQSftLSou,"['AC Slater', 'Nina Sky']","['6EqFMCnVGBRNmwPlk2f3Uc', '6eBYLQONaYZhZNAVK061t6']",3,1,False,0.737,0.6920000000000001,9,-6.041,0,0.0439,0.00565,0.000296,0.0596,0.439,131.031,250400,4.0,2012,2012-11-06
3gaHNJKNyOBPmMyvC9gOOe,Ass Drop (feat. Dell Harris),Party Animals,1lTVtZIFd2uT1HQSftLSou,"['AC Slater', 'Dell Harris']","['6EqFMCnVGBRNmwPlk2f3Uc', '1y0Nop1neJbRIX1JmOLPyZ']",4,1,False,0.7809999999999999,0.871,7,-4.069,1,0.0539,0.000176,0.0107,0.152,0.5489999999999999,140.96200000000005,275800,4.0,2012,2012-11-06
5QpR9YnECQI02EYaQyuFoF,Ass Drop (feat. Dell Harris) - Dub,Party Animals,1lTVtZIFd2uT1HQSftLSou,"['AC Slater', 'Dell Harris']","['6EqFMCnVGBRNmwPlk2f3Uc', '1y0Nop1neJbRIX1JmOLPyZ']",5,1,False,0.747,0.8590000000000001,7,-4.308,1,0.039,8.55e-05,0.268,0.253,0.509,140.987,248400,4.0,2012,2012-11-06
6n5BNq1qeXmpyEnqm6yBEb,Failte do'n Eilean Sgiathanach (Hail To The Isle Of Skye),Nuair Bha Mi Og,46OKIpJtvFmU4xwngT7RpI,['Arthur Cormack'],['0CsV4ETbJbYqMrtuvHP0Fz'],1,1,False,0.332,0.151,2,-15.526,1,0.0427,0.9179999999999999,5.56e-05,0.0644,0.423,123.90799999999999,236493,5.0,1992,1992
0rJimpEWl6d3UtpVLMW4xb,An t-Aodann Ban (Edinbaine),Nuair Bha Mi Og,46OKIpJtvFmU4xwngT7RpI,['Arthur Cormack'],['0CsV4ETbJbYqMrtuvHP0Fz'],2,1,False,0.261,0.20800000000000002,6,-14.232999999999999,1,0.0313,0.7909999999999999,0.0,0.0898,0.267,171.46400000000003,239040,3.0,1992,1992
0mpTUUHMtXOXAV4ZCgI74m,Nuair Bha Mi Og (When I Was Young),Nuair Bha Mi Og,46OKIpJtvFmU4xwngT7RpI,['Arthur Cormack'],['0CsV4ETbJbYqMrtuvHP0Fz'],3,1,False,0.429,0.0319,8,-19.455,1,0.0633,0.9590000000000001,0.0,0.114,0.419,82.37700000000002,200400,4.0,1992,1992
6KzBhjL8H7aGlCuycyJgJe,Puirt a beul (Mouth Music),Nuair Bha Mi Og,46OKIpJtvFmU4xwngT7RpI,['Arthur Cormack'],['0CsV4ETbJbYqMrtuvHP0Fz'],4,1,False,0.546,0.318,2,-11.043,1,0.0356,0.855,0.0,0.0992,0.951,100.539,118760,4.0,1992,1992
3wpbptPwDqfYVdwGolemH8,Gruagach og an fhuilt bhain (The Young Fair-haired Maiden),Nuair Bha Mi Og,46OKIpJtvFmU4xwngT7RpI,['Arthur Cormack'],['0CsV4ETbJbYqMrtuvHP0Fz'],5,1,False,0.396,0.107,0,-17.54,1,0.040999999999999995,0.9229999999999999,0.0,0.121,0.2,121.009,209173,5.0,1992,1992
5LB8uQpb2YX5T8373OxeZc,"S e mo bheachd ort a' Bhais (My Opinions Of You, Death)",Nuair Bha Mi Og,46OKIpJtvFmU4xwngT7RpI,['Arthur Cormack'],['0CsV4ETbJbYqMrtuvHP0Fz'],6,1,False,0.292,0.0539,4,-22.32,1,0.0447,0.787,0.0,0.298,0.354,89.4,195627,3.0,1992,1992
68vKum4waMFI2L5XKd9yQZ,Thoir mo shoraidh thar an t-saile (Convey My Farewell Across The Sea),Nuair Bha Mi Og,46OKIpJtvFmU4xwngT7RpI,['Arthur Cormack'],['0CsV4ETbJbYqMrtuvHP0Fz'],7,1,False,0.29,0.239,4,-12.538,0,0.028999999999999998,0.43,0.0,0.127,0.276,100.478,218307,4.0,1992,1992
5O0Vi0la55173ZYT8tEMAX,Gillean Ghleann-dai (The Sons Of Glendale),Nuair Bha Mi Og,46OKIpJtvFmU4xwngT7RpI,['Arthur Cormack'],['0CsV4ETbJbYqMrtuvHP0Fz'],8,1,False,0.565,0.06,2,-16.945,1,0.475,0.951,0.0,0.155,0.365,133.136,148627,5.0,1992,1992
11Z1B73XBLi7TUIaaf8PuJ,Eilean a' Cheo (The Misty Isle),Nuair Bha Mi Og,46OKIpJtvFmU4xwngT7RpI,['Arthur Cormack'],['0CsV4ETbJbYqMrtuvHP0Fz'],9,1,False,0.384,0.162,9,-14.338,0,0.0351,0.857,0.0,0.11800000000000001,0.27699999999999997,112.697,185173,5.0,1992,1992
6QjuyaY1RxoaLjJDIoXlyH,Carn air a' mhonadh (The Cairn On The Moor),Nuair Bha Mi Og,46OKIpJtvFmU4xwngT7RpI,['Arthur Cormack'],['0CsV4ETbJbYqMrtuvHP0Fz'],10,1,False,0.217,0.0743,7,-14.295,1,0.0329,0.64,0.0,0.32799999999999996,0.138,167.94799999999995,242627,5.0,1992,1992
5nAegr3upRcknmsV8B4lKI,Cumha Alasdair Dhuinn (Lament For Brown-haired Alisdair),Nuair Bha Mi Og,46OKIpJtvFmU4xwngT7RpI,['Arthur Cormack'],['0CsV4ETbJbYqMrtuvHP0Fz'],11,1,False,0.451,0.055999999999999994,8,-19.019000000000002,1,0.0476,0.81,0.0,0.0696,0.257,108.721,158573,4.0,1992,1992
1XnScR91mFrcKxike0DFKx,"Ho ro 'illean na bithemaid tursach (Ho Ro Boys, Let's Not Be Sad)",Nuair Bha Mi Og,46OKIpJtvFmU4xwngT7RpI,['Arthur Cormack'],['0CsV4ETbJbYqMrtuvHP0Fz'],12,1,False,0.34,0.299,4,-11.655999999999999,0,0.0349,0.451,0.0,0.196,0.41200000000000003,133.84799999999998,226333,4.0,1992,1992
5S4AJ4bDn2QrUzDdtFRMKf,Mo nighean donn nan gobhar (My Brown-haired Goat-herder),Nuair Bha Mi Og,46OKIpJtvFmU4xwngT7RpI,['Arthur Cormack'],['0CsV4ETbJbYqMrtuvHP0Fz'],13,1,False,0.447,0.10300000000000001,6,-14.158,1,0.0583,0.887,0.0,0.158,0.382,128.782,132800,3.0,1992,1992
0f7QgvYgqlg7GqNUTlhoho,An gaol a thug mi og (The Love Of My Young Days),Nuair Bha Mi Og,46OKIpJtvFmU4xwngT7RpI,['Arthur Cormack'],['0CsV4ETbJbYqMrtuvHP0Fz'],14,1,False,0.604,0.442,3,-11.729000000000001,1,0.0503,0.7759999999999999,0.0,0.0821,0.24100000000000002,119.53,245227,4.0,1992,1992
2v3j8X69OoQBvgi0DNtNuq,Nach gorach mi gad chaoineadh (How Foolish Of Me To Cry For You),Nuair Bha Mi Og,46OKIpJtvFmU4xwngT7RpI,['Arthur Cormack'],['0CsV4ETbJbYqMrtuvHP0Fz'],15,1,False,0.40700000000000003,0.0581,6,-16.31,1,0.0825,0.978,0.0,0.152,0.19399999999999998,86.384,176600,1.0,1992,1992
2xrn4jaQo4B5vT4NEJKLQP,Oran eile air an aobhar cheudna (Another Song On The Same Theme),Nuair Bha Mi Og,46OKIpJtvFmU4xwngT7RpI,['Arthur Cormack'],['0CsV4ETbJbYqMrtuvHP0Fz'],16,1,False,0.387,0.0733,4,-17.844,1,0.0446,0.992,0.0,0.0872,0.4270000000000001,82.73899999999998,241000,1.0,1992,1992
3gJ4AmyJiJ3aDzP9SZN759,Mo ghaol an te nach diobair mi (My Love Who Would Not Forsake Me),Nuair Bha Mi Og,46OKIpJtvFmU4xwngT7RpI,['Arthur Cormack'],['0CsV4ETbJbYqMrtuvHP0Fz'],17,1,False,0.511,0.0426,10,-18.776,1,0.0973,0.9420000000000001,0.0,0.12,0.502,127.25299999999999,137733,3.0,1992,1992
5RPIFxY3YUiMlGh4mWhqf5,"Moisè in Egitto, Pt. 1: No. 1, Sinfonia",Koželuch: Moisè in Egitto,5sjrzcuuz7If7YUjL3vsEQ,"['Leopold Koželuch', 'Das Kleine Konzert', 'Hermann Max']","['7C5oAOwd8u6WbaKEn7NJEl', '429D6l1sS2mYTNmhawzHWI', '6jlnvHIJkxWUl4H7itYXMd']",1,1,False,0.35600000000000004,0.13,2,-22.691999999999997,1,0.0427,0.8540000000000001,0.726,0.094,0.18600000000000005,106.975,366533,4.0,2003,2003-11-18
0AcMrEaY9tEO88PHru4U7t,"Moisè in Egitto, Pt. 1: No. 2, Quando que lieti istanti",Koželuch: Moisè in Egitto,5sjrzcuuz7If7YUjL3vsEQ,"['Leopold Koželuch', 'Rheinische Kantorei', 'Das Kleine Konzert', 'Hermann Max']","['7C5oAOwd8u6WbaKEn7NJEl', '4X2WEqbEkMg2uekVaLpCcM', '429D6l1sS2mYTNmhawzHWI', '6jlnvHIJkxWUl4H7itYXMd']",2,1,False,0.2,0.0523,2,-23.49,1,0.0386,0.9309999999999999,0.381,0.14,0.0491,92.462,153960,4.0,2003,2003-11-18
1hlGP94tzOFEj7pXFC0jTj,"Moisè in Egitto, Pt. 1: No. 3, Quai voci, o Dio, quai pianti!",Koželuch: Moisè in Egitto,5sjrzcuuz7If7YUjL3vsEQ,"['Leopold Koželuch', 'Markus Schäfer', 'Das Kleine Konzert', 'Hermann Max']","['7C5oAOwd8u6WbaKEn7NJEl', '1JC0ekawKvIOehVRu4ziPX', '429D6l1sS2mYTNmhawzHWI', '6jlnvHIJkxWUl4H7itYXMd']",3,1,False,0.33,0.0113,9,-29.147,0,0.0684,0.948,0.0,0.536,0.161,88.554,60907,4.0,2003,2003-11-18
3B5GvWPo0E4ORsbN7psrvM,"Moisè in Egitto, Pt. 1: No. 4, Cede il furor tiranno",Koželuch: Moisè in Egitto,5sjrzcuuz7If7YUjL3vsEQ,"['Leopold Koželuch', 'Markus Schäfer', 'Das Kleine Konzert', 'Hermann Max']","['7C5oAOwd8u6WbaKEn7NJEl', '1JC0ekawKvIOehVRu4ziPX', '429D6l1sS2mYTNmhawzHWI', '6jlnvHIJkxWUl4H7itYXMd']",4,1,False,0.469,0.0948,5,-23.561999999999998,1,0.0502,0.9490000000000001,0.0065,0.166,0.366,119.975,331827,4.0,2003,2003-11-18
5XuXFvOdlRUzPP5NoUyKXZ,"Moisè in Egitto, Pt. 1: No. 5, Figlio!",Koželuch: Moisè in Egitto,5sjrzcuuz7If7YUjL3vsEQ,"['Leopold Koželuch', 'Simone Kermes', 'Markus Schäfer', 'Das Kleine Konzert', 'Hermann Max']","['7C5oAOwd8u6WbaKEn7NJEl', '5YB96PPFR0dEMazdUzMJDb', '1JC0ekawKvIOehVRu4ziPX', '429D6l1sS2mYTNmhawzHWI', '6jlnvHIJkxWUl4H7itYXMd']",5,1,False,0.39,0.0391,7,-25.061999999999998,0,0.0573,0.9540000000000001,0.0,0.134,0.0568,102.86200000000001,74373,1.0,2003,2003-11-18
72VZrO6QMufjqbcn6JeicG,"Moisè in Egitto, Pt. 1: No. 6, Cedi, o figlio, al mio dolore",Koželuch: Moisè in Egitto,5sjrzcuuz7If7YUjL3vsEQ,"['Leopold Koželuch', 'Simone Kermes', 'Das Kleine Konzert', 'Hermann Max']","['7C5oAOwd8u6WbaKEn7NJEl', '5YB96PPFR0dEMazdUzMJDb', '429D6l1sS2mYTNmhawzHWI', '6jlnvHIJkxWUl4H7itYXMd']",6,1,False,0.391,0.0787,7,-22.784000000000002,0,0.0626,0.945,4.49e-06,0.31,0.239,73.027,245693,4.0,2003,2003-11-18
0yNWaQ5UWifGFQ0I3cdFCL,"Moisè in Egitto, Pt. 1: No. 7, Calma l'affanno, oh Madre!",Koželuch: Moisè in Egitto,5sjrzcuuz7If7YUjL3vsEQ,"['Leopold Koželuch', 'Markus Schäfer', 'Simone Kermes', 'Linda Perillo', 'Das Kleine Konzert', 'Hermann Max']","['7C5oAOwd8u6WbaKEn7NJEl', '1JC0ekawKvIOehVRu4ziPX', '5YB96PPFR0dEMazdUzMJDb', '38WMUWJLSoiJvA8geyx1GS', '429D6l1sS2mYTNmhawzHWI', '6jlnvHIJkxWUl4H7itYXMd']",7,1,False,0.433,0.0558,7,-22.410999999999998,0,0.08900000000000001,0.935,0.0,0.129,0.0977,104.495,95973,1.0,2003,2003-11-18
0R9CSo3dAMeys1UQVZx9wl,"Moisè in Egitto, Pt. 1: No. 8, Ei di pietade é fonte",Koželuch: Moisè in Egitto,5sjrzcuuz7If7YUjL3vsEQ,"['Leopold Koželuch', 'Linda Perillo', 'Das Kleine Konzert', 'Hermann Max']","['7C5oAOwd8u6WbaKEn7NJEl', '38WMUWJLSoiJvA8geyx1GS', '429D6l1sS2mYTNmhawzHWI', '6jlnvHIJkxWUl4H7itYXMd']",8,1,False,0.26899999999999996,0.0436,5,-22.699,1,0.0581,0.975,3.06e-06,0.19899999999999998,0.133,164.835,242360,5.0,2003,2003-11-18
5Ofr5ICm4rAfXC4i5txMUt,"Moisè in Egitto, Pt. 1: No. 9, Così quel fier tiranno",Koželuch: Moisè in Egitto,5sjrzcuuz7If7YUjL3vsEQ,"['Leopold Koželuch', 'Rheinische Kantorei', 'Das Kleine Konzert', 'Hermann Max']","['7C5oAOwd8u6WbaKEn7NJEl', '4X2WEqbEkMg2uekVaLpCcM', '429D6l1sS2mYTNmhawzHWI', '6jlnvHIJkxWUl4H7itYXMd']",9,1,False,0.17600000000000002,0.0525,5,-25.535999999999998,1,0.0405,0.9570000000000001,0.0326,0.14800000000000002,0.0384,119.70299999999999,42440,4.0,2003,2003-11-18
6E4jliLm4V6Qkz8D28F8wZ,"Moisè in Egitto, Pt. 1: No. 10, Così quel fier tiranno (Fugue)",Koželuch: Moisè in Egitto,5sjrzcuuz7If7YUjL3vsEQ,"['Leopold Koželuch', 'Das Kleine Konzert', 'Hermann Max']","['7C5oAOwd8u6WbaKEn7NJEl', '429D6l1sS2mYTNmhawzHWI', '6jlnvHIJkxWUl4H7itYXMd']",10,1,False,0.213,0.203,5,-19.209,1,0.0454,0.9690000000000001,0.000218,0.102,0.174,84.78299999999999,181467,4.0,2003,2003-11-18
7yL6KsedQHxN8zZdScZLTM,"Moisè in Egitto, Pt. 1: No. 11, Olà! Col Popol tuo perchè non parti!",Koželuch: Moisè in Egitto,5sjrzcuuz7If7YUjL3vsEQ,"['Leopold Koželuch', 'Tom Sol', 'Markus Schäfer', 'Das Kleine Konzert', 'Hermann Max']","['7C5oAOwd8u6WbaKEn7NJEl', '2ScWgAN8og1VUWm9wEhEyV', '1JC0ekawKvIOehVRu4ziPX', '429D6l1sS2mYTNmhawzHWI', '6jlnvHIJkxWUl4H7itYXMd']",11,1,False,0.52,0.083,7,-23.554000000000002,1,0.141,0.93,0.0,0.525,0.3,125.381,103333,3.0,2003,2003-11-18
5ECIotggXPLkPWJgaLPA2c,"Moisè in Egitto, Pt. 1: No. 12, Voi, che il scettro, e il mio potere",Koželuch: Moisè in Egitto,5sjrzcuuz7If7YUjL3vsEQ,"['Leopold Koželuch', 'Tom Sol', 'Das Kleine Konzert', 'Hermann Max']","['7C5oAOwd8u6WbaKEn7NJEl', '2ScWgAN8og1VUWm9wEhEyV', '429D6l1sS2mYTNmhawzHWI', '6jlnvHIJkxWUl4H7itYXMd']",12,1,False,0.484,0.134,9,-20.604,1,0.0883,0.977,1.04e-06,0.1,0.502,77.521,206067,4.0,2003,2003-11-18
0loRSB9Xx5B3t6qj4LuVsm,"Moisè in Egitto, Pt. 1: No. 13, Ferma, signor, che fai?",Koželuch: Moisè in Egitto,5sjrzcuuz7If7YUjL3vsEQ,"['Leopold Koželuch', 'Markus Schäfer', 'Simone Kermes', 'Tom Sol', 'Das Kleine Konzert', 'Hermann Max']","['7C5oAOwd8u6WbaKEn7NJEl', '1JC0ekawKvIOehVRu4ziPX', '5YB96PPFR0dEMazdUzMJDb', '2ScWgAN8og1VUWm9wEhEyV', '429D6l1sS2mYTNmhawzHWI', '6jlnvHIJkxWUl4H7itYXMd']",13,1,False,0.512,0.0699,0,-23.939,1,0.125,0.9279999999999999,0.0,0.769,0.295,106.925,87733,3.0,2003,2003-11-18
5AYTVow25gBlYcovGkWxAA,"Moisè in Egitto, Pt. 1: No. 14, Fra il timore e la speranza",Koželuch: Moisè in Egitto,5sjrzcuuz7If7YUjL3vsEQ,"['Leopold Koželuch', 'Simone Kermes', 'Linda Perillo', 'Markus Schäfer', 'Tom Sol', 'Rheinische Kantorei', 'Das Kleine Konzert', 'Hermann Max']","['7C5oAOwd8u6WbaKEn7NJEl', '5YB96PPFR0dEMazdUzMJDb', '38WMUWJLSoiJvA8geyx1GS', '1JC0ekawKvIOehVRu4ziPX', '2ScWgAN8og1VUWm9wEhEyV', '4X2WEqbEkMg2uekVaLpCcM', '429D6l1sS2mYTNmhawzHWI', '6jlnvHIJkxWUl4H7itYXMd']",14,1,False,0.401,0.11900000000000001,10,-20.267,1,0.0612,0.973,2.4e-06,0.14,0.258,142.918,541533,4.0,2003,2003-11-18
51QbOaOEcvLjAT7no0GuRI,"Moisè in Egitto, Pt. 1: No. 15, Copre il sol un fosco velo",Koželuch: Moisè in Egitto,5sjrzcuuz7If7YUjL3vsEQ,"['Leopold Koželuch', 'Rheinische Kantorei', 'Das Kleine Konzert', 'Hermann Max']","['7C5oAOwd8u6WbaKEn7NJEl', '4X2WEqbEkMg2uekVaLpCcM', '429D6l1sS2mYTNmhawzHWI', '6jlnvHIJkxWUl4H7itYXMd']",15,1,False,0.354,0.153,5,-19.914,0,0.032,0.932,0.245,0.0808,0.0834,75.813,249493,4.0,2003,2003-11-18
4WGRKwQqoZZB3tmhwYAtm5,"Moisè in Egitto, Pt. 2: No. 1, D'ignoto Nume la man possente",Koželuch: Moisè in Egitto,5sjrzcuuz7If7YUjL3vsEQ,"['Leopold Koželuch', 'Rheinische Kantorei', 'Das Kleine Konzert', 'Hermann Max']","['7C5oAOwd8u6WbaKEn7NJEl', '4X2WEqbEkMg2uekVaLpCcM', '429D6l1sS2mYTNmhawzHWI', '6jlnvHIJkxWUl4H7itYXMd']",1,2,False,0.23600000000000002,0.0836,11,-23.836,0,0.0464,0.9590000000000001,0.125,0.254,0.068,108.38799999999999,235533,3.0,2003,2003-11-18
0IXbPXijRsyTS3gJiHvToV,"Moisè in Egitto, Pt. 2: No. 2, No! Più non m'oppongo",Koželuch: Moisè in Egitto,5sjrzcuuz7If7YUjL3vsEQ,"['Leopold Koželuch', 'Tom Sol', 'Das Kleine Konzert', 'Hermann Max']","['7C5oAOwd8u6WbaKEn7NJEl', '2ScWgAN8og1VUWm9wEhEyV', '429D6l1sS2mYTNmhawzHWI', '6jlnvHIJkxWUl4H7itYXMd']",2,2,False,0.514,0.0521,7,-26.538,1,0.155,0.971,0.0,0.27,0.41100000000000003,109.368,36133,4.0,2003,2003-11-18
1BZaOa4BNOrGxPlDI49tGb,"Moisè in Egitto, Pt. 2: No. 3, D'ignoto Nume la man possente (Reprise)",Koželuch: Moisè in Egitto,5sjrzcuuz7If7YUjL3vsEQ,"['Leopold Koželuch', 'Rheinische Kantorei', 'Das Kleine Konzert', 'Hermann Max']","['7C5oAOwd8u6WbaKEn7NJEl', '4X2WEqbEkMg2uekVaLpCcM', '429D6l1sS2mYTNmhawzHWI', '6jlnvHIJkxWUl4H7itYXMd']",3,2,False,0.231,0.0988,6,-24.851,1,0.0447,0.961,0.621,0.272,0.10400000000000001,111.54,108600,3.0,2003,2003-11-18
0Fo5fPreo0K9sP6IFVjoXU,"Moisè in Egitto, Pt. 2: No. 4, Recitative. Ove corro? Ove m'ascondo?",Koželuch: Moisè in Egitto,5sjrzcuuz7If7YUjL3vsEQ,"['Leopold Koželuch', 'Simone Kermes', 'Das Kleine Konzert', 'Hermann Max']","['7C5oAOwd8u6WbaKEn7NJEl', '5YB96PPFR0dEMazdUzMJDb', '429D6l1sS2mYTNmhawzHWI', '6jlnvHIJkxWUl4H7itYXMd']",4,2,False,0.434,0.0756,10,-23.195,1,0.14300000000000002,0.9179999999999999,0.000371,0.213,0.201,70.27,102693,4.0,2003,2003-11-18
7til9pPvxvFHheZNlCqaOI,"Moisè in Egitto, Pt. 2: No. 5, Colpo di vento alpestro",Koželuch: Moisè in Egitto,5sjrzcuuz7If7YUjL3vsEQ,"['Leopold Koželuch', 'Simone Kermes', 'Das Kleine Konzert', 'Hermann Max']","['7C5oAOwd8u6WbaKEn7NJEl', '5YB96PPFR0dEMazdUzMJDb', '429D6l1sS2mYTNmhawzHWI', '6jlnvHIJkxWUl4H7itYXMd']",5,2,False,0.45399999999999996,0.138,7,-21.38,1,0.051,0.963,0.0569,0.18899999999999997,0.23600000000000002,126.4,441933,4.0,2003,2003-11-18
4f9RKNxMRpJUtrX1Tm7Awp,"Moisè in Egitto, Pt. 2: No. 6, Che veggo! Qual timore m'assale!",Koželuch: Moisè in Egitto,5sjrzcuuz7If7YUjL3vsEQ,"['Leopold Koželuch', 'Simone Kermes', 'Das Kleine Konzert', 'Hermann Max']","['7C5oAOwd8u6WbaKEn7NJEl', '5YB96PPFR0dEMazdUzMJDb', '429D6l1sS2mYTNmhawzHWI', '6jlnvHIJkxWUl4H7itYXMd']",6,2,False,0.253,0.0389,10,-22.61,1,0.0577,0.981,0.000299,0.126,0.0828,75.612,438573,4.0,2003,2003-11-18
58ReOUIfZ44mQ1Y0hb2Ze9,"Moisè in Egitto, Pt. 2: No. 7, Sommo Dio!",Koželuch: Moisè in Egitto,5sjrzcuuz7If7YUjL3vsEQ,"['Leopold Koželuch', 'Markus Schäfer', 'Das Kleine Konzert', 'Hermann Max']","['7C5oAOwd8u6WbaKEn7NJEl', '1JC0ekawKvIOehVRu4ziPX', '429D6l1sS2mYTNmhawzHWI', '6jlnvHIJkxWUl4H7itYXMd']",7,2,False,0.324,0.0279,2,-29.235,1,0.0559,0.9129999999999999,0.0,0.18600000000000005,0.201,167.835,50227,3.0,2003,2003-11-18
1GDnROkj0LbJw3OyptqbjI,"Moisè in Egitto, Pt. 2: No. 8, Ei prova inmezzo al core",Koželuch: Moisè in Egitto,5sjrzcuuz7If7YUjL3vsEQ,"['Leopold Koželuch', 'Markus Schäfer', 'Das Kleine Konzert', 'Hermann Max']","['7C5oAOwd8u6WbaKEn7NJEl', '1JC0ekawKvIOehVRu4ziPX', '429D6l1sS2mYTNmhawzHWI', '6jlnvHIJkxWUl4H7itYXMd']",8,2,False,0.363,0.0417,2,-26.625999999999998,0,0.0551,0.96,0.00023199999999999997,0.20199999999999999,0.21100000000000002,112.51299999999999,208467,4.0,2003,2003-11-18
45q6I4oVpvBVDJfB05VQoW,"Moisè in Egitto, Pt. 2: No. 9, Principessa!",Koželuch: Moisè in Egitto,5sjrzcuuz7If7YUjL3vsEQ,"['Leopold Koželuch', 'Linda Perillo', 'Markus Schäfer', 'Das Kleine Konzert', 'Hermann Max']","['7C5oAOwd8u6WbaKEn7NJEl', '38WMUWJLSoiJvA8geyx1GS', '1JC0ekawKvIOehVRu4ziPX', '429D6l1sS2mYTNmhawzHWI', '6jlnvHIJkxWUl4H7itYXMd']",9,2,False,0.478,0.0211,9,-26.019000000000002,0,0.0842,0.951,0.0,0.6970000000000001,0.12,123.50399999999999,106867,4.0,2003,2003-11-18
5RnrQ3poPDadLLPm7k2Lfp,"Moisè in Egitto, Pt. 2: No. 10, Ah che forse figlio amato",Koželuch: Moisè in Egitto,5sjrzcuuz7If7YUjL3vsEQ,"['Leopold Koželuch', 'Simone Kermes', 'Linda Perillo', 'Markus Schäfer', 'Das Kleine Konzert', 'Hermann Max']","['7C5oAOwd8u6WbaKEn7NJEl', '5YB96PPFR0dEMazdUzMJDb', '38WMUWJLSoiJvA8geyx1GS', '1JC0ekawKvIOehVRu4ziPX', '429D6l1sS2mYTNmhawzHWI', '6jlnvHIJkxWUl4H7itYXMd']",10,2,False,0.35100000000000003,0.0636,9,-22.154,1,0.0547,0.981,0.000417,0.0985,0.0963,64.821,285067,4.0,2003,2003-11-18
5LHJS645xCy4TBZWst2T2d,"Moisè in Egitto, Pt. 2: No. 11, Ov'è Moisè?",Koželuch: Moisè in Egitto,5sjrzcuuz7If7YUjL3vsEQ,"['Leopold Koželuch', 'Tom Sol', 'Markus Schäfer', 'Das Kleine Konzert', 'Hermann Max']","['7C5oAOwd8u6WbaKEn7NJEl', '2ScWgAN8og1VUWm9wEhEyV', '1JC0ekawKvIOehVRu4ziPX', '429D6l1sS2mYTNmhawzHWI', '6jlnvHIJkxWUl4H7itYXMd']",11,2,False,0.515,0.0589,0,-25.483,0,0.177,0.9129999999999999,0.0,0.782,0.337,75.479,94400,3.0,2003,2003-11-18
10VQCnDhQeJdMJKTorvo42,"Moisè in Egitto, Pt. 2: No. 12, Parti dal mio cospetto",Koželuch: Moisè in Egitto,5sjrzcuuz7If7YUjL3vsEQ,"['Leopold Koželuch', 'Tom Sol', 'Das Kleine Konzert', 'Hermann Max']","['7C5oAOwd8u6WbaKEn7NJEl', '2ScWgAN8og1VUWm9wEhEyV', '429D6l1sS2mYTNmhawzHWI', '6jlnvHIJkxWUl4H7itYXMd']",12,2,False,0.516,0.133,0,-21.924,0,0.0719,0.97,0.0,0.856,0.501,82.02799999999998,194173,4.0,2003,2003-11-18
4aVZ1kmLRGBdCfGxQ1d2fm,"Moisè in Egitto, Pt. 2: No. 13, Merime, Principessa!",Koželuch: Moisè in Egitto,5sjrzcuuz7If7YUjL3vsEQ,"['Leopold Koželuch', 'Linda Perillo', 'Simone Kermes', 'Das Kleine Konzert', 'Hermann Max']","['7C5oAOwd8u6WbaKEn7NJEl', '38WMUWJLSoiJvA8geyx1GS', '5YB96PPFR0dEMazdUzMJDb', '429D6l1sS2mYTNmhawzHWI', '6jlnvHIJkxWUl4H7itYXMd']",13,2,False,0.544,0.0281,11,-23.648000000000003,0,0.0842,0.971,0.0,0.35200000000000004,0.129,128.253,69160,4.0,2003,2003-11-18
0hIGAh1hMh25wN3UECTblq,"Moisè in Egitto, Pt. 2: No. 14, Se fida il riconosci",Koželuch: Moisè in Egitto,5sjrzcuuz7If7YUjL3vsEQ,"['Leopold Koželuch', 'Linda Perillo', 'Das Kleine Konzert', 'Hermann Max']","['7C5oAOwd8u6WbaKEn7NJEl', '38WMUWJLSoiJvA8geyx1GS', '429D6l1sS2mYTNmhawzHWI', '6jlnvHIJkxWUl4H7itYXMd']",14,2,False,0.38799999999999996,0.04,2,-23.526,1,0.0609,0.965,0.0,0.355,0.153,121.56299999999999,211067,4.0,2003,2003-11-18
31LzMIjlRAX99iYfkAOaVU,"Moisè in Egitto, Pt. 2: No. 15, Prinsipessa! Il sai",Koželuch: Moisè in Egitto,5sjrzcuuz7If7YUjL3vsEQ,"['Leopold Koželuch', 'Markus Schäfer', 'Simone Kermes', 'Das Kleine Konzert', 'Hermann Max']","['7C5oAOwd8u6WbaKEn7NJEl', '1JC0ekawKvIOehVRu4ziPX', '5YB96PPFR0dEMazdUzMJDb', '429D6l1sS2mYTNmhawzHWI', '6jlnvHIJkxWUl4H7itYXMd']",15,2,False,0.48200000000000004,0.0324,7,-24.298000000000002,0,0.0752,0.9309999999999999,0.0,0.8340000000000001,0.255,85.12,59733,1.0,2003,2003-11-18
4bbXmtS456mAPAjCO5EpmF,"Moisè in Egitto, Pt. 2: No. 16, Vanne, e non dire mai",Koželuch: Moisè in Egitto,5sjrzcuuz7If7YUjL3vsEQ,"['Leopold Koželuch', 'Simone Kermes', 'Markus Schäfer', 'Das Kleine Konzert', 'Hermann Max']","['7C5oAOwd8u6WbaKEn7NJEl', '5YB96PPFR0dEMazdUzMJDb', '1JC0ekawKvIOehVRu4ziPX', '429D6l1sS2mYTNmhawzHWI', '6jlnvHIJkxWUl4H7itYXMd']",16,2,False,0.376,0.0864,10,-22.504,1,0.0536,0.97,1.09e-05,0.09300000000000001,0.245,105.244,282640,3.0,2003,2003-11-18
2gKvwVWcxARb8pmt84ahOs,"Moisè in Egitto, Pt. 2: No. 17, Ogni dimora si tranchi omai!",Koželuch: Moisè in Egitto,5sjrzcuuz7If7YUjL3vsEQ,"['Leopold Koželuch', 'Markus Schäfer', 'Das Kleine Konzert', 'Hermann Max']","['7C5oAOwd8u6WbaKEn7NJEl', '1JC0ekawKvIOehVRu4ziPX', '429D6l1sS2mYTNmhawzHWI', '6jlnvHIJkxWUl4H7itYXMd']",17,2,False,0.595,0.026000000000000002,2,-25.677,1,0.139,0.961,0.0,0.3670000000000001,0.392,91.475,44827,4.0,2003,2003-11-18
6tGfacr02P96XnpqHoaHYY,"Moisè in Egitto, Pt. 2: No. 18, Dalla tua mano potente e forte",Koželuch: Moisè in Egitto,5sjrzcuuz7If7YUjL3vsEQ,"['Leopold Koželuch', 'Rheinische Kantorei', 'Das Kleine Konzert', 'Hermann Max']","['7C5oAOwd8u6WbaKEn7NJEl', '4X2WEqbEkMg2uekVaLpCcM', '429D6l1sS2mYTNmhawzHWI', '6jlnvHIJkxWUl4H7itYXMd']",18,2,False,0.33,0.272,2,-16.807000000000002,1,0.0419,0.895,0.5770000000000001,0.245,0.38299999999999995,132.585,82533,3.0,2003,2003-11-18
1NQ9687tMmHX1uMCd7nlP2,"Moisè in Egitto, Pt. 2: No. 19, Solo tu sei il vero Dio",Koželuch: Moisè in Egitto,5sjrzcuuz7If7YUjL3vsEQ,"['Leopold Koželuch', 'Rheinische Kantorei', 'Das Kleine Konzert', 'Hermann Max']","['7C5oAOwd8u6WbaKEn7NJEl', '4X2WEqbEkMg2uekVaLpCcM', '429D6l1sS2mYTNmhawzHWI', '6jlnvHIJkxWUl4H7itYXMd']",19,2,False,0.146,0.136,2,-20.63,1,0.0398,0.927,0.691,0.095,0.127,83.81,193933,4.0,2003,2003-11-18
6zHNu7s44fjI8kUcI59MbQ,Easy Come Easy Go,"Goin Down in History, Goin Down in Flames",6vJsB1IHpEzUyKvLXN1dM8,['Ethan Keller'],['0wmznuZjBXHVMLtagbAisB'],1,1,False,0.5539999999999999,0.871,7,-5.537000000000001,1,0.0564,0.034,0.00045099999999999996,0.11199999999999999,0.743,81.99600000000002,203128,4.0,2013,2013-06-07
71PH9NbL3o1Bp02AtlzK7i,Goin Down in History Goin Down in Flames,"Goin Down in History, Goin Down in Flames",6vJsB1IHpEzUyKvLXN1dM8,['Ethan Keller'],['0wmznuZjBXHVMLtagbAisB'],2,1,False,0.54,0.8290000000000001,11,-5.474,0,0.0516,0.188,0.0447,0.111,0.419,85.947,199552,4.0,2013,2013-06-07
32Cy6L9DSKY2yaPs0LZRO8,Waste Palace,"Goin Down in History, Goin Down in Flames",6vJsB1IHpEzUyKvLXN1dM8,['Ethan Keller'],['0wmznuZjBXHVMLtagbAisB'],3,1,False,0.5539999999999999,0.9159999999999999,5,-3.38,1,0.0836,0.0541,2.11e-05,0.11900000000000001,0.873,150.072,206035,4.0,2013,2013-06-07
03HtsKYozegCnSjWmqIIUW,Let's Go for a Ride,"Goin Down in History, Goin Down in Flames",6vJsB1IHpEzUyKvLXN1dM8,['Ethan Keller'],['0wmznuZjBXHVMLtagbAisB'],4,1,False,0.494,0.67,9,-7.697999999999999,1,0.0579,0.45399999999999996,0.000248,0.141,0.335,97.713,233112,4.0,2013,2013-06-07
73VBRAGApXyfO5gRaI8aID,Saints and Sinners,"Goin Down in History, Goin Down in Flames",6vJsB1IHpEzUyKvLXN1dM8,['Ethan Keller'],['0wmznuZjBXHVMLtagbAisB'],5,1,False,0.35600000000000004,0.23600000000000002,0,-11.772,1,0.0427,0.8759999999999999,0.000269,0.33399999999999996,0.32299999999999995,200.06599999999997,206550,4.0,2013,2013-06-07
4zM0ZcArfH2Uw4oPynefxK,All the Time in the World,"Goin Down in History, Goin Down in Flames",6vJsB1IHpEzUyKvLXN1dM8,['Ethan Keller'],['0wmznuZjBXHVMLtagbAisB'],6,1,False,0.34600000000000003,0.713,2,-4.933,1,0.0372,0.0312,0.000799,0.113,0.648,94.171,196516,4.0,2013,2013-06-07
6WyrYRZ830tmDGCij0Ei3R,Learn,"Goin Down in History, Goin Down in Flames",6vJsB1IHpEzUyKvLXN1dM8,['Ethan Keller'],['0wmznuZjBXHVMLtagbAisB'],7,1,False,0.613,0.871,2,-5.653,1,0.0368,0.155,0.0026,0.156,0.648,110.05,226091,4.0,2013,2013-06-07
2r3T9stJsiHeES6V26dPZL,Home Sweet Highway,"Goin Down in History, Goin Down in Flames",6vJsB1IHpEzUyKvLXN1dM8,['Ethan Keller'],['0wmznuZjBXHVMLtagbAisB'],8,1,False,0.595,0.6809999999999999,7,-6.0489999999999995,1,0.0324,0.034,0.0247,0.196,0.83,120.109,219750,4.0,2013,2013-06-07
6SUaVbiCX55u9yqRTnyal3,Audience of One,"Goin Down in History, Goin Down in Flames",6vJsB1IHpEzUyKvLXN1dM8,['Ethan Keller'],['0wmznuZjBXHVMLtagbAisB'],9,1,False,0.312,0.618,2,-6.6,1,0.039,0.212,0.308,0.177,0.44299999999999995,82.7,312488,3.0,2013,2013-06-07
7fMm1VqHjijWXq3uhGNvPt,Glisten,"Goin Down in History, Goin Down in Flames",6vJsB1IHpEzUyKvLXN1dM8,['Ethan Keller'],['0wmznuZjBXHVMLtagbAisB'],10,1,False,0.601,0.5579999999999999,1,-7.511,1,0.0269,0.466,0.00371,0.225,0.43799999999999994,95.945,239333,4.0,2013,2013-06-07
0EGmyf0TmyxJs73o964lvD,Radio Silence,"Goin Down in History, Goin Down in Flames",6vJsB1IHpEzUyKvLXN1dM8,['Ethan Keller'],['0wmznuZjBXHVMLtagbAisB'],11,1,False,0.602,0.732,2,-7.152,1,0.0503,0.4320000000000001,0.00156,0.4970000000000001,0.715,87.833,287616,4.0,2013,2013-06-07
3d6knST8JcrqxsrOoN9xDK,Bounty in My Arms,"Goin Down in History, Goin Down in Flames",6vJsB1IHpEzUyKvLXN1dM8,['Ethan Keller'],['0wmznuZjBXHVMLtagbAisB'],12,1,False,0.512,0.669,0,-5.739,1,0.0368,0.17300000000000001,0.000174,0.23800000000000002,0.607,178.06799999999996,319403,4.0,2013,2013-06-07
1ry8hs8TYQnjxzTZiYnpQ4,Radio,#Otb2,6boN3ws7UNMDLda8N3XVPf,['Ricky Luis'],['3rM6HJYFU1bMznPYOdrU48'],1,1,False,0.7,0.7909999999999999,2,-5.231,1,0.21100000000000002,0.645,0.0,0.475,0.561,98.993,249600,4.0,2016,2016-05-03
4fQSkt8hM1dQGEXHuJMrtb,Tema para Ti,#Otb2,6boN3ws7UNMDLda8N3XVPf,['Ricky Luis'],['3rM6HJYFU1bMznPYOdrU48'],2,1,True,0.877,0.902,11,-3.68,0,0.212,0.41200000000000003,0.0,0.0798,0.937,160.019,269240,4.0,2016,2016-05-03
5rywPSlDlK5oQ1tXeqJVNR,Loco por Tu Amor,#Otb2,6boN3ws7UNMDLda8N3XVPf,['Ricky Luis'],['3rM6HJYFU1bMznPYOdrU48'],3,1,False,0.7090000000000001,0.879,0,-3.62,1,0.0753,0.233,1.8100000000000006e-05,0.147,0.925,106.51299999999999,215427,4.0,2016,2016-05-03
6eujvbmp0RKGEMk6NsoyRU,Chihuahua (feat. Ng2 & D'playmaker),#Otb2,6boN3ws7UNMDLda8N3XVPf,"['Ricky Luis', 'NG2', ""D'playmaker""]","['3rM6HJYFU1bMznPYOdrU48', '4xTwV9bMJae4hJ5EGGW9Bj', '5rnuBBVuCUynyKs23P1AAv']",4,1,False,0.7759999999999999,0.799,7,-4.023,0,0.0365,0.563,0.0,0.32299999999999995,0.929,142.955,267080,4.0,2016,2016-05-03
2Zaf3btq0RcDSKTfuG8zlL,Me Acordé,#Otb2,6boN3ws7UNMDLda8N3XVPf,['Ricky Luis'],['3rM6HJYFU1bMznPYOdrU48'],5,1,False,0.784,0.816,2,-4.146,1,0.0518,0.7040000000000001,9.53e-06,0.155,0.935,106.94,233787,4.0,2016,2016-05-03
6Hs5QfvA2M5euzyrEVAQLW,Si Esto Es Amor,#Otb2,6boN3ws7UNMDLda8N3XVPf,['Ricky Luis'],['3rM6HJYFU1bMznPYOdrU48'],6,1,False,0.755,0.8440000000000001,7,-4.462,1,0.0561,0.518,0.0,0.359,0.743,116.04899999999999,237307,4.0,2016,2016-05-03
0wGH3u9KfHmlyX3DDWBpxu,Prelude Tocatta X (feat. Ima305),#Otb2,6boN3ws7UNMDLda8N3XVPf,"['Ricky Luis', 'Ima305']","['3rM6HJYFU1bMznPYOdrU48', '6fRRUr71hOUv1Ci5slN5bY']",7,1,False,0.215,0.212,4,-14.852,0,0.0384,0.13,0.085,0.14800000000000002,0.0508,118.189,97400,5.0,2016,2016-05-03
1IFgeWYth1EOd3S4iQ52HX,Ciega,#Otb2,6boN3ws7UNMDLda8N3XVPf,['Ricky Luis'],['3rM6HJYFU1bMznPYOdrU48'],8,1,False,0.47100000000000003,0.778,7,-4.178999999999999,1,0.11699999999999999,0.691,0.0,0.309,0.89,182.06599999999997,244373,4.0,2016,2016-05-03
6ZSBAcStTr12TdWcg9GtLl,Soñar (feat. Damián Véra),#Otb2,6boN3ws7UNMDLda8N3XVPf,"['Ricky Luis', 'Damián Vera']","['3rM6HJYFU1bMznPYOdrU48', '6MjfhZpcW7HJUei9b6pGPJ']",9,1,False,0.63,0.825,7,-4.388,1,0.044000000000000004,0.478,0.000279,0.0669,0.922,91.845,244480,4.0,2016,2016-05-03
6b2TMP0ChOkDfFACEh9Pd2,Acompañame (feat. Kaylise),#Otb2,6boN3ws7UNMDLda8N3XVPf,"['Ricky Luis', 'Kaylise']","['3rM6HJYFU1bMznPYOdrU48', '7fNVPemaQxTmQDgnYSiekx']",10,1,False,0.6579999999999999,0.768,0,-3.582,1,0.0393,0.583,0.0,0.151,0.778,90.014,258440,4.0,2016,2016-05-03
72GXHso6x8UQuKEyHELOI8,Only U (feat. Ima305),#Otb2,6boN3ws7UNMDLda8N3XVPf,"['Ricky Luis', 'Ima305']","['3rM6HJYFU1bMznPYOdrU48', '6fRRUr71hOUv1Ci5slN5bY']",11,1,False,0.564,0.562,0,-8.207,1,0.106,0.00838,0.0047,0.131,0.41,90.27600000000001,77773,4.0,2016,2016-05-03
0g3CFiLh8y3ccJIdjWUBYP,Loco por Tu Amor (Dance Remix),#Otb2,6boN3ws7UNMDLda8N3XVPf,['Ricky Luis'],['3rM6HJYFU1bMznPYOdrU48'],12,1,False,0.711,0.978,0,-3.466,1,0.0916,0.14800000000000002,0.0013800000000000002,0.23,0.785,129.97899999999998,178093,4.0,2016,2016-05-03
3fAzmHS2w9Xl0jOByR5WPj,Floored,Carried Away,6Ro9CFR4DB1UXvZIYoZ8Uk,['Ethan Keller'],['0wmznuZjBXHVMLtagbAisB'],1,1,False,0.767,0.546,7,-9.2,1,0.0561,0.196,3.99e-06,0.0875,0.7879999999999999,116.007,233692,4.0,2017,2017-10-20
0jCicO2hxDwM6kQkjbdSFw,Can't Be with You,Carried Away,6Ro9CFR4DB1UXvZIYoZ8Uk,['Ethan Keller'],['0wmznuZjBXHVMLtagbAisB'],2,1,False,0.708,0.659,10,-9.641,0,0.0601,0.0323,0.00941,0.0866,0.9620000000000001,78.214,210943,4.0,2017,2017-10-20
0tCGHosXGGhZXGi0lh3pwH,Carried Away,Carried Away,6Ro9CFR4DB1UXvZIYoZ8Uk,['Ethan Keller'],['0wmznuZjBXHVMLtagbAisB'],3,1,False,0.358,0.759,9,-7.785,1,0.127,0.015,0.000833,0.102,0.805,169.143,233079,4.0,2017,2017-10-20
022gSOEGzdMFckJdJoWk3Z,If You Really Love Me,Carried Away,6Ro9CFR4DB1UXvZIYoZ8Uk,['Ethan Keller'],['0wmznuZjBXHVMLtagbAisB'],4,1,False,0.731,0.26,7,-16.242,1,0.0606,0.975,0.758,0.0807,0.35200000000000004,91.98899999999999,172808,4.0,2017,2017-10-20
1jbrEY7ypsYJ1wZ10xOjPg,Lost Dog,Carried Away,6Ro9CFR4DB1UXvZIYoZ8Uk,['Ethan Keller'],['0wmznuZjBXHVMLtagbAisB'],5,1,False,0.604,0.61,7,-7.962999999999999,1,0.0385,0.55,0.0197,0.12,0.795,81.97399999999998,245683,4.0,2017,2017-10-20
2xpcv5DdnOY4EG0czGKEWl,Lost Summer,Carried Away,6Ro9CFR4DB1UXvZIYoZ8Uk,['Ethan Keller'],['0wmznuZjBXHVMLtagbAisB'],6,1,False,0.353,0.585,6,-10.967,1,0.0565,0.00123,0.000471,0.0212,0.748,179.851,265225,4.0,2017,2017-10-20
3Hoj7KRQia0XO1MO8GH6it,If You...,Carried Away,6Ro9CFR4DB1UXvZIYoZ8Uk,['Ethan Keller'],['0wmznuZjBXHVMLtagbAisB'],7,1,False,0.6859999999999999,0.21100000000000002,4,-20.729,0,0.0497,0.907,0.9329999999999999,0.0948,0.29100000000000004,92.00299999999999,117310,4.0,2017,2017-10-20
10UIBF9WLBvPbJM5BuZOqM,Future's Kiss (My Angel),Future's Kiss (My Angel),7x0VZiBKTM4GyGSgLmWdqR,['Rikk Love'],['5iCCm0jvLyJQggEITHfsFe'],1,1,True,0.313,0.903,1,1.057,1,0.0658,0.000302,0.0,0.344,0.54,90.906,237551,4.0,2018,2018-02-25
6mbAXvEXL8HsDG9favRh4m,Hesitate,Crush,5BHjJVywxH88LthSLn7ee7,['Christina Marie Magenta'],['086NtG7NwO58hVPpXWGLt2'],1,1,False,0.494,0.685,5,-7.5310000000000015,0,0.0493,0.718,0.00228,0.087,0.214,100.027,243973,4.0,2017,2017-08-04
33VWQR4Tq6ATvixaRHIQs6,Who I Am,Crush,5BHjJVywxH88LthSLn7ee7,['Christina Marie Magenta'],['086NtG7NwO58hVPpXWGLt2'],2,1,False,0.402,0.7120000000000001,10,-6.152,0,0.0326,0.0564,9.13e-05,0.32299999999999995,0.32299999999999995,115.99799999999999,304293,4.0,2017,2017-08-04
4yYmZx6mmPvuaRByxdRpTt,Crush,Crush,5BHjJVywxH88LthSLn7ee7,['Christina Marie Magenta'],['086NtG7NwO58hVPpXWGLt2'],3,1,False,0.361,0.7659999999999999,1,-4.835,1,0.0356,0.0056,4.27e-06,0.287,0.26899999999999996,129.795,329987,4.0,2017,2017-08-04
5ZSVt54Rr6MvydhOo2GySK,Beautiful Nightmare,Crush,5BHjJVywxH88LthSLn7ee7,['Christina Marie Magenta'],['086NtG7NwO58hVPpXWGLt2'],4,1,False,0.204,0.682,0,-6.709,0,0.0438,0.121,3.57e-06,0.59,0.35200000000000004,100.212,264333,4.0,2017,2017-08-04
0xctNDNLJm3mziRHtt8jaC,Real,Crush,5BHjJVywxH88LthSLn7ee7,['Christina Marie Magenta'],['086NtG7NwO58hVPpXWGLt2'],5,1,False,0.731,0.755,9,-7.565,1,0.0597,0.203,0.0288,0.40299999999999997,0.5579999999999999,122.007,273973,4.0,2017,2017-08-04
73wmgbI3ijyzpfNkBQko9Z,Who I Am (Sraj Remix),Crush,5BHjJVywxH88LthSLn7ee7,['Christina Marie Magenta'],['086NtG7NwO58hVPpXWGLt2'],6,1,False,0.647,0.9059999999999999,3,-7.6770000000000005,0,0.0356,0.00098,0.381,0.384,0.555,128.014,226880,4.0,2017,2017-08-04
1zizRSd27knpJXlcQvwnYP,Highway,Crush,5BHjJVywxH88LthSLn7ee7,['Christina Marie Magenta'],['086NtG7NwO58hVPpXWGLt2'],7,1,False,0.45899999999999996,0.71,8,-7.312,1,0.0267,0.0354,0.00589,0.166,0.384,145.974,180320,4.0,2017,2017-08-04
0T4rVahF5zYEfvvrfkDykr,Friend,Crush,5BHjJVywxH88LthSLn7ee7,['Christina Marie Magenta'],['086NtG7NwO58hVPpXWGLt2'],8,1,False,0.408,0.675,10,-5.53,0,0.0306,0.716,0.00972,0.109,0.23199999999999998,90.131,216013,4.0,2017,2017-08-04
3m6PizDmlqHqe1qJdV0rPO,Don't Trust,Crush,5BHjJVywxH88LthSLn7ee7,['Christina Marie Magenta'],['086NtG7NwO58hVPpXWGLt2'],9,1,False,0.42,0.907,7,-5.245,1,0.0553,0.0183,0.0,0.15,0.523,104.99600000000001,271760,4.0,2017,2017-08-04
5gWH1KzXfeKohVNqlST93f,All Angles,Crush,5BHjJVywxH88LthSLn7ee7,['Christina Marie Magenta'],['086NtG7NwO58hVPpXWGLt2'],10,1,False,0.21100000000000002,0.6659999999999999,7,-7.477,1,0.0397,0.0198,0.0516,0.0821,0.324,129.954,231987,4.0,2017,2017-08-04
1aKCRpJPW1nDucAegsHUHg,Lies,Crush,5BHjJVywxH88LthSLn7ee7,['Christina Marie Magenta'],['086NtG7NwO58hVPpXWGLt2'],11,1,False,0.381,0.5710000000000001,7,-5.5070000000000014,0,0.0303,0.39799999999999996,0.0199,0.188,0.33799999999999997,145.92,167600,4.0,2017,2017-08-04
3MGMU7JdtleXSFm4n6pj4F,Face Off,Crush,5BHjJVywxH88LthSLn7ee7,['Christina Marie Magenta'],['086NtG7NwO58hVPpXWGLt2'],12,1,False,0.34299999999999997,0.573,5,-7.029,0,0.0316,0.0143,0.0485,0.0604,0.289,172.05599999999995,218907,4.0,2017,2017-08-04
4W6wG1xSuX4rCG13m1tL1P,Bugs,Crush,5BHjJVywxH88LthSLn7ee7,['Christina Marie Magenta'],['086NtG7NwO58hVPpXWGLt2'],13,1,False,0.316,0.784,1,-7.55,1,0.0531,0.0957,0.11800000000000001,0.11800000000000001,0.57,174.31599999999997,145200,3.0,2017,2017-08-04
38YdT3mVBP6yAjVvZmKm3a,Crush (Paul Udarov Remix),Crush,5BHjJVywxH88LthSLn7ee7,"['Christina Marie Magenta', 'Paul Udarov']","['086NtG7NwO58hVPpXWGLt2', '10sOpGcYgl6r9Go6iUoFJ8']",14,1,False,0.442,0.8270000000000001,7,-5.447,1,0.0493,4.6399999999999996e-05,0.0008380000000000001,0.114,0.294,130.066,196760,4.0,2017,2017-08-04
06WPrAhL3f18VTFRhRMH9h,The End,Crush,5BHjJVywxH88LthSLn7ee7,['Christina Marie Magenta'],['086NtG7NwO58hVPpXWGLt2'],15,1,False,0.0,0.316,1,-10.895999999999999,1,0.0,0.9470000000000001,0.0,0.0,0.0,0.0,7000,0.0,2017,2017-08-04
4rLKyhkxg6aU9cr0J3Wv4K,Drown,Drown,1ZJkIkizE4fvAU0SA8W5c0,['Christina Marie Magenta'],['086NtG7NwO58hVPpXWGLt2'],1,1,False,0.569,0.642,10,-4.607,0,0.0349,0.00143,2.84e-05,0.179,0.24100000000000002,77.206,166652,4.0,2015,2015-02-24
3S5C3ObPFn3gSDqAx7vP6X,Accomplish,Drown,1ZJkIkizE4fvAU0SA8W5c0,['Christina Marie Magenta'],['086NtG7NwO58hVPpXWGLt2'],2,1,False,0.631,0.669,10,-7.416,0,0.0374,0.028999999999999998,0.00406,0.124,0.389,85.961,161851,4.0,2015,2015-02-24
0vorYREBJcdVvvG5oRjcih,Blood (feat. Kharmaguess),Drown,1ZJkIkizE4fvAU0SA8W5c0,"['Christina Marie Magenta', 'Kharma Guess']","['086NtG7NwO58hVPpXWGLt2', '01rb6QL9RRibBCQ5aXqfW8']",3,1,False,0.48700000000000004,0.7809999999999999,1,-7.685,1,0.0432,6.0899999999999996e-05,0.0276,0.336,0.5429999999999999,119.98899999999999,183000,4.0,2015,2015-02-24
4bxdouYybKtxIGeJSKnWLL,Hands,Drown,1ZJkIkizE4fvAU0SA8W5c0,['Christina Marie Magenta'],['086NtG7NwO58hVPpXWGLt2'],4,1,False,0.59,0.747,6,-5.5420000000000025,0,0.105,0.094,4.35e-06,0.154,0.565,160.882,244810,4.0,2015,2015-02-24
6IbzWV2Q222WF5hiM28bfE,Fear,Drown,1ZJkIkizE4fvAU0SA8W5c0,['Christina Marie Magenta'],['086NtG7NwO58hVPpXWGLt2'],5,1,False,0.446,0.647,1,-5.412999999999999,1,0.0382,0.111,0.000446,0.111,0.322,144.627,167047,4.0,2015,2015-02-24
4WI7TUD6R7YtJzIDFcWsg5,Game,Drown,1ZJkIkizE4fvAU0SA8W5c0,['Christina Marie Magenta'],['086NtG7NwO58hVPpXWGLt2'],6,1,False,0.603,0.542,7,-6.319,0,0.0253,0.135,0.000174,0.0898,0.32799999999999996,81.46600000000002,148600,4.0,2015,2015-02-24
2thJ51R0L0z3gqMy7blTrz,So Long,Drown,1ZJkIkizE4fvAU0SA8W5c0,['Christina Marie Magenta'],['086NtG7NwO58hVPpXWGLt2'],7,1,False,0.37799999999999995,0.851,5,-5.7520000000000024,1,0.10400000000000001,0.0792,4.15e-06,0.0767,0.322,125.053,193000,4.0,2015,2015-02-24
29qSC87jsVNiK7k2Tjn3be,Gravity,Drown,1ZJkIkizE4fvAU0SA8W5c0,['Christina Marie Magenta'],['086NtG7NwO58hVPpXWGLt2'],8,1,False,0.42100000000000004,0.688,1,-7.565,0,0.0309,0.157,0.0106,0.13,0.5489999999999999,164.732,190000,4.0,2015,2015-02-24
2QOlPBwL7U8BeoEpJ6M09x,Batman (feat. Chixxenbone),Drown,1ZJkIkizE4fvAU0SA8W5c0,"['Christina Marie Magenta', 'Chixxenbone']","['086NtG7NwO58hVPpXWGLt2', '0jDYPCKSg3BzBD0jo8FfyG']",9,1,False,0.624,0.723,1,-5.279,1,0.13,0.0542,0.0015400000000000001,0.1,0.8009999999999999,174.52900000000002,179605,4.0,2015,2015-02-24
0eJO9p2nZGLbwtqEHpzaG6,Find,Drown,1ZJkIkizE4fvAU0SA8W5c0,['Christina Marie Magenta'],['086NtG7NwO58hVPpXWGLt2'],10,1,False,0.594,0.737,11,-7.508999999999999,0,0.0439,0.00168,0.00962,0.162,0.19899999999999998,124.98299999999999,138143,4.0,2015,2015-02-24
5OqXI3IwIsp2Bi7VbbeDNQ,Drown (Sideburns Remix),Drown,1ZJkIkizE4fvAU0SA8W5c0,['Christina Marie Magenta'],['086NtG7NwO58hVPpXWGLt2'],11,1,False,0.444,0.626,1,-10.489,1,0.0469,0.013999999999999999,0.757,0.295,0.344,180.047,235667,4.0,2015,2015-02-24
20grpUzC42yOGrmUou0nCC,Baby,Drown,1ZJkIkizE4fvAU0SA8W5c0,['Christina Marie Magenta'],['086NtG7NwO58hVPpXWGLt2'],12,1,False,0.648,0.732,11,-7.138,0,0.0384,0.275,0.000153,0.17600000000000002,0.259,106.024,211921,4.0,2015,2015-02-24
0OVtDsFAsi5eKnCPGc9P1a,Run,Drown,1ZJkIkizE4fvAU0SA8W5c0,['Christina Marie Magenta'],['086NtG7NwO58hVPpXWGLt2'],13,1,False,0.5770000000000001,0.652,5,-6.62,0,0.0245,0.154,0.0,0.0706,0.386,101.279,125364,4.0,2015,2015-02-24
3cSHQFATzeX1kBvUfNsY4h,I'm A Woman,Deluxe Edition,0Jvj3KAEiuS4bAFiPmiNFH,['Koko Taylor'],['04qIJRFjTmvW5I1DMyGE1R'],1,1,False,0.4920000000000001,0.737,0,-8.853,1,0.10099999999999999,0.0457,1.84e-05,0.0374,0.584,110.05,275333,3.0,2002,2002
6kVL7HPRm9jbezB4cC9aNN,Beer Bottle Boogie,Deluxe Edition,0Jvj3KAEiuS4bAFiPmiNFH,['Koko Taylor'],['04qIJRFjTmvW5I1DMyGE1R'],2,1,False,0.536,0.856,5,-6.7120000000000015,1,0.0385,0.109,0.0,0.314,0.7859999999999999,131.766,211800,4.0,2002,2002
2dkdv8XcCNZZiHUIB1nxB0,Born Under A Bad Sign,Deluxe Edition,0Jvj3KAEiuS4bAFiPmiNFH,['Koko Taylor'],['04qIJRFjTmvW5I1DMyGE1R'],3,1,False,0.38799999999999996,0.884,6,-5.7520000000000024,0,0.156,0.161,7.66e-06,0.166,0.888,202.067,296333,4.0,2002,2002
4OHO9vHpvW6RQZYATaLWto,Mother Nature,Deluxe Edition,0Jvj3KAEiuS4bAFiPmiNFH,['Koko Taylor'],['04qIJRFjTmvW5I1DMyGE1R'],4,1,False,0.42,0.6629999999999999,10,-6.112,1,0.0492,0.0276,0.00331,0.0934,0.802,188.89,282493,3.0,2002,2002
4jaGWybHGJASBIq2OJxGiR,Hey Bartender,Deluxe Edition,0Jvj3KAEiuS4bAFiPmiNFH,['Koko Taylor'],['04qIJRFjTmvW5I1DMyGE1R'],5,1,False,0.5710000000000001,0.92,11,-9.775,0,0.153,0.125,0.0,0.11699999999999999,0.45799999999999996,143.653,173040,4.0,2002,2002
5t0WwU3QDoB194ncggZY2P,I'd Rather Go Blind,Deluxe Edition,0Jvj3KAEiuS4bAFiPmiNFH,['Koko Taylor'],['04qIJRFjTmvW5I1DMyGE1R'],6,1,False,0.539,0.3,8,-9.645,1,0.0357,0.355,0.00014099999999999998,0.546,0.444,131.761,296333,3.0,2002,2002
4f8s6nLSh5NLfxLMlDBsUD,Man Size Job,Deluxe Edition,0Jvj3KAEiuS4bAFiPmiNFH,['Koko Taylor'],['04qIJRFjTmvW5I1DMyGE1R'],7,1,False,0.589,0.782,6,-7.093,0,0.039,0.0948,0.0,0.29600000000000004,0.905,122.01899999999999,241293,4.0,2002,2002
0O5i4x1J9Pn4b1LL3Us5AT,Let The Good Times Roll,Deluxe Edition,0Jvj3KAEiuS4bAFiPmiNFH,['Koko Taylor'],['04qIJRFjTmvW5I1DMyGE1R'],8,1,False,0.532,0.6609999999999999,2,-7.959,1,0.136,0.34299999999999997,0.00145,0.97,0.835,106.976,254373,4.0,2002,2002
0nko6BnrANIqS303Ynl53p,Voodoo Woman,Deluxe Edition,0Jvj3KAEiuS4bAFiPmiNFH,['Koko Taylor'],['04qIJRFjTmvW5I1DMyGE1R'],9,1,False,0.6609999999999999,0.525,5,-9.42,0,0.0382,0.369,5.76e-06,0.0943,0.9640000000000001,91.601,228200,4.0,2002,2002
16PKj8MZ9g74t3hjR9vTt3,Wang Dang Doodle,Deluxe Edition,0Jvj3KAEiuS4bAFiPmiNFH,['Koko Taylor'],['04qIJRFjTmvW5I1DMyGE1R'],10,1,False,0.645,0.9640000000000001,7,-7.684,1,0.106,0.0658,0.0,0.182,0.358,148.724,264733,4.0,2002,2002
1KHl60BfuC4SoSdxytxjrt,Stop Watching Your Enemies,Deluxe Edition,0Jvj3KAEiuS4bAFiPmiNFH,['Koko Taylor'],['04qIJRFjTmvW5I1DMyGE1R'],11,1,False,0.61,0.8059999999999999,10,-6.49,0,0.0696,0.145,0.0141,0.16399999999999998,0.772,75.732,316293,4.0,2002,2002
2fmjatEDOgRDIT8thpuEI2,Sure Had A Wonderful Time Last Night,Deluxe Edition,0Jvj3KAEiuS4bAFiPmiNFH,['Koko Taylor'],['04qIJRFjTmvW5I1DMyGE1R'],12,1,False,0.679,0.564,10,-8.443,1,0.0644,0.389,0.0,0.0442,0.601,122.946,184240,4.0,2002,2002
3j3pLudjSCN0kaXH0YCps8,Come To Mama,Deluxe Edition,0Jvj3KAEiuS4bAFiPmiNFH,['Koko Taylor'],['04qIJRFjTmvW5I1DMyGE1R'],13,1,False,0.695,0.643,8,-7.983,1,0.0795,0.125,0.000128,0.0224,0.8859999999999999,102.851,288360,4.0,2002,2002
2yEuOItsv5QJbbdLVVgenp,Time Will Tell,Deluxe Edition,0Jvj3KAEiuS4bAFiPmiNFH,['Koko Taylor'],['04qIJRFjTmvW5I1DMyGE1R'],14,1,False,0.569,0.45299999999999996,1,-8.314,1,0.0324,0.00965,1.24e-05,0.092,0.449,119.809,289600,3.0,2002,2002
4HFLq46KiNelsQxTQWsQfU,Blues Hotel,Deluxe Edition,0Jvj3KAEiuS4bAFiPmiNFH,['Koko Taylor'],['04qIJRFjTmvW5I1DMyGE1R'],15,1,False,0.6629999999999999,0.768,1,-6.348,1,0.0422,0.39299999999999996,6.69e-05,0.266,0.848,121.934,244840,4.0,2002,2002
5Mzai8iySZZLgpMbMqhOpm,From The Future,From the Future / Akkoord,1Um5VmT4TJ0aIfFDPWRt8A,['Pythius'],['0CRJK2gwHjs3IKm4uhjNTR'],1,1,False,0.501,0.968,10,-1.161,0,0.0541,1.57e-05,0.885,0.10099999999999999,0.0393,87.022,275862,4.0,2017,2017-10-11
5mdjhFvdkiecrdOC9RuGpp,Akkoord,From the Future / Akkoord,1Um5VmT4TJ0aIfFDPWRt8A,"['Pythius', 'June Miller']","['0CRJK2gwHjs3IKm4uhjNTR', '0lIGpsBKeWfKRAwtiWz0mo']",2,1,False,0.498,0.894,0,-1.945,1,0.192,0.00139,0.754,0.151,0.0326,171.887,327907,4.0,2017,2017-10-11
6TjJm1sjlmRGCbWXDj58r6,Barbwire Kiss,Sayin' What I'M Thinkin',5Vl4Ld0NDq1hN899Cx61RL,['Sarah Brown'],['0Lru4DX1Kx2HvUq21m7ecV'],1,1,False,0.628,0.722,9,-7.435,1,0.0289,0.39299999999999996,0.0013,0.102,0.746,153.142,210827,4.0,1996,1996-04-02
0i4Atb9WHv2v2dUKY7Kq6x,Not As Sorry As I Used To Be,Sayin' What I'M Thinkin',5Vl4Ld0NDq1hN899Cx61RL,['Sarah Brown'],['0Lru4DX1Kx2HvUq21m7ecV'],2,1,False,0.47700000000000004,0.664,6,-7.23,0,0.0261,0.000466,0.0,0.188,0.765,104.693,229000,4.0,1996,1996-04-02
5wA2kPvNNHpIw9M4Z9rfNf,Sayin' What I'm Thinkin',Sayin' What I'M Thinkin',5Vl4Ld0NDq1hN899Cx61RL,['Sarah Brown'],['0Lru4DX1Kx2HvUq21m7ecV'],3,1,False,0.631,0.8059999999999999,8,-5.729,1,0.0265,0.00307,0.0135,0.0941,0.912,95.962,204573,4.0,1996,1996-04-02
3xtgWrG4FkRDeccii7vF4Y,Turn The Lock On Love,Sayin' What I'M Thinkin',5Vl4Ld0NDq1hN899Cx61RL,['Sarah Brown'],['0Lru4DX1Kx2HvUq21m7ecV'],4,1,False,0.655,0.564,4,-8.797,1,0.024,0.00634,0.00235,0.255,0.938,103.565,243427,4.0,1996,1996-04-02
2NJnt52PN8V1NGSJjbtXoZ,Good Fella Robert,Sayin' What I'M Thinkin',5Vl4Ld0NDq1hN899Cx61RL,['Sarah Brown'],['0Lru4DX1Kx2HvUq21m7ecV'],5,1,False,0.5870000000000001,0.6609999999999999,9,-7.776,1,0.0352,0.00198,0.591,0.0567,0.9690000000000001,139.673,195400,4.0,1996,1996-04-02
7lQPxx5Au2moLEM7fHu5mj,Bad Boys Pride,Sayin' What I'M Thinkin',5Vl4Ld0NDq1hN899Cx61RL,['Sarah Brown'],['0Lru4DX1Kx2HvUq21m7ecV'],6,1,False,0.69,0.677,0,-8.125,1,0.0268,0.0238,0.00318,0.185,0.828,113.01100000000001,234373,4.0,1996,1996-04-02
2WGKnirh87eFT1uapEWNDZ,Devil's Best Disguise,Sayin' What I'M Thinkin',5Vl4Ld0NDq1hN899Cx61RL,['Sarah Brown'],['0Lru4DX1Kx2HvUq21m7ecV'],7,1,False,0.53,0.47100000000000003,10,-8.546,1,0.0466,0.129,0.0257,0.125,0.731,172.07,261093,4.0,1996,1996-04-02
78VQUJKGG2fTNxf983uIWF,Bad Thing,Sayin' What I'M Thinkin',5Vl4Ld0NDq1hN899Cx61RL,['Sarah Brown'],['0Lru4DX1Kx2HvUq21m7ecV'],8,1,False,0.5479999999999999,0.856,9,-6.822,1,0.0453,0.000365,0.0008560000000000001,0.12,0.7240000000000001,152.308,208973,4.0,1996,1996-04-02
6Ihx1EOSopnuZVq4DlOt2y,Please Help,Sayin' What I'M Thinkin',5Vl4Ld0NDq1hN899Cx61RL,['Sarah Brown'],['0Lru4DX1Kx2HvUq21m7ecV'],9,1,False,0.606,0.8220000000000001,2,-6.025,1,0.032,0.00112,0.00175,0.326,0.9279999999999999,129.127,207960,4.0,1996,1996-04-02
5Aj5itvYFF1ezfQgsugyAR,Pretty Little Poison,Sayin' What I'M Thinkin',5Vl4Ld0NDq1hN899Cx61RL,['Sarah Brown'],['0Lru4DX1Kx2HvUq21m7ecV'],10,1,False,0.5,0.644,9,-8.92,1,0.054000000000000006,0.0059299999999999995,0.00116,0.0571,0.679,163.84900000000005,222867,4.0,1996,1996-04-02
5Ccvw9mN0ncfOfEb0i2x0G,Keep A Little Light,Sayin' What I'M Thinkin',5Vl4Ld0NDq1hN899Cx61RL,['Sarah Brown'],['0Lru4DX1Kx2HvUq21m7ecV'],11,1,False,0.7120000000000001,0.45,2,-10.102,0,0.0298,0.215,0.11900000000000001,0.121,0.327,88.54899999999998,231000,4.0,1996,1996-04-02
58M6cqIl0YqElaYCjIgN5h,Hey Big Sister,Sayin' What I'M Thinkin',5Vl4Ld0NDq1hN899Cx61RL,['Sarah Brown'],['0Lru4DX1Kx2HvUq21m7ecV'],12,1,False,0.773,0.8220000000000001,11,-5.994,1,0.0356,0.0203,0.00047699999999999994,0.0516,0.8220000000000001,116.01,187067,4.0,1996,1996-04-02
1f8CyQG4fjU3yXXh1JmsJE,Travelin' Prayer,Piano Man,77ErLrVvYETIlQJHAwhfIH,['Billy Joel'],['6zFYqv1mOsgBRQbae3JJ9e'],1,1,False,0.503,0.693,2,-12.043,1,0.0398,0.125,0.32,0.0521,0.836,147.252,253027,4.0,1973,1973-11-09
78WVLOP9pN0G3gRLFy1rAa,Piano Man,Piano Man,77ErLrVvYETIlQJHAwhfIH,['Billy Joel'],['6zFYqv1mOsgBRQbae3JJ9e'],2,1,False,0.33399999999999996,0.47700000000000004,0,-8.806000000000003,1,0.0276,0.618,4.17e-06,0.312,0.405,179.239,336200,3.0,1973,1973-11-09
1kXceAJ10OC9jw6BtXovFN,Ain't No Crime,Piano Man,77ErLrVvYETIlQJHAwhfIH,['Billy Joel'],['6zFYqv1mOsgBRQbae3JJ9e'],3,1,False,0.5770000000000001,0.735,0,-8.214,1,0.0297,0.54,0.00179,0.248,0.9640000000000001,142.91,197600,4.0,1973,1973-11-09
5ykU1R2EkDFfccEDqKOvvf,You're My Home,Piano Man,77ErLrVvYETIlQJHAwhfIH,['Billy Joel'],['6zFYqv1mOsgBRQbae3JJ9e'],4,1,False,0.5660000000000001,0.518,5,-12.644,1,0.0283,0.17800000000000002,9.67e-06,0.187,0.659,93.132,193440,4.0,1973,1973-11-09
31RKj9kULWI2lM4tYSvAmb,The Ballad of Billy the Kid,Piano Man,77ErLrVvYETIlQJHAwhfIH,['Billy Joel'],['6zFYqv1mOsgBRQbae3JJ9e'],5,1,False,0.41,0.524,0,-10.362,1,0.0667,0.595,9.44e-05,0.077,0.36200000000000004,168.771,340427,4.0,1973,1973-11-09
3BmdzlqylDMxTSFzQATiiO,Worse Comes to Worst,Piano Man,77ErLrVvYETIlQJHAwhfIH,['Billy Joel'],['6zFYqv1mOsgBRQbae3JJ9e'],6,1,False,0.7909999999999999,0.69,0,-8.513,1,0.0403,0.423,1.73e-05,0.0383,0.961,131.898,192707,4.0,1973,1973-11-09
63VZidYvBb3C5Gyl339gOF,Stop in Nevada,Piano Man,77ErLrVvYETIlQJHAwhfIH,['Billy Joel'],['6zFYqv1mOsgBRQbae3JJ9e'],7,1,False,0.40700000000000003,0.442,2,-11.181,1,0.0311,0.608,0.0005650000000000001,0.0845,0.504,78.15,235307,4.0,1973,1973-11-09
3CqtqRA9GG6e8lROfqNh6J,If I Only Had the Words (To Tell You),Piano Man,77ErLrVvYETIlQJHAwhfIH,['Billy Joel'],['6zFYqv1mOsgBRQbae3JJ9e'],8,1,False,0.409,0.44799999999999995,0,-9.056000000000001,1,0.0259,0.7509999999999999,4.26e-05,0.27,0.39399999999999996,141.59799999999996,212200,4.0,1973,1973-11-09
27m6b42tYaQyZt13yHGoH3,Somewhere Along the Line,Piano Man,77ErLrVvYETIlQJHAwhfIH,['Billy Joel'],['6zFYqv1mOsgBRQbae3JJ9e'],9,1,False,0.527,0.529,7,-9.692,1,0.0332,0.7,0.0236,0.0834,0.544,82.324,200000,4.0,1973,1973-11-09
3igkLltDaiFiMl83IdDBfm,Captain Jack,Piano Man,77ErLrVvYETIlQJHAwhfIH,['Billy Joel'],['6zFYqv1mOsgBRQbae3JJ9e'],10,1,False,0.392,0.629,0,-8.885,1,0.0447,0.562,6.12e-05,0.374,0.539,146.657,437040,4.0,1973,1973-11-09
0FMjqbY3aWo1QDbo3GwXib,Always in My Head,Ghost Stories,2G4AUqfwxcV1UdQjm2ouYr,['Coldplay'],['4gzpq5DPGxSnKTe4SA8HAU'],1,1,False,0.495,0.502,5,-9.307,1,0.0259,0.0127,0.6890000000000001,0.068,0.0394,97.546,216627,3.0,2014,2014-05-19
23khhseCLQqVMCIT1WMAns,Magic,Ghost Stories,2G4AUqfwxcV1UdQjm2ouYr,['Coldplay'],['4gzpq5DPGxSnKTe4SA8HAU'],2,1,False,0.738,0.48200000000000004,6,-8.917,0,0.0402,0.0266,0.621,0.106,0.35200000000000004,93.45700000000001,285014,4.0,2014,2014-05-19
6c6W25YoDGjTq3qSPOga5t,Ink,Ghost Stories,2G4AUqfwxcV1UdQjm2ouYr,['Coldplay'],['4gzpq5DPGxSnKTe4SA8HAU'],3,1,False,0.688,0.705,6,-7.311,1,0.0323,0.0647,0.124,0.11800000000000001,0.696,112.01899999999999,228373,4.0,2014,2014-05-19
0fQuzbQNLcD1ofo7B2NcFI,True Love,Ghost Stories,2G4AUqfwxcV1UdQjm2ouYr,['Coldplay'],['4gzpq5DPGxSnKTe4SA8HAU'],4,1,False,0.48200000000000004,0.573,11,-7.966,1,0.027999999999999997,0.0037600000000000003,0.077,0.12300000000000001,0.184,119.991,246000,4.0,2014,2014-05-19
4GKk1uNzpxIptBuaY97Dkj,Midnight,Ghost Stories,2G4AUqfwxcV1UdQjm2ouYr,['Coldplay'],['4gzpq5DPGxSnKTe4SA8HAU'],5,1,False,0.5479999999999999,0.475,1,-12.42,1,0.0355,0.615,0.8079999999999999,0.0944,0.0349,126.97399999999999,294667,4.0,2014,2014-05-19
22uzF19LxQW87kOVkR79Fq,Another's Arms,Ghost Stories,2G4AUqfwxcV1UdQjm2ouYr,['Coldplay'],['4gzpq5DPGxSnKTe4SA8HAU'],6,1,False,0.516,0.5720000000000001,8,-9.037,1,0.0291,0.00715,0.254,0.139,0.35100000000000003,160.023,234413,4.0,2014,2014-05-19
2u4uhtETtcULnkBfFHSnDX,Oceans,Ghost Stories,2G4AUqfwxcV1UdQjm2ouYr,['Coldplay'],['4gzpq5DPGxSnKTe4SA8HAU'],7,1,False,0.19399999999999998,0.132,11,-15.783,1,0.0349,0.919,0.18100000000000002,0.159,0.04,74.845,321680,4.0,2014,2014-05-19
0FDzzruyVECATHXKHFs9eJ,A Sky Full of Stars,Ghost Stories,2G4AUqfwxcV1UdQjm2ouYr,['Coldplay'],['4gzpq5DPGxSnKTe4SA8HAU'],8,1,False,0.545,0.675,6,-6.474,1,0.0279,0.00617,0.00197,0.209,0.162,124.97,267867,4.0,2014,2014-05-19
77yuzxCS3csrgTPSW0pvyk,O,Ghost Stories,2G4AUqfwxcV1UdQjm2ouYr,['Coldplay'],['4gzpq5DPGxSnKTe4SA8HAU'],9,1,False,0.371,0.21600000000000005,10,-14.727,1,0.0358,0.9109999999999999,0.826,0.0934,0.0645,136.998,323480,4.0,2014,2014-05-19
5NASc4VasH1blYZDBxcFeA,Everything to Lose,Everything to Lose,6Kgy5MjGkTNhQuubz2z5hD,['David Andrews'],['0a4nfVHhVqLf7sAz4JYd2L'],1,1,False,0.657,0.755,6,-7.807,0,0.0276,0.00606,0.00132,0.152,0.711,130.852,170013,4.0,2004,2004-11-03
5G1IeE3G0bBBBJfK78iPor,Completely,Everything to Lose,6Kgy5MjGkTNhQuubz2z5hD,['David Andrews'],['0a4nfVHhVqLf7sAz4JYd2L'],2,1,False,0.5539999999999999,0.47200000000000003,4,-10.9,1,0.0265,0.6890000000000001,0.000566,0.113,0.455,176.68,240267,4.0,2004,2004-11-03
2PAFYIedWZHDTTg6J2mbbU,It Don't Cost Much,Everything to Lose,6Kgy5MjGkTNhQuubz2z5hD,['David Andrews'],['0a4nfVHhVqLf7sAz4JYd2L'],3,1,False,0.54,0.244,2,-12.126,1,0.0279,0.637,0.0638,0.10400000000000001,0.264,114.101,257667,4.0,2004,2004-11-03
0JA9HACX2psEjSmVuOPRUW,Oh Mrs. johnson,Everything to Lose,6Kgy5MjGkTNhQuubz2z5hD,['David Andrews'],['0a4nfVHhVqLf7sAz4JYd2L'],4,1,False,0.623,0.272,2,-15.546,1,0.0314,0.862,0.000615,0.10800000000000001,0.596,83.43700000000003,189053,4.0,2004,2004-11-03
2pGrMP46kLE3Tksx7989r3,Fadeaway,Everything to Lose,6Kgy5MjGkTNhQuubz2z5hD,['David Andrews'],['0a4nfVHhVqLf7sAz4JYd2L'],5,1,False,0.6759999999999999,0.723,5,-6.8610000000000015,1,0.0255,0.239,0.0010199999999999999,0.0663,0.7140000000000001,145.599,224013,4.0,2004,2004-11-03
6dE1bg1M8upOToDNBL5V8L,Treasure Today,Everything to Lose,6Kgy5MjGkTNhQuubz2z5hD,['David Andrews'],['0a4nfVHhVqLf7sAz4JYd2L'],6,1,False,0.46399999999999997,0.174,0,-13.19,1,0.0287,0.833,0.00525,0.27,0.218,138.924,184400,4.0,2004,2004-11-03
3cnxYSfIB7kqXbb2xSpmCf,Ride of Your Life,Everything to Lose,6Kgy5MjGkTNhQuubz2z5hD,['David Andrews'],['0a4nfVHhVqLf7sAz4JYd2L'],7,1,False,0.47,0.305,5,-12.565999999999999,1,0.0273,0.6859999999999999,0.000258,0.127,0.20800000000000002,139.256,204453,4.0,2004,2004-11-03
5gMkRwEgOFSQgjEUDSSbpK,Don't Walk Away,Everything to Lose,6Kgy5MjGkTNhQuubz2z5hD,['David Andrews'],['0a4nfVHhVqLf7sAz4JYd2L'],8,1,False,0.711,0.45799999999999996,7,-14.039000000000001,1,0.0442,0.278,0.0981,0.165,0.852,104.809,213147,4.0,2004,2004-11-03
4AoLMNAfgR0YYk5tV4xMOx,At the Crossing,Everything to Lose,6Kgy5MjGkTNhQuubz2z5hD,['David Andrews'],['0a4nfVHhVqLf7sAz4JYd2L'],9,1,False,0.562,0.428,0,-8.787,1,0.0271,0.0226,0.000156,0.192,0.363,126.677,178053,4.0,2004,2004-11-03
3kaiLmH7IDY8Jnnc1vso7d,Common Good,Everything to Lose,6Kgy5MjGkTNhQuubz2z5hD,['David Andrews'],['0a4nfVHhVqLf7sAz4JYd2L'],10,1,False,0.494,0.493,9,-9.932,0,0.0315,0.0297,0.000919,0.16899999999999998,0.228,169.13099999999997,207987,4.0,2004,2004-11-03
4NXTb6URuLyfEtVtIswI2a,Little Mary,Everything to Lose,6Kgy5MjGkTNhQuubz2z5hD,['David Andrews'],['0a4nfVHhVqLf7sAz4JYd2L'],11,1,False,0.514,0.0712,6,-19.738,1,0.0422,0.991,0.0207,0.0915,0.373,168.165,146707,5.0,2004,2004-11-03
1BG22syIHgy9WV3qZiLEmc,So Long,the Little Things,41G5QWEdHqmxHMYCXN9S0R,['David Andrews'],['0a4nfVHhVqLf7sAz4JYd2L'],1,1,False,0.65,0.56,7,-6.5020000000000024,1,0.0244,0.354,4.34e-05,0.20600000000000002,0.633,95.098,236400,4.0,1996,1996
4aRdGvBd1foMvMyjVPnqo2,What's Right & Wrong,the Little Things,41G5QWEdHqmxHMYCXN9S0R,['David Andrews'],['0a4nfVHhVqLf7sAz4JYd2L'],2,1,False,0.551,0.831,2,-5.218,1,0.0292,0.145,0.0255,0.31,0.925,141.091,248893,4.0,1996,1996
6kjHZHFkSLsuDEMVcfLaZS,Spinning Wheels,the Little Things,41G5QWEdHqmxHMYCXN9S0R,['David Andrews'],['0a4nfVHhVqLf7sAz4JYd2L'],3,1,False,0.527,0.33299999999999996,4,-7.35,1,0.0285,0.8079999999999999,4.96e-05,0.10400000000000001,0.226,133.592,268800,4.0,1996,1996
6Zl0e0b714dQ5jOa4EyKrs,Radio,the Little Things,41G5QWEdHqmxHMYCXN9S0R,['David Andrews'],['0a4nfVHhVqLf7sAz4JYd2L'],4,1,False,0.746,0.7440000000000001,2,-4.984,1,0.0258,0.254,6.36e-06,0.0736,0.818,113.09,246240,4.0,1996,1996
2osGI2ZsxUOXGmON7qFZfB,Lucinda,Waiting for Henry,0rnrzsG71sX7jyJ1W80Bhy,['David Andrews'],['0a4nfVHhVqLf7sAz4JYd2L'],1,1,False,0.501,0.45799999999999996,0,-9.594,1,0.0343,0.396,0.0,0.0936,0.361,171.44099999999997,327827,4.0,2005,2005-04-28
7t2hoQxyzCF5VvY3AEtbxY,Eyes of Mine,Waiting for Henry,0rnrzsG71sX7jyJ1W80Bhy,['David Andrews'],['0a4nfVHhVqLf7sAz4JYd2L'],2,1,False,0.6409999999999999,0.588,7,-7.5710000000000015,1,0.0257,0.451,8.02e-05,0.106,0.5770000000000001,110.059,253307,4.0,2005,2005-04-28
4w9y8YI0rIZCp6ADg3T78F,My Invitation,Waiting for Henry,0rnrzsG71sX7jyJ1W80Bhy,['David Andrews'],['0a4nfVHhVqLf7sAz4JYd2L'],3,1,False,0.63,0.687,0,-7.55,1,0.0225,0.0118,4.57e-05,0.11,0.457,100.87299999999999,280573,4.0,2005,2005-04-28
10IoIchyE5TmmD3WEQEood,Take My Soul,Waiting for Henry,0rnrzsG71sX7jyJ1W80Bhy,['David Andrews'],['0a4nfVHhVqLf7sAz4JYd2L'],4,1,False,0.585,0.6409999999999999,7,-7.129,0,0.0244,0.0133,1.59e-05,0.245,0.743,145.322,273360,4.0,2005,2005-04-28
3TVjNQTTawYRGMONmkWOVD,Utah Introduces Spider John Koerner,Legends of Folk,4WaFwVuAt1FAtvPRghXstJ,"[""Ramblin' Jack Elliott"", 'Spider John Koerner', 'U. Utah Phillips']","['6iuM8yp1x2N0l6SONhyq4b', '7CA7FJBftyM0hSJaF6GWqT', '1Y6vUZE7QcozOdFspUWtzm']",1,1,False,0.512,0.5720000000000001,10,-22.538,0,0.94,0.747,0.0,0.981,0.539,170.953,123960,1.0,1990,1990-03-01
3iSmeARipYJikjZ2FfPIjP,"Runnin', Jumpin', Standin' Still",Legends of Folk,4WaFwVuAt1FAtvPRghXstJ,"[""Ramblin' Jack Elliott"", 'Spider John Koerner', 'U. Utah Phillips']","['6iuM8yp1x2N0l6SONhyq4b', '7CA7FJBftyM0hSJaF6GWqT', '1Y6vUZE7QcozOdFspUWtzm']",2,1,False,0.647,0.54,7,-14.987,1,0.205,0.648,1.9399999999999997e-05,0.7020000000000001,0.96,120.24600000000001,165907,4.0,1990,1990-03-01
2LlJlk7My5lYvuDVYIW7q3,John Introduces Creepy John,Legends of Folk,4WaFwVuAt1FAtvPRghXstJ,"[""Ramblin' Jack Elliott"", 'Spider John Koerner', 'U. Utah Phillips']","['6iuM8yp1x2N0l6SONhyq4b', '7CA7FJBftyM0hSJaF6GWqT', '1Y6vUZE7QcozOdFspUWtzm']",3,1,False,0.5589999999999999,0.551,5,-20.901,1,0.5710000000000001,0.8190000000000001,1.4099999999999999e-05,0.38799999999999996,0.649,90.71700000000001,25533,4.0,1990,1990-03-01
6ICwiTnm5ZwyNW8CMyVz8R,Creepy John,Legends of Folk,4WaFwVuAt1FAtvPRghXstJ,"[""Ramblin' Jack Elliott"", 'Spider John Koerner', 'U. Utah Phillips']","['6iuM8yp1x2N0l6SONhyq4b', '7CA7FJBftyM0hSJaF6GWqT', '1Y6vUZE7QcozOdFspUWtzm']",4,1,False,0.625,0.474,0,-15.642999999999999,1,0.0779,0.611,0.000123,0.7090000000000001,0.851,126.35799999999999,242760,4.0,1990,1990-03-01
3Mgxizt9G1rGDUcoc2I2Sk,I Ain't Blue,Legends of Folk,4WaFwVuAt1FAtvPRghXstJ,"[""Ramblin' Jack Elliott"", 'Spider John Koerner', 'U. Utah Phillips']","['6iuM8yp1x2N0l6SONhyq4b', '7CA7FJBftyM0hSJaF6GWqT', '1Y6vUZE7QcozOdFspUWtzm']",5,1,False,0.68,0.502,10,-14.525,1,0.126,0.716,0.013000000000000001,0.972,0.867,104.31700000000001,178333,4.0,1990,1990-03-01
7iVG6PNiTTj1UozD21Kv61,Good Time Charlie,Legends of Folk,4WaFwVuAt1FAtvPRghXstJ,"[""Ramblin' Jack Elliott"", 'Spider John Koerner', 'U. Utah Phillips']","['6iuM8yp1x2N0l6SONhyq4b', '7CA7FJBftyM0hSJaF6GWqT', '1Y6vUZE7QcozOdFspUWtzm']",6,1,False,0.5870000000000001,0.746,9,-16.029,1,0.508,0.47200000000000003,0.00157,0.9670000000000001,0.924,124.585,157773,4.0,1990,1990-03-01
6xd5wUfce8T0frxlcKnF2f,Utah Introduces Ramblin' Jack Elliott,Legends of Folk,4WaFwVuAt1FAtvPRghXstJ,"[""Ramblin' Jack Elliott"", 'Spider John Koerner', 'U. Utah Phillips']","['6iuM8yp1x2N0l6SONhyq4b', '7CA7FJBftyM0hSJaF6GWqT', '1Y6vUZE7QcozOdFspUWtzm']",7,1,False,0.638,0.42100000000000004,10,-21.829,1,0.94,0.7490000000000001,0.0,0.95,0.37799999999999995,75.845,88560,1.0,1990,1990-03-01
23lDlOwd5Nl7M847qiIXks,Talkin' Fishin',Legends of Folk,4WaFwVuAt1FAtvPRghXstJ,"[""Ramblin' Jack Elliott"", 'Spider John Koerner', 'U. Utah Phillips']","['6iuM8yp1x2N0l6SONhyq4b', '7CA7FJBftyM0hSJaF6GWqT', '1Y6vUZE7QcozOdFspUWtzm']",8,1,False,0.537,0.0659,1,-23.493000000000002,1,0.0492,0.66,2.97e-06,0.46799999999999997,0.528,105.199,203407,4.0,1990,1990-03-01
2DKaYaAYW957D5zZ7WwLX3,Jack Introduces Don't Think Twice,Legends of Folk,4WaFwVuAt1FAtvPRghXstJ,"[""Ramblin' Jack Elliott"", 'Spider John Koerner', 'U. Utah Phillips']","['6iuM8yp1x2N0l6SONhyq4b', '7CA7FJBftyM0hSJaF6GWqT', '1Y6vUZE7QcozOdFspUWtzm']",9,1,False,0.5670000000000001,0.0638,0,-27.025,0,0.897,0.706,0.0,0.4970000000000001,0.54,87.712,108867,4.0,1990,1990-03-01
5jTZp5M6Wuw6tjCqUqTZjq,"Don't Think Twice, It's All Right",Legends of Folk,4WaFwVuAt1FAtvPRghXstJ,"[""Ramblin' Jack Elliott"", 'Spider John Koerner', 'U. Utah Phillips']","['6iuM8yp1x2N0l6SONhyq4b', '7CA7FJBftyM0hSJaF6GWqT', '1Y6vUZE7QcozOdFspUWtzm']",10,1,False,0.45899999999999996,0.16,3,-21.814,1,0.0573,0.792,2.76e-06,0.726,0.373,88.214,247333,4.0,1990,1990-03-01
7uyFyjg4vp5OmXKGm6YnGL,Quoting Thoreau,Legends of Folk,4WaFwVuAt1FAtvPRghXstJ,"[""Ramblin' Jack Elliott"", 'Spider John Koerner', 'U. Utah Phillips']","['6iuM8yp1x2N0l6SONhyq4b', '7CA7FJBftyM0hSJaF6GWqT', '1Y6vUZE7QcozOdFspUWtzm']",11,1,False,0.503,0.147,7,-33.173,0,0.441,0.504,0.0,0.782,0.0714,117.20200000000001,25200,4.0,1990,1990-03-01
7fg6eri8PucGarYxK7KLGF,On the Range of The Buffalo (The Buffalo Skinners),Legends of Folk,4WaFwVuAt1FAtvPRghXstJ,"[""Ramblin' Jack Elliott"", 'Spider John Koerner', 'U. Utah Phillips']","['6iuM8yp1x2N0l6SONhyq4b', '7CA7FJBftyM0hSJaF6GWqT', '1Y6vUZE7QcozOdFspUWtzm']",12,1,False,0.489,0.245,6,-20.055,1,0.0843,0.54,0.0,0.675,0.332,107.75299999999999,347373,4.0,1990,1990-03-01
1Vuffuh6doTdaWDwYtl9ga,Utah Introduces U. Utah Phillips,Legends of Folk,4WaFwVuAt1FAtvPRghXstJ,"[""Ramblin' Jack Elliott"", 'Spider John Koerner', 'U. Utah Phillips']","['6iuM8yp1x2N0l6SONhyq4b', '7CA7FJBftyM0hSJaF6GWqT', '1Y6vUZE7QcozOdFspUWtzm']",13,1,False,0.56,0.985,0,-18.349,1,0.664,0.76,3.2e-06,0.978,0.295,94.07700000000001,34893,4.0,1990,1990-03-01
1TO4Yx9ZdApbcyztjszODy,Railroading On the Great Divide,Legends of Folk,4WaFwVuAt1FAtvPRghXstJ,"[""Ramblin' Jack Elliott"", 'Spider John Koerner', 'U. Utah Phillips']","['6iuM8yp1x2N0l6SONhyq4b', '7CA7FJBftyM0hSJaF6GWqT', '1Y6vUZE7QcozOdFspUWtzm']",14,1,False,0.488,0.32,7,-20.888,1,0.903,0.743,0.0,0.687,0.5660000000000001,83.54799999999999,343800,3.0,1990,1990-03-01
1iJ1xVrSvwVwefs4wU5t1Z,"Hallelujah, I'm a Bum",Legends of Folk,4WaFwVuAt1FAtvPRghXstJ,"[""Ramblin' Jack Elliott"", 'Spider John Koerner', 'U. Utah Phillips']","['6iuM8yp1x2N0l6SONhyq4b', '7CA7FJBftyM0hSJaF6GWqT', '1Y6vUZE7QcozOdFspUWtzm']",15,1,False,0.534,0.511,2,-18.184,1,0.912,0.743,0.0,0.971,0.677,71.72,154373,3.0,1990,1990-03-01
3DhhKJHqE0IOYaUedyJqly,Utah Introduces the final set,Legends of Folk,4WaFwVuAt1FAtvPRghXstJ,"[""Ramblin' Jack Elliott"", 'Spider John Koerner', 'U. Utah Phillips']","['6iuM8yp1x2N0l6SONhyq4b', '7CA7FJBftyM0hSJaF6GWqT', '1Y6vUZE7QcozOdFspUWtzm']",16,1,False,0.643,0.45799999999999996,9,-25.576999999999998,0,0.758,0.578,0.0,0.409,0.135,49.167,28667,4.0,1990,1990-03-01
7n5VpqgGYaNkK9E5bZiV3l,Old Shep,Legends of Folk,4WaFwVuAt1FAtvPRghXstJ,"[""Ramblin' Jack Elliott"", 'Spider John Koerner', 'U. Utah Phillips']","['6iuM8yp1x2N0l6SONhyq4b', '7CA7FJBftyM0hSJaF6GWqT', '1Y6vUZE7QcozOdFspUWtzm']",17,1,False,0.531,0.09300000000000001,1,-22.894000000000002,1,0.0487,0.622,1.4599999999999999e-05,0.701,0.223,108.346,271267,3.0,1990,1990-03-01
2wA3yK4NH0CORUPeYROtSv,Danville Girl,Legends of Folk,4WaFwVuAt1FAtvPRghXstJ,"[""Ramblin' Jack Elliott"", 'Spider John Koerner', 'U. Utah Phillips']","['6iuM8yp1x2N0l6SONhyq4b', '7CA7FJBftyM0hSJaF6GWqT', '1Y6vUZE7QcozOdFspUWtzm']",18,1,False,0.629,0.402,9,-17.667,1,0.311,0.55,0.000103,0.545,0.621,107.788,229467,4.0,1990,1990-03-01
12MHoH44iUwiHvC35BYqE3,Touch Me,Legends of Folk,4WaFwVuAt1FAtvPRghXstJ,"[""Ramblin' Jack Elliott"", 'Spider John Koerner', 'U. Utah Phillips']","['6iuM8yp1x2N0l6SONhyq4b', '7CA7FJBftyM0hSJaF6GWqT', '1Y6vUZE7QcozOdFspUWtzm']",19,1,False,0.664,0.308,9,-21.072,1,0.573,0.647,0.0,0.615,0.643,80.195,137733,4.0,1990,1990-03-01
2j6OmxgroWBBfEbPmQHRiU,Everybody's Going For the Money,Legends of Folk,4WaFwVuAt1FAtvPRghXstJ,"[""Ramblin' Jack Elliott"", 'Spider John Koerner', 'U. Utah Phillips']","['6iuM8yp1x2N0l6SONhyq4b', '7CA7FJBftyM0hSJaF6GWqT', '1Y6vUZE7QcozOdFspUWtzm']",20,1,False,0.63,0.536,4,-14.177,1,0.0684,0.602,0.000714,0.6709999999999999,0.9079999999999999,128.562,147093,4.0,1990,1990-03-01
3oQY1CYauiCwhkGgIPNrEZ,912 Greens,Legends of Folk,4WaFwVuAt1FAtvPRghXstJ,"[""Ramblin' Jack Elliott"", 'Spider John Koerner', 'U. Utah Phillips']","['6iuM8yp1x2N0l6SONhyq4b', '7CA7FJBftyM0hSJaF6GWqT', '1Y6vUZE7QcozOdFspUWtzm']",21,1,False,0.557,0.0807,3,-23.484,1,0.29600000000000004,0.774,0.0,0.966,0.35700000000000004,97.618,819333,4.0,1990,1990-03-01
1SRAadHC9UWxX5Doan6xzF,Here With You,Legends of Folk,4WaFwVuAt1FAtvPRghXstJ,"[""Ramblin' Jack Elliott"", 'Spider John Koerner', 'U. Utah Phillips']","['6iuM8yp1x2N0l6SONhyq4b', '7CA7FJBftyM0hSJaF6GWqT', '1Y6vUZE7QcozOdFspUWtzm']",22,1,False,0.371,0.5670000000000001,0,-18.73,1,0.8490000000000001,0.733,0.0,0.961,0.618,185.149,190800,4.0,1990,1990-03-01
4gSVbLgtGTodV0w7Tkzn4I,Zelena (green Mikrokosmos),Small Worlds,60QRdcHdDxW9lCVghcVH4B,['Moira Smiley & Voco'],['4qYpmsw1YswVGNlATVis9E'],1,1,False,0.366,0.307,9,-12.857000000000001,1,0.0291,0.596,0.745,0.192,0.282,73.46,135480,4.0,2009,2009-09-01
3q0rhRdxMNNJ9Fru7oPaiS,Izgrejala (gel Moma) / Tk Mi Kazaha,Small Worlds,60QRdcHdDxW9lCVghcVH4B,['Moira Smiley & Voco'],['4qYpmsw1YswVGNlATVis9E'],2,1,False,0.348,0.21600000000000005,7,-10.773,1,0.0383,0.884,0.0,0.177,0.5529999999999999,75.133,231960,1.0,2009,2009-09-01
1yBkwun3xHouSqACDDyR46,Makedonska,Small Worlds,60QRdcHdDxW9lCVghcVH4B,['Moira Smiley & Voco'],['4qYpmsw1YswVGNlATVis9E'],3,1,False,0.23399999999999999,0.19899999999999998,4,-14.01,0,0.0336,0.865,0.00108,0.109,0.10800000000000001,144.675,209093,5.0,2009,2009-09-01
5ogUTGcpSeR4QbnB5HRQZo,Summer Has Come,Small Worlds,60QRdcHdDxW9lCVghcVH4B,['Moira Smiley & Voco'],['4qYpmsw1YswVGNlATVis9E'],4,1,False,0.33899999999999997,0.0945,4,-14.318,0,0.0431,0.9790000000000001,2.4e-05,0.111,0.14300000000000002,97.573,99640,3.0,2009,2009-09-01
09xPNsW4WmyjwMGKpB6xmU,Silverlake,Small Worlds,60QRdcHdDxW9lCVghcVH4B,['Moira Smiley & Voco'],['4qYpmsw1YswVGNlATVis9E'],5,1,False,0.28300000000000003,0.0882,2,-15.421,1,0.0356,0.8740000000000001,1.11e-06,0.0899,0.258,146.559,197240,4.0,2009,2009-09-01
5eDYt6pOtjEZAq3ojjiJlc,Szerelem,Small Worlds,60QRdcHdDxW9lCVghcVH4B,['Moira Smiley & Voco'],['4qYpmsw1YswVGNlATVis9E'],6,1,False,0.33,0.243,4,-12.644,1,0.0351,0.883,0.0,0.20199999999999999,0.14800000000000002,66.667,104520,3.0,2009,2009-09-01
719TQbuAeP4XZho3qTfjrW,Russia (siberia's Snows),Small Worlds,60QRdcHdDxW9lCVghcVH4B,['Moira Smiley & Voco'],['4qYpmsw1YswVGNlATVis9E'],7,1,False,0.589,0.36200000000000004,4,-10.749,0,0.0247,0.826,0.0,0.359,0.6970000000000001,89.978,168000,4.0,2009,2009-09-01
5tNLGLOo73iSoNoPG6ecBf,Out Of A Child,Small Worlds,60QRdcHdDxW9lCVghcVH4B,['Moira Smiley & Voco'],['4qYpmsw1YswVGNlATVis9E'],8,1,False,0.272,0.174,4,-12.37,0,0.038,0.9790000000000001,0.0526,0.0713,0.324,117.723,162200,3.0,2009,2009-09-01
1SqBl4AdAhwHjq9tVKuNMR,The Hat - Matchmaking Song,Small Worlds,60QRdcHdDxW9lCVghcVH4B,['Moira Smiley & Voco'],['4qYpmsw1YswVGNlATVis9E'],9,1,False,0.4970000000000001,0.381,2,-12.202,1,0.0304,0.29100000000000004,0.0,0.0939,0.96,147.904,68973,4.0,2009,2009-09-01
719t3BAkZstxqAhe4PC3LS,Rano (early Morn' Mikrokosmos),Small Worlds,60QRdcHdDxW9lCVghcVH4B,['Moira Smiley & Voco'],['4qYpmsw1YswVGNlATVis9E'],10,1,False,0.341,0.32299999999999995,7,-14.097999999999999,1,0.0361,0.836,0.000362,0.2,0.13699999999999998,135.64700000000002,186200,4.0,2009,2009-09-01
3P8pQtpBUSbpmiInuvL1J4,Z Tobą Nie Umiem Wygrać,The Best Of,4KOIQOPIZM6xWLo72XXxKx,['Ania Dabrowska'],['7008bv4QLo6eziuxszbjqO'],1,1,False,0.767,0.76,5,-4.427,1,0.0387,0.0701,1.48e-06,0.29100000000000004,0.544,129.97299999999998,243707,4.0,2017,2017-11-10
78IbXBK2gWenJw5qKV0VgK,W Glowie,The Best Of,4KOIQOPIZM6xWLo72XXxKx,['Ania Dabrowska'],['7008bv4QLo6eziuxszbjqO'],2,1,False,0.679,0.667,0,-6.98,1,0.102,0.19899999999999998,0.0,0.266,0.445,90.022,203200,4.0,2017,2017-11-10
4NkSCrHmLrod5lAJRMNu55,Tego chcialam,The Best Of,4KOIQOPIZM6xWLo72XXxKx,['Ania'],['3qhht3xf4m5HRkjsRFeVeo'],3,1,False,0.591,0.685,9,-5.5920000000000005,0,0.0475,0.434,0.0,0.183,0.7909999999999999,159.799,179267,4.0,2017,2017-11-10
4LcmkLuVAsDhOSCzwWPDZC,Nigdy wiecej nie tancz ze mna,The Best Of,4KOIQOPIZM6xWLo72XXxKx,['Ania'],['3qhht3xf4m5HRkjsRFeVeo'],4,1,False,0.563,0.5479999999999999,0,-5.979,0,0.0388,0.715,5.8399999999999997e-05,0.10800000000000001,0.596,185.303,177693,4.0,2017,2017-11-10
7CxIFmAYuj2SDV6jlp95p6,W spodniach czy sukience,The Best Of,4KOIQOPIZM6xWLo72XXxKx,['Ania'],['3qhht3xf4m5HRkjsRFeVeo'],5,1,False,0.752,0.773,4,-8.728,0,0.0434,0.428,0.0314,0.0978,0.517,115.978,315707,4.0,2017,2017-11-10
3Dp2AOEsbtAih3zy5mDJia,Trudno mi sie przyznac,The Best Of,4KOIQOPIZM6xWLo72XXxKx,['Ania'],['3qhht3xf4m5HRkjsRFeVeo'],6,1,False,0.654,0.512,4,-8.443,0,0.0581,0.812,0.0,0.0819,0.344,134.465,177360,4.0,2017,2017-11-10
6W4gwBClTDyn9k7Ve11Xpd,Nieprawda,The Best Of,4KOIQOPIZM6xWLo72XXxKx,['Ania Dabrowska'],['7008bv4QLo6eziuxszbjqO'],7,1,False,0.759,0.597,4,-6.9110000000000005,0,0.0683,0.16,0.00011599999999999999,0.184,0.6409999999999999,80.005,208667,4.0,2017,2017-11-10
7lwnVZV08QHbhDPcOBLmfS,Bawię Się Świetnie,The Best Of,4KOIQOPIZM6xWLo72XXxKx,['Ania Dabrowska'],['7008bv4QLo6eziuxszbjqO'],8,1,False,0.589,0.6659999999999999,1,-7.0420000000000025,0,0.0332,0.381,0.000811,0.21,0.316,129.91899999999998,227467,4.0,2017,2017-11-10
4PTUaVfJgBj55a56WWzcZl,Nigdy Nie Mow Nigdy,The Best Of,4KOIQOPIZM6xWLo72XXxKx,['Ania'],['3qhht3xf4m5HRkjsRFeVeo'],9,1,False,0.525,0.5720000000000001,4,-8.443,1,0.0295,0.478,0.00023500000000000002,0.125,0.529,175.02700000000004,172093,4.0,2017,2017-11-10
7AxCJfTMQmAmeQV8tKAbJX,"Charlie, Charlie",The Best Of,4KOIQOPIZM6xWLo72XXxKx,['Ania'],['3qhht3xf4m5HRkjsRFeVeo'],10,1,False,0.5820000000000001,0.526,11,-7.8260000000000005,1,0.0394,0.55,0.0018100000000000002,0.0858,0.165,98.90100000000001,179560,4.0,2017,2017-11-10
3WEzHR9EevlyujsJ9EYHaq,Czekam...,The Best Of,4KOIQOPIZM6xWLo72XXxKx,['Ania'],['3qhht3xf4m5HRkjsRFeVeo'],11,1,False,0.7340000000000001,0.635,9,-7.716,0,0.0301,0.40399999999999997,0.00186,0.124,0.7140000000000001,99.99600000000001,212360,4.0,2017,2017-11-10
7dQmuS0RrkIEHXuHum0djP,Wiosna,The Best Of,4KOIQOPIZM6xWLo72XXxKx,['Ania'],['3qhht3xf4m5HRkjsRFeVeo'],12,1,False,0.4970000000000001,0.603,9,-7.807,0,0.0309,0.633,0.00591,0.102,0.402,159.88,213053,4.0,2017,2017-11-10
70A5spfPM9wNBvijZ6cuPh,Bang Bang,The Best Of,4KOIQOPIZM6xWLo72XXxKx,['Ania'],['3qhht3xf4m5HRkjsRFeVeo'],13,1,False,0.313,0.536,5,-6.4179999999999975,0,0.0549,0.35100000000000003,1.9600000000000002e-05,0.121,0.275,173.541,218640,4.0,2017,2017-11-10
7pLVnCw45WCjlHpAXPxBnp,Porady Na Zdrady [Dreszcze],The Best Of,4KOIQOPIZM6xWLo72XXxKx,['Ania Dabrowska'],['7008bv4QLo6eziuxszbjqO'],14,1,False,0.71,0.71,7,-5.043,1,0.0356,0.22899999999999998,1.02e-06,0.368,0.6990000000000001,97.98700000000001,210667,4.0,2017,2017-11-10
1NL9iJF89ywtHQ5FbHwyje,Nieprawda (Gromee Remix),The Best Of,4KOIQOPIZM6xWLo72XXxKx,['Ania Dabrowska'],['7008bv4QLo6eziuxszbjqO'],15,1,False,0.616,0.805,4,-6.87,0,0.0596,0.0299,0.000675,0.168,0.247,104.99600000000001,218773,4.0,2017,2017-11-10
6YSJ7rgjRiO3glbDJrBZR3,I Wish You Would,Back Where I Belong,59auu3dHE34dRuCajZ2Kd2,['Billy Boy Arnold'],['16vIA3JDwbJiQugWKimd2o'],1,1,False,0.654,0.568,7,-11.979000000000001,1,0.0272,0.226,0.0035600000000000002,0.114,0.762,95.116,219560,4.0,1993,1993
1au0UriYTUH9aM9QN5FsLF,Move On Down The Road,Back Where I Belong,59auu3dHE34dRuCajZ2Kd2,['Billy Boy Arnold'],['16vIA3JDwbJiQugWKimd2o'],2,1,False,0.557,0.674,7,-10.982999999999999,1,0.0374,0.0225,0.0345,0.14400000000000002,0.868,134.158,180040,4.0,1993,1993
1p52oe79YFdlIjZlrXxiuk,Fine Young Girl,Back Where I Belong,59auu3dHE34dRuCajZ2Kd2,['Billy Boy Arnold'],['16vIA3JDwbJiQugWKimd2o'],3,1,False,0.442,0.307,0,-14.501,1,0.0502,0.0803,0.015,0.0992,0.633,184.765,302400,3.0,1993,1993
5BejVn7pQ9w5CGCMcupqn3,You Got Me Wrong,Back Where I Belong,59auu3dHE34dRuCajZ2Kd2,['Billy Boy Arnold'],['16vIA3JDwbJiQugWKimd2o'],4,1,False,0.637,0.516,0,-12.845999999999998,1,0.0336,0.000684,0.000562,0.272,0.5579999999999999,99.228,221333,4.0,1993,1993
4ZYjqVlZkFXG6B14gUZASD,Fool For You,Back Where I Belong,59auu3dHE34dRuCajZ2Kd2,['Billy Boy Arnold'],['16vIA3JDwbJiQugWKimd2o'],5,1,False,0.622,0.662,10,-10.423,1,0.0643,0.327,4.77e-06,0.271,0.9309999999999999,134.995,214333,4.0,1993,1993
0KDbtCW4QDGWD6npmN9KPY,Wandering Eye,Back Where I Belong,59auu3dHE34dRuCajZ2Kd2,['Billy Boy Arnold'],['16vIA3JDwbJiQugWKimd2o'],6,1,False,0.499,0.4370000000000001,9,-14.103,1,0.0376,0.14300000000000002,0.00025,0.287,0.685,101.794,258933,3.0,1993,1993
0XkDl9R6GswLDRmNxfuVC3,Shake Your Hips,Back Where I Belong,59auu3dHE34dRuCajZ2Kd2,['Billy Boy Arnold'],['16vIA3JDwbJiQugWKimd2o'],7,1,False,0.243,0.705,7,-11.255,1,0.0736,0.0255,0.00207,0.0926,0.35700000000000004,198.106,206027,4.0,1993,1993
6NlVpUmAAoEXGL0SzRr6wv,"Whiskey, Beer And Reefer",Back Where I Belong,59auu3dHE34dRuCajZ2Kd2,['Billy Boy Arnold'],['16vIA3JDwbJiQugWKimd2o'],8,1,False,0.371,0.488,9,-14.869000000000002,1,0.131,0.00031800000000000003,0.00122,0.512,0.295,177.209,269307,3.0,1993,1993
5csDnVK953wIwOcXktOayj,Prisoner's Plea,Back Where I Belong,59auu3dHE34dRuCajZ2Kd2,['Billy Boy Arnold'],['16vIA3JDwbJiQugWKimd2o'],9,1,False,0.45899999999999996,0.423,2,-14.243,1,0.0559,0.2,1.34e-06,0.21,0.551,171.463,296067,4.0,1993,1993
4214Ov4bADCCoOYA5PrJcx,High Fashion Woman,Back Where I Belong,59auu3dHE34dRuCajZ2Kd2,['Billy Boy Arnold'],['16vIA3JDwbJiQugWKimd2o'],10,1,False,0.637,0.535,2,-14.470999999999998,1,0.031,0.0832,0.00182,0.256,0.7809999999999999,110.367,198360,4.0,1993,1993
5FcyOucSOVF3GKgDNTn32p,Young And Evil,Back Where I Belong,59auu3dHE34dRuCajZ2Kd2,['Billy Boy Arnold'],['16vIA3JDwbJiQugWKimd2o'],11,1,False,0.342,0.423,9,-16.755,1,0.0299,0.00148,0.0018,0.0724,0.433,178.523,355973,3.0,1993,1993
5YGtQekgK3zC5Y0B1zEMnH,Shake The Boogie,Back Where I Belong,59auu3dHE34dRuCajZ2Kd2,['Billy Boy Arnold'],['16vIA3JDwbJiQugWKimd2o'],12,1,False,0.516,0.6709999999999999,0,-13.841,1,0.0944,0.22899999999999998,4.45e-05,0.0972,0.7240000000000001,166.25900000000001,163027,4.0,1993,1993
4N6P6RKMDD1IJy5ayEdGRW,Worried Life Blues,Back Where I Belong,59auu3dHE34dRuCajZ2Kd2,['Billy Boy Arnold'],['16vIA3JDwbJiQugWKimd2o'],13,1,False,0.698,0.349,0,-15.628,1,0.0336,0.191,0.00137,0.129,0.687,108.31,205467,4.0,1993,1993
30rnVj1M1klYP9GtoYhhxL,Streetwise Advisors,Back Where I Belong,59auu3dHE34dRuCajZ2Kd2,['Billy Boy Arnold'],['16vIA3JDwbJiQugWKimd2o'],14,1,False,0.61,0.7240000000000001,2,-11.932,1,0.0512,0.171,0.0155,0.0537,0.58,125.85600000000001,167973,4.0,1993,1993
5vgjeDnuf7YY3clPpwkyOF,Nah Wrong (Miss I Miss),Nah Wrong (Miss I Miss),6oaVFTutmbTbbbGK9QXgU3,['Rikk Love'],['5iCCm0jvLyJQggEITHfsFe'],1,1,True,0.249,0.927,1,-2.053,1,0.23199999999999998,0.000495,0.0,0.114,0.429,86.98899999999998,238779,4.0,2018,2018-03-11
3BNnWkAyEF35PS1wkAa5b6,The Power of Love,Valentine's Day - 100% Love Songs,17AyblNGZOyDmpHHNQufjq,['Gabrielle Aplin'],['3w6zswp5THsSKYLICUbDTZ'],1,1,False,0.27699999999999997,0.29100000000000004,11,-9.851,0,0.0306,0.9009999999999999,2.47e-05,0.10300000000000001,0.175,75.119,245160,3.0,2017,2017-12-22
2tXkNXRUe5cgOqhqtyyrL9,I Love You Always Forever,Valentine's Day - 100% Love Songs,17AyblNGZOyDmpHHNQufjq,['Donna Lewis'],['2EfG2EoT8GFJrMiilbTVl2'],2,1,False,0.7440000000000001,0.45299999999999996,5,-11.977,1,0.0348,0.627,0.42100000000000004,0.0898,0.122,103.773,239960,4.0,2017,2017-12-22
2d9lSoFMR6xfYz0nwv8cjZ,Nothing's Gonna Change My Love for You,Valentine's Day - 100% Love Songs,17AyblNGZOyDmpHHNQufjq,['George Benson'],['4N8BwYTEC6XqykGvXXlmfv'],3,1,False,0.5529999999999999,0.614,1,-5.098,1,0.0306,0.764,0.0,0.0811,0.345,136.628,242679,4.0,2017,2017-12-22
2p4Pm4fhURPKXJQoddbyGe,Stand by Me,Valentine's Day - 100% Love Songs,17AyblNGZOyDmpHHNQufjq,['Ben E. King'],['3plJVWt88EqjvtuB4ZDRV3'],4,1,False,0.6679999999999999,0.271,9,-10.321,1,0.0379,0.5,2.53e-06,0.233,0.6940000000000001,119.08,174800,4.0,2017,2017-12-22
1hRV4rpuSq3c9NdKWKiTU3,I Want to Know What Love Is,Valentine's Day - 100% Love Songs,17AyblNGZOyDmpHHNQufjq,['Foreigner'],['6IRouO5mvvfcyxtPDKMYFN'],5,1,False,0.47700000000000004,0.47100000000000003,6,-10.036,1,0.0277,0.193,1.76e-06,0.131,0.423,81.204,304787,4.0,2017,2017-12-22
3wxXqiUHBm3rXuXr5wRDeZ,(Where Do I Begin) Love Story,Valentine's Day - 100% Love Songs,17AyblNGZOyDmpHHNQufjq,['Shirley Bassey'],['090VebphoycdEyH165iMqc'],6,1,False,0.42100000000000004,0.47200000000000003,2,-8.25,0,0.0386,0.469,0.0,0.133,0.518,94.82600000000001,194947,4.0,2017,2017-12-22
3ojZWuTbxXRL8yinUiOt7v,Can't Take My Eyes off You,Valentine's Day - 100% Love Songs,17AyblNGZOyDmpHHNQufjq,['Frankie Valli'],['3CDKmzJu6uwEGnPLLZffpD'],7,1,False,0.581,0.78,4,-7.053,1,0.0567,0.508,1.07e-05,0.0799,0.561,123.711,203680,4.0,2017,2017-12-22
5JSpT5Eiojxm9UU4n0mBtd,When a Man Loves a Woman,Valentine's Day - 100% Love Songs,17AyblNGZOyDmpHHNQufjq,['Percy Sledge'],['3rRmDmzPcAFwcUDvG5gBqO'],8,1,False,0.532,0.3670000000000001,1,-8.982000000000003,1,0.0241,0.319,1.59e-06,0.218,0.324,97.08,173663,3.0,2017,2017-12-22
54EF9WXDo5jbJZ2iJ9sA5L,The Rose,Valentine's Day - 100% Love Songs,17AyblNGZOyDmpHHNQufjq,['Bette Midler'],['13y0kncDD4J9wxCyfKr10W'],9,1,False,0.258,0.0971,0,-13.002,1,0.0302,0.94,0.0,0.122,0.0767,65.346,215027,3.0,2017,2017-12-22
6F8lHv9dbSBsRibALJCM4R,Without You,Valentine's Day - 100% Love Songs,17AyblNGZOyDmpHHNQufjq,['Air Supply'],['4xXCRXOfQKQ2gjWxNhNzYW'],10,1,False,0.371,0.509,5,-6.426,1,0.0302,0.12300000000000001,0.000964,0.381,0.29100000000000004,128.618,272627,4.0,2017,2017-12-22
0fLHo5PfcdU6myY0ot7pwr,(Everything I Do) I Do It for You,Valentine's Day - 100% Love Songs,17AyblNGZOyDmpHHNQufjq,['Brandy'],['05oH07COxkXKIMt6mIPRee'],11,1,False,0.5710000000000001,0.5660000000000001,1,-5.225,1,0.0294,0.308,2.8e-06,0.11199999999999999,0.349,131.828,250000,4.0,2017,2017-12-22
0j2NDrg94Vrff39a6nSrjS,I Swear,Valentine's Day - 100% Love Songs,17AyblNGZOyDmpHHNQufjq,['All-4-One'],['1B8ySGDAiXTCvnJNH4HSCG'],12,1,False,0.532,0.40700000000000003,6,-9.658,0,0.0233,0.235,0.0,0.11699999999999999,0.23,83.20700000000002,259853,4.0,2017,2017-12-22
4ogEqi1rMvEk6DUj9kppae,You Might Need Somebody,Valentine's Day - 100% Love Songs,17AyblNGZOyDmpHHNQufjq,['Randy Crawford'],['1twC2fwPG5FkvYcMpVBQRz'],13,1,False,0.597,0.5660000000000001,1,-8.459,1,0.0314,0.145,0.000621,0.0747,0.5870000000000001,83.236,254813,4.0,2017,2017-12-22
3spkwRS12Ykub5LxzgqdiV,Baby I Love You,Valentine's Day - 100% Love Songs,17AyblNGZOyDmpHHNQufjq,['Aretha Franklin'],['7nwUJBm0HE4ZxD3f5cy5ok'],14,1,False,0.74,0.27699999999999997,0,-14.898,1,0.0384,0.629,0.0,0.149,0.79,91.48299999999999,160213,4.0,2017,2017-12-22
0yqLMefytWmTmaMzsgeUkq,Ain't Nobody,Valentine's Day - 100% Love Songs,17AyblNGZOyDmpHHNQufjq,['Chaka Khan'],['6mQfAAqZGBzIfrmlZCeaYT'],15,1,False,0.823,0.765,10,-12.392999999999999,0,0.0456,0.222,6.73e-05,0.11599999999999999,0.722,104.8,245133,4.0,2017,2017-12-22
6SzhgdcaFdCTWEk2cz3LiF,Angel of Mine,Valentine's Day - 100% Love Songs,17AyblNGZOyDmpHHNQufjq,['Eternal'],['7zYGAXxAaq15C9eM29M8Fj'],16,1,False,0.644,0.441,0,-8.72,0,0.0246,0.0751,2.05e-06,0.0743,0.256,94.796,258933,4.0,2017,2017-12-22
3iow5WO4MEoiS5Wb9m8AkC,Love X Love,Valentine's Day - 100% Love Songs,17AyblNGZOyDmpHHNQufjq,['George Benson'],['4N8BwYTEC6XqykGvXXlmfv'],17,1,False,0.797,0.555,1,-12.692,1,0.0385,0.109,0.00018999999999999998,0.0648,0.8809999999999999,114.74600000000001,284067,4.0,2017,2017-12-22
4YTwzEAY484ssNsMNnwLFC,Always,Valentine's Day - 100% Love Songs,17AyblNGZOyDmpHHNQufjq,['Atlantic Starr'],['2YdVmtVBpIrv0N6WiBzSqm'],18,1,False,0.606,0.534,7,-6.757999999999999,1,0.0256,0.39899999999999997,0.000973,0.35600000000000004,0.32799999999999996,130.945,288493,4.0,2017,2017-12-22
2pRzMqzku5QJmDO5VTtGel,One in a Million You,Valentine's Day - 100% Love Songs,17AyblNGZOyDmpHHNQufjq,"['Graham Central Station', 'Larry Graham']","['1OGcRXAY9iO4egWiIBqX8F', '6lUcc15t11bnaPr2qOuFs2']",19,1,False,0.467,0.503,10,-7.013,1,0.0279,0.475,2.17e-06,0.335,0.2,71.506,250013,4.0,2017,2017-12-22
30K8fYhjfN5TWTdMbPhBaQ,We're in This Love Together,Valentine's Day - 100% Love Songs,17AyblNGZOyDmpHHNQufjq,['Al Jarreau'],['3YR92OLKlvkK5oKNekSqXe'],20,1,False,0.597,0.32299999999999995,5,-15.648,1,0.0494,0.56,2.24e-05,0.628,0.628,79.39699999999998,226067,4.0,2017,2017-12-22
5xaa70Ony4EdKn8Lk9kSJY,Computer Love,Valentine's Day - 100% Love Songs,17AyblNGZOyDmpHHNQufjq,['Zapp'],['396Kh0m4wGUvcMUULw71yi'],21,1,False,0.725,0.446,7,-13.614,0,0.128,0.32,0.0,0.452,0.675,84.571,284373,4.0,2017,2017-12-22
0q5mjm0iijPyrwgpYnh7Gt,It Started with a Kiss,Valentine's Day - 100% Love Songs,17AyblNGZOyDmpHHNQufjq,['Hot Chocolate'],['72VzFto8DYvKHocaHYNWSi'],22,1,False,0.785,0.725,7,-7.164,1,0.0872,0.405,0.00451,0.348,0.6829999999999999,112.163,242987,4.0,2017,2017-12-22
0ZxpmbZsDDmZ0PupVpB0F2,True,Valentine's Day - 100% Love Songs,17AyblNGZOyDmpHHNQufjq,['Spandau Ballet'],['2urZrEdsq72kx0UzfYN8Yv'],23,1,False,0.7440000000000001,0.545,0,-9.361,1,0.0297,0.506,0.0977,0.0649,0.34600000000000003,97.40899999999999,328293,4.0,2017,2017-12-22
7qqqGsr5Anp7vrbQHdMktz,I Love You,Valentine's Day - 100% Love Songs,17AyblNGZOyDmpHHNQufjq,['Tanita Tikaram'],['2gTl60Ao3u7bljVnAqxPh8'],24,1,False,0.563,0.0971,4,-19.067,0,0.0396,0.852,0.0,0.0932,0.0893,67.42399999999999,165307,4.0,2017,2017-12-22
5MVsIpRosnW97l7lERhQNT,Perfect Love,Valentine's Day - 100% Love Songs,17AyblNGZOyDmpHHNQufjq,['Marc Cohn'],['2C8mKwk3z5DtqLcSwUdYJ9'],25,1,False,0.76,0.268,5,-19.207,1,0.0314,0.763,0.00209,0.07,0.713,108.766,263440,4.0,2017,2017-12-22
3gGA5l0YfClXG3GHM9wqSs,I Can Love You Like That,Valentine's Day - 100% Love Songs,17AyblNGZOyDmpHHNQufjq,['John Michael Montgomery'],['7mPcfx7PhnBh6n4HMCd61A'],26,1,False,0.49,0.359,11,-10.323,1,0.0314,0.313,0.0,0.499,0.21600000000000005,176.94,233267,4.0,2017,2017-12-22
3OV0gU4vg7Xzr7w3ZU0FLu,My Girl,Valentine's Day - 100% Love Songs,17AyblNGZOyDmpHHNQufjq,['Otis Redding'],['60df5JBRRPcnSpsIMxxwQm'],27,1,False,0.493,0.408,0,-5.979,1,0.0562,0.499,1.1400000000000001e-05,0.14300000000000002,0.674,203.93599999999998,175427,4.0,2017,2017-12-22
5DT7qLMKdArLJyKcJjDtuw,Anyone Who Had a Heart,Valentine's Day - 100% Love Songs,17AyblNGZOyDmpHHNQufjq,['Dionne Warwick'],['2JSjCHK79gdaiPWdKiNUNp'],28,1,False,0.529,0.228,8,-11.174000000000001,1,0.027999999999999997,0.8809999999999999,2.26e-05,0.452,0.322,79.297,184320,3.0,2017,2017-12-22
2o0mbCZQaz4XRxph1eNQKp,Groovy Kind of Love,Valentine's Day - 100% Love Songs,17AyblNGZOyDmpHHNQufjq,"['Patti LaBelle', 'The Bluebelles']","['0ty0xha1dbprYIUAQufkFn', '3o71UUh0wHudH3T2zS1DgU']",29,1,False,0.38299999999999995,0.542,2,-5.75,1,0.0307,0.6729999999999999,0.0,0.0854,0.642,173.81900000000005,132440,4.0,2017,2017-12-22
6XFwNGCrHeKoxoh0pYObFr,Unchained Melody,Valentine's Day - 100% Love Songs,17AyblNGZOyDmpHHNQufjq,['Matt Monro'],['06kr5yNAM2rOf4DXemM8fl'],30,1,False,0.28300000000000003,0.294,7,-14.024000000000001,1,0.028999999999999998,0.792,0.134,0.342,0.33299999999999996,94.065,195000,4.0,2017,2017-12-22
2BmkgGX3eKmVFtaGw9hx1Y,With You I'm Born Again (feat. George Benson),Valentine's Day - 100% Love Songs,17AyblNGZOyDmpHHNQufjq,"['Vanessa Williams', 'George Benson']","['75L9s8KVrhCNtBUkZFnDFW', '4N8BwYTEC6XqykGvXXlmfv']",31,1,False,0.21899999999999997,0.303,3,-9.908999999999999,0,0.0375,0.904,0.000132,0.107,0.13699999999999998,80.878,233293,3.0,2017,2017-12-22
0aBcWOwaHNuqIBcTDj4Afs,Love Is the Power,Valentine's Day - 100% Love Songs,17AyblNGZOyDmpHHNQufjq,['Teddy Pendergrass'],['68kACMx6A3D2BYiO056MeQ'],32,1,False,0.725,0.45899999999999996,1,-14.700999999999999,0,0.0362,0.266,2.78e-05,0.175,0.878,138.451,377467,4.0,2017,2017-12-22
3T6dgHbpfIodNnl04OrKBF,Your Song,Valentine's Day - 100% Love Songs,17AyblNGZOyDmpHHNQufjq,['Al Jarreau'],['3YR92OLKlvkK5oKNekSqXe'],33,1,False,0.535,0.273,3,-11.968,1,0.0331,0.758,0.0168,0.109,0.158,120.48299999999999,337453,4.0,2017,2017-12-22
4h9Ffv3MUJsRJzdgTFKhJA,Waiting for a Girl Like You,Valentine's Day - 100% Love Songs,17AyblNGZOyDmpHHNQufjq,['Foreigner'],['6IRouO5mvvfcyxtPDKMYFN'],34,1,False,0.33,0.469,10,-9.286,0,0.0335,0.31,2.3e-06,0.0402,0.433,201.327,292067,4.0,2017,2017-12-22
59kmWeDfNeW2Ytie0G415N,Drive,Valentine's Day - 100% Love Songs,17AyblNGZOyDmpHHNQufjq,['The Cars'],['6DCIj8jNaNpBz8e5oKFPtp'],35,1,False,0.5820000000000001,0.606,6,-9.961,1,0.0289,0.124,0.00139,0.151,0.504,111.441,234493,5.0,2017,2017-12-22
3LQPGXMKfyAVjDAC42B4kT,Lover of Mine,Valentine's Day - 100% Love Songs,17AyblNGZOyDmpHHNQufjq,['Alannah Myles'],['6IYnSXO40Bh7Zdqhf6rQoj'],36,1,False,0.42,0.39899999999999997,9,-10.562999999999999,1,0.0279,0.267,0.0,0.127,0.0993,148.034,277400,4.0,2017,2017-12-22
5M3YUc5Qr80PQjnVxCwNQ2,Don't Let Go (Love),Valentine's Day - 100% Love Songs,17AyblNGZOyDmpHHNQufjq,['En Vogue'],['5fikk4h5qbEebqK2Fc6e48'],37,1,True,0.618,0.688,5,-5.867000000000001,0,0.0477,0.409,6.32e-06,0.3,0.561,78.311,291880,4.0,2017,2017-12-22
7gtJgyyOdZEk8VCEKtkEn2,Please Don't Go,Valentine's Day - 100% Love Songs,17AyblNGZOyDmpHHNQufjq,['KC & The Sunshine Band'],['3mQBpAOMWYqAZyxtyeo4Lo'],38,1,False,0.445,0.75,6,-7.159,1,0.035,0.00805,0.0,0.0358,0.466,95.95700000000001,230440,4.0,2017,2017-12-22
3fA1vOqLq2uKDY5ShOAGej,Just When I Needed You Most,Valentine's Day - 100% Love Songs,17AyblNGZOyDmpHHNQufjq,['Tony Wilson'],['3nwZKsmOiJjn7x0fS3L5ZR'],39,1,False,0.544,0.226,9,-19.371,1,0.0423,0.598,0.0,0.0979,0.43799999999999994,101.531,209027,4.0,2017,2017-12-22
1sNSVvyTJYV2r6LmHGmGVA,After the Love Has Gone,Valentine's Day - 100% Love Songs,17AyblNGZOyDmpHHNQufjq,['Damage'],['6Pwy6Wat9hp8g83y6gih5g'],40,1,False,0.488,0.523,1,-7.36,1,0.0416,0.315,2.65e-06,0.0771,0.461,133.64700000000002,275467,4.0,2017,2017-12-22
1kpJAamX20Rwckk9TciaiU,"Everchanging Times (From ""Baby Boom"")",Valentine's Day - 100% Love Songs,17AyblNGZOyDmpHHNQufjq,['Siedah Garrett'],['7EVlecngyrLHfQUqFMpwkT'],41,1,False,0.713,0.42200000000000004,0,-13.055,1,0.0335,0.256,0.0,0.0663,0.565,134.299,274733,4.0,2017,2017-12-22
4doTJJt7HZSPzwEVPhup7W,Crying in the Rain,Valentine's Day - 100% Love Songs,17AyblNGZOyDmpHHNQufjq,['a-ha'],['2jzc5TC5TVFLXQlBNiIUzE'],42,1,False,0.547,0.444,2,-10.369000000000002,1,0.0296,0.302,6.61e-05,0.163,0.0397,90.833,262467,4.0,2017,2017-12-22
7luSe9KKD3yWBGGqMJre9H,It Must Have Been Love,Valentine's Day - 100% Love Songs,17AyblNGZOyDmpHHNQufjq,['Gheorghe Zamfir'],['12FFWdcxApUNXV9TljwDpT'],43,1,False,0.5379999999999999,0.665,1,-7.612999999999999,0,0.0258,0.14,0.0493,0.125,0.613,81.01899999999998,256387,4.0,2017,2017-12-22
1Bi7N4qcMEJqH0fUdgawLk,Nothing Compares 2 U,Valentine's Day - 100% Love Songs,17AyblNGZOyDmpHHNQufjq,['Anthony Ventura'],['02UJNg1LEJ1vQSNm3Mo0R9'],44,1,False,0.446,0.27899999999999997,5,-15.331,1,0.0318,0.209,0.915,0.11800000000000001,0.0488,119.955,248533,4.0,2017,2017-12-22
0Gy0rTWLxNWUd0S1kOBFWd,Nobody,Mr.4,328h6a7ZR6TFTcNruSw2Ef,['Duwap Kaine'],['5fBcVfTWenqUDOYR5SjzEQ'],1,1,True,0.48,0.5379999999999999,2,-5.316,1,0.12300000000000001,0.4320000000000001,0.0,0.233,0.12,140.02700000000002,116219,4.0,2019,2019-11-21
3QfamTRsAsYcGSVGoP6ji4,Trippy,Mr.4,328h6a7ZR6TFTcNruSw2Ef,['Duwap Kaine'],['5fBcVfTWenqUDOYR5SjzEQ'],2,1,True,0.535,0.289,6,-18.882,1,0.0555,0.297,0.706,0.11199999999999999,0.155,88.824,148036,5.0,2019,2019-11-21
1RKB4XxJDnZaIAlYxYOotF,LeanOnYou,Mr.4,328h6a7ZR6TFTcNruSw2Ef,['Duwap Kaine'],['5fBcVfTWenqUDOYR5SjzEQ'],3,1,True,0.434,0.4920000000000001,1,-9.833,1,0.0958,0.000918,0.191,0.141,0.19699999999999998,73.736,145728,4.0,2019,2019-11-21
0JZMUrgupLZy5O5X0mrPEb,Label,Mr.4,328h6a7ZR6TFTcNruSw2Ef,['Duwap Kaine'],['5fBcVfTWenqUDOYR5SjzEQ'],4,1,True,0.7240000000000001,0.444,3,-11.988,0,0.267,0.589,3.45e-06,0.111,0.648,149.953,100833,4.0,2019,2019-11-21
0i2bzFdW69O25iGlzZ72ih,Nativity,Elysia Crampton,1HX8JaARhtmaRmYrnlJ3MF,['Elysia Crampton'],['75v4Rn3SqXn6dmq2PFrRgN'],1,1,False,0.536,0.932,7,-5.337999999999999,1,0.0757,0.000177,0.9309999999999999,0.429,0.5429999999999999,85.99700000000001,145622,4.0,2018,2018-04-27
5CSEgaTHEJqt4dHg8jjr6R,Solilunita,Elysia Crampton,1HX8JaARhtmaRmYrnlJ3MF,['Elysia Crampton'],['75v4Rn3SqXn6dmq2PFrRgN'],2,1,False,0.654,0.9490000000000001,11,-3.528,1,0.499,0.00506,0.00302,0.36,0.9740000000000001,86.068,136128,4.0,2018,2018-04-27
6nDlmxoPXgi1wW8uKBPmMH,Oscollo,Elysia Crampton,1HX8JaARhtmaRmYrnlJ3MF,['Elysia Crampton'],['75v4Rn3SqXn6dmq2PFrRgN'],3,1,False,0.619,0.8909999999999999,7,-6.34,1,0.1,0.052000000000000005,0.902,0.252,0.7,129.03799999999998,209478,3.0,2018,2018-04-27
41o4nrLpkhSpIYJeo7kGEz,Pachuyma,Elysia Crampton,1HX8JaARhtmaRmYrnlJ3MF,['Elysia Crampton'],['75v4Rn3SqXn6dmq2PFrRgN'],4,1,False,0.446,0.915,0,-5.54,1,0.0424,1.01e-05,0.893,0.152,0.28,89.43700000000004,230187,4.0,2018,2018-04-27
5RdpfcYqCm5XcPXwomRR0V,Orion Song,Elysia Crampton,1HX8JaARhtmaRmYrnlJ3MF,['Elysia Crampton'],['75v4Rn3SqXn6dmq2PFrRgN'],5,1,False,0.275,0.56,2,-5.747000000000001,1,0.0323,0.00025699999999999996,0.853,0.0639,0.11800000000000001,143.997,218243,4.0,2018,2018-04-27
7cRinb6RMD3BYhFOobgJa5,Moscow (Mariposa Voladora),Elysia Crampton,1HX8JaARhtmaRmYrnlJ3MF,['Elysia Crampton'],['75v4Rn3SqXn6dmq2PFrRgN'],6,1,False,0.406,0.754,1,-3.6719999999999997,1,0.0536,0.0798,0.8809999999999999,0.34,0.5479999999999999,180.139,189945,4.0,2018,2018-04-27
3mnMHMx035U5bcezBwa9Hx,Conjuntura I,Desordem,3ptKgkaJzegGOtKkhpJd2Q,['Matschulat'],['0nMQwy6yGT9oLHLowzMUJp'],1,1,False,0.431,0.575,1,-12.809000000000001,1,0.24600000000000002,0.00195,0.8140000000000001,0.312,0.0887,182.05200000000002,362000,4.0,2015,2015-08-10
0iP8nnG6U71CmhR075DFAn,Conjuntura II,Desordem,3ptKgkaJzegGOtKkhpJd2Q,['Matschulat'],['0nMQwy6yGT9oLHLowzMUJp'],2,1,False,0.4320000000000001,0.622,5,-14.14,1,0.11,0.434,0.919,0.11,0.0385,95.723,399500,4.0,2015,2015-08-10
3stWwQWcsMXTLtWkdkPn5r,Conjuntura III,Desordem,3ptKgkaJzegGOtKkhpJd2Q,['Matschulat'],['0nMQwy6yGT9oLHLowzMUJp'],3,1,False,0.309,0.512,8,-14.357999999999999,1,0.114,0.297,0.91,0.139,0.0335,109.29,288000,4.0,2015,2015-08-10
6425QRkMX4wetZOHZDKfib,Conjuntura IV,Desordem,3ptKgkaJzegGOtKkhpJd2Q,['Matschulat'],['0nMQwy6yGT9oLHLowzMUJp'],4,1,False,0.555,0.831,10,-11.754000000000001,1,0.287,0.44799999999999995,0.887,0.071,0.0351,110.365,270000,4.0,2015,2015-08-10
4wlxDNu45TSTKG3ZR7zwyG,Just Fine,Just Fine,50VfbiBWyLjIfTM429D4TM,['Jensen & The Flips'],['7fVbBzDDOt79tXJsAo5fsw'],1,1,False,0.72,0.5529999999999999,6,-7.836,0,0.0371,0.669,0.0783,0.258,0.35200000000000004,94.041,317239,4.0,2018,2018-01-31
2K10dJJm2yN0MkqU0puJgm,Where I'll Stay,Where I'll Stay,3XmpNf1ulhnHll4ApaybJU,['Jessica Mauboy'],['6rHWAH6F4mr2AViSxMV673'],1,1,False,0.647,0.91,3,-3.6860000000000004,1,0.0414,0.00727,5.0999999999999995e-06,0.0819,0.605,106.98200000000001,204161,4.0,2016,2016-03-11
0QD8kO3n1bdsLhbzgGXxyv,Freeman,Freeman,51KwDPyUGZ990i0gZbDnLw,['Ben Priest'],['3eepBVXd0T35yU2ae6h0XZ'],1,1,False,0.8440000000000001,0.622,9,-6.577999999999999,1,0.0354,0.24600000000000002,0.0,0.18,0.966,130.024,306760,4.0,2016,2016-01-15
07r1uWUFLg1mWjCiNYxiHN,Spirit of Jah,Freeman,51KwDPyUGZ990i0gZbDnLw,['Ben Priest'],['3eepBVXd0T35yU2ae6h0XZ'],2,1,False,0.6709999999999999,0.741,4,-6.6770000000000005,1,0.125,0.0565,0.0,0.0703,0.809,93.02799999999999,246000,4.0,2016,2016-01-15
2Ms5PCk8cxtHa8FXDG666J,You Can,Freeman,51KwDPyUGZ990i0gZbDnLw,['Ben Priest'],['3eepBVXd0T35yU2ae6h0XZ'],3,1,False,0.6709999999999999,0.848,1,-3.825,0,0.0399,0.253,5.8599999999999995e-05,0.0179,0.9620000000000001,170.046,291280,4.0,2016,2016-01-15
7It62rTRMXY2MyduFZrjJM,Your Delays,Freeman,51KwDPyUGZ990i0gZbDnLw,['Ben Priest'],['3eepBVXd0T35yU2ae6h0XZ'],4,1,False,0.713,0.701,6,-8.914,1,0.0816,0.408,0.00224,0.306,0.925,81.95100000000002,326840,4.0,2016,2016-01-15
19nXAFLkrlr8LFU8Wsi44E,Lion of Judah,Freeman,51KwDPyUGZ990i0gZbDnLw,['Ben Priest'],['3eepBVXd0T35yU2ae6h0XZ'],5,1,False,0.557,0.568,0,-12.654000000000002,1,0.0527,0.0135,2.95e-06,0.0798,0.9570000000000001,131.882,358480,4.0,2016,2016-01-15
1qPDpkfEEQssC32lE0Y3Ow,Substitute Lover,Freeman,51KwDPyUGZ990i0gZbDnLw,['Ben Priest'],['3eepBVXd0T35yU2ae6h0XZ'],6,1,False,0.765,0.46,6,-11.162,0,0.0755,0.07400000000000001,0.0,0.0802,0.6920000000000001,82.973,253480,4.0,2016,2016-01-15
0r5WeBUCum6rWGJIwu0It0,Fairytales,Freeman,51KwDPyUGZ990i0gZbDnLw,['Ben Priest'],['3eepBVXd0T35yU2ae6h0XZ'],7,1,False,0.608,0.773,9,-6.2139999999999995,1,0.095,0.19699999999999998,0.0,0.12300000000000001,0.469,139.974,286680,4.0,2016,2016-01-15
26ffDzsBvKhWUcKVbj5IPS,Call Him,Freeman,51KwDPyUGZ990i0gZbDnLw,['Ben Priest'],['3eepBVXd0T35yU2ae6h0XZ'],8,1,False,0.762,0.742,9,-4.67,1,0.0819,0.402,0.000897,0.107,0.868,153.572,198320,4.0,2016,2016-01-15
7lb2eWpWMJKKKzpA40fV5G,Double Trouble,Freeman,51KwDPyUGZ990i0gZbDnLw,['Ben Priest'],['3eepBVXd0T35yU2ae6h0XZ'],9,1,False,0.782,0.746,11,-4.3839999999999995,0,0.10800000000000001,0.0284,0.0,0.08900000000000001,0.762,133.941,260640,4.0,2016,2016-01-15
5ZBNxTZDfPMH67DTi5XGjS,I Wanna,Freeman,51KwDPyUGZ990i0gZbDnLw,['Ben Priest'],['3eepBVXd0T35yU2ae6h0XZ'],10,1,False,0.782,0.848,9,-7.871,1,0.142,0.0484,0.000891,0.129,0.841,111.02799999999999,207360,4.0,2016,2016-01-15
5kzoHXGQQL2uznnz3iSIwJ,Brand Newman,Freeman,51KwDPyUGZ990i0gZbDnLw,['Ben Priest'],['3eepBVXd0T35yU2ae6h0XZ'],11,1,False,0.6940000000000001,0.778,0,-7.647,0,0.0494,0.494,0.009179999999999999,0.0583,0.789,144.077,249828,4.0,2016,2016-01-15
6zFlImvM6TgdvRHbxayTqk,Messiah,Freeman,51KwDPyUGZ990i0gZbDnLw,['Ben Priest'],['3eepBVXd0T35yU2ae6h0XZ'],12,1,False,0.828,0.62,8,-7.723,1,0.152,0.19699999999999998,0.0,0.0453,0.976,144.035,223080,4.0,2016,2016-01-15
3hDE8yatAlKARzwOdIhDSY,For Better or for Worse,My Way My Time,4v85CbxqGZ05MHCnolRgnW,['Johann Mendoza'],['0xcgbARiTZ72KwIxjv5EIC'],1,1,False,0.589,0.594,11,-6.928999999999999,1,0.0384,0.27899999999999997,0.0,0.122,0.375,121.866,237342,4.0,2015,2015-08-15
69NCLDnK6KdU9Cwj16JhFG,Parang Langit,My Way My Time,4v85CbxqGZ05MHCnolRgnW,['Johann Mendoza'],['0xcgbARiTZ72KwIxjv5EIC'],2,1,False,0.703,0.8640000000000001,7,-5.085,1,0.0416,0.0188,0.0,0.107,0.855,126.0,233045,4.0,2015,2015-08-15
2lfEdP2iig0vD3zDCHjxsD,Heart of Glass,Heart of Glass,54W4j0nYvNlcKXlBT03h9O,['Jonalyn Viray'],['7gJiFYgtV3FxcbJvWVkxC0'],1,1,False,0.429,0.662,7,-5.651,0,0.0378,0.0504,0.0,0.106,0.175,141.42,260833,4.0,2015,2015-10-28
0A39GGtBJNMNnMysygk59I,Intro,B T T R,23AHziIJvdpUYzVQSwYbmN,['Jensen & The Flips'],['7fVbBzDDOt79tXJsAo5fsw'],1,1,False,0.306,0.258,5,-10.604000000000001,1,0.0595,0.193,0.33799999999999997,0.6759999999999999,0.33899999999999997,117.439,52627,4.0,2017,2017-10-03
0T48jE8N07DGX7wFVZzfz6,B T T R,B T T R,23AHziIJvdpUYzVQSwYbmN,['Jensen & The Flips'],['7fVbBzDDOt79tXJsAo5fsw'],2,1,False,0.905,0.281,5,-8.232999999999999,1,0.27,0.223,0.000469,0.14400000000000002,0.507,118.01,235932,4.0,2017,2017-10-03
1fjR9p5uO5UbnDbDPcwhFo,Love + U,B T T R,23AHziIJvdpUYzVQSwYbmN,['Jensen & The Flips'],['7fVbBzDDOt79tXJsAo5fsw'],3,1,False,0.753,0.602,4,-5.867000000000001,0,0.0406,0.213,0.00665,0.387,0.695,109.95700000000001,213841,4.0,2017,2017-10-03
5ettBO4eutF9xvxYuL0gHM,Dapat Sana,B T T R,23AHziIJvdpUYzVQSwYbmN,['Jensen & The Flips'],['7fVbBzDDOt79tXJsAo5fsw'],4,1,False,0.7859999999999999,0.956,6,-2.109,1,0.111,0.326,0.00011200000000000001,0.366,0.813,124.075,230655,4.0,2017,2017-10-03
3HSs36c22phjZER8DH91dT,Magic,B T T R,23AHziIJvdpUYzVQSwYbmN,['Jensen & The Flips'],['7fVbBzDDOt79tXJsAo5fsw'],5,1,False,0.693,0.436,6,-10.216000000000001,1,0.0509,0.22399999999999998,0.086,0.085,0.624,67.967,247038,4.0,2017,2017-10-03
608RfOj6jetdrxZMp0BNF5,Bdytlk,B T T R,23AHziIJvdpUYzVQSwYbmN,['Jensen & The Flips'],['7fVbBzDDOt79tXJsAo5fsw'],6,1,False,0.812,0.718,2,-6.13,1,0.0894,0.0673,2.07e-06,0.0642,0.657,103.07799999999999,170339,4.0,2017,2017-10-03
0xE7Ql2AchiANcJQ1nXOKK,Main Escape,B T T R,23AHziIJvdpUYzVQSwYbmN,['Jensen & The Flips'],['7fVbBzDDOt79tXJsAo5fsw'],7,1,False,0.664,0.287,4,-10.226,1,0.0329,0.467,0.789,0.313,0.177,127.99700000000001,99114,4.0,2017,2017-10-03
5lNBdMF4OPTzJ55ENTUOv1,"Karma, Kill Me Now",B T T R,23AHziIJvdpUYzVQSwYbmN,['Jensen & The Flips'],['7fVbBzDDOt79tXJsAo5fsw'],8,1,False,0.628,0.386,11,-6.159,1,0.0859,0.402,0.00688,0.049,0.19899999999999998,63.96100000000001,265860,4.0,2017,2017-10-03
7gVAeOFVoXjdhfZJwoJABA,Come Closer,B T T R,23AHziIJvdpUYzVQSwYbmN,['Jensen & The Flips'],['7fVbBzDDOt79tXJsAo5fsw'],9,1,False,0.585,0.526,6,-4.378,0,0.0361,0.0504,1.72e-06,0.109,0.43799999999999994,123.887,219583,4.0,2017,2017-10-03
0Op41ksefhJNbzDxsRelUz,Make It,B T T R,23AHziIJvdpUYzVQSwYbmN,['Jensen & The Flips'],['7fVbBzDDOt79tXJsAo5fsw'],10,1,False,0.679,0.7120000000000001,10,-5.706,0,0.0679,0.483,6.04e-06,0.0904,0.79,94.0,328672,4.0,2017,2017-10-03
0ZCbZvStfa56S7suXPiK0o,Breathe Easy,B T T R,23AHziIJvdpUYzVQSwYbmN,['Jensen & The Flips'],['7fVbBzDDOt79tXJsAo5fsw'],11,1,False,0.698,0.223,1,-11.937999999999999,1,0.0615,0.185,3.87e-05,0.11599999999999999,0.344,105.96,340299,3.0,2017,2017-10-03
6uGBIhDpHAsHLJuaoTnTEp,Want Me / Want You,B T T R,23AHziIJvdpUYzVQSwYbmN,['Jensen & The Flips'],['7fVbBzDDOt79tXJsAo5fsw'],12,1,False,0.7390000000000001,0.18,9,-9.775,1,0.0522,0.0921,0.31,0.0744,0.462,111.98899999999999,282924,4.0,2017,2017-10-03
3kih7GfZEb0rdLZZqmJPWn,Sa Piling Mo,Jonalyn Viray,06ltB4VaVs8etdgXO5dIAO,['Jonalyn Viray'],['7gJiFYgtV3FxcbJvWVkxC0'],1,1,False,0.5579999999999999,0.493,1,-8.084,1,0.0292,0.38,9.61e-06,0.0753,0.369,143.963,228133,4.0,2013,2013-05-19
1QoVjR5lBd7bFndXCMmZR0,Nakita Kang Muli,Jonalyn Viray,06ltB4VaVs8etdgXO5dIAO,['Jonalyn Viray'],['7gJiFYgtV3FxcbJvWVkxC0'],2,1,False,0.596,0.452,6,-6.859,1,0.0279,0.3670000000000001,0.0,0.11199999999999999,0.215,125.949,277480,4.0,2013,2013-05-19
3MKMKrhJpDvuBrSHb9rbUv,You Keep Me Breathless,Jonalyn Viray,06ltB4VaVs8etdgXO5dIAO,['Jonalyn Viray'],['7gJiFYgtV3FxcbJvWVkxC0'],3,1,False,0.498,0.45299999999999996,1,-7.545,1,0.0298,0.156,1.28e-05,0.105,0.128,121.648,306107,4.0,2013,2013-05-19
1672QqhP1ncD0D00kGQk2h,Help Me Get Over,Jonalyn Viray,06ltB4VaVs8etdgXO5dIAO,['Jonalyn Viray'],['7gJiFYgtV3FxcbJvWVkxC0'],4,1,False,0.528,0.217,9,-11.175,1,0.0371,0.62,0.0,0.121,0.0963,119.84299999999999,278187,4.0,2013,2013-05-19
3bka6SOML3ffTk0q8B3Vu9,Hello,Jonalyn Viray,06ltB4VaVs8etdgXO5dIAO,['Jonalyn Viray'],['7gJiFYgtV3FxcbJvWVkxC0'],5,1,False,0.746,0.6629999999999999,1,-7.107,0,0.0724,0.171,4.03e-06,0.191,0.679,100.036,232253,4.0,2013,2013-05-19
7j8xDzjjrrVgu9A8uNJIVa,Bawat Pasko,Bawat Pasko,7JxyROvhWhhAnuoCwbtzgA,['Jonalyn Viray'],['7gJiFYgtV3FxcbJvWVkxC0'],1,1,False,0.342,0.305,0,-9.881,1,0.036000000000000004,0.762,0.0,0.128,0.204,147.447,217418,4.0,2013,2013-12-19
7sH5kKC3kU1jPczxnH70Q2,Mein Weg,Reanimator,3JhDGA02GHCVdUu8nSaCJc,['AD:key'],['5q4xoCdoLnyKCGbcWqHMAG'],1,1,False,0.736,0.935,9,-4.939,1,0.0512,0.0202,0.53,0.0641,0.862,138.02700000000002,222675,4.0,2017,2017-11-03
1lm0ierVD47covibrtUnar,Kurz und schmerzlos,Reanimator,3JhDGA02GHCVdUu8nSaCJc,['AD:key'],['5q4xoCdoLnyKCGbcWqHMAG'],2,1,False,0.7390000000000001,0.897,8,-4.97,1,0.0456,0.0017,0.0333,0.0977,0.6779999999999999,140.003,212411,4.0,2017,2017-11-03
5Um1NVi9rHFyBwehdOQusT,Ich reanimiere dich,Reanimator,3JhDGA02GHCVdUu8nSaCJc,['AD:key'],['5q4xoCdoLnyKCGbcWqHMAG'],3,1,False,0.467,0.977,2,-2.865,1,0.0663,0.0049700000000000005,0.716,0.39799999999999996,0.728,74.987,222097,4.0,2017,2017-11-03
0RvdhTbKMyzJI57ujBwIxU,Shameless,Reanimator,3JhDGA02GHCVdUu8nSaCJc,['AD:key'],['5q4xoCdoLnyKCGbcWqHMAG'],4,1,False,0.674,0.985,9,-3.235,1,0.10099999999999999,0.00285,0.722,0.0498,0.927,154.998,198279,4.0,2017,2017-11-03
5cFrx7qNclANr3gZNUMmvG,Hater,Reanimator,3JhDGA02GHCVdUu8nSaCJc,['AD:key'],['5q4xoCdoLnyKCGbcWqHMAG'],5,1,False,0.6859999999999999,0.985,8,-3.162,1,0.0596,0.0134,0.115,0.177,0.624,145.00799999999995,224353,4.0,2017,2017-11-03
1IjfWrETHI2lr2pb37vO5I,Never enough,Reanimator,3JhDGA02GHCVdUu8nSaCJc,['AD:key'],['5q4xoCdoLnyKCGbcWqHMAG'],6,1,False,0.68,0.8420000000000001,0,-4.953,1,0.0565,0.00323,0.7959999999999999,0.0866,0.604,134.009,230211,4.0,2017,2017-11-03
2ztygNg0fbR1absuAIYeEl,Von Neumann-Maschine,Reanimator,3JhDGA02GHCVdUu8nSaCJc,['AD:key'],['5q4xoCdoLnyKCGbcWqHMAG'],7,1,False,0.754,0.8690000000000001,0,-4.591,1,0.0788,0.0056,0.359,0.0815,0.597,129.97299999999998,198548,4.0,2017,2017-11-03
1NNKlUW2HtjdnTe8ZznF9O,Du bewegst dich nicht,Reanimator,3JhDGA02GHCVdUu8nSaCJc,['AD:key'],['5q4xoCdoLnyKCGbcWqHMAG'],8,1,False,0.735,0.934,11,-4.706,0,0.0706,0.00114,0.10800000000000001,0.102,0.763,149.97799999999995,228175,4.0,2017,2017-11-03
0kCyKBHmvwO1JQFt9SwMFM,Lire entre les Lignes,Reanimator,3JhDGA02GHCVdUu8nSaCJc,['AD:key'],['5q4xoCdoLnyKCGbcWqHMAG'],9,1,False,0.626,0.983,11,-2.562,0,0.0635,0.00175,0.8590000000000001,0.0467,0.7090000000000001,146.013,230188,4.0,2017,2017-11-03
5b07SQNm6kHWowuggMoLCG,Wie du,Reanimator,3JhDGA02GHCVdUu8nSaCJc,['AD:key'],['5q4xoCdoLnyKCGbcWqHMAG'],10,1,False,0.7140000000000001,0.937,2,-4.138999999999999,1,0.0474,0.0133,0.462,0.0954,0.9309999999999999,129.995,214202,4.0,2017,2017-11-03
1xsa9938ndKrcn53oIPYya,Eskalation,Reanimator,3JhDGA02GHCVdUu8nSaCJc,['AD:key'],['5q4xoCdoLnyKCGbcWqHMAG'],11,1,False,0.618,0.953,0,-5.37,1,0.0453,0.00575,0.48,0.0855,0.67,152.03799999999995,208704,4.0,2017,2017-11-03
03RHB1O0MqeXgIR4mt0fgd,Science Fiction-Welt,Reanimator,3JhDGA02GHCVdUu8nSaCJc,"['AD:key', 'Robert Meyer']","['5q4xoCdoLnyKCGbcWqHMAG', '2LaN3sJMc8aWoqkJfgXCRL']",12,1,False,0.6579999999999999,0.904,11,-3.2039999999999997,0,0.0648,0.00643,0.728,0.23199999999999998,0.706,133.972,219996,4.0,2017,2017-11-03
3csUtaU4EIfjx3PPyD4w59,Reanimator,Reanimator,3JhDGA02GHCVdUu8nSaCJc,['AD:key'],['5q4xoCdoLnyKCGbcWqHMAG'],13,1,False,0.555,0.9890000000000001,1,-2.812,1,0.0521,0.03,0.6659999999999999,0.374,0.684,155.014,219306,4.0,2017,2017-11-03
7bl5LXMj9FtlKuCSM6GmAY,Körper um Körper - 10th Anniversary Version,10th anniversary AD:keY,1l1hvOdqSmL0WPRONiUEIs,['AD:key'],['5q4xoCdoLnyKCGbcWqHMAG'],1,1,False,0.625,0.9079999999999999,7,-5.57,1,0.0339,0.00528,0.778,0.132,0.912,144.028,292997,4.0,2018,2018-04-20
4vc09abvbeba2REFF2WETq,Elitär - 10th Anniversary Version,10th anniversary AD:keY,1l1hvOdqSmL0WPRONiUEIs,['AD:key'],['5q4xoCdoLnyKCGbcWqHMAG'],2,1,False,0.635,0.971,6,-5.845,0,0.0534,0.0023,0.022000000000000002,0.102,0.86,170.02,201456,4.0,2018,2018-04-20
1ewQ6RJg9IwsBOjYMkYZ57,Pfeil in dein Herz (We Came in Peace),10th anniversary AD:keY,1l1hvOdqSmL0WPRONiUEIs,['AD:key'],['5q4xoCdoLnyKCGbcWqHMAG'],3,1,False,0.5579999999999999,0.889,7,-5.388999999999999,1,0.0772,0.000175,0.728,0.0758,0.647,169.997,219665,4.0,2018,2018-04-20
0YukqA1MP2EffCGwd9Outk,Ich reanimiere dich - Radio Mix,10th anniversary AD:keY,1l1hvOdqSmL0WPRONiUEIs,['AD:key'],['5q4xoCdoLnyKCGbcWqHMAG'],4,1,False,0.462,0.9740000000000001,2,-4.438,1,0.0622,0.0046700000000000005,0.45899999999999996,0.0888,0.551,74.997,184849,4.0,2018,2018-04-20
6rMHhB4X10rRBYBZEJRSqi,Aufrecht - Winterstomp Mix,10th anniversary AD:keY,1l1hvOdqSmL0WPRONiUEIs,['AD:key'],['5q4xoCdoLnyKCGbcWqHMAG'],5,1,False,0.563,0.995,11,-4.327,1,0.0606,0.0247,0.00506,0.20800000000000002,0.6609999999999999,161.062,230666,4.0,2018,2018-04-20
51swaIyu75wBhumUHZB9ec,Autodynamik (Edit),10th anniversary AD:keY,1l1hvOdqSmL0WPRONiUEIs,['AD:key'],['5q4xoCdoLnyKCGbcWqHMAG'],6,1,False,0.613,0.9890000000000001,7,-5.147,0,0.0661,0.00596,0.00098,0.159,0.529,147.976,209222,4.0,2018,2018-04-20
5xKUZLuFeNJW9AWogCNW7F,Kalter Krieg - Extended Version,10th anniversary AD:keY,1l1hvOdqSmL0WPRONiUEIs,['AD:key'],['5q4xoCdoLnyKCGbcWqHMAG'],7,1,False,0.672,0.986,9,-5.0,1,0.0584,0.0005110000000000001,0.000148,0.0791,0.9420000000000001,154.986,227880,4.0,2018,2018-04-20
3XN3pMWZKsFdbQmW89DSMG,Mein Weg - Extended Space Version,10th anniversary AD:keY,1l1hvOdqSmL0WPRONiUEIs,['AD:key'],['5q4xoCdoLnyKCGbcWqHMAG'],8,1,False,0.7,0.938,9,-6.559,1,0.0456,0.0396,0.311,0.196,0.7879999999999999,138.02200000000002,319604,4.0,2018,2018-04-20
0zrp3GbCeFzVs5szB7uc2m,Kampfbereit - Waldorf Pulse2 Mix,10th anniversary AD:keY,1l1hvOdqSmL0WPRONiUEIs,['AD:key'],['5q4xoCdoLnyKCGbcWqHMAG'],9,1,False,0.708,0.643,2,-5.354,1,0.039,0.00322,0.752,0.0587,0.7959999999999999,140.014,209211,4.0,2018,2018-04-20
3djNIQh0zBkFuxlKdzgqDA,Tell me Nothing - Brigade Werther Remix,10th anniversary AD:keY,1l1hvOdqSmL0WPRONiUEIs,"['AD:key', 'Brigade Werther']","['5q4xoCdoLnyKCGbcWqHMAG', '1cvJQcGNAjIgilyzRTN4CG']",10,1,False,0.445,0.9470000000000001,7,-6.191,1,0.071,2.2899999999999998e-05,0.222,0.7490000000000001,0.33799999999999997,151.999,344862,4.0,2018,2018-04-20
4ICD46NneQmSzruiWd8hG6,Alte Geister - Vorwärts Mix,10th anniversary AD:keY,1l1hvOdqSmL0WPRONiUEIs,['AD:key'],['5q4xoCdoLnyKCGbcWqHMAG'],11,1,False,0.653,0.8390000000000001,8,-7.42,1,0.0606,0.0059,0.007640000000000002,0.0766,0.86,165.04,252468,4.0,2018,2018-04-20
4yzhKqwQ5eA2i9YGWXwEhu,Weltenwandler,10th anniversary AD:keY,1l1hvOdqSmL0WPRONiUEIs,['AD:key'],['5q4xoCdoLnyKCGbcWqHMAG'],12,1,False,0.804,0.8690000000000001,5,-7.099,1,0.0539,0.000245,0.8490000000000001,0.0729,0.35700000000000004,120.00299999999999,222042,4.0,2018,2018-04-20
1ckkCG4llqSy94lbb5u465,Evolution - Universum Version,10th anniversary AD:keY,1l1hvOdqSmL0WPRONiUEIs,['AD:key'],['5q4xoCdoLnyKCGbcWqHMAG'],13,1,False,0.615,0.703,1,-8.001,1,0.0473,0.00294,0.81,0.0889,0.377,99.977,355241,4.0,2018,2018-04-20
6jZnCz9njn7N1bmU2PWdi0,Anthropozän - Symphonic Mix,10th anniversary AD:keY,1l1hvOdqSmL0WPRONiUEIs,['AD:key'],['5q4xoCdoLnyKCGbcWqHMAG'],14,1,False,0.41,0.8909999999999999,3,-5.867000000000001,1,0.0676,0.138,0.054000000000000006,0.0941,0.149,169.99099999999999,279533,4.0,2018,2018-04-20
4dfrLMVS4R42PyhlWzEmGt,Mein Weg - Digital Energy Remix,10th anniversary AD:keY,1l1hvOdqSmL0WPRONiUEIs,"['AD:key', 'Digital Energy']","['5q4xoCdoLnyKCGbcWqHMAG', '4c7CAqeEWZqnon0AheXw6B']",15,1,False,0.522,0.948,11,-6.784,0,0.0367,0.00126,0.564,0.083,0.278,138.011,236957,4.0,2018,2018-04-20
20EsE1SLgZr6oFmDoEa984,Zeit verrinnt - Armageddon Dildos Final Mix,10th anniversary AD:keY,1l1hvOdqSmL0WPRONiUEIs,"['AD:key', 'Armageddon Dildos']","['5q4xoCdoLnyKCGbcWqHMAG', '1XWvdyZZ6ELIYPnjTDsWrB']",16,1,False,0.7809999999999999,0.868,7,-7.442,0,0.0599,0.0697,0.68,0.0951,0.759,130.05200000000002,289921,4.0,2018,2018-04-20
2DwsEDOcQuHqCwaUZUicMS,Oras Na,Oras Na - Single,15vRXapsD2xwTDU4usfjBF,['Jourdanne'],['0wYsz0N9FWKvMVjDadJS5m'],1,1,False,0.451,0.934,1,-5.5420000000000025,0,0.0469,0.128,4.05e-05,0.159,0.851,114.009,204800,4.0,2014,2014-12-11
2VXg3A0DyWcSOUjCL4UnTL,Seppuku,MKDRONE,2NtylLjjafbzfoAOPOMsO1,['HXXS'],['4zBSDjtYyrLC99ot3LV8hF'],1,1,False,0.778,0.42200000000000004,6,-7.0729999999999995,0,0.15,0.0208,0.174,0.0673,0.5710000000000001,90.009,176360,4.0,2018,2018-12-07
5nTCnGR4NtI3yyOp66NuOI,Witch Hunt,MKDRONE,2NtylLjjafbzfoAOPOMsO1,['HXXS'],['4zBSDjtYyrLC99ot3LV8hF'],2,1,False,0.8420000000000001,0.45399999999999996,10,-11.244000000000002,0,0.215,0.7120000000000001,0.0202,0.0805,0.395,119.994,237909,4.0,2018,2018-12-07
7dN1tzfCzZHvvuGj23mHv7,Vices,MKDRONE,2NtylLjjafbzfoAOPOMsO1,['HXXS'],['4zBSDjtYyrLC99ot3LV8hF'],3,1,True,0.753,0.414,9,-9.797,1,0.0373,0.37,1.51e-05,0.11199999999999999,0.6,92.527,193877,4.0,2018,2018-12-07
5U9VeWQdf6EPLBvxL3sq6C,Dripping Mercury,MKDRONE,2NtylLjjafbzfoAOPOMsO1,['HXXS'],['4zBSDjtYyrLC99ot3LV8hF'],4,1,False,0.62,0.41200000000000003,5,-9.767999999999999,0,0.0866,0.657,0.0007030000000000001,0.28800000000000003,0.638,59.912,175449,4.0,2018,2018-12-07
458PNVUrRgavklVcAZgfue,Trippin,MKDRONE,2NtylLjjafbzfoAOPOMsO1,['HXXS'],['4zBSDjtYyrLC99ot3LV8hF'],5,1,False,0.909,0.158,6,-13.273,0,0.0902,0.32899999999999996,0.0571,0.11900000000000001,0.273,120.022,260352,4.0,2018,2018-12-07
1rVy3ReUWDG7wlGlDnST2J,Widowmaker,MKDRONE,2NtylLjjafbzfoAOPOMsO1,['HXXS'],['4zBSDjtYyrLC99ot3LV8hF'],6,1,True,0.7340000000000001,0.78,9,-9.12,0,0.0426,0.32,0.20600000000000002,0.23800000000000002,0.7829999999999999,129.982,256448,4.0,2018,2018-12-07
1wlo36A94gcNDN1Rer539f,Fight the Feeling,Distractions,1UGQr2esjhaVZRuWZKQFNo,['Random Recipe'],['15aJDRh0p0R52KxrDlwsw9'],1,1,False,0.677,0.6729999999999999,1,-8.655,0,0.201,0.0167,0.0,0.369,0.919,150.355,210533,5.0,2018,2018-03-02
2gqyrgfrP2V9UJ2dkxLndk,MMXVIII,Distractions,1UGQr2esjhaVZRuWZKQFNo,"['Random Recipe', 'Giselle Numba One', 'Heartstreets', 'Tali Taliwah']","['15aJDRh0p0R52KxrDlwsw9', '2uJ5WjIsk9wDWA2KHdJfab', '4e4lcwPxcGOe7k5gxGiS1a', '7zewAnieqeLzoe4Odg7Uvy']",2,1,False,0.816,0.618,4,-8.952,0,0.23,0.067,0.0,0.128,0.486,109.012,274120,4.0,2018,2018-03-02
1Jb2ihBhQtdNi1v2I9oDoY,Hearts in Pain,Distractions,1UGQr2esjhaVZRuWZKQFNo,"['Random Recipe', 'Ladybug Mecca']","['15aJDRh0p0R52KxrDlwsw9', '2gbAU1PZLHR6eSPh0diTuX']",3,1,False,0.584,0.45399999999999996,8,-9.697000000000001,0,0.39899999999999997,0.111,0.0,0.111,0.4320000000000001,119.794,234320,4.0,2018,2018-03-02
6YXlhhmltTHR4r8oy04ipp,Strawberry Daiquiri,Distractions,1UGQr2esjhaVZRuWZKQFNo,['Random Recipe'],['15aJDRh0p0R52KxrDlwsw9'],4,1,False,0.7120000000000001,0.593,6,-7.296,0,0.0605,0.0156,0.0,0.20600000000000002,0.31,108.027,283280,4.0,2018,2018-03-02
5kLlJUTKoVzGE1bqMceLcO,Hey Boy,Distractions,1UGQr2esjhaVZRuWZKQFNo,"['Random Recipe', 'Sunny Moonshine']","['15aJDRh0p0R52KxrDlwsw9', '6qYuCujSo18mPvNRzoxzfB']",5,1,False,0.731,0.38799999999999996,5,-13.327,1,0.364,0.763,3.13e-06,0.11699999999999999,0.6970000000000001,134.955,245773,4.0,2018,2018-03-02
1Pimaqa1dvvoROX4eQTeGf,This Mess,Distractions,1UGQr2esjhaVZRuWZKQFNo,['Random Recipe'],['15aJDRh0p0R52KxrDlwsw9'],6,1,False,0.769,0.688,11,-7.517,1,0.11800000000000001,0.0256,1.7e-05,0.322,0.937,130.901,202160,4.0,2018,2018-03-02
6V0N8P5zhKfByhydCljadp,ANXT,Distractions,1UGQr2esjhaVZRuWZKQFNo,['Random Recipe'],['15aJDRh0p0R52KxrDlwsw9'],7,1,False,0.7759999999999999,0.507,4,-7.117000000000001,0,0.26899999999999996,0.0049700000000000005,0.0,0.0695,0.5870000000000001,193.895,120453,4.0,2018,2018-03-02
73OIxXzDXArHrYBRVQwOBJ,Out of the Sky,Distractions,1UGQr2esjhaVZRuWZKQFNo,['Random Recipe'],['15aJDRh0p0R52KxrDlwsw9'],8,1,False,0.83,0.636,6,-7.646,0,0.11,0.0295,0.00196,0.13,0.8079999999999999,113.99700000000001,287699,4.0,2018,2018-03-02
3uJsg8xIH7OpWHxuJaMLJX,Ride or Die (feat. Foster the People),Ride or Die (feat. Foster the People),4NSPREWQ2t8VdRGqK45UkD,"['The Knocks', 'Foster The People']","['2x7EATekOPhFGRx3syMGEC', '7gP3bB2nilZXLfPHJhMdvc']",1,1,False,0.648,0.75,0,-3.248,1,0.0335,0.0609,4.41e-06,0.10400000000000001,0.556,105.03,242035,4.0,2018,2018-03-09
0KwSsTgQchPdmGraBsZ8Mc,Out of the Sky,Out of the Sky,768L4p74v05OBY77xkah3Y,['Random Recipe'],['15aJDRh0p0R52KxrDlwsw9'],1,1,False,0.823,0.629,6,-7.636,0,0.109,0.0304,0.0016699999999999998,0.134,0.807,113.995,287453,4.0,2018,2018-02-12
6K9dk5MtV7cDWuhCOSawuV,Coast 2 Coast,Spring Clean,6wIQQGlBEHFqTtBNKdAhbi,"['Curren$y', 'Fuse']","['6X8WdFjrNhXATMDSs26aCc', '54iIOOv8qwFMUZU8Awi2kv']",1,1,True,0.444,0.899,10,-3.8280000000000003,0,0.322,0.42200000000000004,0.0,0.13699999999999998,0.7240000000000001,107.99,189806,5.0,2020,2020-06-19
64McIvWiq4EGupGL4cVCkW,The Game (feat. Fendi P),Spring Clean,6wIQQGlBEHFqTtBNKdAhbi,"['Curren$y', 'Fuse', 'Fendi P']","['6X8WdFjrNhXATMDSs26aCc', '54iIOOv8qwFMUZU8Awi2kv', '4OYcOsMNf3EpRcS49S0JlW']",2,1,True,0.7290000000000001,0.787,8,-7.2,1,0.0716,0.109,0.0,0.163,0.607,134.944,196949,4.0,2020,2020-06-19
2MIWhLdPHLZyHj9g7bwYLM,All in the Picture,Spring Clean,6wIQQGlBEHFqTtBNKdAhbi,"['Curren$y', 'Fuse']","['6X8WdFjrNhXATMDSs26aCc', '54iIOOv8qwFMUZU8Awi2kv']",3,1,True,0.643,0.513,4,-9.076,0,0.154,0.021,0.000671,0.154,0.14800000000000002,135.25799999999998,187141,4.0,2020,2020-06-19
6SBQdE1lfsozJUsYHfYr7T,Endless Summer,Spring Clean,6wIQQGlBEHFqTtBNKdAhbi,"['Curren$y', 'Fuse']","['6X8WdFjrNhXATMDSs26aCc', '54iIOOv8qwFMUZU8Awi2kv']",4,1,True,0.779,0.483,1,-7.6670000000000025,1,0.295,0.201,0.0,0.10099999999999999,0.355,139.959,181499,4.0,2020,2020-06-19
5kTdCNwRe3jYpXBpjETgdU,Everything (feat. Gunplay),Spring Clean,6wIQQGlBEHFqTtBNKdAhbi,"['Curren$y', 'Fuse', 'Gunplay']","['6X8WdFjrNhXATMDSs26aCc', '54iIOOv8qwFMUZU8Awi2kv', '7cvtOrIEaUrqbGmYA9Kj34']",5,1,True,0.745,0.611,1,-8.701,0,0.207,0.0638,0.00014,0.114,0.134,145.071,208000,4.0,2020,2020-06-19
2d2i2mfIyMKJtMQDWMhdRo,Andretti Notes (Interlude),Spring Clean,6wIQQGlBEHFqTtBNKdAhbi,"['Curren$y', 'Fuse']","['6X8WdFjrNhXATMDSs26aCc', '54iIOOv8qwFMUZU8Awi2kv']",6,1,True,0.67,0.848,9,-7.84,0,0.53,0.251,1.02e-06,0.0917,0.121,155.039,75286,4.0,2020,2020-06-19
0R18ZxqAjIHj3QKBLtTrYL,Road to Riches (feat. Wiz Khalifa),Spring Clean,6wIQQGlBEHFqTtBNKdAhbi,"['Curren$y', 'Fuse', 'Wiz Khalifa']","['6X8WdFjrNhXATMDSs26aCc', '54iIOOv8qwFMUZU8Awi2kv', '137W8MRPWKqSmrBGDBFSop']",7,1,True,0.688,0.6629999999999999,1,-7.3320000000000025,0,0.24100000000000002,0.086,0.0,0.41700000000000004,0.452,147.92,171207,4.0,2020,2020-06-19
0dzZqaS7YLBWdQdrJeK9U3,I Don't Want Much,Spring Clean,6wIQQGlBEHFqTtBNKdAhbi,"['Curren$y', 'Fuse']","['6X8WdFjrNhXATMDSs26aCc', '54iIOOv8qwFMUZU8Awi2kv']",8,1,True,0.56,0.7040000000000001,5,-8.362,0,0.325,0.00492,0.0,0.684,0.552,138.009,192209,4.0,2020,2020-06-19
4ANETpkSKvh02HPbe4zYob,Know Em (feat. T.Y.),Spring Clean,6wIQQGlBEHFqTtBNKdAhbi,"['Curren$y', 'Fuse', 'T.Y.']","['6X8WdFjrNhXATMDSs26aCc', '54iIOOv8qwFMUZU8Awi2kv', '68OxA1s1L6Qk4mJkuzR5Cy']",9,1,True,0.71,0.696,6,-7.004,0,0.0815,0.0531,0.0,0.1,0.259,143.936,220272,4.0,2020,2020-06-19
3WaRYy7Q8vSu2iaybO7rVY,Black Mirror,Spring Clean,6wIQQGlBEHFqTtBNKdAhbi,"['Curren$y', 'Fuse']","['6X8WdFjrNhXATMDSs26aCc', '54iIOOv8qwFMUZU8Awi2kv']",10,1,True,0.431,0.812,7,-4.9430000000000005,1,0.38799999999999996,0.428,0.0,0.6509999999999999,0.375,75.212,140852,4.0,2020,2020-06-19
3pVFYs28qsY7iyyJaimKt9,Buscandote,Con Mucho Love,6A51jYLAJaPI5oU9IRiUuy,['Randy Paris'],['7dzUUKjLb4FxSQCRoXVU7X'],1,1,False,0.677,0.648,6,-7.487,0,0.0674,0.455,0.00392,0.0711,0.6970000000000001,171.982,227440,4.0,2015,2015-08-01
7cnrAYAH42kWLiQa4wjKXV,Amor Prohibido,Con Mucho Love,6A51jYLAJaPI5oU9IRiUuy,"['Randy Paris', 'Naldo']","['7dzUUKjLb4FxSQCRoXVU7X', '6DRt41Pol3BrSYwsbiO3Fo']",2,1,False,0.675,0.7759999999999999,6,-7.237999999999999,0,0.10099999999999999,0.311,4.83e-06,0.156,0.764,180.02599999999995,233027,4.0,2015,2015-08-01
7a9H58piGiq1AfzTIeXWKK,Amor a Primera Vista,Con Mucho Love,6A51jYLAJaPI5oU9IRiUuy,['Randy Paris'],['7dzUUKjLb4FxSQCRoXVU7X'],3,1,False,0.648,0.5920000000000001,11,-7.42,1,0.0621,0.426,5.92e-06,0.129,0.6409999999999999,173.933,192933,4.0,2015,2015-08-01
4rOstFtTb7OVmLFsBDGtGX,Mundos Paralelos,Con Mucho Love,6A51jYLAJaPI5oU9IRiUuy,['Randy Paris'],['7dzUUKjLb4FxSQCRoXVU7X'],4,1,False,0.768,0.71,8,-7.882999999999999,0,0.0312,0.608,0.0,0.213,0.7609999999999999,114.964,223307,4.0,2015,2015-08-01
6VI7zeOB1WFU4HY8pEtjN4,Cruel Destino,Con Mucho Love,6A51jYLAJaPI5oU9IRiUuy,['Randy Paris'],['7dzUUKjLb4FxSQCRoXVU7X'],5,1,False,0.583,0.494,8,-9.76,0,0.0323,0.46799999999999997,0.0,0.16,0.23399999999999999,140.043,213440,4.0,2015,2015-08-01
33IgVqW4Z2NGJqpdutIPuX,Perderte,Con Mucho Love,6A51jYLAJaPI5oU9IRiUuy,['Randy Paris'],['7dzUUKjLb4FxSQCRoXVU7X'],6,1,False,0.64,0.812,9,-8.049,0,0.0777,0.593,1.33e-06,0.11,0.742,178.08900000000003,220547,4.0,2015,2015-08-01
3wZMUmykHSk0oFMWTNj3SF,Punto Final,Con Mucho Love,6A51jYLAJaPI5oU9IRiUuy,['Randy Paris'],['7dzUUKjLb4FxSQCRoXVU7X'],7,1,False,0.741,0.75,9,-7.265,1,0.0413,0.47600000000000003,0.0,0.0753,0.758,122.956,243947,4.0,2015,2015-08-01
1q02VwHhyaVk21Zi4y8d7l,Cruel Destino (Bachata Version),Con Mucho Love,6A51jYLAJaPI5oU9IRiUuy,['Randy Paris'],['7dzUUKjLb4FxSQCRoXVU7X'],8,1,False,0.6920000000000001,0.6459999999999999,8,-8.471,0,0.038,0.259,1.89e-06,0.115,0.703,140.015,213520,4.0,2015,2015-08-01
7fAvJohNJ7x7D4P0NzvJwl,Spinning Plates,Broken Arm,5hXpF2wUt3M9HtdQhxlDuM,['Erik Friedlander'],['4fnXO89NQseAxkF5QtoDU0'],1,1,False,0.6970000000000001,0.375,0,-14.767000000000001,1,0.04,0.687,0.8440000000000001,0.107,0.765,104.213,203733,4.0,2008,2008-09-18
4Dmg31Tj8U4MYoNCsH9H9a,Pearls,Broken Arm,5hXpF2wUt3M9HtdQhxlDuM,['Erik Friedlander'],['4fnXO89NQseAxkF5QtoDU0'],2,1,False,0.524,0.179,2,-20.252,1,0.0274,0.852,0.41,0.10800000000000001,0.41200000000000003,100.037,276493,4.0,2008,2008-09-18
4MDPeRzvlLczlvKKEEYySN,Knife Points,Broken Arm,5hXpF2wUt3M9HtdQhxlDuM,['Erik Friedlander'],['4fnXO89NQseAxkF5QtoDU0'],3,1,False,0.618,0.5,5,-12.352,0,0.038,0.225,0.919,0.109,0.755,100.09299999999999,156400,4.0,2008,2008-09-18
55UW4uyJmOVBfiUG33RevL,Jim Zipper,Broken Arm,5hXpF2wUt3M9HtdQhxlDuM,['Erik Friedlander'],['4fnXO89NQseAxkF5QtoDU0'],4,1,False,0.544,0.43,6,-14.763,0,0.11199999999999999,0.722,0.789,0.258,0.6779999999999999,115.385,68827,1.0,2008,2008-09-18
7ITLx8mmYuspANOuRHpezk,Pretty Penny,Broken Arm,5hXpF2wUt3M9HtdQhxlDuM,['Erik Friedlander'],['4fnXO89NQseAxkF5QtoDU0'],5,1,False,0.69,0.35200000000000004,2,-14.794,1,0.0545,0.777,0.9359999999999999,0.12,0.584,103.09899999999999,255867,4.0,2008,2008-09-18
5vGv71wuQQqssuep2vTKiE,Easy,Broken Arm,5hXpF2wUt3M9HtdQhxlDuM,['Erik Friedlander'],['4fnXO89NQseAxkF5QtoDU0'],6,1,False,0.64,0.252,2,-18.102999999999998,0,0.0431,0.8809999999999999,0.8440000000000001,0.10800000000000001,0.45399999999999996,125.477,370600,4.0,2008,2008-09-18
4Ku94yZPZ1qp6kE32YWrIu,Cake,Broken Arm,5hXpF2wUt3M9HtdQhxlDuM,['Erik Friedlander'],['4fnXO89NQseAxkF5QtoDU0'],7,1,False,0.615,0.331,2,-15.412,0,0.0502,0.593,0.9059999999999999,0.105,0.607,107.729,218213,4.0,2008,2008-09-18
5q6lJEteECVQZdmXA4raxT,Buffalo,Broken Arm,5hXpF2wUt3M9HtdQhxlDuM,['Erik Friedlander'],['4fnXO89NQseAxkF5QtoDU0'],8,1,False,0.599,0.0826,0,-23.415,0,0.0838,0.922,0.892,0.111,0.409,104.244,89973,1.0,2008,2008-09-18
6iggh9fkVR5X4vi55A4NGr,Hop Skip,Broken Arm,5hXpF2wUt3M9HtdQhxlDuM,['Erik Friedlander'],['4fnXO89NQseAxkF5QtoDU0'],9,1,False,0.588,0.212,8,-17.838,1,0.0562,0.718,0.777,0.0733,0.295,105.93700000000001,407747,4.0,2008,2008-09-18
5D3FU9ynxjXsxkdREuPnEh,Ink,Broken Arm,5hXpF2wUt3M9HtdQhxlDuM,['Erik Friedlander'],['4fnXO89NQseAxkF5QtoDU0'],10,1,False,0.187,0.128,9,-18.692,1,0.035,0.736,0.8440000000000001,0.106,0.102,80.878,121320,3.0,2008,2008-09-18
7GK1dZ5FRIZ0y3vOkRVk4d,Big Shoes,Broken Arm,5hXpF2wUt3M9HtdQhxlDuM,['Erik Friedlander'],['4fnXO89NQseAxkF5QtoDU0'],11,1,False,0.59,0.386,1,-16.169,1,0.042,0.604,0.855,0.0693,0.589,102.431,253080,4.0,2008,2008-09-18
54FwsXVUw7PFfZTRP7UDlJ,In The Spirit,Broken Arm,5hXpF2wUt3M9HtdQhxlDuM,['Erik Friedlander'],['4fnXO89NQseAxkF5QtoDU0'],12,1,False,0.647,0.0973,0,-20.951999999999998,1,0.0701,0.9470000000000001,0.92,0.109,0.4270000000000001,122.772,240533,4.0,2008,2008-09-18
0vZMQxRkIbxddsHZZntj9c,Tiny's,Broken Arm,5hXpF2wUt3M9HtdQhxlDuM,['Erik Friedlander'],['4fnXO89NQseAxkF5QtoDU0'],13,1,False,0.636,0.325,4,-15.577,0,0.0498,0.757,0.9129999999999999,0.0984,0.478,93.557,284213,4.0,2008,2008-09-18
1JDUfqNawAYIBFUS2rO4RM,how it came to be this way,the hating tree,21uhAY6U5dhrerkkk3aimT,['Autumn'],['1Dm7rz0wUwkud6zoNXt2Lp'],1,1,False,0.524,0.898,7,-7.937,1,0.0891,0.00011200000000000001,0.0852,0.127,0.39,125.03200000000001,336533,4.0,1997,1997
5eQBZ5usTcNGtwRXtyKaox,a waiting time,the hating tree,21uhAY6U5dhrerkkk3aimT,['Autumn'],['1Dm7rz0wUwkud6zoNXt2Lp'],2,1,False,0.513,0.895,9,-7.763,0,0.0522,0.00107,0.10099999999999999,0.324,0.5529999999999999,120.074,302467,4.0,1997,1997
4HZNIZWlb0Ux7Avuvyncov,even now,the hating tree,21uhAY6U5dhrerkkk3aimT,['Autumn'],['1Dm7rz0wUwkud6zoNXt2Lp'],3,1,False,0.28,0.742,7,-8.19,1,0.0341,0.00232,0.919,0.11,0.354,171.891,352267,4.0,1997,1997
3llgMTNwKdisfF16LNQxFT,...of moondrop tears,the hating tree,21uhAY6U5dhrerkkk3aimT,['Autumn'],['1Dm7rz0wUwkud6zoNXt2Lp'],4,1,False,0.218,0.488,2,-9.852,1,0.0307,0.000322,0.349,0.113,0.22899999999999998,104.56700000000001,290840,4.0,1997,1997
6l0MHTokmiU1v7H1kXQ2wo,desert winds of jezebel,the hating tree,21uhAY6U5dhrerkkk3aimT,['Autumn'],['1Dm7rz0wUwkud6zoNXt2Lp'],5,1,False,0.5489999999999999,0.889,2,-8.669,0,0.0491,4.91e-06,0.7020000000000001,0.34299999999999997,0.428,117.025,293160,4.0,1997,1997
19s6HlK4Ofgsw6SlGyngyR,resurrection,the hating tree,21uhAY6U5dhrerkkk3aimT,['Autumn'],['1Dm7rz0wUwkud6zoNXt2Lp'],6,1,False,0.46,0.82,4,-9.246,0,0.0844,0.00193,0.0695,0.35100000000000003,0.26899999999999996,130.036,286267,4.0,1997,1997
2BxuUqBFdprtttr3GS9a45,oceans,the hating tree,21uhAY6U5dhrerkkk3aimT,['Autumn'],['1Dm7rz0wUwkud6zoNXt2Lp'],7,1,False,0.376,0.29100000000000004,4,-12.325,0,0.0325,0.354,6.54e-06,0.255,0.16,80.962,222173,3.0,1997,1997
0vOiJEZUCT0oZbDZzIZX5s,the well,the hating tree,21uhAY6U5dhrerkkk3aimT,['Autumn'],['1Dm7rz0wUwkud6zoNXt2Lp'],8,1,False,0.391,0.932,4,-8.215,0,0.0487,0.0036,0.723,0.18899999999999997,0.0963,97.531,391627,4.0,1997,1997
4E70S5YxqZ8hQTP9UfMwjD,atrophy,the hating tree,21uhAY6U5dhrerkkk3aimT,['Autumn'],['1Dm7rz0wUwkud6zoNXt2Lp'],9,1,False,0.171,0.8440000000000001,4,-8.289,0,0.0674,0.0473,0.787,0.11199999999999999,0.21600000000000005,176.513,398600,3.0,1997,1997
7rnMbwoQdBhUSKiQQSVoAK,seconds,the hating tree,21uhAY6U5dhrerkkk3aimT,['Autumn'],['1Dm7rz0wUwkud6zoNXt2Lp'],10,1,False,0.251,0.893,4,-7.806,1,0.0456,0.00201,0.795,0.149,0.174,173.32299999999995,385600,4.0,1997,1997
6Peqa9ZArM1PEsHpRElPPD,the hating tree,the hating tree,21uhAY6U5dhrerkkk3aimT,['Autumn'],['1Dm7rz0wUwkud6zoNXt2Lp'],11,1,False,0.38299999999999995,0.723,2,-11.829,0,0.0458,0.0005690000000000001,0.401,0.315,0.158,149.984,693933,4.0,1997,1997
52hDNq1emO3xflMtQTUhWG,Bituin,Bituin,0S7FYLCdgvweLjHczLsKTX,"['Shehyee', 'Keiko Necesario']","['5GdspZ491zr64zzwVJJjJZ', '0DouUeF604QbSdKYIL3xrq']",1,1,False,0.748,0.575,5,-9.44,0,0.109,0.0491,4.59e-05,0.142,0.281,95.03399999999999,277263,4.0,2017,2017-03-24
18e1sHs03hCgMCypuE7leW,"Peter Ilyich Tchaikovsky: The Seasons, Op. 37b: January - ""By the Fireplace""",Tchaikovsky: The Seasons; Eugene Onegin Waltz,1DnZvecetYhsERqDvx1H95,['Eleonor Bindman'],['0dYeNrH0rjThdhoumExxyd'],1,1,False,0.27899999999999997,0.0198,4,-31.851,1,0.040999999999999995,0.995,0.919,0.069,0.0399,84.333,277600,1.0,2005,2005-01-04
1Fjawe4vqyVf3LLJ1PRp4m,"Peter Ilyich Tchaikovsky: The Seasons, Op. 37b: February - ""Carnival""",Tchaikovsky: The Seasons; Eugene Onegin Waltz,1DnZvecetYhsERqDvx1H95,['Eleonor Bindman'],['0dYeNrH0rjThdhoumExxyd'],2,1,False,0.342,0.124,2,-22.844,1,0.0397,0.992,0.883,0.0889,0.21600000000000005,132.142,183733,4.0,2005,2005-01-04
1KMOqDMO2hBtXplOqn8oNy,"Peter Ilyich Tchaikovsky: The Seasons, Op. 37b: March - ""The Lark's Song""",Tchaikovsky: The Seasons; Eugene Onegin Waltz,1DnZvecetYhsERqDvx1H95,['Eleonor Bindman'],['0dYeNrH0rjThdhoumExxyd'],3,1,False,0.37799999999999995,0.00309,7,-37.634,0,0.0494,0.995,0.94,0.0781,0.212,66.54,201533,4.0,2005,2005-01-04
04HQySHSMdRrA1onbphFJQ,"Peter Ilyich Tchaikovsky: The Seasons, Op. 37b: April - ""The Showdrop""",Tchaikovsky: The Seasons; Eugene Onegin Waltz,1DnZvecetYhsERqDvx1H95,['Eleonor Bindman'],['0dYeNrH0rjThdhoumExxyd'],4,1,False,0.32,0.0155,0,-33.576,0,0.0412,0.995,0.89,0.08900000000000001,0.0787,68.931,181133,4.0,2005,2005-01-04
2MJXzGJZviLUKRFrqefya4,"Peter Ilyich Tchaikovsky: The Seasons, Op. 37b: May - ""May Nights""",Tchaikovsky: The Seasons; Eugene Onegin Waltz,1DnZvecetYhsERqDvx1H95,['Eleonor Bindman'],['0dYeNrH0rjThdhoumExxyd'],5,1,False,0.364,0.0127,7,-32.736999999999995,1,0.0526,0.995,0.905,0.0785,0.0967,97.64399999999999,247800,4.0,2005,2005-01-04
3RGbSm5UH4uHPQxxFxjREs,"Peter Ilyich Tchaikovsky: The Seasons, Op. 37b: June - ""Barcarolle""",Tchaikovsky: The Seasons; Eugene Onegin Waltz,1DnZvecetYhsERqDvx1H95,['Eleonor Bindman'],['0dYeNrH0rjThdhoumExxyd'],6,1,False,0.303,0.0287,7,-30.995,0,0.0717,0.9940000000000001,0.861,0.0703,0.15,72.932,326267,4.0,2005,2005-01-04
3Qozg7adaXtr3Ifz5ridUv,"Peter Ilyich Tchaikovsky: The Seasons, Op. 37b: July - ""The Reaper's Song""",Tchaikovsky: The Seasons; Eugene Onegin Waltz,1DnZvecetYhsERqDvx1H95,['Eleonor Bindman'],['0dYeNrH0rjThdhoumExxyd'],7,1,False,0.38,0.0567,3,-24.724,1,0.0392,0.9940000000000001,0.8759999999999999,0.0832,0.317,139.705,106333,4.0,2005,2005-01-04
4ryy0cg9zsHDV5lCyJ9UVP,"Peter Ilyich Tchaikovsky: The Seasons, Op. 37b: August - ""The Harvest""",Tchaikovsky: The Seasons; Eugene Onegin Waltz,1DnZvecetYhsERqDvx1H95,['Eleonor Bindman'],['0dYeNrH0rjThdhoumExxyd'],8,1,False,0.297,0.0654,11,-24.361,0,0.0552,0.995,0.9179999999999999,0.0849,0.0563,181.084,250133,3.0,2005,2005-01-04
4gN2MNsoPqnmkhQ7uqs7Ga,"Peter Ilyich Tchaikovsky: The Seasons, Op. 37b: September - ""The Hunt""",Tchaikovsky: The Seasons; Eugene Onegin Waltz,1DnZvecetYhsERqDvx1H95,['Eleonor Bindman'],['0dYeNrH0rjThdhoumExxyd'],9,1,False,0.455,0.171,7,-19.307000000000002,1,0.0723,0.995,0.902,0.0882,0.37,133.327,172293,4.0,2005,2005-01-04
6FChCLISLOv7IkODd1106Y,"Peter Ilyich Tchaikovsky: The Seasons, Op. 37b: October - ""Autumn Song""",Tchaikovsky: The Seasons; Eugene Onegin Waltz,1DnZvecetYhsERqDvx1H95,['Eleonor Bindman'],['0dYeNrH0rjThdhoumExxyd'],10,1,False,0.424,0.008020000000000001,2,-34.936,0,0.0632,0.995,0.9,0.0654,0.124,65.843,318533,5.0,2005,2005-01-04
6e8iaLsZlUqM9XlhL6dbzc,"Peter Ilyich Tchaikovsky: The Seasons, Op. 37b: November - ""In the Troika""",Tchaikovsky: The Seasons; Eugene Onegin Waltz,1DnZvecetYhsERqDvx1H95,['Eleonor Bindman'],['0dYeNrH0rjThdhoumExxyd'],11,1,False,0.374,0.0521,4,-26.886999999999997,1,0.0365,0.993,0.889,0.10400000000000001,0.374,129.866,166733,4.0,2005,2005-01-04
3a6Homg5mkQ6C7TzZ5eclZ,"Peter Ilyich Tchaikovsky: The Seasons, Op. 37b: December - ""Christmas""",Tchaikovsky: The Seasons; Eugene Onegin Waltz,1DnZvecetYhsERqDvx1H95,['Eleonor Bindman'],['0dYeNrH0rjThdhoumExxyd'],12,1,False,0.182,0.0389,8,-27.686,1,0.0406,0.9890000000000001,0.8909999999999999,0.111,0.196,69.759,261733,4.0,2005,2005-01-04
5Zfq0wsEEDmtu4hvpBRPvw,Peter Ilyich Tchaikovsky: Waltz from Eugene Onegin: Waltz from Eugene Onegin - Bindman Arrangement,Tchaikovsky: The Seasons; Eugene Onegin Waltz,1DnZvecetYhsERqDvx1H95,['Eleonor Bindman'],['0dYeNrH0rjThdhoumExxyd'],13,1,False,0.434,0.13,2,-22.204,1,0.0353,0.993,0.8759999999999999,0.11,0.551,103.5,392933,4.0,2005,2005-01-04
6PDrwIUfZsELzoMusTEBkg,Peter Ilyich Tchaikovsky: Polonaise from Eugene Onegin: Polonaise from Eugene Onegin - Liszt Transcription,Tchaikovsky: The Seasons; Eugene Onegin Waltz,1DnZvecetYhsERqDvx1H95,['Eleonor Bindman'],['0dYeNrH0rjThdhoumExxyd'],14,1,False,0.3720000000000001,0.14400000000000002,7,-20.021,1,0.039,0.99,0.853,0.0819,0.11699999999999999,92.781,424200,3.0,2005,2005-01-04
5ybQjGjMTTcIH9XCltFkZT,Nothing to Lose,Get Your Fight On!,3iAbclQTMQ12FSAuhrMdPS,['Suicidal Tendencies'],['3WPKDlucMsXH6FC1XaclZC'],1,1,True,0.3720000000000001,0.995,2,-3.028,1,0.27899999999999997,0.00563,1.5e-06,0.0649,0.204,163.685,181253,4.0,2018,2018-03-09
4gZWBtpQkbtqsxMAKVaVPF,Get United,Get Your Fight On!,3iAbclQTMQ12FSAuhrMdPS,['Suicidal Tendencies'],['3WPKDlucMsXH6FC1XaclZC'],2,1,True,0.612,0.898,0,-5.955,1,0.061,0.0897,2.8800000000000002e-05,0.508,0.7040000000000001,104.516,244274,4.0,2018,2018-03-09
7ts8ZBKNCtJvd0ijGxTgCw,iAuthority,Get Your Fight On!,3iAbclQTMQ12FSAuhrMdPS,['Suicidal Tendencies'],['3WPKDlucMsXH6FC1XaclZC'],3,1,True,0.643,0.9329999999999999,4,-6.834,0,0.132,0.0373,7.99e-05,0.174,0.542,111.846,266240,4.0,2018,2018-03-09
0adBCYcFOiTCTnQwv0TX3Y,Ain't Mess'n Around,Get Your Fight On!,3iAbclQTMQ12FSAuhrMdPS,['Suicidal Tendencies'],['3WPKDlucMsXH6FC1XaclZC'],4,1,True,0.498,0.735,1,-4.706,0,0.0294,0.00336,0.0,0.11,0.537,135.983,350090,4.0,2018,2018-03-09
4vhwmP3mxhUgdcKuXWRwc4,S.E.D.,Get Your Fight On!,3iAbclQTMQ12FSAuhrMdPS,['Suicidal Tendencies'],['3WPKDlucMsXH6FC1XaclZC'],5,1,True,0.345,0.966,9,-3.193,1,0.131,0.0107,0.0,0.42100000000000004,0.509,118.257,280912,4.0,2018,2018-03-09
5RdphvtMC4GQU2NJ7Ulyfl,I Got a Right,Get Your Fight On!,3iAbclQTMQ12FSAuhrMdPS,['Suicidal Tendencies'],['3WPKDlucMsXH6FC1XaclZC'],6,1,True,0.552,0.977,4,-4.393,0,0.0607,0.00202,6.159999999999999e-05,0.321,0.531,130.986,218832,4.0,2018,2018-03-09
3IDNeP1dccOeiKC94mslm1,Get Your Right On! - Acoustic Version,Get Your Fight On!,3iAbclQTMQ12FSAuhrMdPS,['Suicidal Tendencies'],['3WPKDlucMsXH6FC1XaclZC'],7,1,True,0.624,0.858,4,-6.0889999999999995,0,0.0446,0.268,0.0,0.28600000000000003,0.551,145.085,296243,4.0,2018,2018-03-09
2ituQ1pIaZyKBgFaxJZXkB,Get Your Bass On! - Bass Instrumental,Get Your Fight On!,3iAbclQTMQ12FSAuhrMdPS,['Suicidal Tendencies'],['3WPKDlucMsXH6FC1XaclZC'],8,1,True,0.257,0.8320000000000001,4,-7.76,0,0.0422,0.309,0.924,0.255,0.47200000000000003,93.56700000000001,296497,4.0,2018,2018-03-09
2rvtDNoiiBKvFIz7DpvVLM,Get Your Shred On! - Guitar Instrumental,Get Your Fight On!,3iAbclQTMQ12FSAuhrMdPS,['Suicidal Tendencies'],['3WPKDlucMsXH6FC1XaclZC'],9,1,True,0.361,0.9059999999999999,4,-5.019,0,0.0565,7.730000000000001e-05,0.794,0.264,0.573,144.994,282997,4.0,2018,2018-03-09
6EYzmLCFpPSFNVXUwTjv40,Get Your Fight On!,Get Your Fight On!,3iAbclQTMQ12FSAuhrMdPS,['Suicidal Tendencies'],['3WPKDlucMsXH6FC1XaclZC'],10,1,True,0.23,0.96,4,-3.509,0,0.102,0.00514,7.699999999999999e-06,0.15,0.349,93.495,295159,4.0,2018,2018-03-09
778PJW4VkSA0yeXZBUoswh,Manila,Feel Good Music,62Br706NZsHqtCXqyHH45m,['Amber Davis'],['3udH8JnPyK3qIYot37kBwW'],1,1,False,0.7709999999999999,0.6920000000000001,11,-5.47,1,0.049,0.158,0.0,0.138,0.83,98.992,195267,4.0,2006,2006-01-01
5TrLNv0NhVwkxNbxZTp8gv,In This Place,Feel Good Music,62Br706NZsHqtCXqyHH45m,['Amber Davis'],['3udH8JnPyK3qIYot37kBwW'],2,1,False,0.7879999999999999,0.4920000000000001,0,-8.049,0,0.11199999999999999,0.111,0.0,0.0794,0.7070000000000001,134.928,249760,4.0,2006,2006-01-01
3UY9dEC0qKVIa4KVVPYoLz,Jungle,Feel Good Music,62Br706NZsHqtCXqyHH45m,['Amber Davis'],['3udH8JnPyK3qIYot37kBwW'],3,1,False,0.855,0.8390000000000001,0,-6.367999999999999,1,0.20199999999999999,0.175,4.83e-05,0.149,0.858,103.98299999999999,215093,4.0,2006,2006-01-01
26SU9fGSjbZFW5mJqcUoIM,So Beautiful,Feel Good Music,62Br706NZsHqtCXqyHH45m,['Amber Davis'],['3udH8JnPyK3qIYot37kBwW'],4,1,False,0.674,0.615,0,-7.8329999999999975,1,0.0398,0.213,0.0,0.159,0.8,114.98700000000001,228067,4.0,2006,2006-01-01
2SZlAyQX0ZwiYLyGGr5Dv6,Ikaw Ang Buhay Ko,Feel Good Music,62Br706NZsHqtCXqyHH45m,['Amber Davis'],['3udH8JnPyK3qIYot37kBwW'],5,1,False,0.292,0.299,2,-8.491,1,0.0315,0.898,0.0,0.102,0.342,92.78,226440,4.0,2006,2006-01-01
3GlGCdQ8ixV5MAuf3ANCxE,See You Soon,Feel Good Music,62Br706NZsHqtCXqyHH45m,['Amber Davis'],['3udH8JnPyK3qIYot37kBwW'],6,1,False,0.585,0.353,6,-8.88,1,0.0313,0.907,9.34e-06,0.0786,0.295,114.882,239520,4.0,2006,2006-01-01
4NbEBzsXQtWmuq5THCBYLa,Feel Good Music,Feel Good Music,62Br706NZsHqtCXqyHH45m,['Amber Davis'],['3udH8JnPyK3qIYot37kBwW'],7,1,False,0.629,0.5479999999999999,11,-6.642,0,0.0488,0.7040000000000001,1.1400000000000001e-05,0.0507,0.8029999999999999,172.063,237920,4.0,2006,2006-01-01
6sJF0vsaBUG3DSsyibjJsq,He's Not You,Feel Good Music,62Br706NZsHqtCXqyHH45m,['Amber Davis'],['3udH8JnPyK3qIYot37kBwW'],8,1,False,0.392,0.599,6,-7.697999999999999,0,0.0695,0.37,0.0,0.0689,0.488,74.643,321893,4.0,2006,2006-01-01
3bFBL7s0UmbCkPRYR253xh,All For Nothing,Feel Good Music,62Br706NZsHqtCXqyHH45m,['Amber Davis'],['3udH8JnPyK3qIYot37kBwW'],9,1,False,0.40399999999999997,0.687,10,-6.7570000000000014,0,0.235,0.28300000000000003,0.0,0.179,0.85,48.12,211027,4.0,2006,2006-01-01
332qtioarNBHTU6gGNCsrv,I Need,Feel Good Music,62Br706NZsHqtCXqyHH45m,['Amber Davis'],['3udH8JnPyK3qIYot37kBwW'],10,1,False,0.5489999999999999,0.687,6,-6.045,1,0.111,0.168,0.0,0.0462,0.894,98.89299999999999,215933,4.0,2006,2006-01-01
6SmkxANjp475h8FEAttska,We Need Love,Feel Good Music,62Br706NZsHqtCXqyHH45m,['Amber Davis'],['3udH8JnPyK3qIYot37kBwW'],11,1,False,0.588,0.7490000000000001,5,-5.6129999999999995,1,0.0589,0.23600000000000002,0.0,0.436,0.7609999999999999,93.986,228800,4.0,2006,2006-01-01
0W8BE3jXK5OOhhOtnjNNhV,Daddy,Feel Good Music,62Br706NZsHqtCXqyHH45m,['Amber Davis'],['3udH8JnPyK3qIYot37kBwW'],12,1,False,0.45899999999999996,0.48,0,-8.267999999999999,1,0.034,0.9129999999999999,7.000000000000003e-06,0.124,0.34299999999999997,79.97399999999998,256387,4.0,2006,2006-01-01
47I99xqvXsOqWBMHmiYKT0,Dogtown,Monroe,6qWejXHlvJHryXbFOgNYXV,['Cherry St.'],['0tvcLWW7gfeWavcodd985X'],1,1,False,0.503,0.879,9,-5.345,1,0.0491,0.018000000000000002,0.00038500000000000003,0.335,0.669,104.01299999999999,189547,4.0,1997,1997-01-01
1XV7wVU5ZOxWPQWTmQPoxH,One More Tonight,Monroe,6qWejXHlvJHryXbFOgNYXV,['Cherry St.'],['0tvcLWW7gfeWavcodd985X'],2,1,False,0.588,0.728,9,-5.966,1,0.0334,0.0123,3.3799999999999995e-05,0.105,0.743,142.482,190907,4.0,1997,1997-01-01
7x3rmxyhPsF7ChNxRb1POX,Break Me,Monroe,6qWejXHlvJHryXbFOgNYXV,['Cherry St.'],['0tvcLWW7gfeWavcodd985X'],3,1,False,0.654,0.728,2,-6.019,1,0.0315,0.0104,5.12e-06,0.10400000000000001,0.607,124.19200000000001,189973,4.0,1997,1997-01-01
1GEzTDTT496jOWLYkTtubI,Jokers Wild,Monroe,6qWejXHlvJHryXbFOgNYXV,['Cherry St.'],['0tvcLWW7gfeWavcodd985X'],4,1,False,0.504,0.762,9,-5.651,1,0.0345,0.0733,0.00016299999999999998,0.13699999999999998,0.531,125.818,209373,4.0,1997,1997-01-01
7mRwSf7DAAs1fbKpT0EuNp,Bite the Bullet,Monroe,6qWejXHlvJHryXbFOgNYXV,['Cherry St.'],['0tvcLWW7gfeWavcodd985X'],5,1,False,0.649,0.6709999999999999,2,-6.0329999999999995,1,0.0334,0.0035700000000000007,0.000149,0.0547,0.619,135.079,194373,4.0,1997,1997-01-01
1MX22VTbb9HcJQWpt42Bjt,The War Is Over,Monroe,6qWejXHlvJHryXbFOgNYXV,['Cherry St.'],['0tvcLWW7gfeWavcodd985X'],6,1,False,0.59,0.5710000000000001,9,-5.949,1,0.0246,0.13699999999999998,0.0,0.079,0.19399999999999998,86.25399999999998,211307,4.0,1997,1997-01-01
04ysH3mvIaoA9wZsUGiHtI,Comes Around Goes Around,Monroe,6qWejXHlvJHryXbFOgNYXV,['Cherry St.'],['0tvcLWW7gfeWavcodd985X'],7,1,False,0.5579999999999999,0.9209999999999999,6,-6.2970000000000015,1,0.0461,0.0356,0.11199999999999999,0.0964,0.73,135.106,180373,4.0,1997,1997-01-01
3TyeP1U67jvRBpRF7Z5Sed,Soft & Slow,Monroe,6qWejXHlvJHryXbFOgNYXV,['Cherry St.'],['0tvcLWW7gfeWavcodd985X'],8,1,False,0.46399999999999997,0.953,1,-5.178,1,0.0749,0.17800000000000002,0.18100000000000002,0.0323,0.424,125.152,177573,4.0,1997,1997-01-01
70bSQZMnLTDMbInabqwSk2,Push & Shove,Monroe,6qWejXHlvJHryXbFOgNYXV,['Cherry St.'],['0tvcLWW7gfeWavcodd985X'],9,1,False,0.496,0.9490000000000001,8,-5.77,1,0.0535,0.149,0.000479,0.34299999999999997,0.706,132.058,170213,4.0,1997,1997-01-01
4kebFEHA8tG036rh21CRsa,Crescent City Jones,N.O. Escape,7t8qTX4Hl4IcniVkslZx5s,['Masakowski Family'],['6UbffsXuUOZTh1NjMWGSZm'],1,1,False,0.63,0.555,5,-10.84,0,0.0373,0.557,0.07,0.0706,0.6990000000000001,93.586,182000,4.0,2016,2016-12-22
5Xg1FgdZNZWhjk8pvAP0l6,Too Bad,N.O. Escape,7t8qTX4Hl4IcniVkslZx5s,['Masakowski Family'],['6UbffsXuUOZTh1NjMWGSZm'],2,1,False,0.579,0.355,0,-12.52,0,0.0496,0.8809999999999999,3.34e-05,0.114,0.508,116.266,288760,4.0,2016,2016-12-22
3ykhdJyQZFSZpRdxIZbiUG,Mancuso,N.O. Escape,7t8qTX4Hl4IcniVkslZx5s,['Masakowski Family'],['6UbffsXuUOZTh1NjMWGSZm'],3,1,False,0.581,0.541,7,-10.85,1,0.0474,0.6920000000000001,0.171,0.0982,0.6729999999999999,125.213,287000,4.0,2016,2016-12-22
47g0x1R0VK71cj5V0qjfYy,House of the Rising Sun,N.O. Escape,7t8qTX4Hl4IcniVkslZx5s,['Masakowski Family'],['6UbffsXuUOZTh1NjMWGSZm'],4,1,False,0.46,0.45299999999999996,2,-12.925,0,0.0438,0.754,0.005520000000000001,0.201,0.38799999999999996,99.389,446000,3.0,2016,2016-12-22
4simsrnlSHbDIA8qoLm0fW,Les Oignons,N.O. Escape,7t8qTX4Hl4IcniVkslZx5s,['Masakowski Family'],['6UbffsXuUOZTh1NjMWGSZm'],5,1,False,0.7190000000000001,0.325,10,-11.985,1,0.0433,0.802,3.06e-05,0.114,0.745,149.494,261507,4.0,2016,2016-12-22
2zi9fZzasMZn3js2JDCmRo,Mojo,N.O. Escape,7t8qTX4Hl4IcniVkslZx5s,['Masakowski Family'],['6UbffsXuUOZTh1NjMWGSZm'],6,1,False,0.631,0.41200000000000003,0,-11.684000000000001,1,0.0336,0.708,0.000627,0.0726,0.53,103.819,303253,4.0,2016,2016-12-22
1RkSJ4Qw2Z42rvLa8XDw9r,Exactly Like You,N.O. Escape,7t8qTX4Hl4IcniVkslZx5s,['Masakowski Family'],['6UbffsXuUOZTh1NjMWGSZm'],7,1,False,0.622,0.33799999999999997,0,-13.991,1,0.0549,0.71,0.00183,0.106,0.6940000000000001,98.917,220000,4.0,2016,2016-12-22
07p3LurmpL1ODPJASv01ny,N.O. Escape,N.O. Escape,7t8qTX4Hl4IcniVkslZx5s,['Masakowski Family'],['6UbffsXuUOZTh1NjMWGSZm'],8,1,False,0.6729999999999999,0.521,2,-10.574000000000002,0,0.03,0.857,0.156,0.115,0.515,97.98200000000001,299253,4.0,2016,2016-12-22
1EDStQzESRIW23wVZyrAUk,Grey (feat. Moophs),Grey,5AWOkvToV6vvUA04inzZWR,"['Kiana V', 'Moophs']","['1DZGAZcaTA32eLJELEsjXY', '3HaL9ONkedXrAybTHYA3w1']",1,1,False,0.6659999999999999,0.46,3,-7.045,0,0.0439,0.21100000000000002,0.136,0.106,0.531,111.95299999999999,99571,4.0,2018,2018-02-09
2FM98pjLNgYmO3R36kkQl1,Misfits,Grey,5AWOkvToV6vvUA04inzZWR,['Kiana V'],['1DZGAZcaTA32eLJELEsjXY'],2,1,False,0.667,0.53,6,-7.229,1,0.0523,0.682,0.0094,0.14,0.3,106.09899999999999,231943,4.0,2018,2018-02-09
6zaHigbzKkrCIR8CyHjuvy,Caught U,Grey,5AWOkvToV6vvUA04inzZWR,['Kiana V'],['1DZGAZcaTA32eLJELEsjXY'],3,1,False,0.639,0.636,5,-5.825,0,0.13699999999999998,0.264,0.0,0.10800000000000001,0.695,89.97399999999998,234333,4.0,2018,2018-02-09
4JrQGSfjolmTeKAsPDMLie,Buzz'n,Grey,5AWOkvToV6vvUA04inzZWR,['Kiana V'],['1DZGAZcaTA32eLJELEsjXY'],4,1,False,0.623,0.537,9,-9.066,0,0.0402,0.305,0.000443,0.192,0.21,117.969,253458,4.0,2018,2018-02-09
7ETGvoIP76vpi5kAFJvFIA,Paralyzed,Paralyzed,7yIgCE2xXfgpadoGnKNFJi,['Amber Davis'],['3udH8JnPyK3qIYot37kBwW'],1,1,False,0.595,0.57,7,-8.382,0,0.0329,0.0849,4.34e-06,0.0791,0.239,149.936,279527,4.0,2013,2013-10-01
21vHD6SBJn1A0noj3KybeT,Cantina Senese,The Mystery,0ffZUOZQCLdEJgZAk8yv0d,['Tommy Emmanuel'],['6HjfVflhYjbu6PSIsFOjwM'],1,1,False,0.569,0.8859999999999999,2,-11.872,0,0.0414,0.284,0.9259999999999999,0.41200000000000003,0.856,140.844,112147,4.0,2006,2006-08-22
4QoiX5UuFWXVJfv55j8Bmi,Gameshow Rag/Cannonball Rag,The Mystery,0ffZUOZQCLdEJgZAk8yv0d,['Tommy Emmanuel'],['6HjfVflhYjbu6PSIsFOjwM'],2,1,False,0.46799999999999997,0.436,4,-13.728,0,0.0312,0.809,0.89,0.175,0.741,89.24799999999998,146400,4.0,2006,2006-08-22
17xUZsHIOZJYJboUKKTbTH,The Mystery,The Mystery,0ffZUOZQCLdEJgZAk8yv0d,['Tommy Emmanuel'],['6HjfVflhYjbu6PSIsFOjwM'],3,1,False,0.391,0.33399999999999996,8,-12.491,0,0.0317,0.924,0.752,0.122,0.242,93.759,235813,4.0,2006,2006-08-22
4mGSpJQ5mKXKQqWLPjESUf,Cowboy's Dreams,The Mystery,0ffZUOZQCLdEJgZAk8yv0d,['Tommy Emmanuel'],['6HjfVflhYjbu6PSIsFOjwM'],4,1,False,0.48700000000000004,0.297,9,-12.995,1,0.0332,0.914,0.731,0.111,0.523,102.351,204760,4.0,2006,2006-08-22
4SQ10UG5WwRQG5sj2cCb2w,Walls,The Mystery,0ffZUOZQCLdEJgZAk8yv0d,['Tommy Emmanuel'],['6HjfVflhYjbu6PSIsFOjwM'],5,1,False,0.621,0.48100000000000004,5,-7.968,1,0.0275,0.688,4.92e-06,0.0764,0.317,97.561,218840,4.0,2006,2006-08-22
6Je4aLT9Mhu9rBRPWkiUP3,Lewis & Clark,The Mystery,0ffZUOZQCLdEJgZAk8yv0d,['Tommy Emmanuel'],['6HjfVflhYjbu6PSIsFOjwM'],6,1,False,0.44299999999999995,0.18899999999999997,6,-15.276,0,0.0375,0.887,0.782,0.115,0.28600000000000003,99.005,242867,4.0,2006,2006-08-22
6zWRV2qZibnZstsRsg9m2O,The Diggers' Waltz,The Mystery,0ffZUOZQCLdEJgZAk8yv0d,['Tommy Emmanuel'],['6HjfVflhYjbu6PSIsFOjwM'],7,1,False,0.473,0.13699999999999998,6,-15.202,1,0.0676,0.862,0.616,0.11699999999999999,0.306,121.053,209920,3.0,2006,2006-08-22
5oDuo3fuksgPqlDkniLwxR,Antonella's Birthday,The Mystery,0ffZUOZQCLdEJgZAk8yv0d,['Tommy Emmanuel'],['6HjfVflhYjbu6PSIsFOjwM'],8,1,False,0.467,0.302,9,-16.413,1,0.0377,0.9590000000000001,0.912,0.0932,0.276,88.296,164960,4.0,2006,2006-08-22
1RJXawJYwwh8qOShfATFcV,And So It Goes,The Mystery,0ffZUOZQCLdEJgZAk8yv0d,['Tommy Emmanuel'],['6HjfVflhYjbu6PSIsFOjwM'],9,1,False,0.385,0.126,11,-17.016,1,0.0637,0.9520000000000001,0.843,0.11,0.259,115.958,198147,3.0,2006,2006-08-22
16YRCHMpp0syrtPRBJqWAg,That's The Spirit,The Mystery,0ffZUOZQCLdEJgZAk8yv0d,['Tommy Emmanuel'],['6HjfVflhYjbu6PSIsFOjwM'],10,1,False,0.494,0.298,2,-15.58,1,0.0291,0.9109999999999999,0.795,0.0968,0.618,93.23200000000001,132920,4.0,2006,2006-08-22
6o2RQnf5X9pcjZRz9Oq4Ps,Footprints,The Mystery,0ffZUOZQCLdEJgZAk8yv0d,['Tommy Emmanuel'],['6HjfVflhYjbu6PSIsFOjwM'],11,1,False,0.4970000000000001,0.257,11,-15.754000000000001,1,0.0462,0.897,0.8959999999999999,0.0975,0.28,99.07600000000001,239720,4.0,2006,2006-08-22
6HoEuIgsXAtR1gfCb3kuOM,Keep It Simple,The Mystery,0ffZUOZQCLdEJgZAk8yv0d,['Tommy Emmanuel'],['6HjfVflhYjbu6PSIsFOjwM'],12,1,False,0.363,0.188,2,-16.135,1,0.0427,0.929,0.775,0.10800000000000001,0.282,100.965,219427,3.0,2006,2006-08-22
3NLahjAGn8bu4JwKO7d0Do,Ain't No Love For Sale,Portrait of the Blues,0cNfKZmoX7jLyr08Zzl8cp,"['Bobby ""Blue"" Bland']",['48nwxUvPJZkm8uPa7xMzmj'],1,1,False,0.741,0.484,9,-12.007,0,0.0358,0.0904,7.52e-05,0.0562,0.535,98.975,295493,4.0,1991,1991-11-18
4fKJnmvA7umMSNObY2iK4m,Hurtin' Love,Portrait of the Blues,0cNfKZmoX7jLyr08Zzl8cp,"['Bobby ""Blue"" Bland']",['48nwxUvPJZkm8uPa7xMzmj'],2,1,False,0.72,0.484,0,-10.697000000000001,1,0.0545,0.134,0.000408,0.0483,0.6679999999999999,105.625,330040,4.0,1991,1991-11-18
5oaRBXmkLLO4gMrWcLILOm,These Are The Things That A Woman Needs,Portrait of the Blues,0cNfKZmoX7jLyr08Zzl8cp,"['Bobby ""Blue"" Bland']",['48nwxUvPJZkm8uPa7xMzmj'],3,1,False,0.626,0.337,0,-14.194,1,0.038,0.161,0.000273,0.19899999999999998,0.396,136.705,265067,4.0,1991,1991-11-18
6H0oqG8DWyBOKhcVMSf3wp,I Can Take You To Heaven,Portrait of the Blues,0cNfKZmoX7jLyr08Zzl8cp,"['Bobby ""Blue"" Bland']",['48nwxUvPJZkm8uPa7xMzmj'],4,1,False,0.503,0.382,9,-13.213,1,0.0856,0.0774,0.000132,0.046,0.585,108.11200000000001,279333,3.0,1991,1991-11-18
04dqprt7C4Ww2qL8Ydyg21,The Last One To Know,Portrait of the Blues,0cNfKZmoX7jLyr08Zzl8cp,"['Bobby ""Blue"" Bland']",['48nwxUvPJZkm8uPa7xMzmj'],5,1,False,0.649,0.31,7,-15.661,1,0.0419,0.146,0.000298,0.314,0.32799999999999996,129.267,200800,4.0,1991,1991-11-18
5TDorwEkZz4AyWMiodq8gF,Just Take My Love,Portrait of the Blues,0cNfKZmoX7jLyr08Zzl8cp,"['Bobby ""Blue"" Bland']",['48nwxUvPJZkm8uPa7xMzmj'],6,1,False,0.7709999999999999,0.439,5,-12.970999999999998,0,0.0448,0.183,0.000528,0.0747,0.8,106.988,252227,4.0,1991,1991-11-18
2AizByLO37s7wrmVHFN1V7,I Just Won't Be Your Fool Anymore,Portrait of the Blues,0cNfKZmoX7jLyr08Zzl8cp,"['Bobby ""Blue"" Bland']",['48nwxUvPJZkm8uPa7xMzmj'],7,1,False,0.629,0.298,5,-16.162,1,0.0507,0.134,0.00054,0.132,0.3670000000000001,153.976,260240,3.0,1991,1991-11-18
4GGyNaZAaigxpZ5RQS2KcE,She's Puttin' Something In My Food,Portrait of the Blues,0cNfKZmoX7jLyr08Zzl8cp,"['Bobby ""Blue"" Bland']",['48nwxUvPJZkm8uPa7xMzmj'],8,1,False,0.623,0.28600000000000003,0,-13.66,1,0.12300000000000001,0.2,0.00268,0.0592,0.507,184.19400000000002,291960,3.0,1991,1991-11-18
12nCLbG2MQPezFOLqJf6QY,When Hearts Grow Cold,Portrait of the Blues,0cNfKZmoX7jLyr08Zzl8cp,"['Bobby ""Blue"" Bland']",['48nwxUvPJZkm8uPa7xMzmj'],9,1,False,0.606,0.37,0,-14.88,1,0.0381,0.228,0.00014199999999999998,0.172,0.518,75.67399999999998,212373,4.0,1991,1991-11-18
2xX3TM0Y0GUZAvk1xLnBCN,Let Love Have It's Way,Portrait of the Blues,0cNfKZmoX7jLyr08Zzl8cp,"['Bobby ""Blue"" Bland']",['48nwxUvPJZkm8uPa7xMzmj'],10,1,False,0.5770000000000001,0.389,7,-13.023,0,0.134,0.24600000000000002,0.00020299999999999997,0.15,0.701,203.94400000000002,302560,4.0,1991,1991-11-18
7uE40Dr3Roy9CdB2wddtNp,Somewhere Between Right & Wrong,Years of Tears,4F1NMgwyqbLaySJSXAODJb,"['Bobby ""Blue\' Blands']",['6PbjvOBkAE9A4bSAtwxC6i'],1,1,False,0.4920000000000001,0.28,7,-13.022,1,0.0446,0.7829999999999999,0.125,0.102,0.29100000000000004,147.80200000000005,345533,3.0,1993,1993-08-26
3KC4FsugeH1RuUjGn18NJ1,There's A Stranger In The House,Years of Tears,4F1NMgwyqbLaySJSXAODJb,"['Bobby ""Blue\' Blands']",['6PbjvOBkAE9A4bSAtwxC6i'],2,1,False,0.5489999999999999,0.405,0,-11.630999999999998,1,0.065,0.24600000000000002,0.111,0.14400000000000002,0.529,181.487,286867,3.0,1993,1993-08-26
28nxrrCzhG1bBZxFlLOEWM,Hole In The Wall,Years of Tears,4F1NMgwyqbLaySJSXAODJb,"['Bobby ""Blue\' Blands']",['6PbjvOBkAE9A4bSAtwxC6i'],3,1,False,0.679,0.52,0,-10.630999999999998,1,0.0921,0.315,0.0619,0.16699999999999998,0.708,93.631,297573,4.0,1993,1993-08-26
5m6Idsxn0oq3eNE0W8zVFA,Years Of Tears To Go,Years of Tears,4F1NMgwyqbLaySJSXAODJb,"['Bobby ""Blue\' Blands']",['6PbjvOBkAE9A4bSAtwxC6i'],4,1,False,0.5589999999999999,0.38299999999999995,2,-11.987,0,0.0328,0.45799999999999996,0.365,0.0653,0.27899999999999997,75.233,304893,3.0,1993,1993-08-26
6TXPleeNBgcr9cplzfoA5e,Hurtin' Time Again,Years of Tears,4F1NMgwyqbLaySJSXAODJb,"['Bobby ""Blue\' Blands']",['6PbjvOBkAE9A4bSAtwxC6i'],5,1,False,0.491,0.486,8,-10.865,1,0.0671,0.235,0.147,0.23399999999999999,0.7090000000000001,84.478,273907,4.0,1993,1993-08-26
0YexehVqT7UkzBSvOpXSVd,I Just Tripped On A Piece Of Your Broken,Years of Tears,4F1NMgwyqbLaySJSXAODJb,"['Bobby ""Blue\' Blands']",['6PbjvOBkAE9A4bSAtwxC6i'],6,1,False,0.6729999999999999,0.4920000000000001,2,-10.176,0,0.032,0.319,0.17600000000000002,0.084,0.569,141.543,301467,4.0,1993,1993-08-26
6RKZe7B7Vzd3vAOt0je6bJ,Sweet Lady Love,Years of Tears,4F1NMgwyqbLaySJSXAODJb,"['Bobby ""Blue\' Blands']",['6PbjvOBkAE9A4bSAtwxC6i'],7,1,False,0.618,0.415,7,-11.507,0,0.0289,0.431,0.235,0.13,0.515,129.835,268600,3.0,1993,1993-08-26
5dbuYGgifqRgWZhCjk9yfA,Love Of Mine,Years of Tears,4F1NMgwyqbLaySJSXAODJb,"['Bobby ""Blue\' Blands']",['6PbjvOBkAE9A4bSAtwxC6i'],8,1,False,0.755,0.529,7,-9.791,1,0.0623,0.245,0.0653,0.18,0.54,112.83,283427,4.0,1993,1993-08-26
1Je7A048pPzceoY1zyoRP3,I've Got To Have Your Love Tonight,Years of Tears,4F1NMgwyqbLaySJSXAODJb,"['Bobby ""Blue\' Blands']",['6PbjvOBkAE9A4bSAtwxC6i'],9,1,False,0.779,0.501,6,-10.716,0,0.045,0.41200000000000003,0.0418,0.115,0.857,99.756,301267,4.0,1993,1993-08-26
1CVQb0G3KtqqUX51wUPRfs,You Put The Hurt On A Hurtin' Man,Years of Tears,4F1NMgwyqbLaySJSXAODJb,"['Bobby ""Blue\' Blands']",['6PbjvOBkAE9A4bSAtwxC6i'],10,1,False,0.8109999999999999,0.4370000000000001,6,-10.927,0,0.0379,0.251,0.0241,0.0848,0.596,92.911,278707,4.0,1993,1993-08-26
1ZHHJv6GrfodKGMubmMbD9,Are You With Me Baby,Are You With Me Baby,7D6OBERDOxMFYGiXpMfRuq,['Billy Burnette'],['596pF0tYoKyJCgI4WLTLs4'],1,1,False,0.48200000000000004,0.858,9,-6.825,1,0.0556,0.193,0.0,0.33,0.74,157.36,165813,4.0,2000,2000
1FVDUgY1lxYkmFVXKx04RJ,Believe What You Say,Are You With Me Baby,7D6OBERDOxMFYGiXpMfRuq,['Billy Burnette'],['596pF0tYoKyJCgI4WLTLs4'],2,1,False,0.5539999999999999,0.884,11,-5.22,1,0.0496,0.159,0.0,0.11800000000000001,0.884,163.615,144520,4.0,2000,2000
5ma0N7HHy1gMNCSoJlb1Dy,To Get Next To You,Are You With Me Baby,7D6OBERDOxMFYGiXpMfRuq,['Billy Burnette'],['596pF0tYoKyJCgI4WLTLs4'],3,1,False,0.561,0.887,9,-6.172999999999999,1,0.0441,0.172,0.000125,0.16,0.8759999999999999,146.702,237013,4.0,2000,2000
7oot6xWQPcIyAOszEROuJr,Didn't Start Livin',Are You With Me Baby,7D6OBERDOxMFYGiXpMfRuq,['Billy Burnette'],['596pF0tYoKyJCgI4WLTLs4'],4,1,False,0.537,0.9590000000000001,11,-5.087,0,0.0556,0.11199999999999999,4.760000000000001e-05,0.33299999999999996,0.8140000000000001,174.79,124160,4.0,2000,2000
0g7WSdbqIjUzCTrvBKX2nr,What A Woman Feels,Are You With Me Baby,7D6OBERDOxMFYGiXpMfRuq,['Billy Burnette'],['596pF0tYoKyJCgI4WLTLs4'],5,1,False,0.607,0.851,2,-4.803,1,0.0305,0.364,0.0,0.312,0.7140000000000001,126.139,246080,4.0,2000,2000
623aHGXmQaIsCqdmZrS3t1,Life And Death,Are You With Me Baby,7D6OBERDOxMFYGiXpMfRuq,['Billy Burnette'],['596pF0tYoKyJCgI4WLTLs4'],6,1,False,0.613,0.785,11,-4.085,0,0.0344,0.154,0.0,0.19699999999999998,0.81,115.385,176920,4.0,2000,2000
3axp5xLEcvZwNwmou42wlo,Can't Get Over You,Are You With Me Baby,7D6OBERDOxMFYGiXpMfRuq,['Billy Burnette'],['596pF0tYoKyJCgI4WLTLs4'],7,1,False,0.606,0.9440000000000001,9,-4.488,1,0.0564,0.023,5.05e-05,0.192,0.682,107.069,216453,4.0,2000,2000
04yTg0uYY0CZvbpJq1WDTA,Highway Of Love,Are You With Me Baby,7D6OBERDOxMFYGiXpMfRuq,['Billy Burnette'],['596pF0tYoKyJCgI4WLTLs4'],8,1,False,0.52,0.815,7,-5.9270000000000005,0,0.0321,0.00919,0.00044699999999999997,0.128,0.58,102.98700000000001,264107,4.0,2000,2000
319fHZHxBkh6TBy8TQ0PcB,Gimme You,Are You With Me Baby,7D6OBERDOxMFYGiXpMfRuq,['Billy Burnette'],['596pF0tYoKyJCgI4WLTLs4'],9,1,False,0.46299999999999997,0.866,2,-4.882,1,0.0983,0.0114,5.43e-06,0.156,0.7829999999999999,177.96200000000005,216333,4.0,2000,2000
1zwkrNXPwNHfgKgN9m5O6N,Too Much Information,Are You With Me Baby,7D6OBERDOxMFYGiXpMfRuq,['Billy Burnette'],['596pF0tYoKyJCgI4WLTLs4'],10,1,False,0.5,0.8320000000000001,2,-6.68,1,0.0394,0.0368,2.5300000000000002e-05,0.10800000000000001,0.7759999999999999,108.325,171480,4.0,2000,2000
5SJUk7jHzcVT22DdwLkXIH,Love Me Back,Are You With Me Baby,7D6OBERDOxMFYGiXpMfRuq,['Billy Burnette'],['596pF0tYoKyJCgI4WLTLs4'],11,1,False,0.6759999999999999,0.773,9,-6.228,1,0.0369,0.40399999999999997,2.2e-06,0.109,0.9059999999999999,145.433,160773,4.0,2000,2000
3XSMqAx6Kp6o87BqDmhwDq,The Edge Of Love,Are You With Me Baby,7D6OBERDOxMFYGiXpMfRuq,['Billy Burnette'],['596pF0tYoKyJCgI4WLTLs4'],12,1,False,0.619,0.606,7,-7.309,1,0.0347,0.32899999999999996,0.0,0.141,0.611,97.96799999999999,227747,4.0,2000,2000
6sqS3Tdj9R6xPLag94hoa4,Got A Little Rock In My Shoe,Are You With Me Baby,7D6OBERDOxMFYGiXpMfRuq,['Billy Burnette'],['596pF0tYoKyJCgI4WLTLs4'],13,1,False,0.6940000000000001,0.672,1,-7.555,1,0.133,0.54,0.0,0.11199999999999999,0.888,134.602,146347,4.0,2000,2000
0sqUIKP6vI85WACu0twYud,Ber,Ber,3ufJLU63UHZQhvLjuUopVA,['Grin Department'],['3oP7ApvM9dvIXP6AufxCxt'],1,1,False,0.654,0.7170000000000001,9,-6.979,1,0.0986,0.0445,0.0,0.0667,0.7340000000000001,76.041,229597,4.0,2018,2018-02-02
6yRF6N1SSju1poggWONz7m,Mahal Kita Kahit... (feat. Grin Department),Mahal Kita Kahit... (feat. Grin Department),4djXwWJJyIwKskgGphVUJg,"['Flict G', 'Grin Department']","['4K7jEoIMJx2MpmgivAbJsS', '3oP7ApvM9dvIXP6AufxCxt']",1,1,False,0.736,0.451,7,-10.526,1,0.0413,0.499,0.0,0.11599999999999999,0.314,100.021,277847,4.0,2018,2018-02-09
1BUyeXTjx8dLRL8e5msWhY,Feeling Hirow,Feeling Hirow,527LFpoFMRmzB6X41nCxBn,['Grin Department'],['3oP7ApvM9dvIXP6AufxCxt'],1,1,False,0.609,0.66,7,-7.162999999999999,1,0.0395,0.0389,0.0,0.302,0.7759999999999999,148.132,246501,4.0,2018,2018-02-02
7sWV1sDoZEH6bIzSSxZ86h,Tikoy,Tikoy,5Phmr4qqDjNMI917Kw6cAB,['Grin Department'],['3oP7ApvM9dvIXP6AufxCxt'],1,1,False,0.6,0.591,7,-8.017000000000001,1,0.0341,0.0069700000000000005,0.0,0.23600000000000002,0.5660000000000001,124.936,175345,4.0,2018,2018-02-02
5hD1zIrttIQ2paYriMLDxO,Frammin',Can You Feel It?,6ir7hEreNGUMhqWrID0xow,"['The Campbell Brothers', 'John Medeski']","['4nfJ29CAKqry9jIv26MmxK', '46IQ7Q0jkW6dW0l4e15FFD']",1,1,False,0.626,0.79,1,-9.097000000000001,1,0.129,0.11699999999999999,0.875,0.0856,0.768,106.135,299453,4.0,2005,2005-06-22
0UCO7xCdYRzJipIvFIIbLI,The Judgment,Can You Feel It?,6ir7hEreNGUMhqWrID0xow,"['The Campbell Brothers', 'John Medeski']","['4nfJ29CAKqry9jIv26MmxK', '46IQ7Q0jkW6dW0l4e15FFD']",2,1,False,0.536,0.9079999999999999,2,-8.152000000000001,1,0.08,0.255,0.669,0.32899999999999996,0.598,124.648,285787,4.0,2005,2005-06-22
1uiy8VSJZnlAjPogXs3Nbe,Good All The Time,Can You Feel It?,6ir7hEreNGUMhqWrID0xow,"['The Campbell Brothers', 'John Medeski']","['4nfJ29CAKqry9jIv26MmxK', '46IQ7Q0jkW6dW0l4e15FFD']",3,1,False,0.562,0.852,11,-10.308,1,0.0519,0.5539999999999999,0.937,0.11199999999999999,0.75,105.10600000000001,320773,4.0,2005,2005-06-22
4RmLyaBO2P0mvoTQreWOz5,A Change Is Gonna Come,Can You Feel It?,6ir7hEreNGUMhqWrID0xow,"['The Campbell Brothers', 'John Medeski']","['4nfJ29CAKqry9jIv26MmxK', '46IQ7Q0jkW6dW0l4e15FFD']",4,1,False,0.318,0.493,1,-10.089,1,0.0326,0.155,0.8909999999999999,0.124,0.257,119.119,319693,3.0,2005,2005-06-22
5Y2YguCHoXym9TD3XFeNzW,Power Lord,Can You Feel It?,6ir7hEreNGUMhqWrID0xow,"['The Campbell Brothers', 'John Medeski']","['4nfJ29CAKqry9jIv26MmxK', '46IQ7Q0jkW6dW0l4e15FFD']",5,1,False,0.423,0.86,6,-7.266,0,0.0952,0.0295,0.24600000000000002,0.33,0.664,105.884,322093,4.0,2005,2005-06-22
0X0GdSloJ1aiOMwxQkuYl5,Rally Time,Can You Feel It?,6ir7hEreNGUMhqWrID0xow,"['The Campbell Brothers', 'John Medeski']","['4nfJ29CAKqry9jIv26MmxK', '46IQ7Q0jkW6dW0l4e15FFD']",6,1,False,0.608,0.9620000000000001,7,-6.053999999999999,1,0.201,0.0694,5.35e-06,0.19699999999999998,0.659,109.198,212267,4.0,2005,2005-06-22
1aQvjkrvvlcXZP6Igz635T,Amazing Grace,Can You Feel It?,6ir7hEreNGUMhqWrID0xow,"['The Campbell Brothers', 'John Medeski']","['4nfJ29CAKqry9jIv26MmxK', '46IQ7Q0jkW6dW0l4e15FFD']",7,1,False,0.331,0.32799999999999996,0,-13.444,1,0.0352,0.675,0.821,0.125,0.31,184.03900000000002,311520,3.0,2005,2005-06-22
0C8CPRzmnPGvHlDVmYSJKx,Don't Let Nobody Turn You Around,Can You Feel It?,6ir7hEreNGUMhqWrID0xow,"['The Campbell Brothers', 'John Medeski']","['4nfJ29CAKqry9jIv26MmxK', '46IQ7Q0jkW6dW0l4e15FFD']",8,1,False,0.625,0.605,9,-9.366,1,0.0578,0.8029999999999999,0.895,0.11800000000000001,0.727,123.84100000000001,386973,4.0,2005,2005-06-22
3j0nymGLRQRBhwKy4kFjCp,Don't Let The Devil Ride,Can You Feel It?,6ir7hEreNGUMhqWrID0xow,"['The Campbell Brothers', 'John Medeski']","['4nfJ29CAKqry9jIv26MmxK', '46IQ7Q0jkW6dW0l4e15FFD']",9,1,False,0.287,0.72,2,-6.968999999999999,1,0.057,0.282,0.114,0.156,0.45399999999999996,142.751,393813,3.0,2005,2005-06-22
7xPP5EQHtVwDHFuGYb3GIW,Native Praise,Can You Feel It?,6ir7hEreNGUMhqWrID0xow,"['The Campbell Brothers', 'John Medeski']","['4nfJ29CAKqry9jIv26MmxK', '46IQ7Q0jkW6dW0l4e15FFD']",10,1,False,0.495,0.878,9,-8.149,1,0.0379,0.185,0.895,0.099,0.91,124.62100000000001,199707,4.0,2005,2005-06-22
0VhLcBdk4vbrQLmjikwsbG,No Mo' One Mo',Can You Feel It?,6ir7hEreNGUMhqWrID0xow,"['The Campbell Brothers', 'John Medeski']","['4nfJ29CAKqry9jIv26MmxK', '46IQ7Q0jkW6dW0l4e15FFD']",11,1,False,0.33799999999999997,0.5379999999999999,9,-10.668,1,0.0445,0.079,0.943,0.134,0.131,143.433,795680,3.0,2005,2005-06-22
1t1pgUIz1eATlYunjIdWv8,Intro,Letters Never Sent,6fNCRWqP21xUZwzBJ0kZx5,['Carly Simon'],['4FtSnMlCVxCswABUmdhwpm'],1,1,False,0.23,0.038,2,-27.908,1,0.0465,0.40399999999999997,6.56e-06,0.11900000000000001,0.152,160.821,18280,4.0,1994,1994-08-26
2shOGqfHi8zL028YuIPjJ1,Letters Never Sent,Letters Never Sent,6fNCRWqP21xUZwzBJ0kZx5,['Carly Simon'],['4FtSnMlCVxCswABUmdhwpm'],2,1,False,0.583,0.736,4,-8.769,0,0.0553,0.0819,0.0,0.0679,0.774,175.725,285573,4.0,1994,1994-08-26
1xhmUSTqLnStMJ2k6C8jwo,Lost In Your Love,Letters Never Sent,6fNCRWqP21xUZwzBJ0kZx5,['Carly Simon'],['4FtSnMlCVxCswABUmdhwpm'],3,1,False,0.24,0.54,11,-6.5820000000000025,1,0.0273,0.335,1.39e-05,0.203,0.11199999999999999,158.55100000000004,291573,3.0,1994,1994-08-26
6aXcxUXSIm82Nz4DwhXV7h,Like A River,Letters Never Sent,6fNCRWqP21xUZwzBJ0kZx5,['Carly Simon'],['4FtSnMlCVxCswABUmdhwpm'],4,1,False,0.36200000000000004,0.38299999999999995,6,-9.968,1,0.0302,0.807,2.17e-06,0.0893,0.304,131.91899999999998,363400,4.0,1994,1994-08-26
4TDXDgtoyPxF2piDLPqb8H,Time Works On All The Wild Young Men,Letters Never Sent,6fNCRWqP21xUZwzBJ0kZx5,['Carly Simon'],['4FtSnMlCVxCswABUmdhwpm'],5,1,False,0.415,0.038,1,-19.274,1,0.0486,0.922,4.29e-06,0.17,0.5579999999999999,142.622,44373,4.0,1994,1994-08-26
1rz6ooncsCQxmsJ9gY1LNR,Touched By The Sun,Letters Never Sent,6fNCRWqP21xUZwzBJ0kZx5,['Carly Simon'],['4FtSnMlCVxCswABUmdhwpm'],6,1,False,0.586,0.519,11,-7.337999999999999,0,0.0247,0.0715,5.320000000000001e-05,0.11800000000000001,0.273,133.566,327867,3.0,1994,1994-08-26
1ys6UREdHqzArdClFcj5Qz,Davy,Letters Never Sent,6fNCRWqP21xUZwzBJ0kZx5,['Carly Simon with Andreas Vollenweider'],['0wapkUkCuXJDWmuPyKnMGY'],7,1,False,0.506,0.3,3,-12.489,1,0.025,0.836,1.7899999999999998e-05,0.0952,0.23199999999999998,74.94800000000002,221373,4.0,1994,1994-08-26
6YX2hls4sbA1SiZkrUDw0x,Halfway 'Round The World,Letters Never Sent,6fNCRWqP21xUZwzBJ0kZx5,['Carly Simon'],['4FtSnMlCVxCswABUmdhwpm'],8,1,False,0.6609999999999999,0.35700000000000004,2,-10.15,1,0.0363,0.11599999999999999,3.47e-06,0.10300000000000001,0.376,79.973,274000,4.0,1994,1994-08-26
3y1dakRrIeN8dx1s1lp1M0,What About A Holiday,Letters Never Sent,6fNCRWqP21xUZwzBJ0kZx5,['Carly Simon'],['4FtSnMlCVxCswABUmdhwpm'],9,1,False,0.479,0.23600000000000002,7,-14.859000000000002,1,0.0352,0.736,0.0,0.626,0.8420000000000001,52.201,31827,4.0,1994,1994-08-26
5CMf36UzKluS5sdENq3PJZ,The Reason,Letters Never Sent,6fNCRWqP21xUZwzBJ0kZx5,['Carly Simon'],['4FtSnMlCVxCswABUmdhwpm'],10,1,False,0.757,0.8009999999999999,0,-6.702999999999999,1,0.0267,0.0603,0.0,0.0283,0.895,112.822,298640,4.0,1994,1994-08-26
5Pedm9uI6zAqBPr3BIF07C,Private,Letters Never Sent,6fNCRWqP21xUZwzBJ0kZx5,['Carly Simon'],['4FtSnMlCVxCswABUmdhwpm'],11,1,False,0.444,0.35700000000000004,1,-10.123,1,0.0294,0.255,0.0,0.0797,0.38299999999999995,180.968,275960,4.0,1994,1994-08-26
476djw0D4LzDkHl3usNgWj,Catch It Like A Fever,Letters Never Sent,6fNCRWqP21xUZwzBJ0kZx5,['Carly Simon'],['4FtSnMlCVxCswABUmdhwpm'],12,1,False,0.79,0.4970000000000001,10,-21.169,1,0.5379999999999999,0.13699999999999998,0.000317,0.0491,0.8809999999999999,127.53,24000,4.0,1994,1994-08-26
6hdOfydMujaYMxB7hod7aW,Born To Break My Heart,Letters Never Sent,6fNCRWqP21xUZwzBJ0kZx5,['Carly Simon'],['4FtSnMlCVxCswABUmdhwpm'],13,1,False,0.6859999999999999,0.602,0,-8.245,1,0.0241,0.284,2.44e-05,0.0582,0.382,94.59200000000001,299173,4.0,1994,1994-08-26
0YEJeF0qQvbXU3gw6kNOx4,I'd Rather It Was You,Letters Never Sent,6fNCRWqP21xUZwzBJ0kZx5,['Carly Simon'],['4FtSnMlCVxCswABUmdhwpm'],14,1,False,0.606,0.521,1,-7.8870000000000005,1,0.0285,0.17,0.000547,0.0674,0.175,135.71200000000002,342453,4.0,1994,1994-08-26
3YO1qpGpZ4NezuD25qtwgH,"Breathe Freely, Act I: Breathe Freely, Act I: I. Hello? Ritchie? Doctor Ritchie, Are You There?",Wagstaff: Breathe Freely,3hk97iCoHuR1VkOIVdsfNa,"['Julian Wagstaff', 'Breathe Freely Ensemble', 'Derek Clark']","['4QfWVfJba5Y18xytJ7RKNh', '2vUXa8MKGGXYhnkPLwu5aJ', '6TIIqS0jkKfZWHPSkbgDlX']",1,1,False,0.24600000000000002,0.0976,4,-17.812,0,0.0374,0.977,0.000319,0.318,0.0658,75.821,201195,4.0,2015,2015-10-16
0LfpAfSupAhTkz9JTdW0e0,"Breathe Freely, Act I: Breathe Freely, Act I: II. Kendall, How Do You Do?",Wagstaff: Breathe Freely,3hk97iCoHuR1VkOIVdsfNa,"['Julian Wagstaff', 'Breathe Freely Ensemble', 'Derek Clark']","['4QfWVfJba5Y18xytJ7RKNh', '2vUXa8MKGGXYhnkPLwu5aJ', '6TIIqS0jkKfZWHPSkbgDlX']",2,1,False,0.40299999999999997,0.168,7,-14.992,1,0.0516,0.9620000000000001,0.0,0.139,0.267,70.73899999999998,63297,4.0,2015,2015-10-16
2LCf4JNHMvMVMm1wJ6XMHl,"Breathe Freely, Act I: Breathe Freely, Act I: III. You Know, I Am Certain, How My Mother Country Suffers",Wagstaff: Breathe Freely,3hk97iCoHuR1VkOIVdsfNa,"['Julian Wagstaff', 'Breathe Freely Ensemble', 'Derek Clark']","['4QfWVfJba5Y18xytJ7RKNh', '2vUXa8MKGGXYhnkPLwu5aJ', '6TIIqS0jkKfZWHPSkbgDlX']",3,1,False,0.34299999999999997,0.276,8,-12.097000000000001,0,0.0332,0.975,9.89e-05,0.129,0.299,86.307,91388,3.0,2015,2015-10-16
07sI2SrlScThXMbKy86aqc,"Breathe Freely, Act I: Breathe Freely, Act I: IV. In Scotland There Is Hope",Wagstaff: Breathe Freely,3hk97iCoHuR1VkOIVdsfNa,"['Julian Wagstaff', 'Breathe Freely Ensemble', 'Derek Clark']","['4QfWVfJba5Y18xytJ7RKNh', '2vUXa8MKGGXYhnkPLwu5aJ', '6TIIqS0jkKfZWHPSkbgDlX']",4,1,False,0.332,0.243,5,-14.127,1,0.035,0.976,0.0,0.23600000000000002,0.317,97.223,151973,4.0,2015,2015-10-16
2NbIurC86iMvGgoPiMZlKH,"Breathe Freely, Act I: Breathe Freely, Act I: V. Cometh the Woman",Wagstaff: Breathe Freely,3hk97iCoHuR1VkOIVdsfNa,"['Julian Wagstaff', 'Breathe Freely Ensemble', 'Derek Clark']","['4QfWVfJba5Y18xytJ7RKNh', '2vUXa8MKGGXYhnkPLwu5aJ', '6TIIqS0jkKfZWHPSkbgDlX']",5,1,False,0.371,0.174,7,-16.652,0,0.0405,0.965,0.0,0.42100000000000004,0.37,88.13,142477,3.0,2015,2015-10-16
1yWz54CRWW9iFeZG0GEcp0,"Breathe Freely, Act I: Breathe Freely, Act I: VI. Der kleine Hund",Wagstaff: Breathe Freely,3hk97iCoHuR1VkOIVdsfNa,"['Julian Wagstaff', 'Breathe Freely Ensemble', 'Derek Clark']","['4QfWVfJba5Y18xytJ7RKNh', '2vUXa8MKGGXYhnkPLwu5aJ', '6TIIqS0jkKfZWHPSkbgDlX']",6,1,False,0.318,0.19699999999999998,2,-16.285,0,0.0583,0.97,0.0,0.111,0.242,177.41400000000004,172965,3.0,2015,2015-10-16
1HxCzwKakI379oEXrsR7RB,"Breathe Freely, Act I: Breathe Freely, Act I: VII. This Analysis Is Exemplary",Wagstaff: Breathe Freely,3hk97iCoHuR1VkOIVdsfNa,"['Julian Wagstaff', 'Breathe Freely Ensemble', 'Derek Clark']","['4QfWVfJba5Y18xytJ7RKNh', '2vUXa8MKGGXYhnkPLwu5aJ', '6TIIqS0jkKfZWHPSkbgDlX']",7,1,False,0.317,0.19399999999999998,4,-15.595999999999998,0,0.0422,0.966,7.209999999999999e-05,0.0966,0.127,149.67700000000005,340618,4.0,2015,2015-10-16
2v0h21ofVOY51wz5BOTT1G,"Breathe Freely, Act II: Breathe Freely, Act II: VIII. The Evening Light",Wagstaff: Breathe Freely,3hk97iCoHuR1VkOIVdsfNa,"['Julian Wagstaff', 'Breathe Freely Ensemble', 'Derek Clark']","['4QfWVfJba5Y18xytJ7RKNh', '2vUXa8MKGGXYhnkPLwu5aJ', '6TIIqS0jkKfZWHPSkbgDlX']",8,1,False,0.29,0.141,0,-15.375,0,0.0492,0.9570000000000001,3.27e-05,0.248,0.166,83.54,300097,3.0,2015,2015-10-16
1pvIARsXPYn422H6uzTvNr,"Breathe Freely, Act II: Breathe Freely, Act II: IX. To Live Is to Regret",Wagstaff: Breathe Freely,3hk97iCoHuR1VkOIVdsfNa,"['Julian Wagstaff', 'Breathe Freely Ensemble', 'Derek Clark']","['4QfWVfJba5Y18xytJ7RKNh', '2vUXa8MKGGXYhnkPLwu5aJ', '6TIIqS0jkKfZWHPSkbgDlX']",9,1,False,0.268,0.154,11,-15.649000000000001,0,0.0326,0.9890000000000001,7.25e-05,0.0946,0.122,133.101,172900,4.0,2015,2015-10-16
0uzTOnkrInwfh2kJ6PB4ku,"Breathe Freely, Act II: Breathe Freely, Act II: X. Doctor Hempel, What Progress?",Wagstaff: Breathe Freely,3hk97iCoHuR1VkOIVdsfNa,"['Julian Wagstaff', 'Breathe Freely Ensemble', 'Derek Clark']","['4QfWVfJba5Y18xytJ7RKNh', '2vUXa8MKGGXYhnkPLwu5aJ', '6TIIqS0jkKfZWHPSkbgDlX']",10,1,False,0.365,0.198,9,-14.157,1,0.0642,0.9740000000000001,0.0,0.366,0.188,76.631,149154,3.0,2015,2015-10-16
2sjMQsmLsxnq6j0sKZscV3,"Breathe Freely, Act II: Breathe Freely, Act II: XI. Breathe Freely",Wagstaff: Breathe Freely,3hk97iCoHuR1VkOIVdsfNa,"['Julian Wagstaff', 'Breathe Freely Ensemble', 'Derek Clark']","['4QfWVfJba5Y18xytJ7RKNh', '2vUXa8MKGGXYhnkPLwu5aJ', '6TIIqS0jkKfZWHPSkbgDlX']",11,1,False,0.324,0.215,7,-14.052999999999999,1,0.0427,0.9740000000000001,9.800000000000001e-06,0.0978,0.0826,82.12700000000002,288547,4.0,2015,2015-10-16
5NCRoyS5GfvYQw52Qd5S68,A Persistent Illusion: A Persistent Illusion: I. —,Wagstaff: Breathe Freely,3hk97iCoHuR1VkOIVdsfNa,"['Julian Wagstaff', 'Breathe Freely Ensemble', 'Derek Clark']","['4QfWVfJba5Y18xytJ7RKNh', '2vUXa8MKGGXYhnkPLwu5aJ', '6TIIqS0jkKfZWHPSkbgDlX']",12,1,False,0.353,0.0569,7,-21.070999999999998,1,0.0344,0.976,0.7959999999999999,0.15,0.0522,82.815,339430,4.0,2015,2015-10-16
5c9agQGjww8wTmEqjYiVga,A Persistent Illusion: A Persistent Illusion: II. —,Wagstaff: Breathe Freely,3hk97iCoHuR1VkOIVdsfNa,"['Julian Wagstaff', 'Breathe Freely Ensemble', 'Derek Clark']","['4QfWVfJba5Y18xytJ7RKNh', '2vUXa8MKGGXYhnkPLwu5aJ', '6TIIqS0jkKfZWHPSkbgDlX']",13,1,False,0.147,0.00426,0,-25.77,1,0.048,0.972,0.679,0.0787,0.0354,140.249,285858,3.0,2015,2015-10-16
3vwITwDG2G46hbN6PYfjZC,A Persistent Illusion: A Persistent Illusion: III. —,Wagstaff: Breathe Freely,3hk97iCoHuR1VkOIVdsfNa,"['Julian Wagstaff', 'Breathe Freely Ensemble', 'Derek Clark']","['4QfWVfJba5Y18xytJ7RKNh', '2vUXa8MKGGXYhnkPLwu5aJ', '6TIIqS0jkKfZWHPSkbgDlX']",14,1,False,0.314,0.0562,0,-17.732,1,0.0407,0.9640000000000001,0.614,0.0862,0.16899999999999998,88.5,525258,4.0,2015,2015-10-16
22GuCaAHoslE4D45PgQ7NJ,Sanity,117 Whatever Street,6jC3yWmibP6utcGJjq3SRo,['Persei'],['7eXbeiFIaJjTAOrFLfRyA7'],1,1,False,0.371,0.8290000000000001,6,-6.585,1,0.052000000000000005,0.000466,0.0,0.273,0.528,170.16,139541,4.0,2018,2018-01-05
2GdlsNX0F1CWe8AhIhXBi4,Mess,117 Whatever Street,6jC3yWmibP6utcGJjq3SRo,['Persei'],['7eXbeiFIaJjTAOrFLfRyA7'],2,1,False,0.435,0.843,0,-6.247000000000001,0,0.0534,0.0459,0.0,0.0873,0.32899999999999996,150.04,277293,3.0,2018,2018-01-05
3BF4N9upYgbqu01JRYscPb,Palms,117 Whatever Street,6jC3yWmibP6utcGJjq3SRo,['Persei'],['7eXbeiFIaJjTAOrFLfRyA7'],3,1,True,0.48100000000000004,0.8370000000000001,8,-5.125,1,0.0539,0.0256,0.0,0.13699999999999998,0.35200000000000004,144.935,224792,4.0,2018,2018-01-05
5JCMSxVH70bmHL1QThe4Av,Crosshairs,117 Whatever Street,6jC3yWmibP6utcGJjq3SRo,['Persei'],['7eXbeiFIaJjTAOrFLfRyA7'],4,1,False,0.355,0.4270000000000001,1,-7.306,1,0.0317,0.0975,0.0,0.0915,0.196,106.79299999999999,246015,4.0,2018,2018-01-05
1GD3eJp9L38Xv3Ho2TucKB,Ram Ranch 122,Ram Ranch 122,4ffdd3AbbhguAFu0aoHYjd,['Grant Macdonald'],['2QoTOACSu8KOcy3YeyDLtN'],1,1,True,0.263,0.953,9,-2.637,0,0.209,0.266,0.000197,0.315,0.24,120.64299999999999,390137,4.0,2019,2019-04-07
3l3Tr9oEKe2JFoPIzcxHAN,Everything Works If You Let It,Covered in Gold,51g5nFUOh64aoeI34awnN9,"[""Enuff Z'Nuff""]",['2Y36dqR145FjTKUjibEcjO'],1,1,False,0.245,0.884,1,-7.5539999999999985,1,0.0924,0.000766,9.719999999999999e-05,0.29600000000000004,0.2,146.608,194933,4.0,2014,2014-08-19
6O51iyRbRn8JR4gbWwDP6e,Stone Cold Crazy,Covered in Gold,51g5nFUOh64aoeI34awnN9,"[""Enuff Z'Nuff""]",['2Y36dqR145FjTKUjibEcjO'],2,1,False,0.408,0.805,10,-9.078,0,0.0872,0.000263,9.429999999999999e-05,0.0731,0.7559999999999999,114.579,152013,4.0,2014,2014-08-19
4yPqrjHD1YyftK6fLVCPaE,She Sells Sanctuary,Covered in Gold,51g5nFUOh64aoeI34awnN9,"[""Enuff Z'Nuff""]",['2Y36dqR145FjTKUjibEcjO'],3,1,False,0.433,0.8440000000000001,7,-5.737,1,0.0388,0.00707,0.000504,0.27899999999999997,0.41100000000000003,134.987,228987,4.0,2014,2014-08-19
1GOkbZ1cRQthEBGC3a6DIT,All Apologies,Covered in Gold,51g5nFUOh64aoeI34awnN9,"[""Enuff Z'Nuff""]",['2Y36dqR145FjTKUjibEcjO'],4,1,False,0.557,0.431,2,-9.591000000000001,1,0.0297,0.000538,0.0765,0.099,0.0565,110.139,188907,4.0,2014,2014-08-19
1V8F6LRSHXB36mlBXF2N0m,Believe It or Not,Covered in Gold,51g5nFUOh64aoeI34awnN9,"[""Enuff Z'Nuff""]",['2Y36dqR145FjTKUjibEcjO'],5,1,False,0.47700000000000004,0.715,8,-7.617000000000001,1,0.0619,0.044000000000000004,2.62e-06,0.0696,0.599,116.05,209267,4.0,2014,2014-08-19
4tFwsOKA45EpUZbKITW6Rq,The Jean Genie,Covered in Gold,51g5nFUOh64aoeI34awnN9,"[""Enuff Z'Nuff""]",['2Y36dqR145FjTKUjibEcjO'],6,1,False,0.44799999999999995,0.924,10,-4.295,1,0.083,0.000356,0.0154,0.385,0.733,127.76,255693,4.0,2014,2014-08-19
2F40Fe0Wxzo3OIuDKbLfb5,Run for Your Life,Covered in Gold,51g5nFUOh64aoeI34awnN9,"[""Enuff Z'Nuff""]",['2Y36dqR145FjTKUjibEcjO'],7,1,False,0.413,0.945,11,-6.53,0,0.0664,0.000321,3.4e-05,0.259,0.816,164.023,161867,4.0,2014,2014-08-19
2eWqivaYZ3FqGu9uaHtfD3,When Doves Cry,Covered in Gold,51g5nFUOh64aoeI34awnN9,"[""Enuff Z'Nuff""]",['2Y36dqR145FjTKUjibEcjO'],8,1,False,0.47200000000000003,0.807,7,-7.626,1,0.0443,6.19e-05,0.0013,0.0717,0.335,126.03200000000001,281573,4.0,2014,2014-08-19
1i9fzFmcz2Bh7q3Z0Sow6a,Tears of a Clown,Covered in Gold,51g5nFUOh64aoeI34awnN9,"[""Enuff Z'Nuff""]",['2Y36dqR145FjTKUjibEcjO'],9,1,False,0.355,0.8320000000000001,2,-6.24,1,0.0367,0.000265,5.56e-06,0.306,0.434,111.85600000000001,240693,4.0,2014,2014-08-19
4o6nUnnOP19OLxVolCW8A3,The Stroke,Covered in Gold,51g5nFUOh64aoeI34awnN9,"[""Enuff Z'Nuff""]",['2Y36dqR145FjTKUjibEcjO'],10,1,False,0.618,0.618,0,-5.115,0,0.033,0.0015,8.23e-06,0.0598,0.862,90.02799999999998,210173,4.0,2014,2014-08-19
03RqwxYC3I8avh02kNjeUF,Yankee Rose,Covered in Gold,51g5nFUOh64aoeI34awnN9,"[""Enuff Z'Nuff""]",['2Y36dqR145FjTKUjibEcjO'],11,1,False,0.461,0.789,2,-6.303,0,0.04,0.000472,0.00337,0.0973,0.381,131.984,263347,4.0,2014,2014-08-19
0qvKgNrG1NGD2gfmWPlY6a,Jealous Guy,Covered in Gold,51g5nFUOh64aoeI34awnN9,"[""Enuff Z'Nuff""]",['2Y36dqR145FjTKUjibEcjO'],12,1,False,0.47700000000000004,0.672,6,-6.8660000000000005,1,0.0276,0.00101,0.0007740000000000001,0.132,0.305,139.963,247400,4.0,2014,2014-08-19
5EIh93rTBr6Ew3CyvwY0ud,Bonus: You've Got to Hide Your Love Away (Live on Howard Stern),Covered in Gold,51g5nFUOh64aoeI34awnN9,"[""Enuff Z'Nuff""]",['2Y36dqR145FjTKUjibEcjO'],13,1,False,0.38299999999999995,0.54,6,-8.145,1,0.0347,0.0932,0.0,0.32799999999999996,0.861,94.555,145600,3.0,2014,2014-08-19
6qCHq2EmsQeCKDlQjOZPcI,Bonus: New Thing (Live Unplugged in London),Covered in Gold,51g5nFUOh64aoeI34awnN9,"[""Enuff Z'Nuff""]",['2Y36dqR145FjTKUjibEcjO'],14,1,False,0.413,0.419,2,-13.682,1,0.0315,0.0296,0.0917,0.975,0.38299999999999995,78.723,206680,4.0,2014,2014-08-19
5cHqpNFfw0uUeILoBT5fu8,Unconscious,Eat The Rich (Special Edition),0jmOVXOFNsq33GqAD5qo4T,"['State of Mind', 'Black Sun Empire']","['6Piel9jEbV4Qb18Yw1B2dI', '3PAXvY08KxX5HmCsmKw4x8']",1,1,False,0.532,0.963,1,-1.4080000000000001,1,0.131,4.8100000000000004e-05,0.68,0.085,0.0852,174.013,292107,4.0,2014,2014-12-08
72ngcOqdCyxcib8pCIPJGH,Ghosts,Eat The Rich (Special Edition),0jmOVXOFNsq33GqAD5qo4T,['State of Mind'],['6Piel9jEbV4Qb18Yw1B2dI'],2,1,False,0.452,0.9890000000000001,11,-1.949,0,0.43799999999999994,0.017,0.00835,0.151,0.24100000000000002,174.074,356483,4.0,2014,2014-12-08
1edql13F11FZjy5EnACzh2,U Control Me,Eat The Rich (Special Edition),0jmOVXOFNsq33GqAD5qo4T,['State of Mind'],['6Piel9jEbV4Qb18Yw1B2dI'],3,1,False,0.515,0.93,1,-2.12,0,0.0721,0.000455,0.862,0.66,0.23199999999999998,174.033,272345,4.0,2014,2014-12-08
6z4qdTCnefeziIiHPJjIxy,Mr. Cover Up,Eat The Rich (Special Edition),0jmOVXOFNsq33GqAD5qo4T,"['State of Mind', 'Perceive']","['6Piel9jEbV4Qb18Yw1B2dI', '4VcrBX2DxFq49NZWnaHK9q']",4,1,False,0.5760000000000001,0.95,5,-1.389,1,0.0781,0.00147,0.00409,0.314,0.46,173.99900000000005,361674,4.0,2014,2014-12-08
42wkKaxkAMfVh6EQLSYrj2,Danse Macabre,Eat The Rich (Special Edition),0jmOVXOFNsq33GqAD5qo4T,['State of Mind'],['6Piel9jEbV4Qb18Yw1B2dI'],5,1,False,0.23800000000000002,0.975,5,-2.844,0,0.11800000000000001,0.000241,0.826,0.136,0.183,173.898,321557,4.0,2014,2014-12-08
3dCvxRyYxf4a9QLOGMFom0,Bigger Faster Stronger,Eat The Rich (Special Edition),0jmOVXOFNsq33GqAD5qo4T,['State of Mind'],['6Piel9jEbV4Qb18Yw1B2dI'],6,1,False,0.526,0.9540000000000001,6,-2.819,1,0.0848,0.00035,0.7140000000000001,0.091,0.604,175.03900000000004,311314,4.0,2014,2014-12-08
3Y1NtmQb5V70MZAiEb8HMs,Black Raven,Eat The Rich (Special Edition),0jmOVXOFNsq33GqAD5qo4T,['State of Mind'],['6Piel9jEbV4Qb18Yw1B2dI'],7,1,False,0.433,0.972,7,-1.75,1,0.0763,0.00146,0.451,0.233,0.435,173.97,214428,4.0,2014,2014-12-08
6W5pr1SN3oJZFnkQmJc2zC,No-Operative,Eat The Rich (Special Edition),0jmOVXOFNsq33GqAD5qo4T,['State of Mind'],['6Piel9jEbV4Qb18Yw1B2dI'],8,1,False,0.46,0.978,8,-1.7790000000000001,1,0.10099999999999999,0.000327,0.879,0.301,0.20800000000000002,174.015,329795,4.0,2014,2014-12-08
4UL5cHATZClpUWZ5h6Mxvo,Where You At,Eat The Rich (Special Edition),0jmOVXOFNsq33GqAD5qo4T,['State of Mind'],['6Piel9jEbV4Qb18Yw1B2dI'],9,1,False,0.5710000000000001,0.9570000000000001,8,-1.419,1,0.075,0.00011899999999999999,0.8390000000000001,0.129,0.312,173.983,294084,4.0,2014,2014-12-08
0u9YZoCMBL1yD16pJ0jq1D,Rain Maker,Eat The Rich (Special Edition),0jmOVXOFNsq33GqAD5qo4T,['State of Mind'],['6Piel9jEbV4Qb18Yw1B2dI'],10,1,False,0.479,0.914,5,-1.776,1,0.0441,0.000321,0.895,0.611,0.166,174.00900000000001,279246,4.0,2014,2014-12-08
4v3wnNQ3dgfFg2uEM3oHqI,Long Time Dead,Eat The Rich (Special Edition),0jmOVXOFNsq33GqAD5qo4T,['State of Mind'],['6Piel9jEbV4Qb18Yw1B2dI'],11,1,False,0.568,0.985,7,-1.213,1,0.191,0.00115,0.00031,0.223,0.266,174.03799999999995,316281,4.0,2014,2014-12-08
1btNBgKU0yg9OF1tYcU4Tk,Response Signal,Eat The Rich (Special Edition),0jmOVXOFNsq33GqAD5qo4T,['State of Mind'],['6Piel9jEbV4Qb18Yw1B2dI'],12,1,False,0.516,0.9540000000000001,7,-3.033,0,0.0729,9.89e-05,0.782,0.21,0.0882,174.08700000000005,309153,4.0,2014,2014-12-08
4EFCjoYQJK8eHLrkbWbDLA,Put it On,Eat The Rich (Special Edition),0jmOVXOFNsq33GqAD5qo4T,"['State of Mind', 'Nymfo']","['6Piel9jEbV4Qb18Yw1B2dI', '2Pdhwac5oHsY95PeUq6VBS']",13,1,False,0.48200000000000004,0.9940000000000001,1,-2.496,1,0.307,0.0007469999999999999,0.866,0.955,0.317,174.00400000000005,333720,4.0,2014,2014-12-08
2HuThpgcMM5ueLu8Y3MKYZ,Fast Life,Eat The Rich (Special Edition),0jmOVXOFNsq33GqAD5qo4T,['State of Mind'],['6Piel9jEbV4Qb18Yw1B2dI'],14,1,False,0.313,0.992,8,-2.5340000000000003,0,0.0668,5.820000000000001e-05,0.865,0.855,0.121,107.38,313274,5.0,2014,2014-12-08
6JqYUOjv9tuIS4HBYvOnRM,Helios,Eat The Rich (Special Edition),0jmOVXOFNsq33GqAD5qo4T,['State of Mind'],['6Piel9jEbV4Qb18Yw1B2dI'],15,1,False,0.514,0.809,7,-3.697,1,0.0641,0.00018,0.73,0.23800000000000002,0.17,172.084,324101,4.0,2014,2014-12-08
7rvjSRJMPOX7K1Lzz0u5Xx,No-Operative - Audio Remix,Eat The Rich (Special Edition),0jmOVXOFNsq33GqAD5qo4T,"['State of Mind', 'Audio']","['6Piel9jEbV4Qb18Yw1B2dI', '1zErXDrChp7heWGAjO00Xl']",16,1,False,0.243,0.93,7,-4.263,1,0.0957,0.00026000000000000003,0.9209999999999999,0.575,0.0831,174.077,353103,4.0,2014,2014-12-08
6DLIQOKTZ2Myg0osnpiEjz,Bigger Faster Stronger - State Of Mind Remix,Eat The Rich (Special Edition),0jmOVXOFNsq33GqAD5qo4T,['State of Mind'],['6Piel9jEbV4Qb18Yw1B2dI'],17,1,False,0.627,0.94,6,-1.999,1,0.348,0.000492,0.0808,0.48100000000000004,0.573,175.00599999999997,287456,4.0,2014,2014-12-08
1oFctbMUNDamlHwPXLwUFf,Where You At - Telekinesis Remix,Eat The Rich (Special Edition),0jmOVXOFNsq33GqAD5qo4T,"['State of Mind', 'Telekinesis']","['6Piel9jEbV4Qb18Yw1B2dI', '6RR7oYLi2CX1FKG8XdU9W4']",18,1,False,0.625,0.961,1,-2.903,1,0.139,0.0159,0.833,0.153,0.124,174.003,275869,4.0,2014,2014-12-08
1uKOizC6IClm7tCX82nTXf,Put It On - Annix Remix,Eat The Rich (Special Edition),0jmOVXOFNsq33GqAD5qo4T,"['State of Mind', 'Nymfo', 'Annix']","['6Piel9jEbV4Qb18Yw1B2dI', '2Pdhwac5oHsY95PeUq6VBS', '0llNeW8Q52i2sxV7DsFASR']",19,1,False,0.66,0.88,9,-2.517,1,0.17300000000000001,0.0188,0.44799999999999995,0.324,0.308,173.067,300780,4.0,2014,2014-12-08
2eOA0A2ISDjFkPpFxcJBZd,Unconscious - Segment & Concept Vision Remix,Eat The Rich (Special Edition),0jmOVXOFNsq33GqAD5qo4T,"['State of Mind', 'Concept Vision', 'Segment']","['6Piel9jEbV4Qb18Yw1B2dI', '01GxIzMl1MNjBB8stHRTF3', '6ALicwAFndXnkI0T4BBt1m']",20,1,False,0.596,0.905,1,-3.477,1,0.073,0.00101,0.516,0.134,0.19899999999999998,173.983,303463,4.0,2014,2014-12-08
4qyeqlrnn9zyqzEFtUVPIi,Ghosts - Optiv & BTK Remix,Eat The Rich (Special Edition),0jmOVXOFNsq33GqAD5qo4T,"['State of Mind', 'BTK', 'Optiv']","['6Piel9jEbV4Qb18Yw1B2dI', '5DAUnt6HfjopWIIHuJhnYe', '1Vdk9S1mbO9mlyFE5N3Fkd']",21,1,False,0.723,0.963,11,-3.2539999999999996,0,0.221,0.0016600000000000002,0.0437,0.153,0.147,174.04,353103,4.0,2014,2014-12-08
4vbmb8XvEDBkVT7arcOIKE,Long Time Dead - Maztek Remix,Eat The Rich (Special Edition),0jmOVXOFNsq33GqAD5qo4T,"['State of Mind', 'Maztek']","['6Piel9jEbV4Qb18Yw1B2dI', '6BaDrywiVJp8iR7XkCXDao']",22,1,False,0.5379999999999999,0.971,1,-1.574,1,0.113,9.620000000000001e-05,0.115,0.235,0.509,174.019,323250,4.0,2014,2014-12-08
1fPruC4M9Ae4J39thNDsY1,Mr.Cover Up - Neonlight Remix,Eat The Rich (Special Edition),0jmOVXOFNsq33GqAD5qo4T,"['State of Mind', 'Percieve', 'Neonlight']","['6Piel9jEbV4Qb18Yw1B2dI', '72fKSUa17xn4QZd6VY6tv2', '1dDzlLlakr2JyoK4EtRv5L']",23,1,False,0.508,0.963,7,-4.621,1,0.424,0.0013800000000000002,0.008320000000000001,0.62,0.326,174.07,278621,4.0,2014,2014-12-08
2xeHpF0kzdBecB1zZ3N6YI,Theorem,Designed Obsolescence,36NrYCvgc2eIWGnjpAITx8,['Continuum'],['0FkbpdrNHnkKeaksNI9npe'],1,1,False,0.312,0.875,4,-4.67,1,0.0928,0.000628,0.8190000000000001,0.18,0.287,114.46600000000001,252076,4.0,2019,2019-02-22
1Eo94UfTboXEiWCNpvHsP9,Release from Flesh and Blood,Designed Obsolescence,36NrYCvgc2eIWGnjpAITx8,['Continuum'],['0FkbpdrNHnkKeaksNI9npe'],2,1,False,0.568,0.9,7,-5.265,1,0.087,0.00199,0.805,0.201,0.261,111.523,233800,4.0,2019,2019-02-22
3WzZ4Hmb7EQLee1sgKac93,A History Denied,Designed Obsolescence,36NrYCvgc2eIWGnjpAITx8,['Continuum'],['0FkbpdrNHnkKeaksNI9npe'],3,1,False,0.455,0.888,3,-4.755,1,0.0942,0.00109,0.8759999999999999,0.0978,0.248,110.006,245117,4.0,2019,2019-02-22
6OrM4yykXSl8S8yU550Dva,Designed Obsolescence,Designed Obsolescence,36NrYCvgc2eIWGnjpAITx8,['Continuum'],['0FkbpdrNHnkKeaksNI9npe'],4,1,False,0.434,0.9440000000000001,8,-4.552,1,0.115,0.00015800000000000002,0.907,0.336,0.327,107.505,182221,3.0,2019,2019-02-22
1YH6PutZyQQsf9Dak5u09y,All Manner of Decay,Designed Obsolescence,36NrYCvgc2eIWGnjpAITx8,['Continuum'],['0FkbpdrNHnkKeaksNI9npe'],5,1,False,0.369,0.907,11,-4.657,0,0.14,0.0015400000000000001,0.84,0.141,0.35700000000000004,102.5,224602,4.0,2019,2019-02-22
6Z4VoRT0SX5Das6X1zmKzn,Autonomic,Designed Obsolescence,36NrYCvgc2eIWGnjpAITx8,['Continuum'],['0FkbpdrNHnkKeaksNI9npe'],6,1,False,0.262,0.917,9,-4.452,1,0.0956,0.000197,0.9059999999999999,0.322,0.22,104.991,197067,4.0,2019,2019-02-22
3sgxkkPGqFIVXLmzsRgtER,Into the Void,Designed Obsolescence,36NrYCvgc2eIWGnjpAITx8,['Continuum'],['0FkbpdrNHnkKeaksNI9npe'],7,1,False,0.29,0.92,0,-4.461,0,0.0607,8.340000000000001e-05,0.84,0.27,0.23199999999999998,109.53,245539,4.0,2019,2019-02-22
4ZwRtJSucjLGCAVnBME0Vj,Remnants of Ascension,Designed Obsolescence,36NrYCvgc2eIWGnjpAITx8,['Continuum'],['0FkbpdrNHnkKeaksNI9npe'],8,1,False,0.26,0.8270000000000001,10,-4.852,1,0.0741,7.01e-05,0.9079999999999999,0.212,0.10099999999999999,110.215,127643,4.0,2019,2019-02-22
7tyVZaGWMVU00slNfvPuFZ,Repeating Actions,Designed Obsolescence,36NrYCvgc2eIWGnjpAITx8,['Continuum'],['0FkbpdrNHnkKeaksNI9npe'],9,1,False,0.309,0.9470000000000001,6,-4.373,0,0.115,0.0005059999999999999,0.8809999999999999,0.15,0.222,110.67200000000001,215062,4.0,2019,2019-02-22
26AAYh1PwC4sPF7COMgRmr,Molly And Tenbrook,Earliest Recordings - The Complete Rich-r-tone 78's,0j0yXKdHLfOzI6qpyn4ByN,['The Stanley Brothers'],['0qqGnmHBX2yVvCITRAvuRD'],1,1,False,0.485,0.4,0,-12.844000000000001,1,0.0413,0.907,0.0582,0.335,0.895,170.977,143333,4.0,1997,1997-07-15
3vlh29OsQ4dHBQEpAqGBb2,The Rambler's Blues,Earliest Recordings - The Complete Rich-r-tone 78's,0j0yXKdHLfOzI6qpyn4ByN,['The Stanley Brothers'],['0qqGnmHBX2yVvCITRAvuRD'],2,1,False,0.7070000000000001,0.366,8,-13.046,1,0.0359,0.9570000000000001,0.151,0.102,0.8029999999999999,108.926,164560,3.0,1997,1997-07-15
2EHAlLKr7vhMSPaxt8zMnd,Mother No Longer Awaits Me At Home,Earliest Recordings - The Complete Rich-r-tone 78's,0j0yXKdHLfOzI6qpyn4ByN,['The Stanley Brothers'],['0qqGnmHBX2yVvCITRAvuRD'],3,1,False,0.557,0.299,7,-17.172,1,0.0352,0.98,0.5,0.221,0.38299999999999995,74.998,160533,4.0,1997,1997-07-15
4FvfH0aPbOJAIQ988Nyys8,The Girl Behind The Bar,Earliest Recordings - The Complete Rich-r-tone 78's,0j0yXKdHLfOzI6qpyn4ByN,['The Stanley Brothers'],['0qqGnmHBX2yVvCITRAvuRD'],4,1,False,0.52,0.28600000000000003,2,-17.546,1,0.0344,0.985,0.875,0.239,0.5820000000000001,124.988,134267,4.0,1997,1997-07-15
4iv4iM9ywGIymY3gWhyB5R,Little Maggie,Earliest Recordings - The Complete Rich-r-tone 78's,0j0yXKdHLfOzI6qpyn4ByN,['The Stanley Brothers'],['0qqGnmHBX2yVvCITRAvuRD'],5,1,False,0.573,0.341,7,-14.673,1,0.0356,0.97,0.9570000000000001,0.191,0.855,129.92,136627,4.0,1997,1997-07-15
5Z10g4otkImcLCHNW2qSBg,The Little Glass Of Wine,Earliest Recordings - The Complete Rich-r-tone 78's,0j0yXKdHLfOzI6qpyn4ByN,['The Stanley Brothers'],['0qqGnmHBX2yVvCITRAvuRD'],6,1,False,0.5770000000000001,0.292,2,-15.33,1,0.0334,0.985,0.888,0.218,0.535,123.095,185067,4.0,1997,1997-07-15
1MzGKgPIR4rw1RHsMUaIXq,Our Darling's Gone,Earliest Recordings - The Complete Rich-r-tone 78's,0j0yXKdHLfOzI6qpyn4ByN,['The Stanley Brothers'],['0qqGnmHBX2yVvCITRAvuRD'],7,1,False,0.62,0.175,5,-17.865,1,0.0354,0.9890000000000001,0.825,0.125,0.397,118.4,130333,4.0,1997,1997-07-15
6QpCwL8BWSyogAixoqAPIF,The Jealous Lover,Earliest Recordings - The Complete Rich-r-tone 78's,0j0yXKdHLfOzI6qpyn4ByN,['The Stanley Brothers'],['0qqGnmHBX2yVvCITRAvuRD'],8,1,False,0.529,0.156,5,-18.861,1,0.0358,0.99,0.638,0.13,0.532,74.145,130773,4.0,1997,1997-07-15
61dsT9DM6Ro8MN7CozjF9K,I Can Tell You The Time,Earliest Recordings - The Complete Rich-r-tone 78's,0j0yXKdHLfOzI6qpyn4ByN,['The Stanley Brothers'],['0qqGnmHBX2yVvCITRAvuRD'],9,1,False,0.7190000000000001,0.245,3,-17.509,1,0.0544,0.99,0.93,0.158,0.715,114.615,126933,4.0,1997,1997-07-15
5l3Jj3RN7NaflJklyrzPtz,Little Birdie,Earliest Recordings - The Complete Rich-r-tone 78's,0j0yXKdHLfOzI6qpyn4ByN,['The Stanley Brothers'],['0qqGnmHBX2yVvCITRAvuRD'],10,1,False,0.39799999999999996,0.32899999999999996,7,-13.33,1,0.0367,0.968,0.93,0.115,0.805,82.919,115093,4.0,1997,1997-07-15
26VAQU3rO6tvXEdF02jGWi,Little Glass Of Wine - Alternate Version,Earliest Recordings - The Complete Rich-r-tone 78's,0j0yXKdHLfOzI6qpyn4ByN,['The Stanley Brothers'],['0qqGnmHBX2yVvCITRAvuRD'],11,1,False,0.664,0.42,11,-12.727,1,0.0338,0.991,0.8809999999999999,0.203,0.738,112.54299999999999,173600,4.0,1997,1997-07-15
7KPuAqHxuljjetGaVVk23f,Death Is Only A Dream,Earliest Recordings - The Complete Rich-r-tone 78's,0j0yXKdHLfOzI6qpyn4ByN,['The Stanley Brothers'],['0qqGnmHBX2yVvCITRAvuRD'],12,1,False,0.537,0.204,8,-16.023,1,0.0409,0.9790000000000001,0.131,0.16899999999999998,0.433,72.44800000000002,139200,4.0,1997,1997-07-15
6x0GUU1UHpDWy69dxZAJOn,Little Girl And The Dreadful Snake,Earliest Recordings - The Complete Rich-r-tone 78's,0j0yXKdHLfOzI6qpyn4ByN,['The Stanley Brothers'],['0qqGnmHBX2yVvCITRAvuRD'],13,1,False,0.6729999999999999,0.233,0,-12.967,1,0.0439,0.991,0.897,0.141,0.522,106.93299999999999,182467,4.0,1997,1997-07-15
53iZszpJCXiHWKZggJWoE5,Are You Waiting Just For Me?,Earliest Recordings - The Complete Rich-r-tone 78's,0j0yXKdHLfOzI6qpyn4ByN,['The Stanley Brothers'],['0qqGnmHBX2yVvCITRAvuRD'],14,1,False,0.611,0.381,7,-14.78,1,0.0329,0.981,0.912,0.235,0.912,131.596,135667,4.0,1997,1997-07-15
4q6rZVsOAxnWfgSetEt9f4,Excellent Choice,Excellent Choice,7s5hOJcVKD4QnltRTPwuYu,['Stephen Walking'],['0FvgCHaMG7KL6M83yJuhmL'],1,1,False,0.426,0.9670000000000001,4,-4.941,1,0.134,0.000233,0.9,0.0924,0.126,157.364,217091,5.0,2014,2014-04-30
79uC9Qh9C2rsyi5tR78Yru,Devadatta (Intro),The Triolithic,2f2krICVLTnAEbjrxnzSog,['Dominic J Marshall'],['6m4qwDRKong4gGwvGtgFEZ'],1,1,False,0.524,0.843,7,-12.582,0,0.084,0.0127,0.667,0.132,0.59,114.32600000000001,50040,5.0,2016,2016-09-09
7wx1k1PZ379q7gN6q0b1dm,Leaves' Dance,The Triolithic,2f2krICVLTnAEbjrxnzSog,['Dominic J Marshall'],['6m4qwDRKong4gGwvGtgFEZ'],2,1,False,0.452,0.6709999999999999,7,-9.247,0,0.0358,0.337,0.773,0.174,0.231,109.04,356640,3.0,2016,2016-09-09
3wG0I0zDuMDCTSCuNcn5Fm,White Nights,The Triolithic,2f2krICVLTnAEbjrxnzSog,['Dominic J Marshall'],['6m4qwDRKong4gGwvGtgFEZ'],3,1,False,0.36,0.655,4,-9.963,0,0.0335,0.175,0.389,0.13699999999999998,0.163,97.492,306333,1.0,2016,2016-09-09
6FH7sHECdU9RGBQG2onerY,Free Palestine,The Triolithic,2f2krICVLTnAEbjrxnzSog,['Dominic J Marshall'],['6m4qwDRKong4gGwvGtgFEZ'],4,1,False,0.44799999999999995,0.45799999999999996,3,-12.547,0,0.0361,0.64,0.608,0.40399999999999997,0.11,92.41799999999999,307800,4.0,2016,2016-09-09
3EECcN86ZLPmktQfL6Hce7,Elephant Man,The Triolithic,2f2krICVLTnAEbjrxnzSog,['Dominic J Marshall'],['6m4qwDRKong4gGwvGtgFEZ'],5,1,False,0.382,0.5429999999999999,5,-9.919,0,0.0274,0.147,0.836,0.321,0.44799999999999995,95.397,329640,4.0,2016,2016-09-09
6gFqP5QaqifES301ZTIIIx,Ptah's Vibration,The Triolithic,2f2krICVLTnAEbjrxnzSog,['Dominic J Marshall'],['6m4qwDRKong4gGwvGtgFEZ'],6,1,False,0.425,0.555,11,-10.333,0,0.0357,0.191,0.904,0.11699999999999999,0.182,90.954,433160,4.0,2016,2016-09-09
0dcQSVB6DMgM2R01H8OZgs,80 Campbell Road,The Triolithic,2f2krICVLTnAEbjrxnzSog,['Dominic J Marshall'],['6m4qwDRKong4gGwvGtgFEZ'],7,1,False,0.593,0.583,1,-9.385,1,0.0247,0.221,0.932,0.0943,0.317,88.057,388533,4.0,2016,2016-09-09
2AkQiTSWv6amgN5q3KDu6j,Windermere,The Triolithic,2f2krICVLTnAEbjrxnzSog,['Dominic J Marshall'],['6m4qwDRKong4gGwvGtgFEZ'],8,1,False,0.45299999999999996,0.5429999999999999,1,-10.869000000000002,1,0.0313,0.41600000000000004,0.848,0.10800000000000001,0.475,106.25299999999999,344293,4.0,2016,2016-09-09
4LlH5amiqnMwAm2M6aybOG,Family Chronicle,The Triolithic,2f2krICVLTnAEbjrxnzSog,['Dominic J Marshall'],['6m4qwDRKong4gGwvGtgFEZ'],9,1,False,0.486,0.66,8,-7.3260000000000005,0,0.064,0.316,0.8079999999999999,0.281,0.531,96.28,341467,4.0,2016,2016-09-09
1Zvmc0BcW8sPOQscd7dBKA,Deku Tree,The Triolithic,2f2krICVLTnAEbjrxnzSog,['Dominic J Marshall'],['6m4qwDRKong4gGwvGtgFEZ'],10,1,False,0.366,0.364,2,-14.468,1,0.0367,0.455,0.847,0.0553,0.16,88.476,254707,4.0,2016,2016-09-09
6ef8kBJhT9SoK3EJnmQTL8,Fictions,The Triolithic,2f2krICVLTnAEbjrxnzSog,['Dominic J Marshall'],['6m4qwDRKong4gGwvGtgFEZ'],11,1,False,0.301,0.517,6,-12.374,0,0.0391,0.439,0.904,0.142,0.151,82.334,473613,4.0,2016,2016-09-09
2qzK4eXYyVpZaaQnzClfQS,Blue Lotus,The Triolithic,2f2krICVLTnAEbjrxnzSog,['Dominic J Marshall'],['6m4qwDRKong4gGwvGtgFEZ'],12,1,False,0.45799999999999996,0.733,1,-9.058,1,0.0391,0.0703,0.58,0.0971,0.5479999999999999,106.71,476733,4.0,2016,2016-09-09
1YY8yTyuVRymGPyjJRzKFg,Everything I See,COLLIDE,5HLjlJTpDodFSGHLvIYKG3,"['tyDi', 'Christopher Tin', 'Cameron Walker']","['7tOUuyCplrFWLXCZuhE3C4', '60B2BBjn6yEQEl8XLYMZU2', '3mpzaOZBzyObR22hdwJV3G']",1,1,False,0.335,0.541,0,-8.331,1,0.0438,0.0313,0.000529,0.0792,0.0786,120.322,358033,4.0,2018,2018-03-09
3DkvL8c3R2Ua7phXXBaheI,Upside Down,COLLIDE,5HLjlJTpDodFSGHLvIYKG3,"['tyDi', 'Christopher Tin', 'Akazi']","['7tOUuyCplrFWLXCZuhE3C4', '60B2BBjn6yEQEl8XLYMZU2', '78bs52BChNjjKPtHTb7KtU']",2,1,False,0.585,0.599,10,-6.2079999999999975,0,0.0513,0.09,0.0005740000000000001,0.133,0.36,122.98,333659,4.0,2018,2018-03-09
4W0HcgAUL1B4oc7bSUQED4,Closing In,COLLIDE,5HLjlJTpDodFSGHLvIYKG3,"['tyDi', 'Christopher Tin', 'Dia Frampton']","['7tOUuyCplrFWLXCZuhE3C4', '60B2BBjn6yEQEl8XLYMZU2', '3ppkM4QtM781APpaX7H9t7']",3,1,False,0.345,0.593,6,-6.222,1,0.0355,0.0771,0.000151,0.0943,0.18600000000000005,167.942,251429,4.0,2018,2018-03-09
22FLSMq4EDJ7GKuvL3rrlM,Did You Know?,COLLIDE,5HLjlJTpDodFSGHLvIYKG3,"['tyDi', 'Christopher Tin', 'London Thor']","['7tOUuyCplrFWLXCZuhE3C4', '60B2BBjn6yEQEl8XLYMZU2', '7to9vdVy94a46Z14O2MmYr']",4,1,False,0.539,0.848,0,-5.104,1,0.0716,0.0307,0.509,0.122,0.0377,131.049,269313,4.0,2018,2018-03-09
0rg14TcuQsNIumLlzFIxOI,Gold Blooded,COLLIDE,5HLjlJTpDodFSGHLvIYKG3,"['tyDi', 'Christopher Tin', 'Dyson']","['7tOUuyCplrFWLXCZuhE3C4', '60B2BBjn6yEQEl8XLYMZU2', '5LWQLBPNcQrzUtg5imjz67']",5,1,False,0.45,0.524,0,-7.279,0,0.0292,0.32,0.009890000000000001,0.11,0.16699999999999998,159.922,315750,4.0,2018,2018-03-09
3Fiy7ifT4Rws1S0kA5GqsR,Can't Look Away,COLLIDE,5HLjlJTpDodFSGHLvIYKG3,"['tyDi', 'Christopher Tin', 'Olivia Somerlyn']","['7tOUuyCplrFWLXCZuhE3C4', '60B2BBjn6yEQEl8XLYMZU2', '6atFLBFAPCWL0gtI9ckhYK']",6,1,False,0.493,0.617,4,-6.019,0,0.034,0.381,0.001,0.0959,0.0959,96.99600000000001,342835,4.0,2018,2018-03-09
0okaZsCobL3F19wIQcRVwV,Tell Me,COLLIDE,5HLjlJTpDodFSGHLvIYKG3,"['tyDi', 'Christopher Tin', 'Dia Frampton']","['7tOUuyCplrFWLXCZuhE3C4', '60B2BBjn6yEQEl8XLYMZU2', '3ppkM4QtM781APpaX7H9t7']",7,1,False,0.619,0.654,6,-6.902,0,0.052000000000000005,0.23,0.13699999999999998,0.10300000000000001,0.0394,128.001,365859,4.0,2018,2018-03-09
4m4EheMppjgWGuvzeFpKVx,You Don't Love Me,COLLIDE,5HLjlJTpDodFSGHLvIYKG3,"['tyDi', 'Christopher Tin', 'Freesia']","['7tOUuyCplrFWLXCZuhE3C4', '60B2BBjn6yEQEl8XLYMZU2', '6iowCfBNrEEee4duyaXBVL']",8,1,False,0.511,0.603,0,-6.874,0,0.0409,0.151,0.000197,0.235,0.0963,109.965,314727,4.0,2018,2018-03-09
6vUwQ6FnTXavp0spdv8ulD,Losing Sight,COLLIDE,5HLjlJTpDodFSGHLvIYKG3,"['tyDi', 'Christopher Tin']","['7tOUuyCplrFWLXCZuhE3C4', '60B2BBjn6yEQEl8XLYMZU2']",9,1,False,0.225,0.532,7,-9.222000000000001,1,0.0382,0.243,0.919,0.195,0.0387,110.18,206182,4.0,2018,2018-03-09
4qAIL7Ms8EOBBkgWF423l4,Don't Forget Us,COLLIDE,5HLjlJTpDodFSGHLvIYKG3,"['tyDi', 'Christopher Tin', 'Lola Rhodes']","['7tOUuyCplrFWLXCZuhE3C4', '60B2BBjn6yEQEl8XLYMZU2', '6o0VAgvpfBjrUuDWjjQJ4O']",10,1,False,0.583,0.6579999999999999,2,-6.0470000000000015,0,0.0378,0.244,0.16,0.17300000000000001,0.12300000000000001,105.008,311429,4.0,2018,2018-03-09
1YNU43YHB3tdvkaFXCZjHj,Fallen Angel,COLLIDE,5HLjlJTpDodFSGHLvIYKG3,"['tyDi', 'Christopher Tin', 'Coco Jones']","['7tOUuyCplrFWLXCZuhE3C4', '60B2BBjn6yEQEl8XLYMZU2', '4DHLoiIqFYYFjH09WduvFd']",11,1,False,0.49,0.589,7,-5.332000000000002,0,0.0368,0.0462,0.0575,0.124,0.0745,124.021,343790,4.0,2018,2018-03-09
5SrzbFoptS7ngE2jN6tNqc,Alive,COLLIDE,5HLjlJTpDodFSGHLvIYKG3,"['tyDi', 'Christopher Tin']","['7tOUuyCplrFWLXCZuhE3C4', '60B2BBjn6yEQEl8XLYMZU2']",12,1,False,0.3720000000000001,0.722,5,-8.448,1,0.0468,0.00245,0.8009999999999999,0.11,0.0396,159.965,216000,4.0,2018,2018-03-09
3lrcivc4rBLSY9KlzwJyWv,Hypothesis: A Profound Discovery,The Hypothesis,2A65ggPJDHBueuh1ixsLGT,['Continuum'],['0FkbpdrNHnkKeaksNI9npe'],1,1,False,0.33799999999999997,0.97,0,-1.785,1,0.2,0.00010800000000000001,0.7979999999999999,0.0641,0.27699999999999997,112.67399999999999,98507,1.0,2015,2015-04-21
27GkbeZffOXDOpNoBJmUdS,The Epiphany,The Hypothesis,2A65ggPJDHBueuh1ixsLGT,['Continuum'],['0FkbpdrNHnkKeaksNI9npe'],2,1,False,0.272,0.99,6,-1.794,1,0.24,6.24e-06,0.638,0.325,0.191,107.76100000000001,156958,3.0,2015,2015-04-21
5OUhpjpLbog5RWE5bGbLJp,Hypothesis: Evolution,The Hypothesis,2A65ggPJDHBueuh1ixsLGT,['Continuum'],['0FkbpdrNHnkKeaksNI9npe'],3,1,False,0.191,0.98,11,-1.673,1,0.198,2.35e-05,0.561,0.0604,0.207,173.75400000000005,120632,4.0,2015,2015-04-21
06ryxTAxCOFv5rGXw9yneH,Absolute Zero,The Hypothesis,2A65ggPJDHBueuh1ixsLGT,['Continuum'],['0FkbpdrNHnkKeaksNI9npe'],4,1,False,0.261,0.6579999999999999,9,-11.493,1,0.0394,0.988,0.799,0.10099999999999999,0.0569,115.081,52393,4.0,2015,2015-04-21
4HiNWthHxBjOfieZfhE5Lw,The Awakened Creator,The Hypothesis,2A65ggPJDHBueuh1ixsLGT,['Continuum'],['0FkbpdrNHnkKeaksNI9npe'],5,1,False,0.27,0.9540000000000001,1,-1.798,1,0.132,1.3300000000000001e-05,0.867,0.38,0.218,129.042,144945,4.0,2015,2015-04-21
68aDnZpeRsrWfEKwm1C4YT,Wasps in the History of the Weak,The Hypothesis,2A65ggPJDHBueuh1ixsLGT,['Continuum'],['0FkbpdrNHnkKeaksNI9npe'],6,1,False,0.315,0.955,6,-1.646,1,0.16899999999999998,4.7e-05,0.0843,0.26,0.41600000000000004,111.15299999999999,129942,3.0,2015,2015-04-21
2bAQ7o3Jjv16v0g2Q261cr,Perspective,The Hypothesis,2A65ggPJDHBueuh1ixsLGT,['Continuum'],['0FkbpdrNHnkKeaksNI9npe'],7,1,False,0.285,0.9890000000000001,1,-1.7409999999999999,0,0.223,0.000234,0.6859999999999999,0.0936,0.12,107.815,149899,4.0,2015,2015-04-21
6A74F1YHhIviKoY60eKD8R,Where the Worlds Were Left,The Hypothesis,2A65ggPJDHBueuh1ixsLGT,['Continuum'],['0FkbpdrNHnkKeaksNI9npe'],8,1,False,0.354,0.7140000000000001,11,-4.621,0,0.0646,0.015,0.94,0.209,0.0318,119.904,256931,4.0,2015,2015-04-21
3pTB1EaFa9N9mtf5yHVfua,A Surreal Descent,The Hypothesis,2A65ggPJDHBueuh1ixsLGT,['Continuum'],['0FkbpdrNHnkKeaksNI9npe'],9,1,False,0.262,0.9890000000000001,5,-1.643,1,0.217,6.65e-06,0.4970000000000001,0.125,0.0929,110.71600000000001,155501,4.0,2015,2015-04-21
3ZMVWmFLUKta3X50kdLMAj,The Steppes to Ascension,The Hypothesis,2A65ggPJDHBueuh1ixsLGT,['Continuum'],['0FkbpdrNHnkKeaksNI9npe'],10,1,False,0.541,0.978,6,-2.58,1,0.163,0.00073,0.8759999999999999,0.124,0.33,129.976,546676,3.0,2015,2015-04-21
2XOYZykrkkvDYJV1zhGNZR,Influencer,Influencer,0AdfP5NJQVZHOHFVHUjHSf,['Joan Rafart'],['38dfWliIkUqaBCIDd7WSxK'],1,1,True,0.741,0.589,5,-12.414000000000001,1,0.032,0.0894,0.0,0.0455,0.81,114.90899999999999,304829,4.0,2020,2020-04-26
2r0H9GPWHqxlopFd9WAEdF,Condemned to the Gallows,Automata I,4VHoSlDh9sa2VLTGeMOkwF,['Between The Buried And Me'],['2JC4hZm1egeJDEolLsMwZ9'],1,1,False,0.29600000000000004,0.924,1,-6.021,1,0.0958,0.00088,0.0895,0.233,0.0992,125.887,394880,4.0,2018,2018-03-09
0N2NPFcJNVLQziIBn5LWZi,House Organ,Automata I,4VHoSlDh9sa2VLTGeMOkwF,['Between The Buried And Me'],['2JC4hZm1egeJDEolLsMwZ9'],2,1,False,0.321,0.9309999999999999,6,-5.603,1,0.05,0.0005690000000000001,0.096,0.344,0.34299999999999997,125.024,221070,4.0,2018,2018-03-09
4sFTXj6a0y3KeB0zEqdnbM,Yellow Eyes,Automata I,4VHoSlDh9sa2VLTGeMOkwF,['Between The Buried And Me'],['2JC4hZm1egeJDEolLsMwZ9'],3,1,False,0.276,0.9670000000000001,4,-5.067,0,0.11800000000000001,4.5799999999999995e-05,0.00126,0.3670000000000001,0.428,95.226,524663,4.0,2018,2018-03-09
4SegL5w7ghMnqs4m7jur7A,Millions,Automata I,4VHoSlDh9sa2VLTGeMOkwF,['Between The Buried And Me'],['2JC4hZm1egeJDEolLsMwZ9'],4,1,False,0.5589999999999999,0.845,5,-5.768,0,0.0337,0.000106,0.000426,0.10800000000000001,0.34,120.00299999999999,283467,3.0,2018,2018-03-09
355hbbhvxhlNDycnQdZZza,Gold Distance,Automata I,4VHoSlDh9sa2VLTGeMOkwF,['Between The Buried And Me'],['2JC4hZm1egeJDEolLsMwZ9'],5,1,False,0.11,0.268,11,-17.598,0,0.0388,0.0119,0.831,0.267,0.0449,153.906,61863,3.0,2018,2018-03-09
3u57RlXayapuW4k0IhOu5H,Blot,Automata I,4VHoSlDh9sa2VLTGeMOkwF,['Between The Buried And Me'],['2JC4hZm1egeJDEolLsMwZ9'],6,1,True,0.282,0.92,11,-5.14,1,0.0597,0.000715,0.0069099999999999995,0.327,0.2,148.02100000000004,627331,4.0,2018,2018-03-09
1VXWIeBsFR66bstpB9sn0T,Tinatangi,PhilPop 2016,1eu0hC9FbOG6Frp1siFDIA,"['Cookie Chua', 'Bayang Barrios', 'The Benjamins']","['6CERgHldfS1Sk1rcZBBbFz', '301vkLsUJgZZ05hWnT14YO', '1Y0hRtl21FgNwBR81H4L9a']",1,1,False,0.396,0.597,6,-7.771,1,0.0429,0.32799999999999996,0.0,0.325,0.295,111.916,212933,3.0,2016,2016-06-10
1mBZJJk7Ph0uvGvm3pryna,Binibini Sa MRT,PhilPop 2016,1eu0hC9FbOG6Frp1siFDIA,['The Juans'],['1YlibpAvhJBbMZMBwN1KGv'],2,1,False,0.6459999999999999,0.899,7,-6.8229999999999995,1,0.0416,0.17800000000000002,0.0,0.147,0.899,99.992,239573,4.0,2016,2016-06-10
4QyWaM34aBujzZa5zcvlWt,Kahon,PhilPop 2016,1eu0hC9FbOG6Frp1siFDIA,['Ramiru Mataro'],['2uLealUq7Lu3UmkkYbReyo'],3,1,False,0.612,0.7559999999999999,9,-7.7170000000000005,1,0.0651,0.23800000000000002,0.0,0.161,0.583,106.94,155160,4.0,2016,2016-06-10
4oUXp6L1fGmGJHX4C8P0ve,Pabili Po,PhilPop 2016,1eu0hC9FbOG6Frp1siFDIA,"['Banda Ni Kleggy', 'Aikee']","['0U46MggdSX3enMM5t5G7jI', '30WmJkQ2BeBNgb27jhf11u']",4,1,False,0.722,0.77,9,-7.556,1,0.0854,0.485,0.0,0.24,0.879,88.00200000000002,203933,4.0,2016,2016-06-10
17HqxPmcsvwRovJPLsvg5e,Dumadagundong,PhilPop 2016,1eu0hC9FbOG6Frp1siFDIA,['Yassi Pressman'],['77y4D50m5EAQjB0x7XW7Lc'],5,1,False,0.732,0.64,1,-7.21,0,0.0334,0.273,0.0,0.171,0.589,97.928,224027,4.0,2016,2016-06-10
3fRr4rmzBEMrstEizUIbSu,Friday Night,PhilPop 2016,1eu0hC9FbOG6Frp1siFDIA,['Kenjhons'],['45yGADm0D2Kf9SWjZZDXR7'],6,1,False,0.8079999999999999,0.718,7,-7.7360000000000015,1,0.0491,0.00108,7.82e-05,0.0642,0.531,104.95,195227,4.0,2016,2016-06-10
1KeM44mgfRIySbziNO6cAF,Lahat,PhilPop 2016,1eu0hC9FbOG6Frp1siFDIA,['Jason Dy'],['74KlZuH1AECATYKwBlWAdg'],7,1,False,0.611,0.429,1,-9.171,1,0.0525,0.784,0.0,0.11,0.662,120.912,236000,3.0,2016,2016-06-10
3CYyK6YGUQHYshCzQrviQr,Nobody but You,PhilPop 2016,1eu0hC9FbOG6Frp1siFDIA,['Monica Cuenco'],['0BCmOZldVbuDQsMqyLC7La'],8,1,False,0.4970000000000001,0.499,1,-8.106,1,0.0309,0.4,0.0,0.201,0.436,124.055,238773,3.0,2016,2016-06-10
0CDssurVIP4pac1YZQOljO,Di Na Muli,PhilPop 2016,1eu0hC9FbOG6Frp1siFDIA,['The Itchyworms'],['5cYJYBMg1n71v7cvthr1SO'],9,1,False,0.35,0.46299999999999997,4,-6.5820000000000025,1,0.0381,0.7070000000000001,0.0,0.162,0.27,120.23899999999999,260627,3.0,2016,2016-06-10
5j5nTc7jdgTz2BLKzb1wRq,Baliw Sa Ex-Boyfriend Ko,PhilPop 2016,1eu0hC9FbOG6Frp1siFDIA,"[""Sugar 'N Spice"", 'Joan Da']","['3KQKz2IH452AmBtwYrDsRy', '7j7r9DarpcGbCJJn0eKlgX']",10,1,False,0.8270000000000001,0.47100000000000003,0,-7.94,1,0.0393,0.34299999999999997,0.0,0.0718,0.867,123.98299999999999,219360,4.0,2016,2016-06-10
6hrg5S0P5pZbLdo4TLn2uN,Sintunado,PhilPop 2016,1eu0hC9FbOG6Frp1siFDIA,['Nyoy Volante'],['3pTaNQJ7TAU4yL7KEZp5sF'],11,1,False,0.55,0.648,11,-8.422,1,0.0372,0.369,0.0,0.419,0.802,169.926,235440,4.0,2016,2016-06-10
6AxGB7FUDyJxRxAnA0tb84,Stars Are Aligned,PhilPop 2016,1eu0hC9FbOG6Frp1siFDIA,"['Acapellago', 'Jimmy Marquez']","['0SG7a26LiFGt8E0olaIOpx', '0QX9MPClAh08jmRsg3VHBY']",12,1,False,0.557,0.514,6,-5.6579999999999995,1,0.05,0.299,0.0,0.149,0.633,107.46700000000001,242747,4.0,2016,2016-06-10
6XSd1D4TbqSzhCMZsyb8zX,"Symphony No. 5 in C Minor, Op. 67: I. Allegro con brio",Beethoven: The Complete Symphonies,3aUNvQoZ93FXjDk2Ftw40u,"['Ludwig van Beethoven', 'Zagreb Philharmonic Orchestra', 'Richard Edlinger']","['2wOqMjp9TyABvtHdOSOTUS', '1In0W3P2fQyTCxrfG0pGuS', '09Ruas7vF7YHnor4to4Eyo']",1,1,False,0.33299999999999996,0.193,0,-19.929000000000002,0,0.0403,0.965,0.9159999999999999,0.23800000000000002,0.203,98.64399999999999,416000,4.0,2013,2013-05-06
4rUs3A8GqlJJz5pZYIzlta,"Symphony No. 5 in C Minor, Op. 67: II. Andante con moto",Beethoven: The Complete Symphonies,3aUNvQoZ93FXjDk2Ftw40u,"['Ludwig van Beethoven', 'Zagreb Philharmonic Orchestra', 'Richard Edlinger']","['2wOqMjp9TyABvtHdOSOTUS', '1In0W3P2fQyTCxrfG0pGuS', '09Ruas7vF7YHnor4to4Eyo']",2,1,False,0.20199999999999999,0.0204,8,-22.266,1,0.0386,0.971,0.537,0.0891,0.0576,80.90899999999998,558000,3.0,2013,2013-05-06
0VkRxzqqfPqCK4WkSWmbQI,"Symphony No. 5 in C Minor, Op. 67: III. Allegro",Beethoven: The Complete Symphonies,3aUNvQoZ93FXjDk2Ftw40u,"['Ludwig van Beethoven', 'Zagreb Philharmonic Orchestra', 'Richard Edlinger']","['2wOqMjp9TyABvtHdOSOTUS', '1In0W3P2fQyTCxrfG0pGuS', '09Ruas7vF7YHnor4to4Eyo']",3,1,False,0.28300000000000003,0.0787,0,-21.404,1,0.0432,0.9490000000000001,0.615,0.316,0.303,82.749,297000,4.0,2013,2013-05-06
2kKbr7helxaIZc3EZeoOk1,"Symphony No. 5 in C Minor, Op. 67: IV. Allegro",Beethoven: The Complete Symphonies,3aUNvQoZ93FXjDk2Ftw40u,"['Ludwig van Beethoven', 'Zagreb Philharmonic Orchestra', 'Richard Edlinger']","['2wOqMjp9TyABvtHdOSOTUS', '1In0W3P2fQyTCxrfG0pGuS', '09Ruas7vF7YHnor4to4Eyo']",4,1,False,0.331,0.26899999999999996,0,-17.357,1,0.035,0.95,0.818,0.10800000000000001,0.336,83.984,662000,4.0,2013,2013-05-06
0JSNKbeoUIt3fLjkQIpcz4,"Symphony No. 2 in D Major, Op. 36: I. Adagio molto - Allegro con brio",Beethoven: The Complete Symphonies,3aUNvQoZ93FXjDk2Ftw40u,"['Ludwig van Beethoven', 'Zagreb Philharmonic Orchestra', 'Richard Edlinger']","['2wOqMjp9TyABvtHdOSOTUS', '1In0W3P2fQyTCxrfG0pGuS', '09Ruas7vF7YHnor4to4Eyo']",5,1,False,0.302,0.0826,2,-19.844,1,0.0333,0.9329999999999999,0.792,0.0491,0.198,84.436,775000,4.0,2013,2013-05-06
2wWqzbcvsIfsmBJuugIjQM,"Symphony No. 2 in D Major, Op. 36: II. Larghetto",Beethoven: The Complete Symphonies,3aUNvQoZ93FXjDk2Ftw40u,"['Ludwig van Beethoven', 'Zagreb Philharmonic Orchestra', 'Richard Edlinger']","['2wOqMjp9TyABvtHdOSOTUS', '1In0W3P2fQyTCxrfG0pGuS', '09Ruas7vF7YHnor4to4Eyo']",6,1,False,0.275,0.0109,9,-25.6,1,0.0356,0.9670000000000001,0.29,0.134,0.114,84.531,606000,3.0,2013,2013-05-06
1QTc6RdyRvmrTVQA0Zu8HM,"Symphony No. 2 in D Major, Op. 36: III. Scherzo: Allegro",Beethoven: The Complete Symphonies,3aUNvQoZ93FXjDk2Ftw40u,"['Ludwig van Beethoven', 'Zagreb Philharmonic Orchestra', 'Richard Edlinger']","['2wOqMjp9TyABvtHdOSOTUS', '1In0W3P2fQyTCxrfG0pGuS', '09Ruas7vF7YHnor4to4Eyo']",7,1,False,0.45399999999999996,0.055,2,-25.033,1,0.0377,0.888,0.41700000000000004,0.312,0.581,133.906,241333,3.0,2013,2013-05-06
0kaN1uEdKWlJgp5E5TkI7D,"Symphony No. 2 in D Major, Op. 36: IV. Allegro molto",Beethoven: The Complete Symphonies,3aUNvQoZ93FXjDk2Ftw40u,"['Ludwig van Beethoven', 'Zagreb Philharmonic Orchestra', 'Richard Edlinger']","['2wOqMjp9TyABvtHdOSOTUS', '1In0W3P2fQyTCxrfG0pGuS', '09Ruas7vF7YHnor4to4Eyo']",8,1,False,0.29100000000000004,0.105,2,-20.467,1,0.0362,0.915,0.836,0.129,0.425,143.759,382333,4.0,2013,2013-05-06
7FQh4kaWKjzs5FYkWUSsen,"Symphony No. 3 in E-Flat Major, Op. 55 ""Eroica"": I. Allegro con brio",Beethoven: The Complete Symphonies,3aUNvQoZ93FXjDk2Ftw40u,"['Ludwig van Beethoven', 'CSR Symphony Orchestra, Bratislava', 'Michael Halasz']","['2wOqMjp9TyABvtHdOSOTUS', '0R8nObtWK9puBBRF3QFvAS', '6Dkj1lYjjOCsGB170vlWc6']",9,1,False,0.35,0.115,3,-17.042,1,0.0365,0.975,0.8859999999999999,0.0779,0.18899999999999997,79.363,796000,4.0,2013,2013-05-06
0yrxzc0lFGZgCEnw8pYq83,"Symphony No. 3 in E-Flat Major, Op. 55 ""Eroica"": II. Marcia funebre: Allegro assai",Beethoven: The Complete Symphonies,3aUNvQoZ93FXjDk2Ftw40u,"['Ludwig van Beethoven', 'CSR Symphony Orchestra, Bratislava', 'Michael Halasz']","['2wOqMjp9TyABvtHdOSOTUS', '0R8nObtWK9puBBRF3QFvAS', '6Dkj1lYjjOCsGB170vlWc6']",10,1,False,0.132,0.0534,0,-20.167,0,0.0465,0.973,0.613,0.084,0.0361,72.262,838000,4.0,2013,2013-05-06
6jJQR29LKVljpIDUxHhfa2,"Symphony No. 3 in E-Flat Major, Op. 55 ""Eroica"": III. Scherzo: Allegro vivace",Beethoven: The Complete Symphonies,3aUNvQoZ93FXjDk2Ftw40u,"['Ludwig van Beethoven', 'CSR Symphony Orchestra, Bratislava', 'Michael Halasz']","['2wOqMjp9TyABvtHdOSOTUS', '0R8nObtWK9puBBRF3QFvAS', '6Dkj1lYjjOCsGB170vlWc6']",11,1,False,0.529,0.214,3,-20.164,1,0.0835,0.978,0.855,0.0567,0.361,89.18799999999996,358000,4.0,2013,2013-05-06
772SAjyiReg1VccUU25cZE,"Symphony No. 3 in E-Flat Major, Op. 55 ""Eroica"": IV. Finale: Allegro molto",Beethoven: The Complete Symphonies,3aUNvQoZ93FXjDk2Ftw40u,"['Ludwig van Beethoven', 'CSR Symphony Orchestra, Bratislava', 'Michael Halasz']","['2wOqMjp9TyABvtHdOSOTUS', '0R8nObtWK9puBBRF3QFvAS', '6Dkj1lYjjOCsGB170vlWc6']",12,1,False,0.375,0.133,3,-18.314,1,0.0404,0.971,0.8390000000000001,0.272,0.228,132.09,663000,4.0,2013,2013-05-06
7AwDNCImptgAGEtfzqbEaT,"Symphony No. 8 in F Major, Op. 93: I. Allegro vivace e con brio",Beethoven: The Complete Symphonies,3aUNvQoZ93FXjDk2Ftw40u,"['Ludwig van Beethoven', 'Zagreb Philharmonic Orchestra', 'Richard Edlinger']","['2wOqMjp9TyABvtHdOSOTUS', '1In0W3P2fQyTCxrfG0pGuS', '09Ruas7vF7YHnor4to4Eyo']",13,1,False,0.3,0.115,5,-21.22,1,0.0332,0.915,0.8490000000000001,0.20199999999999999,0.217,81.42,542000,4.0,2013,2013-05-06
65TBLh5VRmGBb7yjTGG7Q9,"Symphony No. 8 in F Major, Op. 93: II. Allegretto scherzando",Beethoven: The Complete Symphonies,3aUNvQoZ93FXjDk2Ftw40u,"['Ludwig van Beethoven', 'Zagreb Philharmonic Orchestra', 'Richard Edlinger']","['2wOqMjp9TyABvtHdOSOTUS', '1In0W3P2fQyTCxrfG0pGuS', '09Ruas7vF7YHnor4to4Eyo']",14,1,False,0.41200000000000003,0.0189,10,-27.744,1,0.044000000000000004,0.961,0.00481,0.0928,0.377,176.73,227000,4.0,2013,2013-05-06
3Vptfxkcv5oRX3aNL6zWkH,"Symphony No. 8 in F Major, Op. 93: III. Tempo di menuetto",Beethoven: The Complete Symphonies,3aUNvQoZ93FXjDk2Ftw40u,"['Ludwig van Beethoven', 'Zagreb Philharmonic Orchestra', 'Richard Edlinger']","['2wOqMjp9TyABvtHdOSOTUS', '1In0W3P2fQyTCxrfG0pGuS', '09Ruas7vF7YHnor4to4Eyo']",15,1,False,0.301,0.0235,5,-24.36,1,0.0346,0.978,0.778,0.0948,0.222,110.646,303000,3.0,2013,2013-05-06
1IKyICXJ5O6FZbZHMy4jnF,"Symphony No. 8 in F Major, Op. 93: IV. Allegro vivace",Beethoven: The Complete Symphonies,3aUNvQoZ93FXjDk2Ftw40u,"['Ludwig van Beethoven', 'Zagreb Philharmonic Orchestra', 'Richard Edlinger']","['2wOqMjp9TyABvtHdOSOTUS', '1In0W3P2fQyTCxrfG0pGuS', '09Ruas7vF7YHnor4to4Eyo']",16,1,False,0.384,0.13,5,-22.105999999999998,1,0.0396,0.9309999999999999,0.755,0.10099999999999999,0.22699999999999998,138.72899999999998,447000,4.0,2013,2013-05-06
4H8SFYWcrsDmlueKXB2qX1,"Symphony No. 6 in F Major, Op. 68 ""Pastoral"": I. Pleasant, cheerful feelings aroused on approaching the countryside: Allegro ma non troppo",Beethoven: The Complete Symphonies,3aUNvQoZ93FXjDk2Ftw40u,"['Ludwig van Beethoven', 'CSR Symphony Orchestra, Bratislava', 'Michael Halasz']","['2wOqMjp9TyABvtHdOSOTUS', '0R8nObtWK9puBBRF3QFvAS', '6Dkj1lYjjOCsGB170vlWc6']",17,1,False,0.348,0.0475,5,-21.774,1,0.0363,0.956,0.626,0.107,0.16899999999999998,113.595,566667,4.0,2013,2013-05-06
7vvFOcqCGAi0qXohnsSYUY,"Symphony No. 6 in F Major, Op. 68 ""Pastoral"": II. Scene by the brook: Andante molto mosso",Beethoven: The Complete Symphonies,3aUNvQoZ93FXjDk2Ftw40u,"['Ludwig van Beethoven', 'CSR Symphony Orchestra, Bratislava', 'Michael Halasz']","['2wOqMjp9TyABvtHdOSOTUS', '0R8nObtWK9puBBRF3QFvAS', '6Dkj1lYjjOCsGB170vlWc6']",18,1,False,0.19699999999999998,0.0293,5,-26.41,1,0.0404,0.976,0.698,0.11699999999999999,0.0866,135.72,775000,3.0,2013,2013-05-06
7LXJ2SZvgThOeGDhqIpn8l,"Symphony No. 6 in F Major, Op. 68 ""Pastoral"": III. Happy gathering of villagers: Allegro",Beethoven: The Complete Symphonies,3aUNvQoZ93FXjDk2Ftw40u,"['Ludwig van Beethoven', 'CSR Symphony Orchestra, Bratislava', 'Michael Halasz']","['2wOqMjp9TyABvtHdOSOTUS', '0R8nObtWK9puBBRF3QFvAS', '6Dkj1lYjjOCsGB170vlWc6']",19,1,False,0.41,0.10400000000000001,5,-18.869,1,0.045,0.978,0.821,0.1,0.469,149.072,330533,4.0,2013,2013-05-06
0SD7L4XvP10FiqWXcHhkuZ,"Symphony No. 6 in F Major, Op. 68 ""Pastoral"": IV. Thunder-storm: Allegro",Beethoven: The Complete Symphonies,3aUNvQoZ93FXjDk2Ftw40u,"['Ludwig van Beethoven', 'CSR Symphony Orchestra, Bratislava', 'Michael Halasz']","['2wOqMjp9TyABvtHdOSOTUS', '0R8nObtWK9puBBRF3QFvAS', '6Dkj1lYjjOCsGB170vlWc6']",20,1,False,0.313,0.146,5,-19.917,1,0.0451,0.9059999999999999,0.331,0.0838,0.0398,82.76,232200,4.0,2013,2013-05-06
6Uq3qziVOw4mHuDIvAmA6Z,"Symphony No. 6 in F Major, Op. 68 ""Pastoral"": V. Shepherd's song. Grateful thanks to the Almighty after the storm: Allegretto",Beethoven: The Complete Symphonies,3aUNvQoZ93FXjDk2Ftw40u,"['Ludwig van Beethoven', 'CSR Symphony Orchestra, Bratislava', 'Michael Halasz']","['2wOqMjp9TyABvtHdOSOTUS', '0R8nObtWK9puBBRF3QFvAS', '6Dkj1lYjjOCsGB170vlWc6']",21,1,False,0.19899999999999998,0.0373,5,-22.581999999999997,1,0.0404,0.956,0.8540000000000001,0.095,0.0829,73.683,690533,3.0,2013,2013-05-06
635VtpZsfRETDSmHAh8kpB,"Symphony No. 1 in C Major, Op. 21: I. Adagio molto - Allegro con brio",Beethoven: The Complete Symphonies,3aUNvQoZ93FXjDk2Ftw40u,"['Ludwig van Beethoven', 'Zagreb Philharmonic Orchestra', 'Richard Edlinger']","['2wOqMjp9TyABvtHdOSOTUS', '1In0W3P2fQyTCxrfG0pGuS', '09Ruas7vF7YHnor4to4Eyo']",22,1,False,0.319,0.0634,0,-23.3,1,0.0323,0.958,0.628,0.0801,0.188,93.286,573733,4.0,2013,2013-05-06
1cG6DWlXvTBgGn5ZBSB2Cz,"Symphony No. 1 in C Major, Op. 21: II. Andante cantabile con moto",Beethoven: The Complete Symphonies,3aUNvQoZ93FXjDk2Ftw40u,"['Ludwig van Beethoven', 'Zagreb Philharmonic Orchestra', 'Richard Edlinger']","['2wOqMjp9TyABvtHdOSOTUS', '1In0W3P2fQyTCxrfG0pGuS', '09Ruas7vF7YHnor4to4Eyo']",23,1,False,0.35100000000000003,0.0131,0,-27.358,1,0.0421,0.98,0.0886,0.0809,0.18100000000000002,118.26100000000001,411000,3.0,2013,2013-05-06
7B2vuK0HB4qOP0GXXqNU4j,"Symphony No. 1 in C Major, Op. 21: III. Menuetto: Allegro molto e vivace",Beethoven: The Complete Symphonies,3aUNvQoZ93FXjDk2Ftw40u,"['Ludwig van Beethoven', 'Zagreb Philharmonic Orchestra', 'Richard Edlinger']","['2wOqMjp9TyABvtHdOSOTUS', '1In0W3P2fQyTCxrfG0pGuS', '09Ruas7vF7YHnor4to4Eyo']",24,1,False,0.40399999999999997,0.124,0,-22.519000000000002,1,0.0802,0.9540000000000001,0.48700000000000004,0.0485,0.301,99.71,225000,4.0,2013,2013-05-06
1ZwNrOQ4Jhq6XEhdADt2lW,"Symphony No. 1 in C Major, Op. 21: IV. Adagio - Allegro molto e vivace",Beethoven: The Complete Symphonies,3aUNvQoZ93FXjDk2Ftw40u,"['Ludwig van Beethoven', 'Zagreb Philharmonic Orchestra', 'Richard Edlinger']","['2wOqMjp9TyABvtHdOSOTUS', '1In0W3P2fQyTCxrfG0pGuS', '09Ruas7vF7YHnor4to4Eyo']",25,1,False,0.441,0.166,0,-20.822,1,0.0535,0.948,0.675,0.11900000000000001,0.40700000000000003,75.263,346333,4.0,2013,2013-05-06
0Fgp3UaBaoApAkpbd855iz,"Symphony No. 7 in A Major, Op. 92: I. Poco sostenuto - Vivace",Beethoven: The Complete Symphonies,3aUNvQoZ93FXjDk2Ftw40u,"['Ludwig van Beethoven', 'Zagreb Philharmonic Orchestra', 'Richard Edlinger']","['2wOqMjp9TyABvtHdOSOTUS', '1In0W3P2fQyTCxrfG0pGuS', '09Ruas7vF7YHnor4to4Eyo']",26,1,False,0.317,0.109,0,-19.521,1,0.0414,0.9540000000000001,0.584,0.306,0.121,102.508,678160,4.0,2013,2013-05-06
4ViRgoDHQPI8Ao3HORg4y6,"Symphony No. 7 in A Major, Op. 92: II. Allegretto",Beethoven: The Complete Symphonies,3aUNvQoZ93FXjDk2Ftw40u,"['Ludwig van Beethoven', 'Zagreb Philharmonic Orchestra', 'Richard Edlinger']","['2wOqMjp9TyABvtHdOSOTUS', '1In0W3P2fQyTCxrfG0pGuS', '09Ruas7vF7YHnor4to4Eyo']",27,1,False,0.18600000000000005,0.0183,4,-25.971999999999998,0,0.0375,0.95,0.174,0.106,0.0547,68.827,483000,4.0,2013,2013-05-06
13E4KKW5kLjgDK02a9YSQr,"Symphony No. 7 in A Major, Op. 92: III. Presto",Beethoven: The Complete Symphonies,3aUNvQoZ93FXjDk2Ftw40u,"['Ludwig van Beethoven', 'Zagreb Philharmonic Orchestra', 'Richard Edlinger']","['2wOqMjp9TyABvtHdOSOTUS', '1In0W3P2fQyTCxrfG0pGuS', '09Ruas7vF7YHnor4to4Eyo']",28,1,False,0.203,0.107,2,-21.776,1,0.0451,0.97,0.8420000000000001,0.253,0.17,62.93,479840,4.0,2013,2013-05-06
5k2zmCYlVumnW8sUASL3Wg,"Symphony No. 7 in A Major, Op. 92: IV. Allegro con brio",Beethoven: The Complete Symphonies,3aUNvQoZ93FXjDk2Ftw40u,"['Ludwig van Beethoven', 'Zagreb Philharmonic Orchestra', 'Richard Edlinger']","['2wOqMjp9TyABvtHdOSOTUS', '1In0W3P2fQyTCxrfG0pGuS', '09Ruas7vF7YHnor4to4Eyo']",29,1,False,0.345,0.24,9,-18.523,1,0.0309,0.915,0.9470000000000001,0.0952,0.315,81.43,388160,4.0,2013,2013-05-06
5CDOlXnYCmzfqlUtUS1mVb,"Symphony No. 4 in B-Flat Major, Op. 60: I. Adagio - Allegro vivace",Beethoven: The Complete Symphonies,3aUNvQoZ93FXjDk2Ftw40u,"['Ludwig van Beethoven', 'Zagreb Philharmonic Orchestra', 'Richard Edlinger']","['2wOqMjp9TyABvtHdOSOTUS', '1In0W3P2fQyTCxrfG0pGuS', '09Ruas7vF7YHnor4to4Eyo']",30,1,False,0.309,0.0745,5,-19.996,1,0.0395,0.915,0.213,0.149,0.222,143.16899999999995,667000,4.0,2013,2013-05-06
2tADoTVN5UcVhtOQMqffWF,"Symphony No. 4 in B-Flat Major, Op. 60: II. Adagio",Beethoven: The Complete Symphonies,3aUNvQoZ93FXjDk2Ftw40u,"['Ludwig van Beethoven', 'Zagreb Philharmonic Orchestra', 'Richard Edlinger']","['2wOqMjp9TyABvtHdOSOTUS', '1In0W3P2fQyTCxrfG0pGuS', '09Ruas7vF7YHnor4to4Eyo']",31,1,False,0.192,0.0147,3,-26.169,1,0.0376,0.968,0.619,0.08,0.10800000000000001,69.77600000000001,551000,4.0,2013,2013-05-06
1fDbpwCEm1ckmUtZVoIc4B,"Symphony No. 4 in B-Flat Major, Op. 60: III. Menuetto. Allegro vivace - Trio: Un poco meno allegro",Beethoven: The Complete Symphonies,3aUNvQoZ93FXjDk2Ftw40u,"['Ludwig van Beethoven', 'Zagreb Philharmonic Orchestra', 'Richard Edlinger']","['2wOqMjp9TyABvtHdOSOTUS', '1In0W3P2fQyTCxrfG0pGuS', '09Ruas7vF7YHnor4to4Eyo']",32,1,False,0.317,0.0236,10,-21.588,1,0.0368,0.973,0.303,0.182,0.215,135.68,356000,4.0,2013,2013-05-06
6Okeep1M35lkXm0CFVIYiw,"Symphony No. 4 in B-Flat Major, Op. 60: IV. Allegro ma non troppo",Beethoven: The Complete Symphonies,3aUNvQoZ93FXjDk2Ftw40u,"['Ludwig van Beethoven', 'Zagreb Philharmonic Orchestra', 'Richard Edlinger']","['2wOqMjp9TyABvtHdOSOTUS', '1In0W3P2fQyTCxrfG0pGuS', '09Ruas7vF7YHnor4to4Eyo']",33,1,False,0.3670000000000001,0.14400000000000002,10,-21.506999999999998,1,0.0364,0.9390000000000001,0.89,0.363,0.535,140.694,401173,4.0,2013,2013-05-06
4zMePNa7FzftrVnjnk36oP,"Symphony No. 9 in D Minor, Op. 125 ""Choral"": I. Allegro ma non troppo, un poco maestoso",Beethoven: The Complete Symphonies,3aUNvQoZ93FXjDk2Ftw40u,"['Ludwig van Beethoven', 'Gabriele Lechner', 'Diane Elias', 'Michael Pabst', 'Robert Holzer', 'Zagreb Philharmonic Chorus', 'Zagreb Philharmonic Orchestra', 'Richard Edlinger']","['2wOqMjp9TyABvtHdOSOTUS', '1boVtNix7hYFdBHSL0uHlO', '1q4L5kxhScEamk2ArnqBQB', '2FwFAnIZAqBkU84AcdqUxS', '3xU8ipC4hpcCbvPeuthdn7', '1yfG47oyRrO6Aj31HDP5kk', '1In0W3P2fQyTCxrfG0pGuS', '09Ruas7vF7YHnor4to4Eyo']",34,1,False,0.22899999999999998,0.0405,10,-23.761,1,0.0359,0.977,0.905,0.0957,0.0737,139.745,995227,4.0,2013,2013-05-06
5iqAZBT6UDuHU6uzoKrRTE,"Symphony No. 9 in D Minor, Op. 125 ""Choral"": II. Molto vivace",Beethoven: The Complete Symphonies,3aUNvQoZ93FXjDk2Ftw40u,"['Ludwig van Beethoven', 'Gabriele Lechner', 'Diane Elias', 'Michael Pabst', 'Robert Holzer', 'Zagreb Philharmonic Chorus', 'Zagreb Philharmonic Orchestra', 'Richard Edlinger']","['2wOqMjp9TyABvtHdOSOTUS', '1boVtNix7hYFdBHSL0uHlO', '1q4L5kxhScEamk2ArnqBQB', '2FwFAnIZAqBkU84AcdqUxS', '3xU8ipC4hpcCbvPeuthdn7', '1yfG47oyRrO6Aj31HDP5kk', '1In0W3P2fQyTCxrfG0pGuS', '09Ruas7vF7YHnor4to4Eyo']",35,1,False,0.308,0.14,2,-26.316,0,0.0492,0.966,0.851,0.0863,0.28,148.321,669240,4.0,2013,2013-05-06
3qQl45kwZZR45OcC5yt8t8,"Symphony No. 9 in D Minor, Op. 125 ""Choral"": III. Adagio molto e cantabile - Andante moderato",Beethoven: The Complete Symphonies,3aUNvQoZ93FXjDk2Ftw40u,"['Ludwig van Beethoven', 'Gabriele Lechner', 'Diane Elias', 'Michael Pabst', 'Robert Holzer', 'Zagreb Philharmonic Chorus', 'Zagreb Philharmonic Orchestra', 'Richard Edlinger']","['2wOqMjp9TyABvtHdOSOTUS', '1boVtNix7hYFdBHSL0uHlO', '1q4L5kxhScEamk2ArnqBQB', '2FwFAnIZAqBkU84AcdqUxS', '3xU8ipC4hpcCbvPeuthdn7', '1yfG47oyRrO6Aj31HDP5kk', '1In0W3P2fQyTCxrfG0pGuS', '09Ruas7vF7YHnor4to4Eyo']",36,1,False,0.10300000000000001,0.0070799999999999995,10,-34.48,1,0.0389,0.981,0.897,0.066,0.0479,90.235,963160,4.0,2013,2013-05-06
503B8AX2CRRxlDjYvAbt9H,"Symphony No. 9 in D Minor, Op. 125 ""Choral"": IV. Finale: Presto - Allegro assai",Beethoven: The Complete Symphonies,3aUNvQoZ93FXjDk2Ftw40u,"['Ludwig van Beethoven', 'Gabriele Lechner', 'Diane Elias', 'Michael Pabst', 'Robert Holzer', 'Zagreb Philharmonic Chorus', 'Zagreb Philharmonic Orchestra', 'Richard Edlinger']","['2wOqMjp9TyABvtHdOSOTUS', '1boVtNix7hYFdBHSL0uHlO', '1q4L5kxhScEamk2ArnqBQB', '2FwFAnIZAqBkU84AcdqUxS', '3xU8ipC4hpcCbvPeuthdn7', '1yfG47oyRrO6Aj31HDP5kk', '1In0W3P2fQyTCxrfG0pGuS', '09Ruas7vF7YHnor4to4Eyo']",37,1,False,0.254,0.14300000000000002,2,-20.971,1,0.0406,0.963,0.147,0.163,0.0894,87.462,1420707,4.0,2013,2013-05-06
22tqSngPPrXCv8yUEfrUgb,Song from the Stars,Song from the Stars,6esVfHX0rP5FsYUK8EQBq2,['Gunnar K. A. Njålsson'],['2dmXGTsCVK7OF0Az8VX4E4'],1,1,False,0.5720000000000001,0.447,8,-13.585,1,0.0453,0.265,0.877,0.0878,0.775,122.617,190440,5.0,2018,2018-03-12
3hvAFGG9chht61DoUjiO3D,Land of the Lost,Land of the Lost,63MwrlMq9veBbPEKyqM9aK,['Koko Lupa'],['0cUMpeZ7DhYLEG715oZMKv'],1,1,True,0.7140000000000001,0.758,1,-4.477,1,0.179,0.0423,0.0,0.134,0.429,177.225,211809,4.0,2020,2020-06-19
0c69I0Xw6jM9Vih5GUWife,Growing Pains,Land of the Lost,63MwrlMq9veBbPEKyqM9aK,['Koko Lupa'],['0cUMpeZ7DhYLEG715oZMKv'],2,1,True,0.5710000000000001,0.591,3,-7.495,0,0.29,0.326,1.37e-06,0.0985,0.109,101.25399999999999,199610,4.0,2020,2020-06-19
6I5mUW9n9BnzXBS73f2Sh4,Year of the Dragon,Land of the Lost,63MwrlMq9veBbPEKyqM9aK,['Koko Lupa'],['0cUMpeZ7DhYLEG715oZMKv'],3,1,True,0.763,0.99,4,-4.078,0,0.27399999999999997,0.434,0.0,0.0722,0.653,166.037,185077,4.0,2020,2020-06-19
1P4nbWV0dNhfMdRy157OuZ,Makidada,Land of the Lost,63MwrlMq9veBbPEKyqM9aK,['Koko Lupa'],['0cUMpeZ7DhYLEG715oZMKv'],4,1,True,0.746,0.639,8,-4.955,1,0.182,0.636,0.0,0.0874,0.154,155.95,234196,4.0,2020,2020-06-19
5s2EvN1IEXi355HHSO2wYn,"Love Letter to a Peculiar, Young, Black Girl...",Land of the Lost,63MwrlMq9veBbPEKyqM9aK,['Koko Lupa'],['0cUMpeZ7DhYLEG715oZMKv'],5,1,True,0.741,0.605,10,-6.808,0,0.0913,0.805,7.83e-06,0.365,0.473,116.01700000000001,259699,4.0,2020,2020-06-19
4y32mx2quFmzwUpY8feB4d,Make a Wish Kid,Land of the Lost,63MwrlMq9veBbPEKyqM9aK,['Koko Lupa'],['0cUMpeZ7DhYLEG715oZMKv'],6,1,True,0.789,0.6829999999999999,11,-6.8629999999999995,0,0.11599999999999999,0.0124,0.00233,0.11800000000000001,0.303,100.02600000000001,236987,4.0,2020,2020-06-19
1CuJE65rwIZ28kRGpG3Zxs,Freebird,Land of the Lost,63MwrlMq9veBbPEKyqM9aK,['Koko Lupa'],['0cUMpeZ7DhYLEG715oZMKv'],7,1,True,0.805,0.889,4,-6.056,0,0.151,0.157,2.91e-06,0.124,0.341,100.036,291413,4.0,2020,2020-06-19
20vpNkuNiEISvu3sFTTuQG,Muddy Waters,Land of the Lost,63MwrlMq9veBbPEKyqM9aK,['Koko Lupa'],['0cUMpeZ7DhYLEG715oZMKv'],8,1,True,0.718,0.733,9,-4.933,0,0.0989,0.0291,1.47e-06,0.319,0.605,139.012,265863,4.0,2020,2020-06-19
0dHTnEs7vjDawkHK4Eu8ha,Lights,Land of the Lost,63MwrlMq9veBbPEKyqM9aK,"['Koko Lupa', 'Ryan Gibbs']","['0cUMpeZ7DhYLEG715oZMKv', '5eZ7F8WOs8DKVs76E1v5OT']",9,1,True,0.45399999999999996,0.738,7,-6.785,1,0.0654,0.0614,0.00045,0.109,0.278,159.85299999999995,243601,4.0,2020,2020-06-19
5mYwZqgvxQd3zWr3rBeeCe,Coffee,Land of the Lost,63MwrlMq9veBbPEKyqM9aK,['Koko Lupa'],['0cUMpeZ7DhYLEG715oZMKv'],10,1,True,0.639,0.802,6,-4.322,0,0.0958,0.0187,0.009309999999999999,0.19399999999999998,0.16699999999999998,85.975,224782,4.0,2020,2020-06-19
58hdi5kSgVyx5H7C0RWApp,Piano Concerto in D Major: I. Allegro con brio,Thuille: Symphony in F Major & Piano Concerto in D Major,1N6h1TwNSsG70c09BJLJDN,"['Ludwig Thuille', 'Oliver Triendl', ""L'Orchestra Haydn di Bolzano e Trento"", 'Alun Francis']","['79oKg6eJrDmje3erd5Vesf', '5xEDwZauEMbFa4iCGOT1Bf', '5iQin9akRtbPY3FKNypfDN', '3FPGBd5AHHYtXZZfxuoVKN']",1,1,False,0.28800000000000003,0.165,9,-21.223000000000006,1,0.0372,0.9840000000000001,0.907,0.0661,0.10800000000000001,133.327,837307,4.0,2005,2005-12-01
4PV6P7kUrvAM2qRkBi2NeO,Piano Concerto in D Major: II. Adagio sostenuto,Thuille: Symphony in F Major & Piano Concerto in D Major,1N6h1TwNSsG70c09BJLJDN,"['Ludwig Thuille', 'Oliver Triendl', ""L'Orchestra Haydn di Bolzano e Trento"", 'Alun Francis']","['79oKg6eJrDmje3erd5Vesf', '5xEDwZauEMbFa4iCGOT1Bf', '5iQin9akRtbPY3FKNypfDN', '3FPGBd5AHHYtXZZfxuoVKN']",2,1,False,0.159,0.0986,11,-23.533,1,0.040999999999999995,0.981,0.884,0.121,0.0453,88.641,601213,4.0,2005,2005-12-01
787mye6IREbX7adLbJrJOp,Piano Concerto in D Major: III. Finale. Allegro vivace,Thuille: Symphony in F Major & Piano Concerto in D Major,1N6h1TwNSsG70c09BJLJDN,"['Ludwig Thuille', 'Oliver Triendl', ""L'Orchestra Haydn di Bolzano e Trento"", 'Alun Francis']","['79oKg6eJrDmje3erd5Vesf', '5xEDwZauEMbFa4iCGOT1Bf', '5iQin9akRtbPY3FKNypfDN', '3FPGBd5AHHYtXZZfxuoVKN']",3,1,False,0.282,0.157,2,-20.285999999999998,1,0.0366,0.982,0.892,0.11699999999999999,0.156,158.19299999999996,798440,3.0,2005,2005-12-01
5SMkZe0pWmUtFSjU2gZW30,Symphony in F Major: I. Andante maestoso - Allegro,Thuille: Symphony in F Major & Piano Concerto in D Major,1N6h1TwNSsG70c09BJLJDN,"['Ludwig Thuille', ""L'Orchestra Haydn di Bolzano e Trento"", 'Alun Francis']","['79oKg6eJrDmje3erd5Vesf', '5iQin9akRtbPY3FKNypfDN', '3FPGBd5AHHYtXZZfxuoVKN']",4,1,False,0.151,0.0484,5,-19.599,1,0.0407,0.987,0.907,0.0974,0.0389,66.858,909587,4.0,2005,2005-12-01
6FMCWgZLUrxT3TXEiNx3So,Symphony in F Major: II. Largo maestoso,Thuille: Symphony in F Major & Piano Concerto in D Major,1N6h1TwNSsG70c09BJLJDN,"['Ludwig Thuille', ""L'Orchestra Haydn di Bolzano e Trento"", 'Alun Francis']","['79oKg6eJrDmje3erd5Vesf', '5iQin9akRtbPY3FKNypfDN', '3FPGBd5AHHYtXZZfxuoVKN']",5,1,False,0.265,0.0367,2,-19.636,0,0.0406,0.986,0.816,0.0777,0.0575,110.74,613387,4.0,2005,2005-12-01
639spkNOdbzIiO0H2WYWUq,Symphony in F Major: III. Tempo di menuetto,Thuille: Symphony in F Major & Piano Concerto in D Major,1N6h1TwNSsG70c09BJLJDN,"['Ludwig Thuille', ""L'Orchestra Haydn di Bolzano e Trento"", 'Alun Francis']","['79oKg6eJrDmje3erd5Vesf', '5iQin9akRtbPY3FKNypfDN', '3FPGBd5AHHYtXZZfxuoVKN']",6,1,False,0.34700000000000003,0.0336,10,-25.769000000000002,1,0.038,0.99,0.825,0.12,0.20800000000000002,132.942,406000,3.0,2005,2005-12-01
5oC2ym0wIKjglflNYVH8zr,Symphony in F Major: IV. Allegro vivace,Thuille: Symphony in F Major & Piano Concerto in D Major,1N6h1TwNSsG70c09BJLJDN,"['Ludwig Thuille', ""L'Orchestra Haydn di Bolzano e Trento"", 'Alun Francis']","['79oKg6eJrDmje3erd5Vesf', '5iQin9akRtbPY3FKNypfDN', '3FPGBd5AHHYtXZZfxuoVKN']",7,1,False,0.456,0.0967,5,-17.555999999999994,1,0.0353,0.987,0.917,0.10099999999999999,0.222,117.32,559000,4.0,2005,2005-12-01
5r1gF2DneZC8pBL86SDarK,Ain't Seen My Baby,Shoulder To Shoulder,6mHbgI7rA71VIDAgy2z1YV,['Cephas & Wiggins'],['40MbAfRt1y7QdeGSkSp4pF'],1,1,False,0.563,0.495,9,-6.914,1,0.0314,0.616,0.00143,0.114,0.7879999999999999,108.15,202960,4.0,2006,2006-06-27
3XkEb8vnxGeNQEtyMSPsVZ,I Did Do Right,Shoulder To Shoulder,6mHbgI7rA71VIDAgy2z1YV,['Cephas & Wiggins'],['40MbAfRt1y7QdeGSkSp4pF'],2,1,False,0.66,0.426,4,-7.8320000000000025,1,0.0347,0.7609999999999999,0.0,0.0954,0.654,98.044,215240,4.0,2006,2006-06-27
4Ueucf6Zin7zAiAy5le3oR,Catfish Blues,Shoulder To Shoulder,6mHbgI7rA71VIDAgy2z1YV,['Cephas & Wiggins'],['40MbAfRt1y7QdeGSkSp4pF'],3,1,False,0.535,0.262,7,-8.847999999999997,1,0.0268,0.784,3.64e-05,0.0964,0.282,78.86399999999998,352627,4.0,2006,2006-06-27
5trQVhANGi6a5XkYn4cCuE,Suzie Q,Shoulder To Shoulder,6mHbgI7rA71VIDAgy2z1YV,['Cephas & Wiggins'],['40MbAfRt1y7QdeGSkSp4pF'],4,1,False,0.638,0.601,7,-5.692,1,0.0372,0.636,0.000413,0.264,0.899,93.67,192827,4.0,2006,2006-06-27
21EP4qzl1DswXGnDjUTy9F,All I've Got Is Them Blues,Shoulder To Shoulder,6mHbgI7rA71VIDAgy2z1YV,['Cephas & Wiggins'],['40MbAfRt1y7QdeGSkSp4pF'],5,1,False,0.5489999999999999,0.385,2,-9.362,1,0.0337,0.518,0.000154,0.126,0.8590000000000001,89.64399999999998,168400,4.0,2006,2006-06-27
6HEkHkKSydCzCwzt5BgSo7,Dirt Road,Shoulder To Shoulder,6mHbgI7rA71VIDAgy2z1YV,['Cephas & Wiggins'],['40MbAfRt1y7QdeGSkSp4pF'],6,1,False,0.47700000000000004,0.267,0,-8.413,1,0.0349,0.8079999999999999,7.87e-06,0.139,0.595,92.685,265107,4.0,2006,2006-06-27
7jXX4o8D9zqkJUjdl52IhJ,Broke And Hungery,Shoulder To Shoulder,6mHbgI7rA71VIDAgy2z1YV,['Cephas & Wiggins'],['40MbAfRt1y7QdeGSkSp4pF'],7,1,False,0.603,0.501,0,-6.425,1,0.0305,0.636,0.0027,0.13,0.8,88.456,301707,4.0,2006,2006-06-27
4En478tp0fr0m9Rz2BmPjj,Three Ball Blues,Shoulder To Shoulder,6mHbgI7rA71VIDAgy2z1YV,['Cephas & Wiggins'],['40MbAfRt1y7QdeGSkSp4pF'],8,1,False,0.505,0.275,9,-10.628,1,0.0381,0.8240000000000001,0.000615,0.125,0.643,168.438,216960,3.0,2006,2006-06-27
6Nbx7ckzEFRGmxNfuFRGBn,"Brother, Can You Spare A Dime?",Shoulder To Shoulder,6mHbgI7rA71VIDAgy2z1YV,['Cephas & Wiggins'],['40MbAfRt1y7QdeGSkSp4pF'],9,1,False,0.49,0.212,0,-8.855,1,0.0266,0.857,0.0,0.106,0.499,86.59700000000002,147747,4.0,2006,2006-06-27
3bKJrJOls0lHgWPT52GvaD,I Won't Be Down,Shoulder To Shoulder,6mHbgI7rA71VIDAgy2z1YV,['Cephas & Wiggins'],['40MbAfRt1y7QdeGSkSp4pF'],10,1,False,0.43799999999999994,0.536,9,-6.455,0,0.0407,0.78,0.00139,0.0821,0.7709999999999999,168.84799999999996,321307,4.0,2006,2006-06-27
077qyy6xR0maxX7CR0Bl7X,Seattle Rainy Day Blues,Shoulder To Shoulder,6mHbgI7rA71VIDAgy2z1YV,['Cephas & Wiggins'],['40MbAfRt1y7QdeGSkSp4pF'],11,1,False,0.4270000000000001,0.489,9,-8.336,1,0.0335,0.7070000000000001,0.000763,0.21,0.633,172.388,251907,4.0,2006,2006-06-27
7MrofBLOTDFjb1mQ88zEgR,The Blues Three Ways,Shoulder To Shoulder,6mHbgI7rA71VIDAgy2z1YV,['Cephas & Wiggins'],['40MbAfRt1y7QdeGSkSp4pF'],12,1,False,0.528,0.5329999999999999,9,-5.251,1,0.047,0.615,1.25e-05,0.32299999999999995,0.564,123.67299999999999,440093,4.0,2006,2006-06-27
6ej8tNVNka343HJPpnCRp1,Sacred Hymns: Reading from Sacred Books,"The Complete Piano Music of Georges I. Gurdjieff & Thomas de Hartmann, Vol. 2: Reading of a Sacred Book",3a4a1PP7QDcAydE4ghMUdw,"['Thomas de Hartmann', 'G. I. Gurdjieff', 'Cecil Lytle']","['7jqkUMjqGY2FfZRUirtKdo', '4zFrWxrEffCBWEqNnZyB8T', '2aExcBr1TqFMd7zDw9HT64']",1,1,False,0.503,0.0576,2,-24.17,0,0.10099999999999999,0.991,0.878,0.0915,0.17,131.751,240427,4.0,1988,1988-01-01
5q5OiYIqrVQcsCh4behgLn,Sacred Hymns: Prayer and Despair,"The Complete Piano Music of Georges I. Gurdjieff & Thomas de Hartmann, Vol. 2: Reading of a Sacred Book",3a4a1PP7QDcAydE4ghMUdw,"['Thomas de Hartmann', 'G. I. Gurdjieff', 'Cecil Lytle']","['7jqkUMjqGY2FfZRUirtKdo', '4zFrWxrEffCBWEqNnZyB8T', '2aExcBr1TqFMd7zDw9HT64']",2,1,False,0.597,0.18100000000000002,2,-21.182,0,0.0509,0.976,0.868,0.10300000000000001,0.48700000000000004,73.648,102173,3.0,1988,1988-01-01
3HcXxUthjtYng6qQekI7Wk,Sacred Hymns: Religious Ceremony,"The Complete Piano Music of Georges I. Gurdjieff & Thomas de Hartmann, Vol. 2: Reading of a Sacred Book",3a4a1PP7QDcAydE4ghMUdw,"['Thomas de Hartmann', 'G. I. Gurdjieff', 'Cecil Lytle']","['7jqkUMjqGY2FfZRUirtKdo', '4zFrWxrEffCBWEqNnZyB8T', '2aExcBr1TqFMd7zDw9HT64']",3,1,False,0.494,0.0751,5,-23.79300000000001,0,0.0399,0.9940000000000001,0.795,0.10400000000000001,0.318,78.885,70827,4.0,1988,1988-01-01
54geVP6Mxk71QiMvW5QoAu,Sacred Hymns: Religious Hymn,"The Complete Piano Music of Georges I. Gurdjieff & Thomas de Hartmann, Vol. 2: Reading of a Sacred Book",3a4a1PP7QDcAydE4ghMUdw,"['Thomas de Hartmann', 'G. I. Gurdjieff', 'Cecil Lytle']","['7jqkUMjqGY2FfZRUirtKdo', '4zFrWxrEffCBWEqNnZyB8T', '2aExcBr1TqFMd7zDw9HT64']",4,1,False,0.655,0.00296,3,-27.971,1,0.0986,0.993,0.9279999999999999,0.147,0.402,140.217,183333,5.0,1988,1988-01-01
3ljCgb5JaGjNEwt4wPuJh5,Sacred Hymns: Orthodox Hymn from Asia Minor,"The Complete Piano Music of Georges I. Gurdjieff & Thomas de Hartmann, Vol. 2: Reading of a Sacred Book",3a4a1PP7QDcAydE4ghMUdw,"['Thomas de Hartmann', 'G. I. Gurdjieff', 'Cecil Lytle']","['7jqkUMjqGY2FfZRUirtKdo', '4zFrWxrEffCBWEqNnZyB8T', '2aExcBr1TqFMd7zDw9HT64']",5,1,False,0.665,0.00146,5,-23.524,1,0.165,0.98,0.919,0.0851,0.424,132.925,192800,4.0,1988,1988-01-01
496l6E8gerMazMjqm3lkHi,Sacred Hymns: Hymn of Good Friday,"The Complete Piano Music of Georges I. Gurdjieff & Thomas de Hartmann, Vol. 2: Reading of a Sacred Book",3a4a1PP7QDcAydE4ghMUdw,"['Thomas de Hartmann', 'G. I. Gurdjieff', 'Cecil Lytle']","['7jqkUMjqGY2FfZRUirtKdo', '4zFrWxrEffCBWEqNnZyB8T', '2aExcBr1TqFMd7zDw9HT64']",6,1,False,0.616,0.0016899999999999999,5,-26.34,0,0.106,0.993,0.883,0.0796,0.39899999999999997,132.144,108373,5.0,1988,1988-01-01
0lQOaKx31x6vDQ8GmyZwpt,Sacred Hymns: Religious Hymn,"The Complete Piano Music of Georges I. Gurdjieff & Thomas de Hartmann, Vol. 2: Reading of a Sacred Book",3a4a1PP7QDcAydE4ghMUdw,"['Thomas de Hartmann', 'G. I. Gurdjieff', 'Cecil Lytle']","['7jqkUMjqGY2FfZRUirtKdo', '4zFrWxrEffCBWEqNnZyB8T', '2aExcBr1TqFMd7zDw9HT64']",7,1,False,0.615,0.015,0,-23.82,1,0.23600000000000002,0.99,0.83,0.0784,0.263,127.088,172493,4.0,1988,1988-01-01
507KvR5tZ6XQPOGjPISE2M,Sacred Hymns: Prayer and Procession,"The Complete Piano Music of Georges I. Gurdjieff & Thomas de Hartmann, Vol. 2: Reading of a Sacred Book",3a4a1PP7QDcAydE4ghMUdw,"['Thomas de Hartmann', 'G. I. Gurdjieff', 'Cecil Lytle']","['7jqkUMjqGY2FfZRUirtKdo', '4zFrWxrEffCBWEqNnZyB8T', '2aExcBr1TqFMd7zDw9HT64']",8,1,False,0.546,0.00233,10,-26.033,0,0.201,0.9940000000000001,0.9109999999999999,0.0841,0.306,67.11,279907,4.0,1988,1988-01-01
3gFrMha5mzsvMlmJyOgiFv,Sacred Hymns: Hymn of Easter Wednesday,"The Complete Piano Music of Georges I. Gurdjieff & Thomas de Hartmann, Vol. 2: Reading of a Sacred Book",3a4a1PP7QDcAydE4ghMUdw,"['Thomas de Hartmann', 'G. I. Gurdjieff', 'Cecil Lytle']","['7jqkUMjqGY2FfZRUirtKdo', '4zFrWxrEffCBWEqNnZyB8T', '2aExcBr1TqFMd7zDw9HT64']",9,1,False,0.56,0.0067599999999999995,10,-26.285999999999998,0,0.0774,0.995,0.905,0.0873,0.182,131.543,304400,3.0,1988,1988-01-01
2Wr56ZUdWM5xoHP7SGTRKo,Sacred Hymns: Hymn for Easter Thursday,"The Complete Piano Music of Georges I. Gurdjieff & Thomas de Hartmann, Vol. 2: Reading of a Sacred Book",3a4a1PP7QDcAydE4ghMUdw,"['Thomas de Hartmann', 'G. I. Gurdjieff', 'Cecil Lytle']","['7jqkUMjqGY2FfZRUirtKdo', '4zFrWxrEffCBWEqNnZyB8T', '2aExcBr1TqFMd7zDw9HT64']",10,1,False,0.518,0.0023,4,-30.023000000000003,0,0.10099999999999999,0.9940000000000001,0.9440000000000001,0.0761,0.129,76.17699999999998,289933,3.0,1988,1988-01-01
4c8aRnR7uzl1wRybVm8FWm,Sacred Hymns: Hymn to the Creator,"The Complete Piano Music of Georges I. Gurdjieff & Thomas de Hartmann, Vol. 2: Reading of a Sacred Book",3a4a1PP7QDcAydE4ghMUdw,"['Thomas de Hartmann', 'G. I. Gurdjieff', 'Cecil Lytle']","['7jqkUMjqGY2FfZRUirtKdo', '4zFrWxrEffCBWEqNnZyB8T', '2aExcBr1TqFMd7zDw9HT64']",11,1,False,0.632,0.0312,0,-21.276,1,0.377,0.977,0.929,0.0992,0.66,75.70100000000002,128400,4.0,1988,1988-01-01
3Cphi559FMUSV0dbXMAmPE,Sacred Hymns: Hymn for a Great Temple,"The Complete Piano Music of Georges I. Gurdjieff & Thomas de Hartmann, Vol. 2: Reading of a Sacred Book",3a4a1PP7QDcAydE4ghMUdw,"['Thomas de Hartmann', 'G. I. Gurdjieff', 'Cecil Lytle']","['7jqkUMjqGY2FfZRUirtKdo', '4zFrWxrEffCBWEqNnZyB8T', '2aExcBr1TqFMd7zDw9HT64']",12,1,False,0.619,0.00295,0,-30.66,0,0.0871,0.9940000000000001,0.9259999999999999,0.0889,0.141,130.459,345000,3.0,1988,1988-01-01
1KyFYiXG0zG2PRSbEbkGit,Sacred Hymns: Meditation,"The Complete Piano Music of Georges I. Gurdjieff & Thomas de Hartmann, Vol. 2: Reading of a Sacred Book",3a4a1PP7QDcAydE4ghMUdw,"['Thomas de Hartmann', 'G. I. Gurdjieff', 'Cecil Lytle']","['7jqkUMjqGY2FfZRUirtKdo', '4zFrWxrEffCBWEqNnZyB8T', '2aExcBr1TqFMd7zDw9HT64']",13,1,False,0.609,0.00396,2,-28.929000000000002,0,0.184,0.976,0.85,0.0771,0.35200000000000004,135.914,113027,1.0,1988,1988-01-01
5gwFuLxJz4T5nC9rja4zTJ,Sacred Hymns: Holy Affirming. Holy Denying. Holy Reconciling,"The Complete Piano Music of Georges I. Gurdjieff & Thomas de Hartmann, Vol. 2: Reading of a Sacred Book",3a4a1PP7QDcAydE4ghMUdw,"['Thomas de Hartmann', 'G. I. Gurdjieff', 'Cecil Lytle']","['7jqkUMjqGY2FfZRUirtKdo', '4zFrWxrEffCBWEqNnZyB8T', '2aExcBr1TqFMd7zDw9HT64']",14,1,False,0.655,0.000781,7,-24.824,0,0.444,0.9740000000000001,0.9520000000000001,0.0796,0.273,134.248,254773,5.0,1988,1988-01-01
09Je1382VscvpGCFEZ6PP0,Sacred Hymns: The Song of the Resurrection of Christ,"The Complete Piano Music of Georges I. Gurdjieff & Thomas de Hartmann, Vol. 2: Reading of a Sacred Book",3a4a1PP7QDcAydE4ghMUdw,"['Thomas de Hartmann', 'G. I. Gurdjieff', 'Cecil Lytle']","['7jqkUMjqGY2FfZRUirtKdo', '4zFrWxrEffCBWEqNnZyB8T', '2aExcBr1TqFMd7zDw9HT64']",15,1,False,0.45899999999999996,0.00267,9,-30.173000000000002,0,0.0652,0.99,0.915,0.0664,0.158,133.086,219533,1.0,1988,1988-01-01
0DA40Dpiz1MsOGwCO3HEda,Sacred Hymns: Easter Night Procession,"The Complete Piano Music of Georges I. Gurdjieff & Thomas de Hartmann, Vol. 2: Reading of a Sacred Book",3a4a1PP7QDcAydE4ghMUdw,"['Thomas de Hartmann', 'G. I. Gurdjieff', 'Cecil Lytle']","['7jqkUMjqGY2FfZRUirtKdo', '4zFrWxrEffCBWEqNnZyB8T', '2aExcBr1TqFMd7zDw9HT64']",16,1,False,0.672,0.00126,5,-30.41800000000001,0,0.155,0.991,0.9690000000000001,0.077,0.303,128.833,392667,5.0,1988,1988-01-01
1y0BGtIyMfq8CLp2kE29aD,Sacred Hymns: Easter Hymn,"The Complete Piano Music of Georges I. Gurdjieff & Thomas de Hartmann, Vol. 2: Reading of a Sacred Book",3a4a1PP7QDcAydE4ghMUdw,"['Thomas de Hartmann', 'G. I. Gurdjieff', 'Cecil Lytle']","['7jqkUMjqGY2FfZRUirtKdo', '4zFrWxrEffCBWEqNnZyB8T', '2aExcBr1TqFMd7zDw9HT64']",17,1,False,0.674,0.00489,8,-24.463,1,0.121,0.992,0.897,0.0777,0.531,129.549,102493,5.0,1988,1988-01-01
2qdnR7s6HthzhSY7jriWzR,Journey to Inaccessible Places: Part 1,"The Complete Piano Music of Georges I. Gurdjieff & Thomas de Hartmann, Vol. 2: Reading of a Sacred Book",3a4a1PP7QDcAydE4ghMUdw,"['Thomas de Hartmann', 'G. I. Gurdjieff', 'Cecil Lytle']","['7jqkUMjqGY2FfZRUirtKdo', '4zFrWxrEffCBWEqNnZyB8T', '2aExcBr1TqFMd7zDw9HT64']",1,2,False,0.24600000000000002,0.00658,2,-28.415,0,0.0497,0.987,0.9129999999999999,0.0602,0.0663,205.791,169400,3.0,1988,1988-01-01
0JJLYsuzN38SfRbSIMaoxt,Journey to Inaccessible Places: Part 2,"The Complete Piano Music of Georges I. Gurdjieff & Thomas de Hartmann, Vol. 2: Reading of a Sacred Book",3a4a1PP7QDcAydE4ghMUdw,"['Thomas de Hartmann', 'G. I. Gurdjieff', 'Cecil Lytle']","['7jqkUMjqGY2FfZRUirtKdo', '4zFrWxrEffCBWEqNnZyB8T', '2aExcBr1TqFMd7zDw9HT64']",2,2,False,0.39299999999999996,0.0767,2,-26.728,0,0.0726,0.992,0.8759999999999999,0.142,0.40399999999999997,126.573,73333,4.0,1988,1988-01-01
2BB0kmHMGYVKBJ6OkhKOKq,Journey to Inaccessible Places: Part 3,"The Complete Piano Music of Georges I. Gurdjieff & Thomas de Hartmann, Vol. 2: Reading of a Sacred Book",3a4a1PP7QDcAydE4ghMUdw,"['Thomas de Hartmann', 'G. I. Gurdjieff', 'Cecil Lytle']","['7jqkUMjqGY2FfZRUirtKdo', '4zFrWxrEffCBWEqNnZyB8T', '2aExcBr1TqFMd7zDw9HT64']",3,2,False,0.401,0.0684,9,-24.54,0,0.0742,0.992,0.736,0.081,0.318,140.352,122933,5.0,1988,1988-01-01
5hZWnZOq6Z0PNT53ozELTZ,Journey to Inaccessible Places: Part 4,"The Complete Piano Music of Georges I. Gurdjieff & Thomas de Hartmann, Vol. 2: Reading of a Sacred Book",3a4a1PP7QDcAydE4ghMUdw,"['Thomas de Hartmann', 'G. I. Gurdjieff', 'Cecil Lytle']","['7jqkUMjqGY2FfZRUirtKdo', '4zFrWxrEffCBWEqNnZyB8T', '2aExcBr1TqFMd7zDw9HT64']",4,2,False,0.431,0.0289,9,-28.441,0,0.105,0.993,0.841,0.084,0.23,127.265,294800,3.0,1988,1988-01-01
4xiwKru4FPWc1AVnOux6xK,Journey to Inaccessible Places: Part 5,"The Complete Piano Music of Georges I. Gurdjieff & Thomas de Hartmann, Vol. 2: Reading of a Sacred Book",3a4a1PP7QDcAydE4ghMUdw,"['Thomas de Hartmann', 'G. I. Gurdjieff', 'Cecil Lytle']","['7jqkUMjqGY2FfZRUirtKdo', '4zFrWxrEffCBWEqNnZyB8T', '2aExcBr1TqFMd7zDw9HT64']",5,2,False,0.37,0.151,5,-23.423000000000002,0,0.0357,0.995,0.9309999999999999,0.126,0.301,80.229,122093,1.0,1988,1988-01-01
5w3PCIQB6NO78MvCinTDTT,Journey to Inaccessible Places: Part 6,"The Complete Piano Music of Georges I. Gurdjieff & Thomas de Hartmann, Vol. 2: Reading of a Sacred Book",3a4a1PP7QDcAydE4ghMUdw,"['Thomas de Hartmann', 'G. I. Gurdjieff', 'Cecil Lytle']","['7jqkUMjqGY2FfZRUirtKdo', '4zFrWxrEffCBWEqNnZyB8T', '2aExcBr1TqFMd7zDw9HT64']",6,2,False,0.408,0.126,5,-22.371,0,0.049,0.99,0.895,0.102,0.38799999999999996,144.64600000000004,79973,3.0,1988,1988-01-01
4rielMRUbIJUKC5a7ae0rz,Journey to Inaccessible Places: Part 7,"The Complete Piano Music of Georges I. Gurdjieff & Thomas de Hartmann, Vol. 2: Reading of a Sacred Book",3a4a1PP7QDcAydE4ghMUdw,"['Thomas de Hartmann', 'G. I. Gurdjieff', 'Cecil Lytle']","['7jqkUMjqGY2FfZRUirtKdo', '4zFrWxrEffCBWEqNnZyB8T', '2aExcBr1TqFMd7zDw9HT64']",7,2,False,0.436,0.00778,2,-28.671,1,0.0856,0.986,0.855,0.0754,0.121,93.571,207760,4.0,1988,1988-01-01
72BRz1Pxvpxy94Nf05yYlL,Journey to Inaccessible Places: Part 8,"The Complete Piano Music of Georges I. Gurdjieff & Thomas de Hartmann, Vol. 2: Reading of a Sacred Book",3a4a1PP7QDcAydE4ghMUdw,"['Thomas de Hartmann', 'G. I. Gurdjieff', 'Cecil Lytle']","['7jqkUMjqGY2FfZRUirtKdo', '4zFrWxrEffCBWEqNnZyB8T', '2aExcBr1TqFMd7zDw9HT64']",8,2,False,0.498,0.168,2,-22.04300000000001,0,0.0439,0.986,0.807,0.0922,0.6759999999999999,77.831,104733,1.0,1988,1988-01-01
6ClGxaV4vEi5qXKVgudDlk,Journey to Inaccessible Places: Part 9,"The Complete Piano Music of Georges I. Gurdjieff & Thomas de Hartmann, Vol. 2: Reading of a Sacred Book",3a4a1PP7QDcAydE4ghMUdw,"['Thomas de Hartmann', 'G. I. Gurdjieff', 'Cecil Lytle']","['7jqkUMjqGY2FfZRUirtKdo', '4zFrWxrEffCBWEqNnZyB8T', '2aExcBr1TqFMd7zDw9HT64']",9,2,False,0.293,0.00793,7,-29.401999999999997,0,0.0617,0.995,0.792,0.0962,0.0676,128.91299999999998,176467,4.0,1988,1988-01-01
2Z1TOjantnanNiEmSKg5O9,Reading of a Sacred Book,"The Complete Piano Music of Georges I. Gurdjieff & Thomas de Hartmann, Vol. 2: Reading of a Sacred Book",3a4a1PP7QDcAydE4ghMUdw,"['Thomas de Hartmann', 'G. I. Gurdjieff', 'Cecil Lytle']","['7jqkUMjqGY2FfZRUirtKdo', '4zFrWxrEffCBWEqNnZyB8T', '2aExcBr1TqFMd7zDw9HT64']",10,2,False,0.39899999999999997,0.021,9,-25.379,0,0.0559,0.9940000000000001,0.833,0.0653,0.0825,128.872,367067,3.0,1988,1988-01-01
4SlEotdyvvejRlOj6KCGUo,Dances and Chants of the Seids: Part 1,"The Complete Piano Music of Georges I. Gurdjieff & Thomas de Hartmann, Vol. 2: Reading of a Sacred Book",3a4a1PP7QDcAydE4ghMUdw,"['Thomas de Hartmann', 'G. I. Gurdjieff', 'Cecil Lytle']","['7jqkUMjqGY2FfZRUirtKdo', '4zFrWxrEffCBWEqNnZyB8T', '2aExcBr1TqFMd7zDw9HT64']",11,2,False,0.496,0.0398,5,-26.759,0,0.10800000000000001,0.9940000000000001,0.878,0.124,0.11199999999999999,111.01,136773,3.0,1988,1988-01-01
5drneVGLhpW9kqBOyLDHFh,Dances and Chants of the Seids: Part 2,"The Complete Piano Music of Georges I. Gurdjieff & Thomas de Hartmann, Vol. 2: Reading of a Sacred Book",3a4a1PP7QDcAydE4ghMUdw,"['Thomas de Hartmann', 'G. I. Gurdjieff', 'Cecil Lytle']","['7jqkUMjqGY2FfZRUirtKdo', '4zFrWxrEffCBWEqNnZyB8T', '2aExcBr1TqFMd7zDw9HT64']",12,2,False,0.4270000000000001,0.10300000000000001,2,-21.748,0,0.113,0.992,0.858,0.0684,0.428,82.494,137400,3.0,1988,1988-01-01
7b7VTBRSiwcYgEJGBzl0ah,Dances and Chants of the Seids: Part 3,"The Complete Piano Music of Georges I. Gurdjieff & Thomas de Hartmann, Vol. 2: Reading of a Sacred Book",3a4a1PP7QDcAydE4ghMUdw,"['Thomas de Hartmann', 'G. I. Gurdjieff', 'Cecil Lytle']","['7jqkUMjqGY2FfZRUirtKdo', '4zFrWxrEffCBWEqNnZyB8T', '2aExcBr1TqFMd7zDw9HT64']",13,2,False,0.433,0.062,6,-26.686,1,0.0601,0.993,0.912,0.151,0.325,120.07600000000001,136067,3.0,1988,1988-01-01
5DR6bunW6zRyqSqisISHHK,Dances and Chants of the Seids: Part 4,"The Complete Piano Music of Georges I. Gurdjieff & Thomas de Hartmann, Vol. 2: Reading of a Sacred Book",3a4a1PP7QDcAydE4ghMUdw,"['Thomas de Hartmann', 'G. I. Gurdjieff', 'Cecil Lytle']","['7jqkUMjqGY2FfZRUirtKdo', '4zFrWxrEffCBWEqNnZyB8T', '2aExcBr1TqFMd7zDw9HT64']",14,2,False,0.498,0.226,5,-20.557,1,0.0383,0.9690000000000001,0.8,0.0951,0.40299999999999997,105.345,79733,4.0,1988,1988-01-01
2HLjU29S2AnqQRa4iuCHHj,Dances and Chants of the Seids: Part 5,"The Complete Piano Music of Georges I. Gurdjieff & Thomas de Hartmann, Vol. 2: Reading of a Sacred Book",3a4a1PP7QDcAydE4ghMUdw,"['Thomas de Hartmann', 'G. I. Gurdjieff', 'Cecil Lytle']","['7jqkUMjqGY2FfZRUirtKdo', '4zFrWxrEffCBWEqNnZyB8T', '2aExcBr1TqFMd7zDw9HT64']",15,2,False,0.309,0.0519,11,-25.32,0,0.0466,0.995,0.84,0.0645,0.161,62.483000000000004,99027,4.0,1988,1988-01-01
1UsHRB5jsGeUSXd0DdS1aO,Dances and Chants of the Seids: Part 6,"The Complete Piano Music of Georges I. Gurdjieff & Thomas de Hartmann, Vol. 2: Reading of a Sacred Book",3a4a1PP7QDcAydE4ghMUdw,"['Thomas de Hartmann', 'G. I. Gurdjieff', 'Cecil Lytle']","['7jqkUMjqGY2FfZRUirtKdo', '4zFrWxrEffCBWEqNnZyB8T', '2aExcBr1TqFMd7zDw9HT64']",16,2,False,0.387,0.0658,9,-23.365,0,0.0607,0.9940000000000001,0.7240000000000001,0.0885,0.155,89.116,81907,4.0,1988,1988-01-01
6LTVuo7xs7b3t0ZomCSpJR,Dances and Chants of the Seids: Part 7,"The Complete Piano Music of Georges I. Gurdjieff & Thomas de Hartmann, Vol. 2: Reading of a Sacred Book",3a4a1PP7QDcAydE4ghMUdw,"['Thomas de Hartmann', 'G. I. Gurdjieff', 'Cecil Lytle']","['7jqkUMjqGY2FfZRUirtKdo', '4zFrWxrEffCBWEqNnZyB8T', '2aExcBr1TqFMd7zDw9HT64']",17,2,False,0.498,0.102,2,-24.131999999999998,0,0.12,0.9890000000000001,0.784,0.11199999999999999,0.22699999999999998,117.509,142427,3.0,1988,1988-01-01
5AE3G7puFDXyIDsfhvdT73,Dances and Chants of the Seids: Part 8,"The Complete Piano Music of Georges I. Gurdjieff & Thomas de Hartmann, Vol. 2: Reading of a Sacred Book",3a4a1PP7QDcAydE4ghMUdw,"['Thomas de Hartmann', 'G. I. Gurdjieff', 'Cecil Lytle']","['7jqkUMjqGY2FfZRUirtKdo', '4zFrWxrEffCBWEqNnZyB8T', '2aExcBr1TqFMd7zDw9HT64']",18,2,False,0.41,0.0754,5,-22.541,0,0.054000000000000006,0.992,0.9009999999999999,0.135,0.10099999999999999,110.581,135507,4.0,1988,1988-01-01
4UmOKX7GLCx1XV69axDNwq,Dances and Chants of the Seids: Part 9,"The Complete Piano Music of Georges I. Gurdjieff & Thomas de Hartmann, Vol. 2: Reading of a Sacred Book",3a4a1PP7QDcAydE4ghMUdw,"['Thomas de Hartmann', 'G. I. Gurdjieff', 'Cecil Lytle']","['7jqkUMjqGY2FfZRUirtKdo', '4zFrWxrEffCBWEqNnZyB8T', '2aExcBr1TqFMd7zDw9HT64']",19,2,False,0.516,0.00518,2,-28.151999999999997,1,0.109,0.992,0.934,0.0894,0.439,57.231,183400,3.0,1988,1988-01-01
7K6befYcmuiyBH9A9TriD7,Dances and Chants of the Seids: Part 10,"The Complete Piano Music of Georges I. Gurdjieff & Thomas de Hartmann, Vol. 2: Reading of a Sacred Book",3a4a1PP7QDcAydE4ghMUdw,"['Thomas de Hartmann', 'G. I. Gurdjieff', 'Cecil Lytle']","['7jqkUMjqGY2FfZRUirtKdo', '4zFrWxrEffCBWEqNnZyB8T', '2aExcBr1TqFMd7zDw9HT64']",20,2,False,0.402,0.0218,7,-27.491,0,0.0541,0.995,0.919,0.0736,0.0706,115.816,154493,3.0,1988,1988-01-01
37jYfFqWFbJrZuj1oXQTJp,Dances and Chants of the Seids: Part 11,"The Complete Piano Music of Georges I. Gurdjieff & Thomas de Hartmann, Vol. 2: Reading of a Sacred Book",3a4a1PP7QDcAydE4ghMUdw,"['Thomas de Hartmann', 'G. I. Gurdjieff', 'Cecil Lytle']","['7jqkUMjqGY2FfZRUirtKdo', '4zFrWxrEffCBWEqNnZyB8T', '2aExcBr1TqFMd7zDw9HT64']",21,2,False,0.564,0.1,7,-23.75800000000001,0,0.0839,0.996,0.927,0.165,0.39,119.632,66067,4.0,1988,1988-01-01
2nXgYIbvnmqKV5leo6jsaK,Dances and Chants of the Seids: Part 12,"The Complete Piano Music of Georges I. Gurdjieff & Thomas de Hartmann, Vol. 2: Reading of a Sacred Book",3a4a1PP7QDcAydE4ghMUdw,"['Thomas de Hartmann', 'G. I. Gurdjieff', 'Cecil Lytle']","['7jqkUMjqGY2FfZRUirtKdo', '4zFrWxrEffCBWEqNnZyB8T', '2aExcBr1TqFMd7zDw9HT64']",22,2,False,0.289,0.102,10,-23.79,1,0.0501,0.993,0.877,0.10300000000000001,0.0515,108.964,139200,4.0,1988,1988-01-01
7G753wwbRziip7tEFe6Khu,Dances and Chants of the Seids: Part 13,"The Complete Piano Music of Georges I. Gurdjieff & Thomas de Hartmann, Vol. 2: Reading of a Sacred Book",3a4a1PP7QDcAydE4ghMUdw,"['Thomas de Hartmann', 'G. I. Gurdjieff', 'Cecil Lytle']","['7jqkUMjqGY2FfZRUirtKdo', '4zFrWxrEffCBWEqNnZyB8T', '2aExcBr1TqFMd7zDw9HT64']",23,2,False,0.434,0.0497,3,-25.087,1,0.0577,0.991,0.833,0.126,0.161,96.95200000000001,153200,3.0,1988,1988-01-01
4H42chaIfyJBa5wwfNo5Ge,Dances and Chants of the Seids: Part 14,"The Complete Piano Music of Georges I. Gurdjieff & Thomas de Hartmann, Vol. 2: Reading of a Sacred Book",3a4a1PP7QDcAydE4ghMUdw,"['Thomas de Hartmann', 'G. I. Gurdjieff', 'Cecil Lytle']","['7jqkUMjqGY2FfZRUirtKdo', '4zFrWxrEffCBWEqNnZyB8T', '2aExcBr1TqFMd7zDw9HT64']",24,2,False,0.46,0.0106,0,-25.765,1,0.0601,0.978,0.887,0.105,0.129,125.113,219973,3.0,1988,1988-01-01
0mVXfRequyGrAvfjvwtT3l,Mamie,Homemade,5kdbWGmr1nzhXpzlDTf497,['Cephas & Wiggins'],['40MbAfRt1y7QdeGSkSp4pF'],1,1,False,0.541,0.29,2,-12.880999999999998,1,0.0332,0.7040000000000001,1.0800000000000003e-05,0.0754,0.495,104.71600000000001,267960,4.0,1999,1999
0KAUjKwJBUjkCNAD572NJG,Meeting The Mule,Homemade,5kdbWGmr1nzhXpzlDTf497,['Cephas & Wiggins'],['40MbAfRt1y7QdeGSkSp4pF'],2,1,False,0.564,0.321,2,-13.998,1,0.0358,0.6709999999999999,0.0,0.141,0.8390000000000001,91.975,185600,4.0,1999,1999
0J848nsODTTu06WXUIxjGp,Spider Woman,Homemade,5kdbWGmr1nzhXpzlDTf497,['Cephas & Wiggins'],['40MbAfRt1y7QdeGSkSp4pF'],3,1,False,0.633,0.24100000000000002,4,-12.494000000000002,1,0.0476,0.596,3.25e-06,0.0776,0.5820000000000001,108.931,198467,4.0,1999,1999
5iGKV1nyjdFd6pIbmLwgg5,Trouble In Mind,Homemade,5kdbWGmr1nzhXpzlDTf497,['Cephas & Wiggins'],['40MbAfRt1y7QdeGSkSp4pF'],4,1,False,0.618,0.225,4,-12.815,1,0.0382,0.738,0.0,0.0965,0.617,110.15799999999999,187133,4.0,1999,1999
7svVNa5xgc8IM0cieRRuLF,Jelly Roll,Homemade,5kdbWGmr1nzhXpzlDTf497,['Cephas & Wiggins'],['40MbAfRt1y7QdeGSkSp4pF'],5,1,False,0.473,0.369,3,-10.274000000000001,1,0.081,0.275,0.0,0.0678,0.93,72.45100000000002,146067,3.0,1999,1999
500iyA2SzYN1Se2a6uXYdw,Walking Mama,Homemade,5kdbWGmr1nzhXpzlDTf497,['Cephas & Wiggins'],['40MbAfRt1y7QdeGSkSp4pF'],6,1,False,0.517,0.29100000000000004,4,-13.181,1,0.0333,0.8340000000000001,0.0,0.135,0.539,125.727,195467,4.0,1999,1999
5xXxOTIc7cW0fJ9SiPu9nM,A Lot Of Them Blues,Homemade,5kdbWGmr1nzhXpzlDTf497,['Cephas & Wiggins'],['40MbAfRt1y7QdeGSkSp4pF'],7,1,False,0.615,0.18899999999999997,0,-13.075999999999999,1,0.0352,0.82,0.0,0.139,0.563,104.524,157400,4.0,1999,1999
58g6pROZwGNwCR6SuxbBJu,Illinois Blues,Homemade,5kdbWGmr1nzhXpzlDTf497,['Cephas & Wiggins'],['40MbAfRt1y7QdeGSkSp4pF'],8,1,False,0.4270000000000001,0.256,9,-13.585,0,0.0402,0.462,1.5399999999999998e-05,0.11800000000000001,0.5489999999999999,98.729,219600,4.0,1999,1999
1yZ74pwvfDTkE1JfeBosTB,I Was Determined,Homemade,5kdbWGmr1nzhXpzlDTf497,['Cephas & Wiggins'],['40MbAfRt1y7QdeGSkSp4pF'],9,1,False,0.545,0.311,11,-12.397,0,0.0539,0.748,0.0,0.301,0.848,102.101,182773,4.0,1999,1999
6m2rGSwHZTzUtLXmyPKoJn,Sounds Of The Blues,Homemade,5kdbWGmr1nzhXpzlDTf497,['Cephas & Wiggins'],['40MbAfRt1y7QdeGSkSp4pF'],10,1,False,0.6509999999999999,0.3,6,-12.784,0,0.0563,0.782,0.0,0.153,0.733,118.10600000000001,223533,4.0,1999,1999
3Can4A2K87qG9DLuDCZCjD,Worried Life Blues,Homemade,5kdbWGmr1nzhXpzlDTf497,['Cephas & Wiggins'],['40MbAfRt1y7QdeGSkSp4pF'],11,1,False,0.58,0.344,11,-11.79,1,0.0323,0.8290000000000001,0.0012900000000000001,0.129,0.506,138.503,198800,4.0,1999,1999
4W71u64FhR8U3PkxTQYdyD,Me And My Chauffeur,Homemade,5kdbWGmr1nzhXpzlDTf497,['Cephas & Wiggins'],['40MbAfRt1y7QdeGSkSp4pF'],12,1,False,0.4970000000000001,0.39399999999999996,2,-12.4,1,0.0366,0.586,4.3e-05,0.113,0.782,113.815,196827,4.0,1999,1999
0amfQAlygBi3JTf1qph861,Slow Blues,Homemade,5kdbWGmr1nzhXpzlDTf497,['Cephas & Wiggins'],['40MbAfRt1y7QdeGSkSp4pF'],13,1,False,0.491,0.193,2,-14.619000000000002,1,0.0336,0.6629999999999999,0.016,0.135,0.376,89.625,205907,4.0,1999,1999
0pN4ZKRy1rRzurcZI6Q19z,Leaving Blues,Homemade,5kdbWGmr1nzhXpzlDTf497,['Cephas & Wiggins'],['40MbAfRt1y7QdeGSkSp4pF'],14,1,False,0.461,0.17300000000000001,2,-13.934000000000001,1,0.0433,0.8640000000000001,0.0,0.456,0.466,90.995,174427,4.0,1999,1999
5gBC5hT8dz6TXFxVU5H8sy,Pigmeat,Homemade,5kdbWGmr1nzhXpzlDTf497,['Cephas & Wiggins'],['40MbAfRt1y7QdeGSkSp4pF'],15,1,False,0.6509999999999999,0.446,2,-10.173,1,0.0416,0.24100000000000002,0.0,0.111,0.8059999999999999,102.977,228533,4.0,1999,1999
7f1kPtZHYfojmEFUzZoze0,Pawnshop Bound,Deluxe Edition,396pJAs7awQ2WPVDHZLPRh,['William Clarke'],['2eECVTTCHnDwsBirJPiDke'],1,1,False,0.6509999999999999,0.74,0,-9.281,1,0.0437,0.233,0.00686,0.134,0.755,117.663,263267,4.0,1999,1999
0MaeHuUiZULOJKSctpOy5B,Fishing Blues,Deluxe Edition,396pJAs7awQ2WPVDHZLPRh,['William Clarke'],['2eECVTTCHnDwsBirJPiDke'],2,1,False,0.474,0.5479999999999999,0,-10.884,1,0.0323,0.204,0.0014,0.218,0.7559999999999999,89.869,193827,4.0,1999,1999
5DlgHkIKBqGSQmnXkj2e57,Trying So Hard,Deluxe Edition,396pJAs7awQ2WPVDHZLPRh,['William Clarke'],['2eECVTTCHnDwsBirJPiDke'],3,1,False,0.731,0.66,9,-10.306,1,0.033,0.17300000000000001,1.4999999999999999e-05,0.185,0.97,128.625,217000,4.0,1999,1999
6YeQVjQ6U7LMNZXe3fqzRw,This Is My Last Goodbye,Deluxe Edition,396pJAs7awQ2WPVDHZLPRh,['William Clarke'],['2eECVTTCHnDwsBirJPiDke'],4,1,False,0.526,0.46,7,-9.963,1,0.0258,0.166,0.0011099999999999999,0.11199999999999999,0.509,96.757,171000,3.0,1999,1999
5iOZe3XVfTM7H8rTcSZCPQ,Easter Bunny Boogie,Deluxe Edition,396pJAs7awQ2WPVDHZLPRh,['William Clarke'],['2eECVTTCHnDwsBirJPiDke'],5,1,False,0.677,0.62,5,-11.298,1,0.0404,0.28300000000000003,0.00135,0.0895,0.799,117.08,294867,4.0,1999,1999
67ViMDVyB9ZH5l3Suv8W1Z,Broke And Hungry,Deluxe Edition,396pJAs7awQ2WPVDHZLPRh,['William Clarke'],['2eECVTTCHnDwsBirJPiDke'],6,1,False,0.62,0.7440000000000001,2,-10.543,1,0.037000000000000005,0.129,5.56e-05,0.332,0.922,129.514,186333,4.0,1999,1999
2sidogFak6ODyCNdxcwlae,It's Been A Long Time,Deluxe Edition,396pJAs7awQ2WPVDHZLPRh,['William Clarke'],['2eECVTTCHnDwsBirJPiDke'],7,1,False,0.46799999999999997,0.434,7,-10.392000000000001,1,0.0289,0.214,0.000666,0.0982,0.392,133.584,416840,3.0,1999,1999
704uUWLaxi1vig0hmrLNKY,Educated Fool,Deluxe Edition,396pJAs7awQ2WPVDHZLPRh,['William Clarke'],['2eECVTTCHnDwsBirJPiDke'],8,1,False,0.523,0.807,4,-12.142000000000001,0,0.0346,0.0192,0.0031100000000000004,0.11900000000000001,0.62,89.90700000000002,153360,4.0,1999,1999
02iQh2qKLU9eSZYZ9ohUme,Lose Your Life,Deluxe Edition,396pJAs7awQ2WPVDHZLPRh,['William Clarke'],['2eECVTTCHnDwsBirJPiDke'],9,1,False,0.628,0.504,0,-11.117,1,0.0657,0.153,0.00246,0.07200000000000001,0.461,96.147,196933,4.0,1999,1999
1zmvSsllNQp4ntvCbqNCtr,Going Down This Highway,Deluxe Edition,396pJAs7awQ2WPVDHZLPRh,['William Clarke'],['2eECVTTCHnDwsBirJPiDke'],10,1,False,0.275,0.606,5,-10.918,1,0.0417,0.0127,0.00159,0.0684,0.434,76.512,276600,4.0,1999,1999
22I0XpzDVsVTdaJ6KiOh8e,The Boss,Deluxe Edition,396pJAs7awQ2WPVDHZLPRh,['William Clarke'],['2eECVTTCHnDwsBirJPiDke'],11,1,False,0.446,0.5720000000000001,11,-10.006,0,0.0308,0.00502,0.722,0.32799999999999996,0.524,106.059,266640,4.0,1999,1999
129ru1PG58MIRbxTHybVDT,Evil,Deluxe Edition,396pJAs7awQ2WPVDHZLPRh,['William Clarke'],['2eECVTTCHnDwsBirJPiDke'],12,1,False,0.596,0.5710000000000001,11,-8.443,0,0.0285,0.0401,0.009179999999999999,0.242,0.631,112.75,212333,1.0,1999,1999
5cV03DIncSFv7vclrlVsEx,Must Be Jelly,Deluxe Edition,396pJAs7awQ2WPVDHZLPRh,['William Clarke'],['2eECVTTCHnDwsBirJPiDke'],13,1,False,0.78,0.34,0,-14.052,1,0.0577,0.361,0.0126,0.153,0.61,104.191,421867,4.0,1999,1999
4l0839aBOoveGzJ6BbySy8,Blowin' The Family Jewels,Deluxe Edition,396pJAs7awQ2WPVDHZLPRh,['William Clarke'],['2eECVTTCHnDwsBirJPiDke'],14,1,False,0.573,0.7759999999999999,2,-10.02,1,0.0565,0.0155,0.9159999999999999,0.271,0.86,97.571,156093,4.0,1999,1999
72UEF2TvoXi6X5p8TwE9Ez,Somebody Is Calling Me Home,Deluxe Edition,396pJAs7awQ2WPVDHZLPRh,['William Clarke'],['2eECVTTCHnDwsBirJPiDke'],15,1,False,0.39799999999999996,0.39399999999999996,4,-10.799000000000001,1,0.0298,0.493,0.00503,0.0677,0.426,176.351,265933,3.0,1999,1999
2fb1NpETI05bQ5SxT409C0,I Got A Feeling,Deluxe Edition,396pJAs7awQ2WPVDHZLPRh,['William Clarke'],['2eECVTTCHnDwsBirJPiDke'],16,1,False,0.581,0.39899999999999997,0,-12.168,1,0.0318,0.275,0.00034500000000000004,0.349,0.6459999999999999,119.807,217307,4.0,1999,1999
37q0MdorsRY69CIeOIQ1tO,Intro by Anya Phillips,Soul Exorcism Redux,3B9fMlAsNWfiIJSgUUkYxf,"['james chance', 'The Contortions']","['1S3lM6GSUG4lkSQD0Q2fKD', '0Q3CpdEaWZuOi3lLYH9piU']",1,1,False,0.441,0.358,11,-23.019000000000002,0,0.121,0.0591,0.0,0.29600000000000004,0.21,116.7,21707,5.0,2007,2007-05-22
7l7A20sljSgjoUL5Wwu9kl,Don't Stop Til You Get Enough,Soul Exorcism Redux,3B9fMlAsNWfiIJSgUUkYxf,"['james chance', 'The Contortions']","['1S3lM6GSUG4lkSQD0Q2fKD', '0Q3CpdEaWZuOi3lLYH9piU']",2,1,False,0.41,0.645,8,-14.774000000000001,0,0.41600000000000004,0.245,0.555,0.899,0.654,77.59,390920,4.0,2007,2007-05-22
3ie8mOoQwDOzjgiWf5ZPyO,I Danced With A Zombie,Soul Exorcism Redux,3B9fMlAsNWfiIJSgUUkYxf,"['james chance', 'The Contortions']","['1S3lM6GSUG4lkSQD0Q2fKD', '0Q3CpdEaWZuOi3lLYH9piU']",3,1,False,0.474,0.616,9,-15.708,1,0.37,0.154,0.7709999999999999,0.163,0.655,123.85700000000001,511093,4.0,2007,2007-05-22
20PcBDkR1WOkzb9AamK9zL,Exorcise The Funk,Soul Exorcism Redux,3B9fMlAsNWfiIJSgUUkYxf,"['james chance', 'The Contortions']","['1S3lM6GSUG4lkSQD0Q2fKD', '0Q3CpdEaWZuOi3lLYH9piU']",4,1,False,0.43,0.69,4,-15.432,1,0.295,0.386,0.748,0.695,0.7070000000000001,105.05,397187,4.0,2007,2007-05-22
26pAJlphaKbEbjv2LkDKaA,Disposable You,Soul Exorcism Redux,3B9fMlAsNWfiIJSgUUkYxf,"['james chance', 'The Contortions']","['1S3lM6GSUG4lkSQD0Q2fKD', '0Q3CpdEaWZuOi3lLYH9piU']",5,1,False,0.662,0.4920000000000001,8,-17.062,0,0.13699999999999998,0.5670000000000001,0.713,0.147,0.77,123.32799999999999,365547,4.0,2007,2007-05-22
44Yll1jWjbTh5j8szxULYI,The Twitch,Soul Exorcism Redux,3B9fMlAsNWfiIJSgUUkYxf,"['james chance', 'The Contortions']","['1S3lM6GSUG4lkSQD0Q2fKD', '0Q3CpdEaWZuOi3lLYH9piU']",6,1,False,0.515,0.8420000000000001,9,-12.564,1,0.47700000000000004,0.46799999999999997,0.604,0.745,0.895,167.46,322040,4.0,2007,2007-05-22
2EbNDdlbLidyl9AE0MWoyI,The Devil Made Me Do It,Soul Exorcism Redux,3B9fMlAsNWfiIJSgUUkYxf,"['james chance', 'The Contortions']","['1S3lM6GSUG4lkSQD0Q2fKD', '0Q3CpdEaWZuOi3lLYH9piU']",7,1,False,0.514,0.6659999999999999,11,-15.839,0,0.299,0.451,0.373,0.679,0.6759999999999999,81.506,522387,4.0,2007,2007-05-22
1eD7rPdWA6pjktt5VCwPyp,Melt Yourself,Soul Exorcism Redux,3B9fMlAsNWfiIJSgUUkYxf,"['james chance', 'The Contortions']","['1S3lM6GSUG4lkSQD0Q2fKD', '0Q3CpdEaWZuOi3lLYH9piU']",8,1,False,0.425,0.7090000000000001,2,-14.436,1,0.509,0.35100000000000003,0.809,0.723,0.66,161.804,322480,4.0,2007,2007-05-22
1CPyxyBCMFyxPoYXXuQyU0,King Heroin,Soul Exorcism Redux,3B9fMlAsNWfiIJSgUUkYxf,"['james chance', 'The Contortions']","['1S3lM6GSUG4lkSQD0Q2fKD', '0Q3CpdEaWZuOi3lLYH9piU']",9,1,False,0.507,0.342,8,-16.212,1,0.0822,0.866,0.632,0.688,0.469,133.666,583333,3.0,2007,2007-05-22
1YsXpEqt2gIPOd7QtspBDw,Put Me Back In My Cage,Soul Exorcism Redux,3B9fMlAsNWfiIJSgUUkYxf,"['james chance', 'The Contortions']","['1S3lM6GSUG4lkSQD0Q2fKD', '0Q3CpdEaWZuOi3lLYH9piU']",10,1,False,0.415,0.8859999999999999,11,-13.42,0,0.14300000000000002,0.22699999999999998,0.7909999999999999,0.688,0.4970000000000001,86.15899999999998,322733,4.0,2007,2007-05-22
3D5huTogWelmijcqHdzO6O,Contort Yourself,Soul Exorcism Redux,3B9fMlAsNWfiIJSgUUkYxf,"['james chance', 'The Contortions']","['1S3lM6GSUG4lkSQD0Q2fKD', '0Q3CpdEaWZuOi3lLYH9piU']",11,1,False,0.3670000000000001,0.79,1,-14.222000000000001,0,0.522,0.309,0.5379999999999999,0.715,0.698,163.026,256653,4.0,2007,2007-05-22
1g6LTdrPOALTLMGYnQKP3C,Disposable You #2,Soul Exorcism Redux,3B9fMlAsNWfiIJSgUUkYxf,"['james chance', 'The Contortions']","['1S3lM6GSUG4lkSQD0Q2fKD', '0Q3CpdEaWZuOi3lLYH9piU']",12,1,False,0.752,0.7,10,-9.162,0,0.0471,0.28,0.392,0.139,0.83,123.045,251360,4.0,2007,2007-05-22
0jQ02W6ixprJFU6Pr3po5z,I Don't Want Nobody To Give Me Nothing,Soul Exorcism Redux,3B9fMlAsNWfiIJSgUUkYxf,"['james chance', 'The Contortions']","['1S3lM6GSUG4lkSQD0Q2fKD', '0Q3CpdEaWZuOi3lLYH9piU']",13,1,False,0.792,0.746,9,-8.703,0,0.0468,0.32299999999999995,0.0138,0.44,0.845,113.97200000000001,220280,4.0,2007,2007-05-22
2ejKBlJbqpXYxCXM3ljw3j,Truth Or Consequence,Soul Exorcism Redux,3B9fMlAsNWfiIJSgUUkYxf,"['james chance', 'The Contortions']","['1S3lM6GSUG4lkSQD0Q2fKD', '0Q3CpdEaWZuOi3lLYH9piU']",14,1,False,0.802,0.792,6,-9.807,1,0.25,0.611,0.000346,0.107,0.748,112.439,268080,4.0,2007,2007-05-22
5IRpWu2wJaDPTIoj6fpQWz,Wilde Orchidee,Sehnsucht nach irgendwo,5i3QbB2Sad1OVLk0bfQ6wj,['Die Flippers'],['043PrBIjao3PCKicMRvbgf'],1,1,False,0.632,0.87,7,-8.406,1,0.0344,0.171,0.0,0.295,0.922,122.101,209560,4.0,1993,1993-04-02
25iIthwKlbfvggbO0WEoCU,Sehnsucht nach irgendwo,Sehnsucht nach irgendwo,5i3QbB2Sad1OVLk0bfQ6wj,['Die Flippers'],['043PrBIjao3PCKicMRvbgf'],2,1,False,0.67,0.75,3,-9.769,1,0.031,0.35700000000000004,0.0,0.213,0.736,124.29299999999999,208893,4.0,1993,1993-04-02
0JcVOKVgCA9HbATY6QwCbt,Angelo mio,Sehnsucht nach irgendwo,5i3QbB2Sad1OVLk0bfQ6wj,['Die Flippers'],['043PrBIjao3PCKicMRvbgf'],3,1,False,0.613,0.747,4,-8.46,1,0.0472,0.313,0.0,0.266,0.65,123.006,194867,4.0,1993,1993-04-02
2Kj0AIfMcGY6E62VwHpN5G,Auf der Straße unserer Liebe,Sehnsucht nach irgendwo,5i3QbB2Sad1OVLk0bfQ6wj,['Die Flippers'],['043PrBIjao3PCKicMRvbgf'],4,1,False,0.564,0.655,11,-10.315999999999999,1,0.0286,0.3720000000000001,0.0,0.33,0.6859999999999999,113.945,198867,4.0,1993,1993-04-02
2FNElFLPZNbnl6LNnUmuv0,"Es ist so schön, daß du da bist",Sehnsucht nach irgendwo,5i3QbB2Sad1OVLk0bfQ6wj,['Die Flippers'],['043PrBIjao3PCKicMRvbgf'],5,1,False,0.632,0.631,4,-9.91,1,0.027000000000000003,0.276,0.000321,0.14800000000000002,0.6709999999999999,119.963,178093,4.0,1993,1993-04-02
4d7zkJBVoCsr6YxwdfAhkz,Ich schenk dir mein Leben,Sehnsucht nach irgendwo,5i3QbB2Sad1OVLk0bfQ6wj,['Die Flippers'],['043PrBIjao3PCKicMRvbgf'],6,1,False,0.6609999999999999,0.823,10,-9.834,1,0.0322,0.19,8.55e-06,0.314,0.951,119.96700000000001,205333,4.0,1993,1993-04-02
3QhuacX4LWiMBKo5BwXLMy,Angelina,Sehnsucht nach irgendwo,5i3QbB2Sad1OVLk0bfQ6wj,['Die Flippers'],['043PrBIjao3PCKicMRvbgf'],7,1,False,0.324,0.619,4,-9.248,1,0.0301,0.47600000000000003,0.0,0.223,0.449,200.69099999999997,211760,3.0,1993,1993-04-02
7qf4SUydase2JeErShWHMX,Tanzen unterm Regenbogen,Sehnsucht nach irgendwo,5i3QbB2Sad1OVLk0bfQ6wj,['Die Flippers'],['043PrBIjao3PCKicMRvbgf'],8,1,False,0.613,0.852,4,-9.388,1,0.0444,0.267,0.0,0.35200000000000004,0.6970000000000001,103.027,189827,4.0,1993,1993-04-02
00QZQhnTXfYqXwqJ7I68yj,Weine keine Tränen heut Nacht,Sehnsucht nach irgendwo,5i3QbB2Sad1OVLk0bfQ6wj,['Die Flippers'],['043PrBIjao3PCKicMRvbgf'],9,1,False,0.6579999999999999,0.628,0,-9.696,1,0.025,0.248,4.01e-05,0.33,0.825,109.441,206493,4.0,1993,1993-04-02
1s5mgiB3fh1AhCXTTJvw78,Luisa,Sehnsucht nach irgendwo,5i3QbB2Sad1OVLk0bfQ6wj,['Die Flippers'],['043PrBIjao3PCKicMRvbgf'],10,1,False,0.606,0.718,10,-10.544,1,0.0416,0.297,0.0,0.342,0.813,115.98200000000001,214800,4.0,1993,1993-04-02
6LCf0FdkIcA9IylJt2jtZi,Ti amo (Das Lied der verlorenen Herzen),Sehnsucht nach irgendwo,5i3QbB2Sad1OVLk0bfQ6wj,['Die Flippers'],['043PrBIjao3PCKicMRvbgf'],11,1,False,0.588,0.8,11,-9.557,1,0.0346,0.317,0.0,0.207,0.894,121.98899999999999,199427,4.0,1993,1993-04-02
4AbeWTBsQVxYdAb6HERbT9,Wenn ich morgens aufsteh,Sehnsucht nach irgendwo,5i3QbB2Sad1OVLk0bfQ6wj,['Die Flippers'],['043PrBIjao3PCKicMRvbgf'],12,1,False,0.5,0.562,7,-10.163,1,0.0262,0.253,0.0,0.5920000000000001,0.589,98.991,210027,3.0,1993,1993-04-02
2g9uIja6NLBMMlekDskoiX,Wenn es Sommer wird in Avignon,Sehnsucht nach irgendwo,5i3QbB2Sad1OVLk0bfQ6wj,['Die Flippers'],['043PrBIjao3PCKicMRvbgf'],13,1,False,0.574,0.716,0,-9.855,1,0.0301,0.23,0.0,0.726,0.743,126.00399999999999,211373,4.0,1993,1993-04-02
0dW3t4hufPYzCNuB9TDn5F,Bis zum Morgen dieser Nacht,Sehnsucht nach irgendwo,5i3QbB2Sad1OVLk0bfQ6wj,['Die Flippers'],['043PrBIjao3PCKicMRvbgf'],14,1,False,0.414,0.528,6,-9.632,1,0.0276,0.18,5.61e-06,0.41100000000000003,0.685,176.14,183600,4.0,1993,1993-04-02
5Ek8CVjlnaaM9sxPs0xQmM,Maria,Sudestada,1uCFUS5MC5XFPUbQ6uxBZn,['Maria Volonte'],['5C1ZBqt6NoORyfsT05X9EJ'],1,1,False,0.379,0.0847,0,-15.427,0,0.0376,0.922,1.74e-06,0.132,0.19899999999999998,81.429,293333,3.0,2007,2007-01-01
1jBH7YbllQrsnKIR98BqtT,Parte del Juego,Sudestada,1uCFUS5MC5XFPUbQ6uxBZn,['Maria Volonte'],['5C1ZBqt6NoORyfsT05X9EJ'],2,1,False,0.44299999999999995,0.0209,8,-19.776,1,0.0379,0.978,0.000848,0.11699999999999999,0.17600000000000002,89.431,211227,4.0,2007,2007-01-01
1IbrCeaG6n5rbmomNdXrOR,Pequena,Sudestada,1uCFUS5MC5XFPUbQ6uxBZn,['Maria Volonte'],['5C1ZBqt6NoORyfsT05X9EJ'],3,1,False,0.498,0.0379,5,-19.705,1,0.0377,0.987,0.0241,0.107,0.141,91.40299999999999,234693,5.0,2007,2007-01-01
5xbAyZ4JRvl2ojVDAet4Bb,No se como olvidar,Sudestada,1uCFUS5MC5XFPUbQ6uxBZn,['Maria Volonte'],['5C1ZBqt6NoORyfsT05X9EJ'],4,1,False,0.541,0.0443,9,-19.352,1,0.0384,0.966,0.0009119999999999999,0.105,0.25,82.60600000000002,215627,4.0,2007,2007-01-01
1EiMbLcFuFLyViYL1MP0MN,Sauce Grande,Sudestada,1uCFUS5MC5XFPUbQ6uxBZn,['Maria Volonte'],['5C1ZBqt6NoORyfsT05X9EJ'],5,1,False,0.764,0.409,4,-11.619000000000002,0,0.177,0.703,2.410000000000001e-05,0.067,0.804,136.955,164120,3.0,2007,2007-01-01
5fEijoDlQ3k6SFZrOJpZYw,La Flor de la Canela,Sudestada,1uCFUS5MC5XFPUbQ6uxBZn,['Maria Volonte'],['5C1ZBqt6NoORyfsT05X9EJ'],6,1,False,0.68,0.235,5,-13.174000000000001,1,0.0983,0.888,1.48e-06,0.11,0.379,122.473,243960,3.0,2007,2007-01-01
54UBwtzZi2AMwpuuNiS7kr,Postales,Sudestada,1uCFUS5MC5XFPUbQ6uxBZn,['Maria Volonte'],['5C1ZBqt6NoORyfsT05X9EJ'],7,1,False,0.426,0.0567,2,-16.749000000000002,1,0.0367,0.966,0.0053100000000000005,0.105,0.0937,112.448,195200,3.0,2007,2007-01-01
0bCQJ5hGsvwmGKbvv2HvTS,Los Mareados,Sudestada,1uCFUS5MC5XFPUbQ6uxBZn,['Maria Volonte'],['5C1ZBqt6NoORyfsT05X9EJ'],8,1,False,0.485,0.122,9,-13.181,0,0.055999999999999994,0.935,0.0,0.0848,0.3720000000000001,88.141,212920,4.0,2007,2007-01-01
4koBoorgSHGz1n67bnNNCW,Naranjo en Flor,Sudestada,1uCFUS5MC5XFPUbQ6uxBZn,['Maria Volonte'],['5C1ZBqt6NoORyfsT05X9EJ'],9,1,False,0.306,0.0394,7,-15.120999999999999,1,0.0395,0.985,6.23e-05,0.105,0.175,70.902,295093,4.0,2007,2007-01-01
3AZJvjwdPEpCnO4c0je5nQ,Candombe Bailador,Sudestada,1uCFUS5MC5XFPUbQ6uxBZn,['Maria Volonte'],['5C1ZBqt6NoORyfsT05X9EJ'],10,1,False,0.782,0.373,0,-12.635,1,0.0721,0.89,0.000384,0.267,0.9059999999999999,87.649,181480,4.0,2007,2007-01-01
4ymFm6fHvaYjxeskWw7KMN,I'll Be Your Jungle Lover,Secret Sound,40EaoH3IaYhxIYds8mbQao,['Secret Sound'],['1fXPMutRqtci5GbYh9o96k'],1,1,False,0.782,0.584,11,-9.392000000000001,0,0.204,0.0784,0.00488,0.71,0.807,145.95,167784,4.0,2018,2018-02-02
4Lvlb5tvLFfuelNN8ZU6Ev,Never Too Much,Secret Sound,40EaoH3IaYhxIYds8mbQao,['Secret Sound'],['1fXPMutRqtci5GbYh9o96k'],2,1,False,0.792,0.647,2,-7.136,1,0.0594,0.6759999999999999,8.16e-06,0.306,0.727,86.07,237427,4.0,2018,2018-02-02
1o0oVxGsHt04DEiWqSvmgp,Metatron,Secret Sound,40EaoH3IaYhxIYds8mbQao,['Secret Sound'],['1fXPMutRqtci5GbYh9o96k'],3,1,False,0.723,0.659,2,-8.172,0,0.0306,0.27,0.0116,0.109,0.5820000000000001,110.025,345313,4.0,2018,2018-02-02
7i07nbVVX3STTKpxJKBCUX,Largemouth Bass,Secret Sound,40EaoH3IaYhxIYds8mbQao,['Secret Sound'],['1fXPMutRqtci5GbYh9o96k'],4,1,False,0.6970000000000001,0.736,2,-7.6160000000000005,1,0.0721,0.14,4.14e-06,0.363,0.664,86.06299999999996,273032,4.0,2018,2018-02-02
05LtUqvDqYSv83VkYcvcuP,Little Hours,Secret Sound,40EaoH3IaYhxIYds8mbQao,['Secret Sound'],['1fXPMutRqtci5GbYh9o96k'],5,1,False,0.76,0.754,7,-8.019,0,0.040999999999999995,0.149,0.0168,0.113,0.461,109.904,255843,4.0,2018,2018-02-02
0wHYQmMqWoLxx0k7G2KY4N,All Strung Out Over You,The Time Has Come,34ojnMvYdM3OT0IYYLa1oG,['The Chambers Brothers'],['0OwaxYpG77PWKSLtj1QzG8'],1,1,False,0.546,0.669,11,-11.28,1,0.0566,0.327,0.0,0.177,0.862,104.839,146360,4.0,1967,1967
7qKXKRVuJXt7HZPeS9ZYwz,People Get Ready,The Time Has Come,34ojnMvYdM3OT0IYYLa1oG,['The Chambers Brothers'],['0OwaxYpG77PWKSLtj1QzG8'],2,1,False,0.32,0.28600000000000003,0,-14.117,1,0.0364,0.439,0.0,0.13699999999999998,0.182,175.00599999999997,229627,3.0,1967,1967
3vXz1jg4LChAIyP0Rcep5J,I Can't Stand It,The Time Has Come,34ojnMvYdM3OT0IYYLa1oG,['The Chambers Brothers'],['0OwaxYpG77PWKSLtj1QzG8'],3,1,False,0.586,0.5920000000000001,10,-12.999,1,0.0495,0.621,0.0,0.139,0.7140000000000001,125.148,158493,4.0,1967,1967
5UE7UPJ0FFhRfHcLkxmQ9n,Romeo And Juliet,The Time Has Come,34ojnMvYdM3OT0IYYLa1oG,['The Chambers Brothers'],['0OwaxYpG77PWKSLtj1QzG8'],4,1,False,0.493,0.379,9,-14.263,1,0.0316,0.382,0.0,0.322,0.59,111.245,269733,3.0,1967,1967
1Sdcnl470T8N9WVJyHd0sY,In The Midnight Hour,The Time Has Come,34ojnMvYdM3OT0IYYLa1oG,['The Chambers Brothers'],['0OwaxYpG77PWKSLtj1QzG8'],5,1,False,0.319,0.45399999999999996,2,-12.229000000000001,1,0.0358,0.00577,0.0,0.3,0.765,128.608,319333,4.0,1967,1967
20FPXSk9BQrtOTKtI1OPz2,So Tired,The Time Has Come,34ojnMvYdM3OT0IYYLa1oG,['The Chambers Brothers'],['0OwaxYpG77PWKSLtj1QzG8'],6,1,False,0.184,0.154,8,-18.332,0,0.0311,0.884,0.00436,0.10300000000000001,0.11900000000000001,144.114,243067,3.0,1967,1967
2Dslzqf3PGQjRLQiEcBvbk,Uptown,The Time Has Come,34ojnMvYdM3OT0IYYLa1oG,['The Chambers Brothers'],['0OwaxYpG77PWKSLtj1QzG8'],7,1,False,0.672,0.4920000000000001,9,-15.452,1,0.0387,0.17,0.0,0.14800000000000002,0.956,122.573,174533,4.0,1967,1967
4SlNlCnPyRT8L1dMC3Hha6,Please Don't Leave Me,The Time Has Come,34ojnMvYdM3OT0IYYLa1oG,['The Chambers Brothers'],['0OwaxYpG77PWKSLtj1QzG8'],8,1,False,0.597,0.23800000000000002,2,-15.035,1,0.0351,0.5379999999999999,0.0,0.0996,0.7240000000000001,68.52600000000001,175627,4.0,1967,1967
2Hyk1Ab4NndgdizmRg7Mpe,What The World Needs Now Is Love,The Time Has Come,34ojnMvYdM3OT0IYYLa1oG,['The Chambers Brothers'],['0OwaxYpG77PWKSLtj1QzG8'],9,1,False,0.495,0.392,4,-14.534,0,0.0311,0.4,0.0,0.107,0.693,91.868,198000,4.0,1967,1967
2PF3jmAL4vyb3cFfJ9XeWD,Time Has Come Today,The Time Has Come,34ojnMvYdM3OT0IYYLa1oG,['The Chambers Brothers'],['0OwaxYpG77PWKSLtj1QzG8'],10,1,False,0.384,0.606,2,-14.532,1,0.12300000000000001,0.226,0.139,0.0727,0.273,128.282,662040,4.0,1967,1967
5P515C7O1RCqf3mDJsTbfY,Fucked on LSD,Evil Bloody Music,2XzZdocjNNBKRZ0IwuKlue,['Alien Vampires'],['2ucBekSuu3VZ5whk4klq1F'],1,1,True,0.527,0.983,1,-3.8960000000000004,1,0.0709,0.000131,0.584,0.32799999999999996,0.14800000000000002,145.018,317973,4.0,2010,2010-12-03
2lMOVo4UpKIAYYvmk01aQ9,Evil Will Always Find You,Evil Bloody Music,2XzZdocjNNBKRZ0IwuKlue,['Alien Vampires'],['2ucBekSuu3VZ5whk4klq1F'],2,1,True,0.48700000000000004,0.998,11,-3.174,0,0.0729,1.22e-05,0.626,0.374,0.428,143.001,326253,4.0,2010,2010-12-03
6xUx5Yf5zmwU9ur3JFQHdS,Evil Bloody Music - FREAKANGEL Mix,Evil Bloody Music,2XzZdocjNNBKRZ0IwuKlue,['Alien Vampires'],['2ucBekSuu3VZ5whk4klq1F'],3,1,True,0.531,0.988,5,-7.2920000000000025,1,0.0376,0.007940000000000001,0.9259999999999999,0.099,0.8059999999999999,139.981,255707,4.0,2010,2010-12-03
0Rq5LzGEkFyYCVUslmeJJr,She's on Drugs - Seduced by CHAINREACTOR,Evil Bloody Music,2XzZdocjNNBKRZ0IwuKlue,['Alien Vampires'],['2ucBekSuu3VZ5whk4klq1F'],4,1,True,0.5539999999999999,0.929,2,-4.1080000000000005,1,0.11599999999999999,3.4399999999999996e-05,0.61,0.0675,0.0826,134.04,250920,4.0,2010,2010-12-03
4nEh0whCahkA75hrP1W9HF,Evil Bloody Music - EX.ES Mix,Evil Bloody Music,2XzZdocjNNBKRZ0IwuKlue,['Alien Vampires'],['2ucBekSuu3VZ5whk4klq1F'],5,1,True,0.66,0.888,10,-6.774,0,0.0438,0.0012,0.743,0.0839,0.975,139.993,232667,4.0,2010,2010-12-03
6bGBEo3Ci0cL4tis2LFJ16,Harshlizer - UBERBYTE Mix,Evil Bloody Music,2XzZdocjNNBKRZ0IwuKlue,['Alien Vampires'],['2ucBekSuu3VZ5whk4klq1F'],6,1,True,0.595,0.78,0,-6.715,1,0.0466,2.9299999999999997e-05,0.708,0.138,0.149,144.977,254747,4.0,2010,2010-12-03
2Zce0Fvv6R8pDQEqIfTKL7,No Way Back - CYGNOSIC Mix,Evil Bloody Music,2XzZdocjNNBKRZ0IwuKlue,['Alien Vampires'],['2ucBekSuu3VZ5whk4klq1F'],7,1,True,0.42100000000000004,0.9990000000000001,9,-4.217,0,0.094,0.0042899999999999995,0.519,0.163,0.14400000000000002,139.99,246427,4.0,2010,2010-12-03
2bCG7LQr1DXfCPg7Gqtp74,Evil Bloody Music - Can of Worms Mix by LLUMEN,Evil Bloody Music,2XzZdocjNNBKRZ0IwuKlue,['Alien Vampires'],['2ucBekSuu3VZ5whk4klq1F'],8,1,True,0.512,0.968,0,-6.21,1,0.0522,0.006229999999999999,0.9009999999999999,0.127,0.503,140.01,340720,4.0,2010,2010-12-03
5BmWCoKNpmgsnsslviFTiA,Harshlizer - AMGOD Mix,Evil Bloody Music,2XzZdocjNNBKRZ0IwuKlue,['Alien Vampires'],['2ucBekSuu3VZ5whk4klq1F'],9,1,True,0.5429999999999999,0.75,0,-9.962,1,0.0305,0.0956,0.759,0.161,0.183,139.969,276907,4.0,2010,2010-12-03
31OympIixsz52FiXqRLwmL,Evil Bloody Music - PROJECT ROTTEN Mix,Evil Bloody Music,2XzZdocjNNBKRZ0IwuKlue,['Alien Vampires'],['2ucBekSuu3VZ5whk4klq1F'],10,1,True,0.488,0.878,5,-9.771,0,0.032,5.4299999999999985e-05,0.768,0.149,0.0742,139.997,274507,4.0,2010,2010-12-03
4qWz14jLNu7rFTmG3Mfs7T,She's on Drugs - Psycho Remix by PHOSGORE,Evil Bloody Music,2XzZdocjNNBKRZ0IwuKlue,['Alien Vampires'],['2ucBekSuu3VZ5whk4klq1F'],11,1,True,0.7390000000000001,0.953,8,-6.891,0,0.14,0.000449,0.5720000000000001,0.5579999999999999,0.14800000000000002,143.024,183267,4.0,2010,2010-12-03
4ljEbMMip476Ef08MnpySC,Evil Bloody Music - ACYLUM Mix,Evil Bloody Music,2XzZdocjNNBKRZ0IwuKlue,['Alien Vampires'],['2ucBekSuu3VZ5whk4klq1F'],12,1,True,0.57,0.9059999999999999,9,-7.297999999999999,1,0.044000000000000004,0.00011999999999999999,0.9420000000000001,0.14400000000000002,0.467,140.015,235133,4.0,2010,2010-12-03
1xsDhN5XJ3isN6fcbFouTL,No Way Back - INDUSTRIEGEBIET Mix,Evil Bloody Music,2XzZdocjNNBKRZ0IwuKlue,['Alien Vampires'],['2ucBekSuu3VZ5whk4klq1F'],13,1,True,0.444,0.996,6,-6.855,0,0.068,0.00658,0.938,0.185,0.35700000000000004,144.981,337200,4.0,2010,2010-12-03
7Med69jcaSadxlW1aJSXSU,Evil Bloody Music - DIE SEKTOR Mix,Evil Bloody Music,2XzZdocjNNBKRZ0IwuKlue,['Alien Vampires'],['2ucBekSuu3VZ5whk4klq1F'],14,1,True,0.555,0.927,1,-5.926,1,0.0516,9.04e-05,0.7929999999999999,0.114,0.804,134.011,250293,4.0,2010,2010-12-03
6nRqCjDcUd0bun6OH1pTDM,She's on Drugs - NEIKKA RPM Mix,Evil Bloody Music,2XzZdocjNNBKRZ0IwuKlue,['Alien Vampires'],['2ucBekSuu3VZ5whk4klq1F'],15,1,True,0.46399999999999997,0.887,10,-5.9110000000000005,1,0.0426,0.00555,0.833,0.147,0.489,142.994,204547,4.0,2010,2010-12-03
5xibhmZkXhkAuvHpqMMstK,Mister Blue,Studebakersfield,3UpQ2Z4DO2aI0xX0A9LNie,['Charlie Chesterman'],['5Nw8OWL1cjj1eeaXenJIGc'],1,1,False,0.594,0.826,7,-7.081,1,0.0279,0.0295,0.000263,0.0716,0.966,136.688,145000,4.0,2011,2011-06-01
4nD7pHSzv6xAK3QLpp3jHu,Mona's Prayer (Harmony Rocket #3),Studebakersfield,3UpQ2Z4DO2aI0xX0A9LNie,['Charlie Chesterman'],['5Nw8OWL1cjj1eeaXenJIGc'],2,1,False,0.601,0.5670000000000001,5,-8.914,1,0.0248,0.40700000000000003,0.39,0.151,0.655,110.99600000000001,131000,4.0,2011,2011-06-01
6Pfzo27YBVHoWkSBJQcAUR,So Long Now,Studebakersfield,3UpQ2Z4DO2aI0xX0A9LNie,['Charlie Chesterman'],['5Nw8OWL1cjj1eeaXenJIGc'],3,1,False,0.659,0.496,4,-9.197000000000001,1,0.0307,0.423,0.111,0.099,0.856,127.23100000000001,199533,4.0,2011,2011-06-01
3POgXjLaiGjkgI9VNZwIyW,Lonesome Cowboy's Lament,Studebakersfield,3UpQ2Z4DO2aI0xX0A9LNie,['Charlie Chesterman'],['5Nw8OWL1cjj1eeaXenJIGc'],4,1,False,0.39899999999999997,0.608,7,-8.764,1,0.0326,0.3670000000000001,0.055,0.0966,0.478,154.545,274467,4.0,2011,2011-06-01
0X8r1sD0wbXiUWefKSl9lr,Trash,Studebakersfield,3UpQ2Z4DO2aI0xX0A9LNie,['Charlie Chesterman'],['5Nw8OWL1cjj1eeaXenJIGc'],5,1,False,0.203,0.5379999999999999,2,-7.666,1,0.0309,0.402,0.631,0.171,0.324,185.512,186960,4.0,2011,2011-06-01
6cnmZF4YN5f5vC8PtnSzDD,Heart of A Fool,Studebakersfield,3UpQ2Z4DO2aI0xX0A9LNie,['Charlie Chesterman'],['5Nw8OWL1cjj1eeaXenJIGc'],6,1,False,0.547,0.69,5,-9.138,1,0.0433,0.36,0.136,0.8859999999999999,0.833,141.912,183800,4.0,2011,2011-06-01
43SsE7HKiIq7VEYy59KVbk,Time Never Forgets,Studebakersfield,3UpQ2Z4DO2aI0xX0A9LNie,['Charlie Chesterman'],['5Nw8OWL1cjj1eeaXenJIGc'],7,1,False,0.43,0.639,7,-8.839,1,0.0309,0.149,0.0113,0.141,0.596,120.531,200240,4.0,2011,2011-06-01
21DwnNFCgQFq2X8zc1leha,Missing Person's Waltz,Studebakersfield,3UpQ2Z4DO2aI0xX0A9LNie,['Charlie Chesterman'],['5Nw8OWL1cjj1eeaXenJIGc'],8,1,False,0.345,0.266,11,-13.718,1,0.0422,0.857,0.7190000000000001,0.20800000000000002,0.599,206.896,140493,3.0,2011,2011-06-01
7d4JllVCRE6znisREt7V9g,Confession (Harmony Rocket #4),Studebakersfield,3UpQ2Z4DO2aI0xX0A9LNie,['Charlie Chesterman'],['5Nw8OWL1cjj1eeaXenJIGc'],9,1,False,0.342,0.413,5,-10.033999999999999,1,0.0326,0.55,4.61e-05,0.0989,0.18600000000000005,84.07799999999997,69533,4.0,2011,2011-06-01
1uaCCl7JwWE64E22ROTRSh,Ballad of the Holiday Ramblers,Studebakersfield,3UpQ2Z4DO2aI0xX0A9LNie,['Charlie Chesterman'],['5Nw8OWL1cjj1eeaXenJIGc'],10,1,False,0.528,0.446,0,-9.506,1,0.027999999999999997,0.0863,0.00198,0.136,0.6920000000000001,117.20100000000001,256467,4.0,2011,2011-06-01
1H5vvxjIVabnAP26eFPmQz,"Good Morning, Mrs. America",Studebakersfield,3UpQ2Z4DO2aI0xX0A9LNie,['Charlie Chesterman'],['5Nw8OWL1cjj1eeaXenJIGc'],11,1,False,0.396,0.175,4,-13.505,1,0.0338,0.752,0.0,0.47200000000000003,0.39399999999999996,103.87899999999999,43440,4.0,2011,2011-06-01
6V6P9teET741ELMowxNFyI,Out of Nowheresville,Studebakersfield,3UpQ2Z4DO2aI0xX0A9LNie,['Charlie Chesterman'],['5Nw8OWL1cjj1eeaXenJIGc'],12,1,False,0.436,0.9359999999999999,4,-5.593,1,0.057,0.0412,0.474,0.136,0.932,147.966,215693,4.0,2011,2011-06-01
6iz0bDMsSz34fyqH7zY7ib,Truth Stars,Studebakersfield,3UpQ2Z4DO2aI0xX0A9LNie,['Charlie Chesterman'],['5Nw8OWL1cjj1eeaXenJIGc'],13,1,False,0.414,0.21899999999999997,4,-17.398,1,0.0259,0.7140000000000001,0.8540000000000001,0.214,0.0945,81.46600000000002,217373,4.0,2011,2011-06-01
5bJcnFixFpgawbI9X3Jx2s,If I Had A Heart,Studebakersfield,3UpQ2Z4DO2aI0xX0A9LNie,['Charlie Chesterman'],['5Nw8OWL1cjj1eeaXenJIGc'],14,1,False,0.337,0.363,9,-11.413,1,0.0271,0.22699999999999998,0.0333,0.0959,0.475,167.47099999999998,233000,4.0,2011,2011-06-01
1lYFboIqVurCfl8NUzRcZC,North of the Moon,Studebakersfield,3UpQ2Z4DO2aI0xX0A9LNie,['Charlie Chesterman'],['5Nw8OWL1cjj1eeaXenJIGc'],15,1,False,0.545,0.28,2,-12.219000000000001,1,0.0409,0.62,0.000124,0.0926,0.5,122.236,225493,4.0,2011,2011-06-01
4DoMrXRAcoXPZxV02drvQM,I've Got Time,Studebakersfield,3UpQ2Z4DO2aI0xX0A9LNie,['Charlie Chesterman'],['5Nw8OWL1cjj1eeaXenJIGc'],16,1,False,0.45299999999999996,0.8859999999999999,7,-7.466,1,0.0373,0.00505,0.0363,0.254,0.845,147.29399999999995,181040,4.0,2011,2011-06-01
6uQMVCWpMav4einUSaLDvt,Lullibye,Studebakersfield,3UpQ2Z4DO2aI0xX0A9LNie,['Charlie Chesterman'],['5Nw8OWL1cjj1eeaXenJIGc'],17,1,False,0.376,0.16699999999999998,7,-16.367,1,0.0297,0.828,0.932,0.11900000000000001,0.392,88.56299999999996,98600,4.0,2011,2011-06-01
4rPgEWbDyWMoeNA6TfsZkZ,Rockin' All The Time / Mark Hummel,Blowin' My Horn,1R4C7LrjTs91k6paIvZ9oi,['Mark Hummel'],['6tThEAJKUsHlj0ALfRObEP'],1,1,False,0.433,0.757,11,-6.2010000000000005,0,0.0689,0.32299999999999995,0.00596,0.8809999999999999,0.639,74.415,314920,4.0,2004,2004
6eo3WF4DtAMs3ccBh03WQk,My Back Scratcher / Mark Hummel,Blowin' My Horn,1R4C7LrjTs91k6paIvZ9oi,['Mark Hummel'],['6tThEAJKUsHlj0ALfRObEP'],2,1,False,0.612,0.669,0,-7.0829999999999975,0,0.0346,0.40299999999999997,0.00231,0.877,0.9179999999999999,114.795,346427,4.0,2004,2004
0j7LXMUtj0Yxiv7dyNOx0l,100 Years / Mark Hummel,Blowin' My Horn,1R4C7LrjTs91k6paIvZ9oi,['Mark Hummel'],['6tThEAJKUsHlj0ALfRObEP'],3,1,False,0.53,0.5489999999999999,2,-6.773,1,0.0451,0.0836,0.0296,0.685,0.41100000000000003,103.87700000000001,399760,4.0,2004,2004
5NrGOBjRNBCf7Nz8twCzy9,I'm Wise / Mark Hummel,Blowin' My Horn,1R4C7LrjTs91k6paIvZ9oi,['Mark Hummel'],['6tThEAJKUsHlj0ALfRObEP'],4,1,False,0.45299999999999996,0.7140000000000001,5,-6.367999999999999,1,0.0549,0.674,0.00187,0.718,0.894,82.41,235827,4.0,2004,2004
0wKcms3UlxAp2mAVpnOg8k,Everything / Mark Hummel,Blowin' My Horn,1R4C7LrjTs91k6paIvZ9oi,['Mark Hummel'],['6tThEAJKUsHlj0ALfRObEP'],5,1,False,0.32,0.505,5,-7.496,0,0.0589,0.23600000000000002,0.00259,0.8370000000000001,0.4370000000000001,181.84599999999998,459773,3.0,2004,2004
7lK5wFM5OANsEvCsjPVeUq,Lost A Good Man / Mark Hummel,Blowin' My Horn,1R4C7LrjTs91k6paIvZ9oi,['Mark Hummel'],['6tThEAJKUsHlj0ALfRObEP'],6,1,False,0.292,0.684,9,-6.2920000000000025,1,0.135,0.517,0.0101,0.7240000000000001,0.8340000000000001,80.392,255507,4.0,2004,2004
4Uhqmmaxnv4kqT3RO5Kvlz,Before The Beggining / Mark Hummel,Blowin' My Horn,1R4C7LrjTs91k6paIvZ9oi,['Mark Hummel'],['6tThEAJKUsHlj0ALfRObEP'],7,1,False,0.5820000000000001,0.524,3,-8.083,0,0.0316,0.601,0.0235,0.732,0.523,90.781,228560,4.0,2004,2004
0r2HkTXQaFTvcwLOWmXsWZ,Willie And The Hand Jive / Mark Hummel,Blowin' My Horn,1R4C7LrjTs91k6paIvZ9oi,['Mark Hummel'],['6tThEAJKUsHlj0ALfRObEP'],8,1,False,0.529,0.8490000000000001,0,-8.109,1,0.0712,0.41700000000000004,0.257,0.785,0.8009999999999999,112.176,646653,4.0,2004,2004
6AVMDknnElX8eLkdU3RaQd,Bombshell Baby / Mark Hummel,Blowin' My Horn,1R4C7LrjTs91k6paIvZ9oi,['Mark Hummel'],['6tThEAJKUsHlj0ALfRObEP'],9,1,False,0.47700000000000004,0.625,9,-7.396,1,0.0573,0.644,0.000152,0.943,0.7440000000000001,107.90899999999999,286347,4.0,2004,2004
57HoLiQpMYW8Utwl1GRNCa,Rotten Kid / Mark Hummel,Blowin' My Horn,1R4C7LrjTs91k6paIvZ9oi,['Mark Hummel'],['6tThEAJKUsHlj0ALfRObEP'],10,1,False,0.511,0.812,0,-6.69,1,0.193,0.32,0.0362,0.8270000000000001,0.8140000000000001,97.215,364520,4.0,2004,2004
5nXwFfsgeKTuKthjHoQTVP,What You Do / Mark Hummel,Blowin' My Horn,1R4C7LrjTs91k6paIvZ9oi,['Mark Hummel'],['6tThEAJKUsHlj0ALfRObEP'],11,1,False,0.513,0.426,0,-8.779,1,0.0628,0.517,0.00399,0.917,0.632,107.85799999999999,282667,4.0,2004,2004
1LuMnpuj6N5TiPjaCv8Yip,Gotta Make A Change / Mark Hummel,Blowin' My Horn,1R4C7LrjTs91k6paIvZ9oi,['Mark Hummel'],['6tThEAJKUsHlj0ALfRObEP'],12,1,False,0.5760000000000001,0.621,2,-6.437,1,0.0488,0.8340000000000001,8.03e-06,0.903,0.753,106.62299999999999,263600,4.0,2004,2004
3hidDvRF7sKGCZrhf1ppzC,The Creeper / Mark Hummel,Blowin' My Horn,1R4C7LrjTs91k6paIvZ9oi,['Mark Hummel'],['6tThEAJKUsHlj0ALfRObEP'],13,1,False,0.41200000000000003,0.626,9,-7.599,1,0.21100000000000002,0.914,0.000413,0.883,0.573,93.48100000000001,504173,4.0,2004,2004
0C9PUdca04qIU9SnyCbuhZ,Awakening,Awakening,123izmsrndwdqMP7zMO9g2,['Antwan Gladden'],['5WeOwcw8NHU21IFoBdUcHH'],1,1,False,0.633,0.505,5,-7.809,0,0.214,0.0733,8.62e-05,0.13699999999999998,0.305,190.02599999999998,224800,4.0,2018,2018-02-13
2wfif2vUzvmTsWzFTf4N5B,Straight to Hell,II,1EMRoSMQJIVbpUfTR04ZhP,['Wild Machine'],['7mfugaLAFgzyzPh3w7Hgjc'],1,1,True,0.539,0.9940000000000001,8,-2.7769999999999997,1,0.109,0.00162,0.11199999999999999,0.0964,0.26899999999999996,119.93,205640,4.0,2012,2012-06-15
68OZb44ThtNBC669Qw3p9O,Teez Teezah,II,1EMRoSMQJIVbpUfTR04ZhP,['Wild Machine'],['7mfugaLAFgzyzPh3w7Hgjc'],2,1,True,0.44,0.9179999999999999,6,-4.127,1,0.0369,0.0014199999999999998,0.000131,0.0592,0.499,145.001,238947,4.0,2012,2012-06-15
1rUNZf9vWS0DvwSXNfjVRB,Addicted,II,1EMRoSMQJIVbpUfTR04ZhP,['Wild Machine'],['7mfugaLAFgzyzPh3w7Hgjc'],3,1,True,0.54,0.816,1,-5.649,1,0.0357,0.0007030000000000001,0.0398,0.0764,0.76,126.079,295973,4.0,2012,2012-06-15
1LZydq0e3LiuI7NdMeD0zl,Gimme Action,II,1EMRoSMQJIVbpUfTR04ZhP,['Wild Machine'],['7mfugaLAFgzyzPh3w7Hgjc'],4,1,True,0.5,0.953,4,-4.9030000000000005,1,0.0567,0.000322,0.00772,0.109,0.496,92.554,177640,4.0,2012,2012-06-15
70jTToiTfSb7Q5DnkTvyoW,"Nasty, Oild 'n' spoild",II,1EMRoSMQJIVbpUfTR04ZhP,['Wild Machine'],['7mfugaLAFgzyzPh3w7Hgjc'],5,1,True,0.33299999999999996,0.88,1,-7.5420000000000025,1,0.0465,0.0033799999999999998,0.259,0.157,0.669,179.91299999999995,278947,4.0,2012,2012-06-15
62i6uMbewmMye49VC3Ruxi,Dirty Motel Room,II,1EMRoSMQJIVbpUfTR04ZhP,['Wild Machine'],['7mfugaLAFgzyzPh3w7Hgjc'],6,1,True,0.547,0.848,6,-5.127000000000002,1,0.045,0.000171,0.00831,0.0389,0.733,134.983,276947,4.0,2012,2012-06-15
0CK1zyHgZ46i0tW4gI1j7x,Suicide,II,1EMRoSMQJIVbpUfTR04ZhP,['Wild Machine'],['7mfugaLAFgzyzPh3w7Hgjc'],7,1,True,0.494,0.924,1,-5.95,0,0.0465,0.00358,0.39,0.15,0.77,134.05100000000002,166280,4.0,2012,2012-06-15
024u97nSK77scUQxKtdJaA,Viciouz Luv,II,1EMRoSMQJIVbpUfTR04ZhP,['Wild Machine'],['7mfugaLAFgzyzPh3w7Hgjc'],8,1,True,0.485,0.915,6,-4.725,1,0.0402,0.0195,0.248,0.0898,0.40700000000000003,149.965,291013,4.0,2012,2012-06-15
5PMozuppmPpRLEj2sBoCsB,Star Attraction,II,1EMRoSMQJIVbpUfTR04ZhP,['Wild Machine'],['7mfugaLAFgzyzPh3w7Hgjc'],9,1,True,0.502,0.938,8,-5.377999999999999,1,0.0429,0.00485,0.00686,0.19,0.475,142.124,184147,4.0,2012,2012-06-15
4yrSsWCqlX8A0DOjjblkph,Drink Up,Drink Up,4KG7g35PF2EEMrEdlrFkJn,['Tut Tut Child'],['6EmSzH0r12lNsYQCFzCFS3'],1,1,False,0.6709999999999999,0.909,7,-3.2239999999999998,1,0.10300000000000001,0.00037200000000000004,0.11599999999999999,0.0762,0.5920000000000001,110.005,230727,4.0,2014,2014-05-02
0L6UCE1Y0KX3MF2AtxlntI,Fragile,Fragile,1rQwHiQkppiCVBgNBOsFii,"['Kygo', 'Labrinth']","['23fqKkggKUBHNkbKtXEls4', '2feDdbD5araYcm6JhFHHw7']",1,1,False,0.47,0.42200000000000004,5,-7.474,1,0.0522,0.177,0.00021600000000000002,0.0879,0.218,149.505,230961,4.0,2016,2016-03-18
3SJrunLe6iWvGvJihfrm9Q,Te Exaltamos,Proyecto AA,3VFoJcR5kBjy8TpKex65to,['Marcos Witt'],['4x7kxyIgzgtrHYDQ8SCzo2'],1,1,False,0.71,0.55,2,-15.525,1,0.0769,0.195,3.3e-05,0.165,0.384,102.87700000000001,282749,4.0,1991,1991-06-01
1coW7aMkePqjV5bTGk7Nb5,Levantamos Tu Nombre,Proyecto AA,3VFoJcR5kBjy8TpKex65to,['Marcos Witt'],['4x7kxyIgzgtrHYDQ8SCzo2'],2,1,False,0.6970000000000001,0.5710000000000001,6,-14.993,0,0.0299,0.141,0.0,0.256,0.89,149.268,139781,4.0,1991,1991-06-01
2AZJwk5RH5VZRJrzNyyZ9c,Yeshúa,Proyecto AA,3VFoJcR5kBjy8TpKex65to,['Marcos Witt'],['4x7kxyIgzgtrHYDQ8SCzo2'],3,1,False,0.7170000000000001,0.33299999999999996,9,-14.424000000000001,0,0.0401,0.0914,0.001,0.20199999999999999,0.903,151.039,192026,4.0,1991,1991-06-01
0iV8OtnwV19cSxcncb7cWS,Me Gozaré,Proyecto AA,3VFoJcR5kBjy8TpKex65to,['Marcos Witt'],['4x7kxyIgzgtrHYDQ8SCzo2'],4,1,False,0.48700000000000004,0.46399999999999997,4,-13.615,1,0.0489,0.331,0.0,0.345,0.5479999999999999,136.47899999999998,194351,4.0,1991,1991-06-01
48nqyZ1F1mj7lwhkbasNMy,Restaurarás el Santo Lugar,Proyecto AA,3VFoJcR5kBjy8TpKex65to,['Marcos Witt'],['4x7kxyIgzgtrHYDQ8SCzo2'],5,1,False,0.748,0.77,2,-11.823,1,0.0431,0.133,0.0,0.316,0.966,140.10399999999998,124473,4.0,1991,1991-06-01
0foZ6RIel0y7aeArG6i4nK,Él es mi rey,Proyecto AA,3VFoJcR5kBjy8TpKex65to,['Marcos Witt'],['4x7kxyIgzgtrHYDQ8SCzo2'],6,1,False,0.726,0.584,11,-13.686,1,0.0744,0.27899999999999997,5.6200000000000004e-05,0.0727,0.657,154.085,238420,4.0,1991,1991-06-01
3q0wI9ZGGI9WtHnwIP7bwb,Renuévame,Proyecto AA,3VFoJcR5kBjy8TpKex65to,['Marcos Witt'],['4x7kxyIgzgtrHYDQ8SCzo2'],7,1,False,0.349,0.0283,2,-25.97300000000001,1,0.0364,0.907,1.29e-05,0.0724,0.0819,109.088,244846,4.0,1991,1991-06-01
1OfnxxgFyCOK0HA24ErXYl,"A Cristo, Sólo a Cristo",Proyecto AA,3VFoJcR5kBjy8TpKex65to,['Marcos Witt'],['4x7kxyIgzgtrHYDQ8SCzo2'],8,1,False,0.68,0.15,9,-18.991,1,0.0495,0.7709999999999999,0.000975,0.11,0.11199999999999999,72.598,221858,4.0,1991,1991-06-01
05opaIJUUtyebQIJstLILE,Porque Tú Eres bueno,Proyecto AA,3VFoJcR5kBjy8TpKex65to,['Marcos Witt'],['4x7kxyIgzgtrHYDQ8SCzo2'],9,1,False,0.634,0.0912,2,-18.917,1,0.0558,0.813,0.000231,0.061,0.228,106.135,165146,4.0,1991,1991-06-01
3qj0egJh4A8Ye9xE2eFFZf,Maravilloso Dios,Proyecto AA,3VFoJcR5kBjy8TpKex65to,['Marcos Witt'],['4x7kxyIgzgtrHYDQ8SCzo2'],10,1,False,0.4920000000000001,0.185,2,-17.430999999999994,1,0.0533,0.8320000000000001,0.0,0.105,0.10400000000000001,63.265,141923,4.0,1991,1991-06-01
5DPvVdlonKhqL8ZYkufcwY,Al Estar Aquí,Proyecto AA,3VFoJcR5kBjy8TpKex65to,['Marcos Witt'],['4x7kxyIgzgtrHYDQ8SCzo2'],11,1,False,0.494,0.204,4,-16.299,1,0.0337,0.4970000000000001,0.0,0.0984,0.145,132.971,242103,4.0,1991,1991-06-01
6oEhDL5BKsvuQ2rdL2Ksbp,Quiero Levantar mis Manos,Proyecto AA,3VFoJcR5kBjy8TpKex65to,['Marcos Witt'],['4x7kxyIgzgtrHYDQ8SCzo2'],12,1,False,0.605,0.262,9,-15.151,1,0.0309,0.71,4.72e-06,0.0788,0.0944,73.596,268565,4.0,1991,1991-06-01
6Hkk67lFMYlLy4GMennptm,"Sonata for Fortepiano and Violin No. 5 in F Major, Op. 24 ""Spring"": I. Allegro","Beethoven: Sonatas for Fortepiano and Violin, Vol. 2",6cUBZEJf0gWSMXOvKi5Kv4,"['Ludwig van Beethoven', 'Ian Watson', 'Susanna Ogata']","['2wOqMjp9TyABvtHdOSOTUS', '1YrW2DkwvE0TWg7sjvB9pF', '2kdcijRdmAehpucGowOIev']",1,1,False,0.349,0.315,0,-14.722999999999999,1,0.0425,0.968,0.15,0.0863,0.391,144.97299999999996,593440,4.0,2016,2016-05-27
2TvWxhqKNCX0RCMskL6KRS,"Sonata for Fortepiano and Violin No. 5 in F Major, Op. 24 ""Spring"": II. Adagio molto espressivo","Beethoven: Sonatas for Fortepiano and Violin, Vol. 2",6cUBZEJf0gWSMXOvKi5Kv4,"['Ludwig van Beethoven', 'Ian Watson', 'Susanna Ogata']","['2wOqMjp9TyABvtHdOSOTUS', '1YrW2DkwvE0TWg7sjvB9pF', '2kdcijRdmAehpucGowOIev']",2,1,False,0.203,0.124,10,-21.528000000000002,1,0.0331,0.9740000000000001,0.321,0.111,0.141,167.28900000000004,353867,4.0,2016,2016-05-27
2fIAcqJ86wfuC7iMjrtaga,"Sonata for Fortepiano and Violin No. 5 in F Major, Op. 24 ""Spring"": III. Scherzo. Allegro molto – Trio","Beethoven: Sonatas for Fortepiano and Violin, Vol. 2",6cUBZEJf0gWSMXOvKi5Kv4,"['Ludwig van Beethoven', 'Ian Watson', 'Susanna Ogata']","['2wOqMjp9TyABvtHdOSOTUS', '1YrW2DkwvE0TWg7sjvB9pF', '2kdcijRdmAehpucGowOIev']",3,1,False,0.603,0.44299999999999995,0,-13.544,1,0.0415,0.97,0.737,0.409,0.8270000000000001,118.742,79427,3.0,2016,2016-05-27
67VgT59Y9ft3vu5ntiQKhA,"Sonata for Fortepiano and Violin No. 5 in F Major, Op. 24 ""Spring"": IV. Rondo. Allegro ma non troppo","Beethoven: Sonatas for Fortepiano and Violin, Vol. 2",6cUBZEJf0gWSMXOvKi5Kv4,"['Ludwig van Beethoven', 'Ian Watson', 'Susanna Ogata']","['2wOqMjp9TyABvtHdOSOTUS', '1YrW2DkwvE0TWg7sjvB9pF', '2kdcijRdmAehpucGowOIev']",4,1,False,0.35100000000000003,0.391,5,-13.64,1,0.0503,0.972,0.10400000000000001,0.14400000000000002,0.461,72.438,409240,4.0,2016,2016-05-27
46lvrWarRwCPifWZk5QzxW,"Sonata for Fortepiano and Violin No. 10 in G Major, Op. 96: I. Allegro moderato","Beethoven: Sonatas for Fortepiano and Violin, Vol. 2",6cUBZEJf0gWSMXOvKi5Kv4,"['Ludwig van Beethoven', 'Ian Watson', 'Susanna Ogata']","['2wOqMjp9TyABvtHdOSOTUS', '1YrW2DkwvE0TWg7sjvB9pF', '2kdcijRdmAehpucGowOIev']",5,1,False,0.259,0.25,7,-18.141,1,0.0452,0.977,0.16,0.0914,0.226,75.376,626040,4.0,2016,2016-05-27
5YeNBbLMQGAWiBGVbQ3x1W,"Sonata for Fortepiano and Violin No. 10 in G Major, Op. 96: II. Adagio espressivo","Beethoven: Sonatas for Fortepiano and Violin, Vol. 2",6cUBZEJf0gWSMXOvKi5Kv4,"['Ludwig van Beethoven', 'Ian Watson', 'Susanna Ogata']","['2wOqMjp9TyABvtHdOSOTUS', '1YrW2DkwvE0TWg7sjvB9pF', '2kdcijRdmAehpucGowOIev']",6,1,False,0.18600000000000005,0.132,3,-21.029,1,0.0297,0.961,0.138,0.10300000000000001,0.114,97.484,339547,4.0,2016,2016-05-27
5SPYyBoTtYstIUlYfHCSI8,"Sonata for Fortepiano and Violin No. 10 in G Major, Op. 96: III. Scherzo. Allegro – Trio","Beethoven: Sonatas for Fortepiano and Violin, Vol. 2",6cUBZEJf0gWSMXOvKi5Kv4,"['Ludwig van Beethoven', 'Ian Watson', 'Susanna Ogata']","['2wOqMjp9TyABvtHdOSOTUS', '1YrW2DkwvE0TWg7sjvB9pF', '2kdcijRdmAehpucGowOIev']",7,1,False,0.511,0.226,3,-15.625,1,0.0325,0.977,0.28800000000000003,0.15,0.755,103.12200000000001,124053,4.0,2016,2016-05-27
3cj0fEOAcjb7UlOW4gYfmF,"Sonata for Fortepiano and Violin No. 10 in G Major, Op. 96: IV. Poco allegretto","Beethoven: Sonatas for Fortepiano and Violin, Vol. 2",6cUBZEJf0gWSMXOvKi5Kv4,"['Ludwig van Beethoven', 'Ian Watson', 'Susanna Ogata']","['2wOqMjp9TyABvtHdOSOTUS', '1YrW2DkwvE0TWg7sjvB9pF', '2kdcijRdmAehpucGowOIev']",8,1,False,0.39799999999999996,0.27,7,-15.862,1,0.0423,0.978,0.564,0.11,0.17300000000000001,123.56,509707,4.0,2016,2016-05-27
2LZnABvtQPYOrGST4NG9oo,Work In,Hidden Paradise,0MlquvUqb4rOf3jGYJXx4s,['Demuja'],['1LfqhJiCiHfVzrBOVaBXc1'],1,1,False,0.773,0.8009999999999999,2,-7.245,0,0.0451,0.0347,0.547,0.0774,0.748,109.99700000000001,333750,4.0,2018,2018-05-24
15iANfDFR3F3eKaOmnPkfQ,How Do You Love,Hidden Paradise,0MlquvUqb4rOf3jGYJXx4s,['Demuja'],['1LfqhJiCiHfVzrBOVaBXc1'],2,1,False,0.7340000000000001,0.6629999999999999,10,-6.0070000000000014,0,0.0385,0.00037,0.763,0.0611,0.545,121.99799999999999,380047,4.0,2018,2018-05-24
2aecgpIDyEbgJ8AXUE6ZvW,Still Do,Hidden Paradise,0MlquvUqb4rOf3jGYJXx4s,['Demuja'],['1LfqhJiCiHfVzrBOVaBXc1'],3,1,False,0.7090000000000001,0.975,5,-7.107,0,0.0503,0.0479,0.88,0.109,0.6940000000000001,120.01,384500,4.0,2018,2018-05-24
6LsiorcOAnze9lJEb0H6Df,Things Look Like,Hidden Paradise,0MlquvUqb4rOf3jGYJXx4s,['Demuja'],['1LfqhJiCiHfVzrBOVaBXc1'],4,1,False,0.662,0.541,0,-6.4270000000000005,1,0.0444,0.539,0.00046100000000000004,0.248,0.711,90.006,75125,4.0,2018,2018-05-24
4a5FAFDe7ooMAJw628vd7T,Hang On,Hidden Paradise,0MlquvUqb4rOf3jGYJXx4s,['Demuja'],['1LfqhJiCiHfVzrBOVaBXc1'],5,1,False,0.65,0.953,8,-5.033,0,0.0534,0.000327,0.722,0.106,0.584,120.024,358375,4.0,2018,2018-05-24
0SIXFVKb9b9oI8naQHaTWM,Hear That Bassplayer,Hidden Paradise,0MlquvUqb4rOf3jGYJXx4s,['Demuja'],['1LfqhJiCiHfVzrBOVaBXc1'],6,1,False,0.847,0.836,11,-6.555,0,0.0495,0.0703,0.847,0.0883,0.8690000000000001,120.029,338375,4.0,2018,2018-05-24
4gxoqqgBibBHX67KQloCQP,You Smile,Hidden Paradise,0MlquvUqb4rOf3jGYJXx4s,"['Demuja', 'Ainy']","['1LfqhJiCiHfVzrBOVaBXc1', '119wAd7uEVfxZVNAnfZE72']",7,1,False,0.8809999999999999,0.6809999999999999,0,-7.35,0,0.0709,0.000974,0.848,0.0394,0.5820000000000001,123.98299999999999,403500,4.0,2018,2018-05-24
4jTo5Z8nOAu12pzM4Ym1fk,Mr Jazzy Wung,Hidden Paradise,0MlquvUqb4rOf3jGYJXx4s,['Demuja'],['1LfqhJiCiHfVzrBOVaBXc1'],8,1,False,0.7759999999999999,0.823,11,-7.2479999999999976,1,0.0479,0.0146,0.7979999999999999,0.0797,0.847,122.991,328375,4.0,2018,2018-05-24
6iqTPhvrvAVPUPtwpXSFE1,Keep Doing,Hidden Paradise,0MlquvUqb4rOf3jGYJXx4s,['Demuja'],['1LfqhJiCiHfVzrBOVaBXc1'],9,1,False,0.757,0.86,6,-8.171,1,0.0506,0.0062,0.8109999999999999,0.18899999999999997,0.809,122.005,364309,4.0,2018,2018-05-24
428uYPpy2utzPPYebRn5Jo,Make Me Float,Hidden Paradise,0MlquvUqb4rOf3jGYJXx4s,['Demuja'],['1LfqhJiCiHfVzrBOVaBXc1'],10,1,False,0.8220000000000001,0.8,7,-6.278,1,0.0451,0.0431,0.574,0.0843,0.816,122.016,358408,4.0,2018,2018-05-24
7oFBNHY6EPTTZJPd8Z1y31,Can't Defeat,Hidden Paradise,0MlquvUqb4rOf3jGYJXx4s,"['Demuja', 'Anti Lilly']","['1LfqhJiCiHfVzrBOVaBXc1', '0PbnRQE0uPP2QRqiPac6sn']",11,1,False,0.812,0.743,1,-4.822,0,0.316,0.11699999999999999,0.0,0.11800000000000001,0.6709999999999999,79.98899999999998,138375,4.0,2018,2018-05-24
0B1IDCAmABYovwWFjd6XkI,See House,Hidden Paradise,0MlquvUqb4rOf3jGYJXx4s,['Demuja'],['1LfqhJiCiHfVzrBOVaBXc1'],12,1,False,0.8029999999999999,0.912,6,-6.669,1,0.0433,0.0502,0.922,0.0965,0.8959999999999999,122.995,376500,4.0,2018,2018-05-24
0fSUtPwQ5sHOAZCPEsXfEG,(Never) Put on the Light,Hidden Paradise,0MlquvUqb4rOf3jGYJXx4s,['Demuja'],['1LfqhJiCiHfVzrBOVaBXc1'],13,1,False,0.777,0.9079999999999999,7,-8.557,1,0.0527,0.0585,0.863,0.11199999999999999,0.321,124.012,379730,4.0,2018,2018-05-24
31EK4Nyd436jN9G4YDMfmu,Trippin,Hidden Paradise,0MlquvUqb4rOf3jGYJXx4s,['Demuja'],['1LfqhJiCiHfVzrBOVaBXc1'],14,1,False,0.643,0.948,2,-5.565,1,0.0802,0.00193,0.909,0.0438,0.665,180.06400000000005,277875,4.0,2018,2018-05-24
3GNVtT1dvXZPHlL8H0QVDl,Ladies,Hidden Paradise,0MlquvUqb4rOf3jGYJXx4s,['Demuja'],['1LfqhJiCiHfVzrBOVaBXc1'],15,1,False,0.5820000000000001,0.9940000000000001,1,-3.8,1,0.16,0.0118,0.0135,0.287,0.782,169.928,251294,4.0,2018,2018-05-24
0vijJiRAyVpNtU93CSHxlB,Buggle,Hidden Paradise,0MlquvUqb4rOf3jGYJXx4s,['Demuja'],['1LfqhJiCiHfVzrBOVaBXc1'],16,1,False,0.807,0.882,9,-7.829,0,0.0457,0.0292,0.8170000000000001,0.105,0.43799999999999994,119.999,418375,4.0,2018,2018-05-24
6Ds50vrRFO45rCg99JTF5Y,Your Body,Hidden Paradise,0MlquvUqb4rOf3jGYJXx4s,['Demuja'],['1LfqhJiCiHfVzrBOVaBXc1'],17,1,False,0.785,0.929,9,-7.2860000000000005,1,0.0496,0.0923,0.871,0.102,0.7979999999999999,119.999,304750,4.0,2018,2018-05-24
4JgScziNNY98Hok4ratDDQ,The Hustler,Hidden Paradise,0MlquvUqb4rOf3jGYJXx4s,['Demuja'],['1LfqhJiCiHfVzrBOVaBXc1'],18,1,False,0.8590000000000001,0.905,0,-5.928,1,0.057,0.16399999999999998,0.8140000000000001,0.0921,0.402,121.99799999999999,394500,4.0,2018,2018-05-24
7f6f5ii6IhQDDUk3lYViwC,Game,Hidden Paradise,0MlquvUqb4rOf3jGYJXx4s,['Demuja'],['1LfqhJiCiHfVzrBOVaBXc1'],19,1,False,0.809,0.725,7,-7.41,0,0.0353,0.0887,0.88,0.0782,0.63,124.01299999999999,329032,4.0,2018,2018-05-24
0GeQNeNcBw7ctgUxyC02BE,Do Your Homework,Hidden Paradise,0MlquvUqb4rOf3jGYJXx4s,['Demuja'],['1LfqhJiCiHfVzrBOVaBXc1'],20,1,False,0.812,0.983,6,-5.85,0,0.0401,0.023,0.93,0.131,0.765,119.99600000000001,436000,4.0,2018,2018-05-24
32T6ojcCRO4D3HGaAHb6aS,In the Middle of You,Mike Vitale,07DUEEpt7MQ2nfQbK5lyxr,['Mike Vitale'],['3WvkxAen388KiPMSxh6joB'],1,1,False,0.708,0.579,6,-11.220999999999998,1,0.0339,0.546,0.247,0.098,0.9640000000000001,144.936,174453,4.0,2014,2014-03-27
5WZOSzhHerQ5RFlSAYDG6k,Latchkey Kid,Mike Vitale,07DUEEpt7MQ2nfQbK5lyxr,['Mike Vitale'],['3WvkxAen388KiPMSxh6joB'],2,1,False,0.743,0.537,7,-9.773,1,0.0494,0.452,0.000785,0.11599999999999999,0.6459999999999999,102.15100000000001,252480,3.0,2014,2014-03-27
3mW8d6uLQvyny639RE9sNV,Recess,Mike Vitale,07DUEEpt7MQ2nfQbK5lyxr,['Mike Vitale'],['3WvkxAen388KiPMSxh6joB'],3,1,False,0.887,0.573,9,-8.015,1,0.0965,0.515,0.41700000000000004,0.10099999999999999,0.58,105.949,182213,4.0,2014,2014-03-27
0cVLwDZ4fW1Ka5Lz9J7nky,Fool for You,Mike Vitale,07DUEEpt7MQ2nfQbK5lyxr,['Mike Vitale'],['3WvkxAen388KiPMSxh6joB'],4,1,False,0.6759999999999999,0.377,9,-9.101,0,0.028999999999999998,0.6990000000000001,1.91e-05,0.0739,0.22,127.87100000000001,282520,4.0,2014,2014-03-27
3xghJfLw8dXhjNaom9HIta,We've Been Down This Road Before,Mike Vitale,07DUEEpt7MQ2nfQbK5lyxr,['Mike Vitale'],['3WvkxAen388KiPMSxh6joB'],5,1,False,0.687,0.602,8,-6.537999999999999,0,0.026000000000000002,0.0469,0.00081,0.133,0.635,90.00399999999998,235600,4.0,2014,2014-03-27
6EPCYEZNdc8kHSCRl19Sa8,The Siren,Mike Vitale,07DUEEpt7MQ2nfQbK5lyxr,['Mike Vitale'],['3WvkxAen388KiPMSxh6joB'],6,1,False,0.455,0.146,7,-14.573,1,0.0358,0.929,0.00179,0.10300000000000001,0.157,118.96,196453,4.0,2014,2014-03-27
4CFxA2kDOHWv4JE9zrw1Ar,Leave the Young Girls Alone,Back To Bogalusa,3gHz8obzP8k8LwBtZNQoH0,['Chicago Bob Nelson'],['6uLkV7vjjvEam2pRPzgPur'],1,1,False,0.586,0.759,0,-8.516,1,0.0696,0.0327,9.65e-05,0.348,0.8759999999999999,122.98700000000001,204627,4.0,1996,1996-02-28
4XNcQWGwLS5qxjO2W9KYsy,Came Home This Morning,Back To Bogalusa,3gHz8obzP8k8LwBtZNQoH0,['Chicago Bob Nelson'],['6uLkV7vjjvEam2pRPzgPur'],2,1,False,0.368,0.5770000000000001,2,-7.382999999999999,1,0.03,0.5,0.0454,0.0834,0.5670000000000001,179.855,309733,3.0,1996,1996-02-28
70UK0YDOY2hJpznMsoLtjt,When I Had (I Didn't Need),Back To Bogalusa,3gHz8obzP8k8LwBtZNQoH0,['Chicago Bob Nelson'],['6uLkV7vjjvEam2pRPzgPur'],3,1,False,0.5820000000000001,0.866,0,-7.081,0,0.0399,0.17800000000000002,0.000335,0.253,0.955,94.225,194240,4.0,1996,1996-02-28
7y2hlFC2nFuJDp7MM4hPM5,Going Home,Back To Bogalusa,3gHz8obzP8k8LwBtZNQoH0,['Chicago Bob Nelson'],['6uLkV7vjjvEam2pRPzgPur'],4,1,False,0.7140000000000001,0.737,7,-8.419,1,0.0345,0.141,0.000185,0.34700000000000003,0.753,124.435,231827,4.0,1996,1996-02-28
6Ai6JMFO17HGr7uXreS5q2,Sugar Mama,Back To Bogalusa,3gHz8obzP8k8LwBtZNQoH0,['Chicago Bob Nelson'],['6uLkV7vjjvEam2pRPzgPur'],5,1,False,0.562,0.26899999999999996,0,-9.595,1,0.0477,0.8029999999999999,0.0022600000000000003,0.11599999999999999,0.406,101.46799999999999,245733,4.0,1996,1996-02-28
72QIeaFbUNA9ei9J8oTKj4,Swamp Jump,Back To Bogalusa,3gHz8obzP8k8LwBtZNQoH0,['Chicago Bob Nelson'],['6uLkV7vjjvEam2pRPzgPur'],6,1,False,0.302,0.91,9,-8.269,1,0.063,0.18,0.955,0.331,0.961,177.132,141933,4.0,1996,1996-02-28
2AzzIqtmR4Ps5csC3JkkD1,Wilma Jean,Back To Bogalusa,3gHz8obzP8k8LwBtZNQoH0,['Chicago Bob Nelson'],['6uLkV7vjjvEam2pRPzgPur'],7,1,False,0.586,0.632,9,-7.7170000000000005,1,0.0272,0.33299999999999996,0.0348,0.0756,0.902,95.789,249667,4.0,1996,1996-02-28
6A13nsyj8Z0E73meF6MWSg,Everyboby Needs Somebody,Back To Bogalusa,3gHz8obzP8k8LwBtZNQoH0,['Chicago Bob Nelson'],['6uLkV7vjjvEam2pRPzgPur'],8,1,False,0.583,0.457,4,-8.915,1,0.0251,0.371,0.00149,0.136,0.7140000000000001,69.844,207933,4.0,1996,1996-02-28
2pEvgMPG3afV8H0CFIpHnc,Been Down So Long,Back To Bogalusa,3gHz8obzP8k8LwBtZNQoH0,['Chicago Bob Nelson'],['6uLkV7vjjvEam2pRPzgPur'],9,1,False,0.629,0.5589999999999999,2,-8.959,0,0.0256,0.11800000000000001,6.0599999999999996e-05,0.11,0.688,98.693,251507,3.0,1996,1996-02-28
4VJ0andEhgBmk2cKN7fn2a,Short Hair Woman,Back To Bogalusa,3gHz8obzP8k8LwBtZNQoH0,['Chicago Bob Nelson'],['6uLkV7vjjvEam2pRPzgPur'],10,1,False,0.44,0.297,2,-11.524000000000001,1,0.0361,0.877,0.0034799999999999996,0.204,0.5720000000000001,69.156,236200,4.0,1996,1996-02-28
13e5VRLoU4okrHeTKyzxfq,Back To Bogalusa,Back To Bogalusa,3gHz8obzP8k8LwBtZNQoH0,['Chicago Bob Nelson'],['6uLkV7vjjvEam2pRPzgPur'],11,1,False,0.7120000000000001,0.69,10,-9.181000000000001,1,0.0296,0.175,0.00374,0.17300000000000001,0.895,115.259,259960,4.0,1996,1996-02-28
5xcnn6laTekB5JOccXUsUP,It's a Shame,Back To Bogalusa,3gHz8obzP8k8LwBtZNQoH0,['Chicago Bob Nelson'],['6uLkV7vjjvEam2pRPzgPur'],12,1,False,0.685,0.7859999999999999,2,-8.046,1,0.0318,0.0489,0.00271,0.33799999999999997,0.904,121.774,182040,4.0,1996,1996-02-28
24fHmZMjhipLk54KeH6oxh,Untitled - Bonus Track,Back To Bogalusa,3gHz8obzP8k8LwBtZNQoH0,['Chicago Bob Nelson'],['6uLkV7vjjvEam2pRPzgPur'],13,1,False,0.622,0.521,2,-8.941,1,0.0274,0.0352,0.0706,0.11699999999999999,0.821,96.429,197200,4.0,1996,1996-02-28
7mxqN07efi5PA3WEHIuD6o,Help Wanted,Chicago Rhythm & Blues Kings,5eE4bR6q1nkEfeAJbEWFVg,['Chicago Rhythm & Blues Kings'],['4GDi69doszLAc0QU6IqJZX'],1,1,False,0.821,0.514,6,-6.994,1,0.0337,0.205,9.54e-06,0.0956,0.8590000000000001,111.789,271427,4.0,1999,1999-09-28
7fwQAgGAibnSyq5EBCWygY,Love Is A Five Letter Word,Chicago Rhythm & Blues Kings,5eE4bR6q1nkEfeAJbEWFVg,['Chicago Rhythm & Blues Kings'],['4GDi69doszLAc0QU6IqJZX'],2,1,False,0.8240000000000001,0.585,0,-6.619,1,0.0754,0.0329,7.41e-06,0.0742,0.8320000000000001,114.836,271000,4.0,1999,1999-09-28
5EIoLU5vJcFKFV8jFjgE6Z,Mo Too-Do-Loo - Instrumental,Chicago Rhythm & Blues Kings,5eE4bR6q1nkEfeAJbEWFVg,['Chicago Rhythm & Blues Kings'],['4GDi69doszLAc0QU6IqJZX'],3,1,False,0.647,0.624,10,-5.737,1,0.0292,0.0368,0.7390000000000001,0.18899999999999997,0.882,132.63,268600,4.0,1999,1999-09-28
40Tc0x7oTFuLn9g7rhbKZe,Poor Man's Blues,Chicago Rhythm & Blues Kings,5eE4bR6q1nkEfeAJbEWFVg,['Chicago Rhythm & Blues Kings'],['4GDi69doszLAc0QU6IqJZX'],4,1,False,0.579,0.821,0,-6.375,1,0.0584,0.0732,0.000489,0.273,0.9279999999999999,185.725,258507,4.0,1999,1999-09-28
72JXWzgDdXfYJheZQEbV1W,Creepin' Under My Skin,Chicago Rhythm & Blues Kings,5eE4bR6q1nkEfeAJbEWFVg,['Chicago Rhythm & Blues Kings'],['4GDi69doszLAc0QU6IqJZX'],5,1,False,0.475,0.602,10,-5.983,1,0.0348,0.163,2.95e-05,0.128,0.741,180.155,268067,3.0,1999,1999-09-28
3diarTkeMZOQNas9s7dLiU,Hide & Seek,Chicago Rhythm & Blues Kings,5eE4bR6q1nkEfeAJbEWFVg,['Chicago Rhythm & Blues Kings'],['4GDi69doszLAc0QU6IqJZX'],6,1,False,0.789,0.726,0,-6.734,1,0.0611,0.0395,7.4e-05,0.0783,0.955,99.84899999999999,222600,4.0,1999,1999-09-28
7LDf0MfPaPx9n9ZAbyNN7H,Homecoming - Instrumental,Chicago Rhythm & Blues Kings,5eE4bR6q1nkEfeAJbEWFVg,['Chicago Rhythm & Blues Kings'],['4GDi69doszLAc0QU6IqJZX'],7,1,False,0.721,0.498,8,-7.575,1,0.0254,0.469,0.7090000000000001,0.11199999999999999,0.516,92.889,236160,4.0,1999,1999-09-28
2YXTrQGyqeZMHscVzVWZd4,Street Musician,Chicago Rhythm & Blues Kings,5eE4bR6q1nkEfeAJbEWFVg,['Chicago Rhythm & Blues Kings'],['4GDi69doszLAc0QU6IqJZX'],8,1,False,0.8540000000000001,0.652,1,-6.797999999999999,1,0.0401,0.0488,0.000183,0.184,0.8540000000000001,124.675,286800,4.0,1999,1999-09-28
7k8slkoCsmglPYuqBuuItJ,"Girlfriend, Woman And Wife",Chicago Rhythm & Blues Kings,5eE4bR6q1nkEfeAJbEWFVg,['Chicago Rhythm & Blues Kings'],['4GDi69doszLAc0QU6IqJZX'],9,1,False,0.778,0.78,7,-5.9479999999999995,1,0.0621,0.0865,0.0,0.16899999999999998,0.861,124.719,250840,4.0,1999,1999-09-28
400iP72s2JKR3u1eGX8upe,Things That Make Me Mad,Chicago Rhythm & Blues Kings,5eE4bR6q1nkEfeAJbEWFVg,['Chicago Rhythm & Blues Kings'],['4GDi69doszLAc0QU6IqJZX'],10,1,False,0.825,0.728,0,-6.474,1,0.0504,0.332,1.16e-06,0.126,0.912,98.859,224800,4.0,1999,1999-09-28
1zhKo4TMpWSrkf90ji8FT0,Wallflower Boogie - Instrumental,Chicago Rhythm & Blues Kings,5eE4bR6q1nkEfeAJbEWFVg,['Chicago Rhythm & Blues Kings'],['4GDi69doszLAc0QU6IqJZX'],11,1,False,0.7240000000000001,0.8140000000000001,8,-6.13,1,0.0309,0.0146,0.7140000000000001,0.0903,0.9,129.918,219693,4.0,1999,1999-09-28
1kP5qpYnghFrNIaUVnl9HH,Rock and Roll Clothes,Marshall,2lvXRf9OLpUtmPSbOEwJbF,['Marshall Chapman'],['10NyEvFwxog3iXO1IBYla9'],1,1,False,0.5529999999999999,0.8270000000000001,7,-7.112,1,0.037000000000000005,0.0763,0.00018999999999999998,0.0836,0.821,126.256,362680,4.0,1979,1979-09-01
4hY0uhHDqn8mytiUTMX92Q,Home to the Road,Marshall,2lvXRf9OLpUtmPSbOEwJbF,['Marshall Chapman'],['10NyEvFwxog3iXO1IBYla9'],2,1,False,0.52,0.877,9,-8.165,1,0.141,0.35600000000000004,5.73e-05,0.134,0.688,155.833,195773,4.0,1979,1979-09-01
6xzuXhAmZUr0T531Y7U4Oz,Going to Hell and Get It Back,Marshall,2lvXRf9OLpUtmPSbOEwJbF,['Marshall Chapman'],['10NyEvFwxog3iXO1IBYla9'],3,1,False,0.4270000000000001,0.7020000000000001,4,-7.063,0,0.0414,0.0239,0.00884,0.48100000000000004,0.922,90.149,251400,4.0,1979,1979-09-01
7fseKHKD2rMny6Xerf6XFS,Two Fires,Marshall,2lvXRf9OLpUtmPSbOEwJbF,['Marshall Chapman'],['10NyEvFwxog3iXO1IBYla9'],4,1,False,0.69,0.657,7,-7.867000000000001,1,0.0268,0.0123,0.000554,0.163,0.8390000000000001,119.40100000000001,149600,4.0,1979,1979-09-01
6E4HUefDsqcWq2sYeDdAbd,Why Can't I Be Like Other Girls?,Marshall,2lvXRf9OLpUtmPSbOEwJbF,['Marshall Chapman'],['10NyEvFwxog3iXO1IBYla9'],5,1,False,0.402,0.919,9,-6.5820000000000025,1,0.215,0.00395,4.7499999999999996e-05,0.114,0.831,164.118,258840,4.0,1979,1979-09-01
0nDfBNuyq5e2Nqc1G5a2P3,Rock and Roll Girl,Marshall,2lvXRf9OLpUtmPSbOEwJbF,['Marshall Chapman'],['10NyEvFwxog3iXO1IBYla9'],6,1,False,0.46399999999999997,0.882,7,-7.14,1,0.14,0.0876,0.0022,0.0271,0.812,154.977,247027,4.0,1979,1979-09-01
2cGh824Syvzim4NIwphbVD,Running out in the Night,Marshall,2lvXRf9OLpUtmPSbOEwJbF,['Marshall Chapman'],['10NyEvFwxog3iXO1IBYla9'],7,1,False,0.6509999999999999,0.787,4,-7.925,1,0.0363,0.0308,0.0116,0.204,0.978,133.261,247013,4.0,1979,1979-09-01
49PEZHUpGzrQPV1hdFxCNq,Don't Make Me Pregnant,Marshall,2lvXRf9OLpUtmPSbOEwJbF,['Marshall Chapman'],['10NyEvFwxog3iXO1IBYla9'],8,1,False,0.7609999999999999,0.5589999999999999,9,-9.377,1,0.0436,0.381,0.000909,0.086,0.934,118.37200000000001,224707,4.0,1979,1979-09-01
0hPrKDtWauqSQ0mgila0ns,We Don't Go Together (But We Do),Marshall,2lvXRf9OLpUtmPSbOEwJbF,['Marshall Chapman'],['10NyEvFwxog3iXO1IBYla9'],9,1,False,0.867,0.657,0,-7.8820000000000014,1,0.0373,0.525,7.03e-05,0.0515,0.905,115.36399999999999,180907,4.0,1979,1979-09-01
1yMRq4DrPi0XOXGkWxlHSP,Don't Leave This Girl Alone,Marshall,2lvXRf9OLpUtmPSbOEwJbF,['Marshall Chapman'],['10NyEvFwxog3iXO1IBYla9'],10,1,False,0.6409999999999999,0.406,5,-11.292,1,0.0277,0.6679999999999999,3.3299999999999996e-05,0.226,0.392,78.767,249280,4.0,1979,1979-09-01
0u7xg1GWh0Dx3fzpQlMdEh,Company,Are We Having Fun Yet?,5re3jdeLmuHl8sJ61gmnTH,['RRA'],['53n7DuqmAM9NKqaCovulgY'],1,1,True,0.426,0.47200000000000003,7,-8.907,1,0.0384,0.221,0.45899999999999996,0.204,0.077,129.982,151324,4.0,2019,2019-11-22
4ckOY91SjQTRcl94LH0m5P,Trash,Are We Having Fun Yet?,5re3jdeLmuHl8sJ61gmnTH,['RRA'],['53n7DuqmAM9NKqaCovulgY'],2,1,True,0.722,0.483,0,-9.258,1,0.188,0.0981,0.00506,0.10300000000000001,0.635,143.005,211000,4.0,2019,2019-11-22
3BzNPHdt5Xej6tTuhBFWoO,Missions Of Burma,Are We Having Fun Yet?,5re3jdeLmuHl8sJ61gmnTH,['RRA'],['53n7DuqmAM9NKqaCovulgY'],3,1,True,0.638,0.41,7,-7.992000000000001,1,0.106,0.727,5.92e-06,0.115,0.145,129.983,180592,4.0,2019,2019-11-22
3PNCTd8RpE2wuUB9Vl2xZT,The New World,Are We Having Fun Yet?,5re3jdeLmuHl8sJ61gmnTH,['RRA'],['53n7DuqmAM9NKqaCovulgY'],4,1,True,0.835,0.747,6,-9.463,1,0.29,0.314,3.88e-06,0.36,0.51,120.041,118491,4.0,2019,2019-11-22
1XjCfhQie9QgQr5ej75eXV,Give It Back,Are We Having Fun Yet?,5re3jdeLmuHl8sJ61gmnTH,['RRA'],['53n7DuqmAM9NKqaCovulgY'],5,1,True,0.555,0.58,2,-8.017000000000001,0,0.0339,0.10800000000000001,0.0,0.349,0.345,130.033,167922,4.0,2019,2019-11-22
28mDeKgsK3whQutSgTnpCf,All The Tops,Are We Having Fun Yet?,5re3jdeLmuHl8sJ61gmnTH,['RRA'],['53n7DuqmAM9NKqaCovulgY'],6,1,True,0.7120000000000001,0.597,6,-7.367000000000001,1,0.0381,0.78,3.35e-05,0.0914,0.33,119.994,160868,4.0,2019,2019-11-22
3SA43qOZAwSEjw62MShtbz,Cop Out,Are We Having Fun Yet?,5re3jdeLmuHl8sJ61gmnTH,['RRA'],['53n7DuqmAM9NKqaCovulgY'],7,1,True,0.6920000000000001,0.782,9,-7.109,0,0.8640000000000001,0.772,0.0,0.0897,0.461,184.085,148979,4.0,2019,2019-11-22
2TswmjwizxH4Ow5PkNdUI3,Heart On Sleeve,Are We Having Fun Yet?,5re3jdeLmuHl8sJ61gmnTH,['RRA'],['53n7DuqmAM9NKqaCovulgY'],8,1,True,0.46299999999999997,0.33799999999999997,5,-10.102,1,0.154,0.925,0.0,0.312,0.345,180.15099999999998,129289,4.0,2019,2019-11-22
2ivEfwF672o3VtKzbtbcg4,Anne Frank,Are We Having Fun Yet?,5re3jdeLmuHl8sJ61gmnTH,['RRA'],['53n7DuqmAM9NKqaCovulgY'],9,1,True,0.6809999999999999,0.48100000000000004,5,-7.773,1,0.5579999999999999,0.7759999999999999,8.49e-05,0.0877,0.244,190.206,229469,4.0,2019,2019-11-22
6yGGZMB0gHKaSnDtS4eooQ,Funk,Are We Having Fun Yet?,5re3jdeLmuHl8sJ61gmnTH,['RRA'],['53n7DuqmAM9NKqaCovulgY'],10,1,True,0.775,0.5870000000000001,0,-7.1160000000000005,1,0.0485,0.0019399999999999999,0.188,0.11199999999999999,0.17300000000000001,89.054,83220,4.0,2019,2019-11-22
0YriO1mNUgLxShd1AThQrM,World Ender,Are We Having Fun Yet?,5re3jdeLmuHl8sJ61gmnTH,['RRA'],['53n7DuqmAM9NKqaCovulgY'],11,1,True,0.892,0.617,0,-8.556000000000001,1,0.24600000000000002,0.486,4.73e-06,0.10300000000000001,0.344,130.013,115914,4.0,2019,2019-11-22
18UiRNBGluBVWRm4trupF5,Come The Way You Are,Are We Having Fun Yet?,5re3jdeLmuHl8sJ61gmnTH,['RRA'],['53n7DuqmAM9NKqaCovulgY'],12,1,True,0.723,0.35100000000000003,0,-9.215,1,0.0448,0.40700000000000003,0.0229,0.136,0.262,130.226,137462,4.0,2019,2019-11-22
6UawJsa94wjCCt1ngClrrq,Worry,Are We Having Fun Yet?,5re3jdeLmuHl8sJ61gmnTH,['RRA'],['53n7DuqmAM9NKqaCovulgY'],13,1,True,0.815,0.298,4,-12.584000000000001,0,0.124,0.452,0.43,0.109,0.16699999999999998,130.066,258949,4.0,2019,2019-11-22
2Q4wEeKdzz0W7YBLtJVjas,Prelude,Fringe Of Blue,6IJCXLzbvqY71jimwetOog,['Rebbesoul'],['0KsalGuCWORSr2JiqzrtsA'],1,1,False,0.20800000000000002,0.193,0,-14.600999999999999,1,0.0336,0.00021600000000000002,0.000246,0.134,0.0526,89.256,44667,4.0,1995,1995-01-01
5wEoe1EZ1xhGUyj0qSSat5,Tzamah L'Cha Nafshi,Fringe Of Blue,6IJCXLzbvqY71jimwetOog,['Rebbesoul'],['0KsalGuCWORSr2JiqzrtsA'],2,1,False,0.725,0.7809999999999999,0,-9.37,1,0.0299,0.007759999999999999,0.425,0.32299999999999995,0.6920000000000001,101.959,269227,4.0,1995,1995-01-01
0xg7OB2FrwyjXKje8MbORl,Jerusalem Of Gold,Fringe Of Blue,6IJCXLzbvqY71jimwetOog,['Rebbesoul'],['0KsalGuCWORSr2JiqzrtsA'],3,1,False,0.33899999999999997,0.335,0,-14.704,0,0.0274,0.625,0.879,0.0796,0.302,171.96400000000003,228533,3.0,1995,1995-01-01
52XSbBp63ac0Thy1KXgo5H,Kol Ha' Olam Kulo,Fringe Of Blue,6IJCXLzbvqY71jimwetOog,['Rebbesoul'],['0KsalGuCWORSr2JiqzrtsA'],4,1,False,0.7559999999999999,0.31,5,-13.092,1,0.0396,0.485,0.257,0.0913,0.5379999999999999,119.94,284333,4.0,1995,1995-01-01
7tvsVYi5UbAef3PhRyMvBf,Avinu,Fringe Of Blue,6IJCXLzbvqY71jimwetOog,['Rebbesoul'],['0KsalGuCWORSr2JiqzrtsA'],5,1,False,0.359,0.161,0,-18.208,1,0.0335,0.9309999999999999,0.9359999999999999,0.113,0.10800000000000001,105.414,304800,3.0,1995,1995-01-01
2CEUIuPJ1Rn6jx2YMhpo1k,Dror Yikrah,Fringe Of Blue,6IJCXLzbvqY71jimwetOog,['Rebbesoul'],['0KsalGuCWORSr2JiqzrtsA'],6,1,False,0.617,0.7659999999999999,11,-7.48,0,0.031,0.000182,0.653,0.131,0.9329999999999999,151.532,201973,4.0,1995,1995-01-01
0YqyOcbMwGxgrAvmLbEijR,Heenay Ma' Tov,Fringe Of Blue,6IJCXLzbvqY71jimwetOog,['Rebbesoul'],['0KsalGuCWORSr2JiqzrtsA'],7,1,False,0.369,0.0614,11,-23.225,0,0.0439,0.981,0.846,0.10400000000000001,0.0744,110.689,265600,3.0,1995,1995-01-01
05S74pmGILPKpMuK3YZRS9,Tum Balalaika,Fringe Of Blue,6IJCXLzbvqY71jimwetOog,['Rebbesoul'],['0KsalGuCWORSr2JiqzrtsA'],8,1,False,0.5529999999999999,0.499,9,-14.870999999999999,0,0.0278,0.305,0.7979999999999999,0.113,0.385,117.476,260600,3.0,1995,1995-01-01
4BjlP8kzNbAOoemEW0U8yg,Hatikvah,Fringe Of Blue,6IJCXLzbvqY71jimwetOog,['Rebbesoul'],['0KsalGuCWORSr2JiqzrtsA'],9,1,False,0.22899999999999998,0.38,2,-11.251,0,0.0321,0.324,0.88,0.20800000000000002,0.251,99.79899999999999,200027,4.0,1995,1995-01-01
32Zi8OVMbTz6lotzh10qC7,Avinu (the electric version),Fringe Of Blue,6IJCXLzbvqY71jimwetOog,['Rebbesoul'],['0KsalGuCWORSr2JiqzrtsA'],10,1,False,0.33299999999999996,0.384,0,-11.970999999999998,1,0.0321,0.0665,0.711,0.134,0.18600000000000005,113.721,350507,3.0,1995,1995-01-01
3APe3g0QiAakUBRbXzGKzp,Moishele's Nigun,Fringe Of Blue,6IJCXLzbvqY71jimwetOog,['Rebbesoul'],['0KsalGuCWORSr2JiqzrtsA'],11,1,False,0.34700000000000003,0.17600000000000002,7,-23.67,1,0.0407,0.9309999999999999,0.711,0.113,0.258,75.735,63867,5.0,1995,1995-01-01
5sWNpHd5l5ny34tyDSj0O3,"Harachaman, Prayer For Peace",Fringe Of Blue,6IJCXLzbvqY71jimwetOog,['Rebbesoul'],['0KsalGuCWORSr2JiqzrtsA'],12,1,False,0.569,0.303,1,-16.125999999999998,0,0.0376,0.5870000000000001,0.0173,0.0967,0.452,127.95200000000001,265533,3.0,1995,1995-01-01
46IflzDRvzziBCfgVb7E9l,Baynoni,Fringe Of Blue,6IJCXLzbvqY71jimwetOog,['Rebbesoul'],['0KsalGuCWORSr2JiqzrtsA'],13,1,False,0.33399999999999996,0.147,7,-17.312,1,0.037000000000000005,0.7929999999999999,0.0,0.22399999999999998,0.578,77.738,108093,3.0,1995,1995-01-01
1bgLu9sWNMpI8f4Wrp6DbV,Ba' Midbar,Fringe Of Blue,6IJCXLzbvqY71jimwetOog,['Rebbesoul'],['0KsalGuCWORSr2JiqzrtsA'],14,1,False,0.14,0.0813,2,-25.726,1,0.0343,0.9690000000000001,0.976,0.10099999999999999,0.0308,68.283,88600,5.0,1995,1995-01-01
4bSU5m60wPuXdNQUQvpKId,New Theory,New Theory of Everything,46LTyuJT0JdkbmfuNObcP1,['Mars Classroom'],['6ZQSlJXivGtgkY57V2OgFD'],1,1,False,0.457,0.9420000000000001,0,-5.479,1,0.0431,4.39e-05,0.12,0.13,0.705,139.555,205547,4.0,2011,2011-03-29
7FtMW58HVdFl7EwgxBz78v,Man.Wine.Power!,New Theory of Everything,46LTyuJT0JdkbmfuNObcP1,['Mars Classroom'],['6ZQSlJXivGtgkY57V2OgFD'],2,1,False,0.626,0.7340000000000001,5,-6.2589999999999995,1,0.0366,0.000204,0.00018600000000000002,0.184,0.664,136.958,167107,1.0,2011,2011-03-29
7JOX1l51oc2g81KSz2xUQO,There Never Was a Sea of Love,New Theory of Everything,46LTyuJT0JdkbmfuNObcP1,['Mars Classroom'],['6ZQSlJXivGtgkY57V2OgFD'],3,1,False,0.467,0.604,9,-7.883999999999999,0,0.0265,4.1700000000000004e-05,0.326,0.0813,0.41200000000000003,111.40899999999999,219760,4.0,2011,2011-03-29
5RtrIcNn5UaY2hSBum87D2,Pre-Med’s a Trip,New Theory of Everything,46LTyuJT0JdkbmfuNObcP1,['Mars Classroom'],['6ZQSlJXivGtgkY57V2OgFD'],4,1,False,0.447,0.899,11,-6.539,1,0.0419,6.77e-06,0.0291,0.10400000000000001,0.47,122.728,186053,4.0,2011,2011-03-29
718vsJzYphhHqxyCRlaANy,I Am an All-Star,New Theory of Everything,46LTyuJT0JdkbmfuNObcP1,['Mars Classroom'],['6ZQSlJXivGtgkY57V2OgFD'],5,1,False,0.625,0.32299999999999995,5,-9.251,1,0.028999999999999998,0.0683,0.376,0.10800000000000001,0.522,98.865,201560,4.0,2011,2011-03-29
0diCcBotlsXySzA51Ied0d,Dr. New Pile (Can You Guess Him),New Theory of Everything,46LTyuJT0JdkbmfuNObcP1,['Mars Classroom'],['6ZQSlJXivGtgkY57V2OgFD'],6,1,False,0.385,0.8809999999999999,0,-6.197,1,0.0402,4.3799999999999994e-05,0.0138,0.2,0.524,144.048,204093,4.0,2011,2011-03-29
6fXxNlwhyFcRjlZYj2eF3G,Paint the Rocks,New Theory of Everything,46LTyuJT0JdkbmfuNObcP1,['Mars Classroom'],['6ZQSlJXivGtgkY57V2OgFD'],7,1,False,0.289,0.7859999999999999,7,-8.027999999999999,1,0.0575,0.000433,0.0735,0.271,0.297,187.74400000000003,174413,4.0,2011,2011-03-29
6M54bTav3zh5h4OviVcuON,(It’s Good to Be) Bug Boy,New Theory of Everything,46LTyuJT0JdkbmfuNObcP1,['Mars Classroom'],['6ZQSlJXivGtgkY57V2OgFD'],8,1,False,0.501,0.826,7,-7.276,1,0.0342,0.0299,0.0073599999999999985,0.11599999999999999,0.845,142.766,192293,4.0,2011,2011-03-29
59kDG6OcjbHNcAp6RQoiEz,Lumps,New Theory of Everything,46LTyuJT0JdkbmfuNObcP1,['Mars Classroom'],['6ZQSlJXivGtgkY57V2OgFD'],9,1,False,0.382,0.585,0,-7.558,1,0.0277,0.0922,0.0114,0.12,0.0982,101.23100000000001,236093,3.0,2011,2011-03-29
0tklmCDjZg1RkyDUdBhxbe,It Had to Come From Somewhere,New Theory of Everything,46LTyuJT0JdkbmfuNObcP1,['Mars Classroom'],['6ZQSlJXivGtgkY57V2OgFD'],10,1,False,0.46399999999999997,0.879,2,-6.415,1,0.0409,0.0005200000000000001,0.0,0.08,0.613,122.323,170600,4.0,2011,2011-03-29
0Sp0Z0bbubpDoOrZDnsiGC,Wish You Were Young,New Theory of Everything,46LTyuJT0JdkbmfuNObcP1,['Mars Classroom'],['6ZQSlJXivGtgkY57V2OgFD'],11,1,False,0.358,0.75,4,-6.9170000000000025,1,0.0401,0.000325,0.353,0.0806,0.369,117.176,217747,4.0,2011,2011-03-29
7o3r9GxYVUcL2FDdqzjlMK,Intro,Atake,1kWz7RQJMGa4sPk6IQiNfT,['Slapshock'],['50ifAXDdkDGG0RTON2If8K'],1,1,False,0.764,0.201,0,-20.22,0,0.586,0.0786,4.09e-06,0.14300000000000002,0.289,75.788,27768,3.0,2017,2017-11-30
4lbhrqTF0H9egqVpZnRe4w,Atake,Atake,1kWz7RQJMGa4sPk6IQiNfT,['Slapshock'],['50ifAXDdkDGG0RTON2If8K'],2,1,False,0.544,0.978,7,-4.077,1,0.12,0.000298,3.69e-06,0.348,0.433,95.0,244767,4.0,2017,2017-11-30
12Mr5VsBANkfWoTsLENAZ1,Lason,Atake,1kWz7RQJMGa4sPk6IQiNfT,['Slapshock'],['50ifAXDdkDGG0RTON2If8K'],3,1,False,0.419,0.9790000000000001,8,-3.755,1,0.17,5.7799999999999995e-05,0.000147,0.304,0.301,191.928,273763,4.0,2017,2017-11-30
33HymPZj1BmX3DRG8JXwaB,Tukso,Atake,1kWz7RQJMGa4sPk6IQiNfT,['Slapshock'],['50ifAXDdkDGG0RTON2If8K'],4,1,False,0.42,0.9690000000000001,11,-4.04,0,0.154,6.27e-05,0.000109,0.377,0.33299999999999996,199.87900000000002,266136,4.0,2017,2017-11-30
4Aga7Mqt4Jh6qzczd4pqwa,Sinungaling,Atake,1kWz7RQJMGa4sPk6IQiNfT,['Slapshock'],['50ifAXDdkDGG0RTON2If8K'],5,1,False,0.43799999999999994,0.98,7,-3.76,0,0.127,0.00064,2.05e-05,0.109,0.127,180.018,300878,4.0,2017,2017-11-30
0eC4hOn7RK603hHYc8Pv1p,Magdusa Ka,Atake,1kWz7RQJMGa4sPk6IQiNfT,['Slapshock'],['50ifAXDdkDGG0RTON2If8K'],6,1,False,0.4,0.946,5,-4.383,0,0.153,4.8599999999999995e-05,0.000674,0.175,0.314,84.51799999999999,217130,4.0,2017,2017-11-30
7KiTOi4Jocj3To7TNFNvEf,Huling Gabi,Atake,1kWz7RQJMGa4sPk6IQiNfT,['Slapshock'],['50ifAXDdkDGG0RTON2If8K'],7,1,False,0.45299999999999996,0.996,8,-3.966,1,0.0869,0.00013000000000000002,0.000376,0.266,0.281,177.935,236669,4.0,2017,2017-11-30
3NW0xbdwnM9Uu5xpjAtGUI,Kasalanan,Atake,1kWz7RQJMGa4sPk6IQiNfT,['Slapshock'],['50ifAXDdkDGG0RTON2If8K'],8,1,False,0.444,0.963,8,-4.527,1,0.0746,6.28e-05,0.0576,0.08,0.21,160.01,254276,4.0,2017,2017-11-30
5MUV5yr2F6tsBxwtQcXvNk,Luha,Atake,1kWz7RQJMGa4sPk6IQiNfT,['Slapshock'],['50ifAXDdkDGG0RTON2If8K'],9,1,False,0.5770000000000001,0.9890000000000001,5,-3.366,0,0.11,2.24e-05,0.00193,0.0564,0.174,125.962,281783,4.0,2017,2017-11-30
2mX0hQxyXOzGiNjGIvIbgM,Circle,Atake,1kWz7RQJMGa4sPk6IQiNfT,['Slapshock'],['50ifAXDdkDGG0RTON2If8K'],10,1,False,0.5379999999999999,0.9790000000000001,0,-3.698,1,0.142,1.3000000000000001e-05,0.000132,0.18100000000000002,0.242,90.988,244376,4.0,2017,2017-11-30
7jAu3yD4vfEeZs5PyuwwlS,Bandera,Atake,1kWz7RQJMGa4sPk6IQiNfT,['Slapshock'],['50ifAXDdkDGG0RTON2If8K'],11,1,False,0.408,0.9670000000000001,7,-4.51,1,0.133,9.120000000000001e-05,1.59e-05,0.7659999999999999,0.26,162.116,324467,4.0,2017,2017-11-30
4ye5CgIwP0jrNMcOKAY8OE,Lotosblume,Sommer der Erinnerungen,1Yu1iy4ZgnVaOex17Xh7VT,['Die Flippers'],['043PrBIjao3PCKicMRvbgf'],1,1,False,0.608,0.743,11,-9.965,0,0.0371,0.256,0.000643,0.32,0.7020000000000001,115.835,224013,4.0,2004,2004-10-04
73y6FSQQO4ocEzj6x0z1Md,Herzen brauchen Zärtlichkeit,Sommer der Erinnerungen,1Yu1iy4ZgnVaOex17Xh7VT,['Die Flippers'],['043PrBIjao3PCKicMRvbgf'],2,1,False,0.599,0.48100000000000004,10,-12.208,1,0.0253,0.285,2.17e-05,0.366,0.46299999999999997,105.73200000000001,206693,4.0,2004,2004-10-04
1tzWMDurq66uVI50fSctkC,Schuld war die Sommernacht auf Hawaii,Sommer der Erinnerungen,1Yu1iy4ZgnVaOex17Xh7VT,['Die Flippers'],['043PrBIjao3PCKicMRvbgf'],3,1,False,0.447,0.57,0,-8.392999999999999,1,0.028999999999999998,0.255,0.0,0.27399999999999997,0.609,79.207,187373,4.0,2004,2004-10-04
4Ddcr5FsjHVNulURZznhwh,Good-Bye Eloisa,Sommer der Erinnerungen,1Yu1iy4ZgnVaOex17Xh7VT,['Die Flippers'],['043PrBIjao3PCKicMRvbgf'],4,1,False,0.537,0.8370000000000001,4,-8.556000000000001,1,0.0536,0.146,0.0,0.32899999999999996,0.679,115.057,196360,4.0,2004,2004-10-04
2gAqNYQS6Lhp3klBYBfAjk,Weine nicht kleine Eva,Sommer der Erinnerungen,1Yu1iy4ZgnVaOex17Xh7VT,['Die Flippers'],['043PrBIjao3PCKicMRvbgf'],5,1,False,0.601,0.517,0,-8.701,1,0.0286,0.442,0.0,0.24,0.5770000000000001,111.01299999999999,158253,3.0,2004,2004-10-04
1gULI8q9ccIwIRTBCSpsXB,Im heißen Sand von Rhodos,Sommer der Erinnerungen,1Yu1iy4ZgnVaOex17Xh7VT,['Die Flippers'],['043PrBIjao3PCKicMRvbgf'],6,1,False,0.5379999999999999,0.731,0,-8.469,1,0.03,0.193,0.0,0.127,0.773,96.148,200453,4.0,2004,2004-10-04
7eErFCOLjAs8jHCAnoI7Tq,Du bist mein Leben,Sommer der Erinnerungen,1Yu1iy4ZgnVaOex17Xh7VT,['Die Flippers'],['043PrBIjao3PCKicMRvbgf'],7,1,False,0.406,0.615,7,-9.52,1,0.0321,0.311,3.2299999999999986e-05,0.149,0.675,200.065,241787,4.0,2004,2004-10-04
0ie6hOJlvS2BXhSZToup3o,Hab ich Dich verloren,Sommer der Erinnerungen,1Yu1iy4ZgnVaOex17Xh7VT,['Die Flippers'],['043PrBIjao3PCKicMRvbgf'],8,1,False,0.62,0.6890000000000001,6,-8.868,1,0.027000000000000003,0.20600000000000002,0.000462,0.154,0.841,124.92299999999999,190533,4.0,2004,2004-10-04
6gHVmpX2JT2fBsiw9R6A2Q,Heut ist die Nacht der tausend Rosen,Sommer der Erinnerungen,1Yu1iy4ZgnVaOex17Xh7VT,['Die Flippers'],['043PrBIjao3PCKicMRvbgf'],9,1,False,0.631,0.613,9,-10.425999999999998,1,0.0309,0.243,2.34e-05,0.18,0.627,116.963,232240,4.0,2004,2004-10-04
6kMgk0AKhwd8WqLfaxWIVm,Lass mein Herz nie mehr weinen,Sommer der Erinnerungen,1Yu1iy4ZgnVaOex17Xh7VT,['Die Flippers'],['043PrBIjao3PCKicMRvbgf'],10,1,False,0.568,0.6559999999999999,0,-8.947000000000003,1,0.026000000000000002,0.131,0.0,0.41200000000000003,0.742,110.01100000000001,192213,4.0,2004,2004-10-04
4Ox7WyYwLhN6i1ajrag0AN,Ich bin so allein,Sommer der Erinnerungen,1Yu1iy4ZgnVaOex17Xh7VT,['Die Flippers'],['043PrBIjao3PCKicMRvbgf'],11,1,False,0.628,0.595,4,-11.529000000000002,1,0.0272,0.17300000000000001,0.00035,0.415,0.705,113.571,181733,4.0,2004,2004-10-04
2AO00xEfnVW5tSxUjPNSTk,Schöne Jahre,Sommer der Erinnerungen,1Yu1iy4ZgnVaOex17Xh7VT,['Die Flippers'],['043PrBIjao3PCKicMRvbgf'],12,1,False,0.473,0.584,2,-8.08,1,0.0281,0.32899999999999996,3.4200000000000005e-05,0.0931,0.51,135.991,216760,4.0,2004,2004-10-04
3JM3xfRHpvUefJrGSiX9uJ,Sonnenschein am Strand von San José,Sommer der Erinnerungen,1Yu1iy4ZgnVaOex17Xh7VT,['Die Flippers'],['043PrBIjao3PCKicMRvbgf'],1,2,False,0.624,0.8759999999999999,7,-7.487999999999999,1,0.0564,0.262,0.0,0.341,0.85,128.34,181080,4.0,2004,2004-10-04
4WhKInLuIjCmUMlpfrNnKI,"Weiße Taube, Paloma - Vaya con Dios",Sommer der Erinnerungen,1Yu1iy4ZgnVaOex17Xh7VT,['Die Flippers'],['043PrBIjao3PCKicMRvbgf'],2,2,False,0.473,0.5820000000000001,0,-8.738,1,0.0296,0.147,2.22e-06,0.61,0.55,107.554,188893,3.0,2004,2004-10-04
0NWv6aGwxH4bTYH4RbsVh4,Sommerträume,Sommer der Erinnerungen,1Yu1iy4ZgnVaOex17Xh7VT,['Die Flippers'],['043PrBIjao3PCKicMRvbgf'],3,2,False,0.568,0.715,4,-8.601,1,0.0275,0.11599999999999999,0.000125,0.18899999999999997,0.878,131.591,192213,4.0,2004,2004-10-04
4pR0OCCkHcZ11RfYarNSWn,Sieben Tage,Sommer der Erinnerungen,1Yu1iy4ZgnVaOex17Xh7VT,['Die Flippers'],['043PrBIjao3PCKicMRvbgf'],4,2,False,0.6890000000000001,0.86,8,-7.973,1,0.0507,0.593,0.0,0.0576,0.7809999999999999,123.18,188920,4.0,2004,2004-10-04
4csdY6kIkd4RDhgceiuBlX,Santa Maria Goodbye,Sommer der Erinnerungen,1Yu1iy4ZgnVaOex17Xh7VT,['Die Flippers'],['043PrBIjao3PCKicMRvbgf'],5,2,False,0.623,0.774,0,-7.791,1,0.0608,0.512,6.57e-05,0.182,0.787,106.069,195053,4.0,2004,2004-10-04
0RgKIf1ONalNFOTpO5A6pB,Bella Bianca,Sommer der Erinnerungen,1Yu1iy4ZgnVaOex17Xh7VT,['Die Flippers'],['043PrBIjao3PCKicMRvbgf'],6,2,False,0.19699999999999998,0.5660000000000001,10,-7.941,1,0.0327,0.207,0.00031,0.14300000000000002,0.22,95.37,166213,3.0,2004,2004-10-04
2YeXuBcHO79w9DBHHPfcYW,Ich glaub' an Dich,Sommer der Erinnerungen,1Yu1iy4ZgnVaOex17Xh7VT,['Die Flippers'],['043PrBIjao3PCKicMRvbgf'],7,2,False,0.498,0.657,5,-7.801,1,0.0288,0.0361,1.1599999999999999e-05,0.289,0.436,96.12799999999999,141960,4.0,2004,2004-10-04
0wmtmykKkDc9XRXPmQGm18,Mama Lucia,Sommer der Erinnerungen,1Yu1iy4ZgnVaOex17Xh7VT,['Die Flippers'],['043PrBIjao3PCKicMRvbgf'],8,2,False,0.545,0.5660000000000001,4,-9.156,1,0.0242,0.293,0.0,0.424,0.617,96.262,196707,3.0,2004,2004-10-04
6qAqHaEL3VuqTc9Buey7H2,Mona Lisa,Sommer der Erinnerungen,1Yu1iy4ZgnVaOex17Xh7VT,['Die Flippers'],['043PrBIjao3PCKicMRvbgf'],9,2,False,0.5710000000000001,0.78,8,-7.3020000000000005,1,0.035,0.0246,0.0,0.0468,0.8370000000000001,123.15100000000001,187493,4.0,2004,2004-10-04
5oyWtTLQMhuHdifbl3h4XW,Mädchen von Capri,Sommer der Erinnerungen,1Yu1iy4ZgnVaOex17Xh7VT,['Die Flippers'],['043PrBIjao3PCKicMRvbgf'],10,2,False,0.555,0.8390000000000001,4,-7.481,1,0.05,0.127,0.0,0.353,0.6629999999999999,122.23700000000001,205733,4.0,2004,2004-10-04
1a7TO1eFVF97YAdL1NP99u,Liebeskummer,Sommer der Erinnerungen,1Yu1iy4ZgnVaOex17Xh7VT,['Die Flippers'],['043PrBIjao3PCKicMRvbgf'],11,2,False,0.625,0.8809999999999999,0,-7.3729999999999976,1,0.040999999999999995,0.175,3.13e-06,0.0899,0.6920000000000001,119.20700000000001,211507,4.0,2004,2004-10-04
1DYNjTTHJas94OZe6K4zAd,Sommersprossen,Sommer der Erinnerungen,1Yu1iy4ZgnVaOex17Xh7VT,['Die Flippers'],['043PrBIjao3PCKicMRvbgf'],12,2,False,0.624,0.809,11,-7.862999999999999,1,0.0359,0.366,8.45e-06,0.284,0.8190000000000001,91.02799999999999,213253,4.0,2004,2004-10-04
1ATWrKgTGpGntwbBJ5DSPu,Unshakable: Tribute and Benefit for the Victims of Typhoon Haiyan,Unshakable: Tribute and Benefit for the Victims of Typhoon Haiyan,0bo7B792oUIFtJBK5AH1vt,"['Slapshock', 'J.D. of Pop Shuvit']","['50ifAXDdkDGG0RTON2If8K', '1oN5IkhBCxEtKQgE2UMUkb']",1,1,False,0.496,0.75,4,-6.88,1,0.0367,0.008740000000000001,0.00011999999999999999,0.16399999999999998,0.32899999999999996,147.888,248994,4.0,2013,2013-12-05
5Lv4yUsTBMMczWRyVzWG2N,Vacuum My Mind,Vacuum My Mind,5izvFLZxRPInG8IHIxfNaY,['Man Eat Grass'],['01Ke5xQGjAI3Wv1U2xradA'],1,1,False,0.514,0.922,2,-10.071,1,0.0451,0.0037600000000000003,0.00573,0.331,0.418,148.062,134595,4.0,2018,2018-06-18
3Cw8inkRIF6fBf6XWAZ42r,Got 2 B Funky,The Oaktown Sound,524R68kFufluVeDpNfWW5b,['Trace Repeat'],['5j8wEqpLU6xV2hNYJfuZoe'],1,1,False,0.324,0.382,10,-19.971,0,0.26,0.6459999999999999,0.0,0.16,0.51,74.306,34600,4.0,2017,2017-09-22
2JGRe2JOBaeVQtsc04ln38,Old School Funk,The Oaktown Sound,524R68kFufluVeDpNfWW5b,['Trace Repeat'],['5j8wEqpLU6xV2hNYJfuZoe'],2,1,False,0.769,0.607,8,-8.732999999999999,1,0.19399999999999998,0.276,2.7399999999999995e-05,0.77,0.6609999999999999,110.32700000000001,227000,4.0,2017,2017-09-22
2h80clJjYbhls43thmwAff,Between U 2,The Oaktown Sound,524R68kFufluVeDpNfWW5b,['Trace Repeat'],['5j8wEqpLU6xV2hNYJfuZoe'],3,1,False,0.858,0.7,11,-9.359,1,0.225,0.096,1e-05,0.439,0.802,115.931,273107,4.0,2017,2017-09-22
4tD5ggOmDS7RjcK5uEaytl,Just as Simple,The Oaktown Sound,524R68kFufluVeDpNfWW5b,['Trace Repeat'],['5j8wEqpLU6xV2hNYJfuZoe'],4,1,False,0.85,0.618,11,-8.527999999999999,1,0.185,0.107,0.0038799999999999998,0.632,0.8340000000000001,118.035,227493,4.0,2017,2017-09-22
6bOVAJlufen7CJxn4mlD7o,Morning Love,The Oaktown Sound,524R68kFufluVeDpNfWW5b,['Trace Repeat'],['5j8wEqpLU6xV2hNYJfuZoe'],5,1,False,0.665,0.33399999999999996,7,-11.959000000000001,1,0.264,0.262,3.02e-05,0.0873,0.621,203.922,233107,4.0,2017,2017-09-22
14L990BsfdeIH9pLfhUVtm,Breakfast,The Oaktown Sound,524R68kFufluVeDpNfWW5b,['Trace Repeat'],['5j8wEqpLU6xV2hNYJfuZoe'],6,1,False,0.7090000000000001,0.45299999999999996,7,-11.888,1,0.0724,0.000333,0.853,0.153,0.522,101.95700000000001,268480,4.0,2017,2017-09-22
4RAmK55XaQRxT0EjcJO7qy,Groovin',The Oaktown Sound,524R68kFufluVeDpNfWW5b,['Trace Repeat'],['5j8wEqpLU6xV2hNYJfuZoe'],7,1,False,0.79,0.496,9,-8.735,1,0.129,0.0473,1.92e-06,0.0704,0.624,125.065,254133,4.0,2017,2017-09-22
3Ma9rxHM66U63sLgKa0WfP,I Do,The Oaktown Sound,524R68kFufluVeDpNfWW5b,['Trace Repeat'],['5j8wEqpLU6xV2hNYJfuZoe'],8,1,False,0.49,0.38799999999999996,9,-9.119,1,0.0744,0.282,0.0,0.126,0.61,180.88,297653,4.0,2017,2017-09-22
6Z0iT6ucgfX1YN6Vdg5BCz,Greatest Hits,The Oaktown Sound,524R68kFufluVeDpNfWW5b,['Trace Repeat'],['5j8wEqpLU6xV2hNYJfuZoe'],9,1,False,0.652,0.46299999999999997,11,-20.049,0,0.904,0.8690000000000001,0.0452,0.821,0.0751,66.033,43840,4.0,2017,2017-09-22
6TnU2mmPW5wP9YzBnunhPh,Can't Hear Anyone,Can't Hear Anyone,5NdaTZZ3qtzzt9yKcXpEhq,['Pete Yorn'],['5l2EAkfckNPYZbEDbQtEkO'],1,1,False,0.408,0.955,4,-5.1320000000000014,1,0.10800000000000001,4.4299999999999986e-05,0.13,0.0626,0.373,140.028,234907,4.0,2006,2006
6BTAwa3NeRe0iiXAviLAQZ,John Ji,How Near How Far,0eHXynBGM4KPnl8Mmv2xOY,['Etienne Mbappe & the Prophets'],['6t93sEnZWy8xaDQm8f73Jm'],1,1,False,0.523,0.6759999999999999,5,-6.843999999999999,0,0.0376,0.64,0.556,0.0739,0.526,125.19,375333,3.0,2016,2016-09-16
4udJ9e7TSYSK71OezKmqAW,Bandit Queen,How Near How Far,0eHXynBGM4KPnl8Mmv2xOY,['Etienne Mbappe & the Prophets'],['6t93sEnZWy8xaDQm8f73Jm'],2,1,False,0.693,0.792,2,-5.648,1,0.0496,0.5720000000000001,0.544,0.0615,0.655,120.26799999999999,268520,5.0,2016,2016-09-16
7GIjVefL3P1Sgs52itPKR0,Lagos Market,How Near How Far,0eHXynBGM4KPnl8Mmv2xOY,['Etienne Mbappe & the Prophets'],['6t93sEnZWy8xaDQm8f73Jm'],3,1,False,0.6829999999999999,0.777,8,-6.6670000000000025,1,0.0418,0.4320000000000001,0.8590000000000001,0.0702,0.457,125.944,260507,4.0,2016,2016-09-16
03EyaRQolaKWr1Ea8V5P1o,How Near How Far,How Near How Far,0eHXynBGM4KPnl8Mmv2xOY,['Etienne Mbappe & the Prophets'],['6t93sEnZWy8xaDQm8f73Jm'],4,1,False,0.619,0.40700000000000003,11,-11.114,0,0.0331,0.895,0.917,0.127,0.132,119.89,317573,5.0,2016,2016-09-16
5Tygz6xf4Ph9rsI8h9VL7Y,Make it Easy,How Near How Far,0eHXynBGM4KPnl8Mmv2xOY,['Etienne Mbappe & the Prophets'],['6t93sEnZWy8xaDQm8f73Jm'],5,1,False,0.6779999999999999,0.767,1,-7.162999999999999,1,0.0477,0.336,0.6659999999999999,0.0331,0.747,105.70700000000001,303720,4.0,2016,2016-09-16
3Tb8umNWzPSTSNJFKZLE5e,Milonga in 7 (To Astor Piazzola),How Near How Far,0eHXynBGM4KPnl8Mmv2xOY,['Etienne Mbappe & the Prophets'],['6t93sEnZWy8xaDQm8f73Jm'],6,1,False,0.6829999999999999,0.6940000000000001,9,-7.524,0,0.0296,0.6409999999999999,0.889,0.10400000000000001,0.648,150.05700000000004,254333,1.0,2016,2016-09-16
0wxG1Kt8F8X83t4DkYBahj,Bad As I'm Doing,How Near How Far,0eHXynBGM4KPnl8Mmv2xOY,['Etienne Mbappe & the Prophets'],['6t93sEnZWy8xaDQm8f73Jm'],7,1,False,0.588,0.507,8,-7.867000000000001,1,0.0493,0.711,0.772,0.0878,0.332,94.669,318253,3.0,2016,2016-09-16
3T1wL13pBtv61OF2ofOIkH,Mang Lady,How Near How Far,0eHXynBGM4KPnl8Mmv2xOY,['Etienne Mbappe & the Prophets'],['6t93sEnZWy8xaDQm8f73Jm'],8,1,False,0.6809999999999999,0.419,11,-9.301,0,0.0321,0.687,0.573,0.272,0.28600000000000003,89.38799999999998,342093,4.0,2016,2016-09-16
68VyleaCsXDwn12VjMCW5w,Assiko Twerk,How Near How Far,0eHXynBGM4KPnl8Mmv2xOY,['Etienne Mbappe & the Prophets'],['6t93sEnZWy8xaDQm8f73Jm'],9,1,False,0.523,0.7809999999999999,2,-8.976,1,0.0509,0.72,0.44799999999999995,0.096,0.509,156.112,302253,4.0,2016,2016-09-16
5xRDchLuADbdHeELc8Tf0O,Day Message (To Joe Zawinul),How Near How Far,0eHXynBGM4KPnl8Mmv2xOY,['Etienne Mbappe & the Prophets'],['6t93sEnZWy8xaDQm8f73Jm'],10,1,False,0.556,0.593,6,-6.779,0,0.0312,0.718,0.7959999999999999,0.0616,0.47700000000000004,78.181,425147,4.0,2016,2016-09-16
5lQ5IgjsuwnBiLGlWrZTl9,Musango Na Wa,How Near How Far,0eHXynBGM4KPnl8Mmv2xOY,['Etienne Mbappe & the Prophets'],['6t93sEnZWy8xaDQm8f73Jm'],11,1,False,0.525,0.193,4,-15.522,1,0.0288,0.915,0.1,0.0971,0.151,97.456,320480,4.0,2016,2016-09-16
2kISyY10EZXmAW5VXApcMT,Wild Summer Heat/Passage Through/Bush Walk,Quantum Dreaming,41PSn9J1WxI6P2LZHXdE2A,['Inlakesh'],['5rwMyWamqbfFeDgfPRDMpi'],1,1,False,0.511,0.32299999999999995,1,-16.432000000000002,1,0.0613,0.659,0.8809999999999999,0.601,0.185,143.002,650720,4.0,1994,1994-01-01
1YtEvw4lpgqIsAopjvJaVi,Rock Melon,Quantum Dreaming,41PSn9J1WxI6P2LZHXdE2A,['Inlakesh'],['5rwMyWamqbfFeDgfPRDMpi'],2,1,False,0.501,0.257,8,-15.587,0,0.0707,0.617,0.9229999999999999,0.11199999999999999,0.414,108.54899999999999,303200,4.0,1994,1994-01-01
1CJAOy1OV3eo9gTm7EcGfn,Spirit Walk,Quantum Dreaming,41PSn9J1WxI6P2LZHXdE2A,['Inlakesh'],['5rwMyWamqbfFeDgfPRDMpi'],3,1,False,0.22399999999999998,0.106,11,-22.998,1,0.0424,0.878,0.924,0.0981,0.026000000000000002,131.72299999999998,400006,3.0,1994,1994-01-01
6xk4BMpNjvmgjkmDOlZ6tO,Wetlands,Quantum Dreaming,41PSn9J1WxI6P2LZHXdE2A,['Inlakesh'],['5rwMyWamqbfFeDgfPRDMpi'],4,1,False,0.314,0.287,2,-19.394000000000002,0,0.07200000000000001,0.914,0.282,0.644,0.0337,136.968,365120,4.0,1994,1994-01-01
1kcMyXFpT08kpYU1HTVfuW,Cello-do,Quantum Dreaming,41PSn9J1WxI6P2LZHXdE2A,['Inlakesh'],['5rwMyWamqbfFeDgfPRDMpi'],5,1,False,0.287,0.0497,0,-20.936999999999998,1,0.0415,0.107,0.7559999999999999,0.107,0.062,134.911,430507,5.0,1994,1994-01-01
2HaELIKpI1mqFBhAOtjyXL,Moku Singah,Quantum Dreaming,41PSn9J1WxI6P2LZHXdE2A,['Inlakesh'],['5rwMyWamqbfFeDgfPRDMpi'],6,1,False,0.364,0.235,5,-28.471999999999998,1,0.0428,0.858,0.9279999999999999,0.11699999999999999,0.175,144.221,158733,4.0,1994,1994-01-01
5lQvqfzX7z6jU9QOSguZ2X,Didjeri Riff,Quantum Dreaming,41PSn9J1WxI6P2LZHXdE2A,['Inlakesh'],['5rwMyWamqbfFeDgfPRDMpi'],7,1,False,0.405,0.121,1,-22.151,1,0.044000000000000004,0.977,0.904,0.102,0.11800000000000001,141.88,151973,1.0,1994,1994-01-01
1jCBUCh4r6QM8plX9FO1V0,Tabua,Quantum Dreaming,41PSn9J1WxI6P2LZHXdE2A,['Inlakesh'],['5rwMyWamqbfFeDgfPRDMpi'],8,1,False,0.155,0.068,0,-27.171,1,0.0416,0.7929999999999999,0.885,0.109,0.0322,80.665,323853,4.0,1994,1994-01-01
4M81XCKunCrfKudcknD7yD,A Fool,Friends and Butter,6b2rnZhTmIXXWmy54xyIKj,['RocMe Johnson'],['5pBzfZuSwlvY8TwcjJghg0'],1,1,True,0.748,0.685,2,-8.486,1,0.0523,0.0766,1.4300000000000005e-05,0.0889,0.0398,131.998,206413,4.0,2018,2018-05-23
5rfxDRfLFqjdjm12Bjfqni,Hoist Up,Friends and Butter,6b2rnZhTmIXXWmy54xyIKj,['RocMe Johnson'],['5pBzfZuSwlvY8TwcjJghg0'],2,1,True,0.865,0.536,8,-7.388,1,0.138,0.102,0.0493,0.085,0.263,164.005,151693,4.0,2018,2018-05-23
0ID8GEqvOErfFFG04znpT8,Mission,Friends and Butter,6b2rnZhTmIXXWmy54xyIKj,['RocMe Johnson'],['5pBzfZuSwlvY8TwcjJghg0'],3,1,True,0.797,0.659,6,-6.517,0,0.261,0.305,0.0,0.11,0.5710000000000001,170.081,185533,3.0,2018,2018-05-23
66PcPy3BbgKLYhojxtfLFK,Find,Friends and Butter,6b2rnZhTmIXXWmy54xyIKj,['RocMe Johnson'],['5pBzfZuSwlvY8TwcjJghg0'],4,1,True,0.8109999999999999,0.55,5,-9.242,0,0.158,0.134,2.15e-05,0.10800000000000001,0.5379999999999999,79.999,183120,4.0,2018,2018-05-23
0wSZqILApC1MTWi2RmDRBh,One Wish,Friends and Butter,6b2rnZhTmIXXWmy54xyIKj,['RocMe Johnson'],['5pBzfZuSwlvY8TwcjJghg0'],5,1,True,0.866,0.47700000000000004,5,-9.777999999999999,0,0.153,0.106,5.0900000000000004e-05,0.0846,0.225,140.045,187293,4.0,2018,2018-05-23
6Wn4kOFvHImydIV67BhbFo,The Bottom,Friends and Butter,6b2rnZhTmIXXWmy54xyIKj,['RocMe Johnson'],['5pBzfZuSwlvY8TwcjJghg0'],6,1,True,0.905,0.466,1,-9.452,1,0.503,0.10800000000000001,1.2e-06,0.267,0.195,148.004,221520,4.0,2018,2018-05-23
1hDNdaSTC8TQsmJ3JVbnid,Separated Family,Friends and Butter,6b2rnZhTmIXXWmy54xyIKj,['RocMe Johnson'],['5pBzfZuSwlvY8TwcjJghg0'],7,1,True,0.9,0.585,6,-7.6179999999999986,0,0.187,0.0873,0.0,0.138,0.335,146.026,292307,4.0,2018,2018-05-23
6w4sEoJUwF4KFRm2ltDI8E,Mourning Song,Stand Fall Repeat,1ciHorqvzXpB1zlKktnGad,['Michelle Anthony'],['2LHouz8OHFRDVub8UPaz66'],1,1,False,0.34700000000000003,0.606,10,-5.103,0,0.0307,0.26,9.91e-06,0.068,0.233,126.62200000000001,330080,4.0,2004,2004-01-01
3Pt7zD4pqet8ExGAjqhs8y,Don't Deny,Stand Fall Repeat,1ciHorqvzXpB1zlKktnGad,['Michelle Anthony'],['2LHouz8OHFRDVub8UPaz66'],2,1,False,0.414,0.831,2,-4.088,1,0.0461,0.0796,1.24e-06,0.166,0.402,123.20700000000001,214947,4.0,2004,2004-01-01
6ptG4APjEs968SGLqmqOyR,All This Time,Stand Fall Repeat,1ciHorqvzXpB1zlKktnGad,['Michelle Anthony'],['2LHouz8OHFRDVub8UPaz66'],3,1,False,0.545,0.6970000000000001,11,-5.409,1,0.0359,0.214,0.0,0.214,0.855,119.979,241400,4.0,2004,2004-01-01
4bytLM11P9Pu2nF3aKCcps,Radio Waves,Stand Fall Repeat,1ciHorqvzXpB1zlKktnGad,['Michelle Anthony'],['2LHouz8OHFRDVub8UPaz66'],4,1,False,0.325,0.5529999999999999,3,-6.027,1,0.0322,0.136,5.84e-06,0.682,0.38799999999999996,123.22399999999999,270000,4.0,2004,2004-01-01
4LsNPNT3MsajSGe2SCC1qs,Ivy Rider,Stand Fall Repeat,1ciHorqvzXpB1zlKktnGad,['Michelle Anthony'],['2LHouz8OHFRDVub8UPaz66'],5,1,False,0.433,0.713,6,-4.029,0,0.0352,0.35600000000000004,0.0,0.17800000000000002,0.415,111.348,268627,4.0,2004,2004-01-01
3ndAnZ81I2CyYQVgLfHJss,Family Tree,Stand Fall Repeat,1ciHorqvzXpB1zlKktnGad,['Michelle Anthony'],['2LHouz8OHFRDVub8UPaz66'],6,1,False,0.526,0.799,6,-5.11,0,0.0407,0.0689,5.37e-06,0.19399999999999998,0.605,121.49,213000,4.0,2004,2004-01-01
3V7dEtn33xKKxfVde6tp1L,Ellouise,Stand Fall Repeat,1ciHorqvzXpB1zlKktnGad,['Michelle Anthony'],['2LHouz8OHFRDVub8UPaz66'],7,1,False,0.34,0.9490000000000001,7,-2.467,1,0.0718,0.00164,0.0,0.278,0.6809999999999999,153.887,169467,4.0,2004,2004-01-01
1FWYpw9jLjwVJtpVxgkp2z,Analog Feeling,Stand Fall Repeat,1ciHorqvzXpB1zlKktnGad,['Michelle Anthony'],['2LHouz8OHFRDVub8UPaz66'],8,1,False,0.446,0.877,4,-3.593,1,0.134,0.0556,0.0,0.10800000000000001,0.746,135.059,205947,4.0,2004,2004-01-01
4NyV68lz45zmrZ8vUHJNK2,Bubble Clock,Stand Fall Repeat,1ciHorqvzXpB1zlKktnGad,['Michelle Anthony'],['2LHouz8OHFRDVub8UPaz66'],9,1,False,0.45899999999999996,0.915,9,-4.288,1,0.0637,0.0827,0.0,0.218,0.373,127.618,218413,4.0,2004,2004-01-01
4kRRJdtEPG7jn3m2YIyFIP,Closer,Stand Fall Repeat,1ciHorqvzXpB1zlKktnGad,['Michelle Anthony'],['2LHouz8OHFRDVub8UPaz66'],10,1,False,0.337,0.485,7,-6.56,1,0.0262,0.45399999999999996,0.000245,0.0852,0.145,91.01899999999999,321693,3.0,2004,2004-01-01
1hGLIcSfW0Btts03wqFggs,Today,Stand Fall Repeat,1ciHorqvzXpB1zlKktnGad,['Michelle Anthony'],['2LHouz8OHFRDVub8UPaz66'],11,1,False,0.45899999999999996,0.337,2,-7.862999999999999,1,0.0283,0.9209999999999999,0.0076700000000000015,0.142,0.42,125.573,185933,4.0,2004,2004-01-01
3eGmv9sxK60p8XIBLhBtC0,Everybody Rise,Everybody Rise,116julihD6RXmoi525fLtU,['Amy Shark'],['2DORQjKJVYZMx9uu82UGtT'],1,1,False,0.7020000000000001,0.6759999999999999,0,-6.678999999999999,1,0.0526,0.0335,0.0,0.102,0.65,103.057,190323,4.0,2020,2020-06-18
3uXS49hnfASNluQD6FwarC,230 - Monstercat: Call of the Wild,230 - Monstercat: Call of the Wild,13vQFVWu5mSTGbSqffpX8I,['Monstercat Call of the Wild'],['3GLfDAV3PJ4jMMZ0UUjwig'],1,1,False,0.442,0.8290000000000001,11,-3.677,0,0.109,0.0131,0.00147,0.785,0.392,126.676,3667130,4.0,2019,2019-01-09
1iKRVlBhdTXjNbuHOgSciY,Hungry Man,Sings Bobby Troup,1eWuVrr7nGlYIyKEwxpjkJ,['Mark Winkler'],['761zuGWLesLMv5B6HhbSHS'],1,1,False,0.53,0.535,10,-7.849,0,0.0822,0.43799999999999994,0.0,0.0861,0.586,77.99,195400,3.0,2004,2004-03-04
76REpRhxrRlRY5q1nILJ33,You're Looking At Me,Sings Bobby Troup,1eWuVrr7nGlYIyKEwxpjkJ,['Mark Winkler'],['761zuGWLesLMv5B6HhbSHS'],2,1,False,0.5720000000000001,0.377,10,-12.53,1,0.0731,0.633,4.72e-06,0.102,0.35700000000000004,142.695,192333,3.0,2004,2004-03-04
3k7pnoKzbK5AsEOMrAg78X,Three Bears,Sings Bobby Troup,1eWuVrr7nGlYIyKEwxpjkJ,['Mark Winkler'],['761zuGWLesLMv5B6HhbSHS'],3,1,False,0.653,0.545,5,-7.501,0,0.127,0.44,0.0,0.33299999999999996,0.7090000000000001,100.421,165907,4.0,2004,2004-03-04
6ic2eXaw45tyqycoixbdlx,Lemon Twist,Sings Bobby Troup,1eWuVrr7nGlYIyKEwxpjkJ,['Mark Winkler'],['761zuGWLesLMv5B6HhbSHS'],4,1,False,0.599,0.41600000000000004,0,-11.081,0,0.0415,0.865,3.3799999999999995e-05,0.0917,0.524,135.415,240573,4.0,2004,2004-03-04
5sm6iUpPgDiJHoGgdJANiV,Meaning of the Blues,Sings Bobby Troup,1eWuVrr7nGlYIyKEwxpjkJ,['Mark Winkler'],['761zuGWLesLMv5B6HhbSHS'],5,1,False,0.35100000000000003,0.19,9,-15.952,1,0.0374,0.884,0.00448,0.0958,0.0926,165.89,197987,5.0,2004,2004-03-04
4HZ3lUREeG52pWBYfWo6ez,Route 66,Sings Bobby Troup,1eWuVrr7nGlYIyKEwxpjkJ,['Mark Winkler'],['761zuGWLesLMv5B6HhbSHS'],6,1,False,0.557,0.21100000000000002,0,-15.421,1,0.139,0.33399999999999996,5.6299999999999986e-05,0.109,0.539,148.144,184200,4.0,2004,2004-03-04
4OY2YOBIOzt4OccObPMqUH,"Baby, Baby All the Time",Sings Bobby Troup,1eWuVrr7nGlYIyKEwxpjkJ,['Mark Winkler'],['761zuGWLesLMv5B6HhbSHS'],7,1,False,0.687,0.284,5,-11.13,1,0.0456,0.85,5.47e-06,0.107,0.318,105.087,251347,4.0,2004,2004-03-04
6aXQ57SuH32dKUYxQNwaBF,Walkin' Shoes,Sings Bobby Troup,1eWuVrr7nGlYIyKEwxpjkJ,['Mark Winkler'],['761zuGWLesLMv5B6HhbSHS'],8,1,False,0.701,0.33299999999999996,0,-11.049000000000001,1,0.0438,0.861,5.97e-06,0.11900000000000001,0.424,127.95299999999999,175840,4.0,2004,2004-03-04
2OL1o1A9Fplit4DOcZYvVj,Learn To Love,Sings Bobby Troup,1eWuVrr7nGlYIyKEwxpjkJ,['Mark Winkler'],['761zuGWLesLMv5B6HhbSHS'],9,1,False,0.483,0.23,0,-12.669,1,0.038,0.919,2.35e-05,0.115,0.242,127.45299999999999,224720,3.0,2004,2004-03-04
6Pk3FvzQBZVAq3y9fxsgfK,One October Morning,Sings Bobby Troup,1eWuVrr7nGlYIyKEwxpjkJ,['Mark Winkler'],['761zuGWLesLMv5B6HhbSHS'],10,1,False,0.6679999999999999,0.337,6,-12.401,0,0.0343,0.8420000000000001,2.9100000000000013e-05,0.11699999999999999,0.39299999999999996,103.49700000000001,226533,4.0,2004,2004-03-04
3bIz9gzOYnexlPby4d3pJR,Girl Talk,Sings Bobby Troup,1eWuVrr7nGlYIyKEwxpjkJ,['Mark Winkler'],['761zuGWLesLMv5B6HhbSHS'],11,1,False,0.578,0.293,6,-12.175,1,0.038,0.9009999999999999,6.79e-06,0.177,0.34600000000000003,110.975,247947,4.0,2004,2004-03-04
0vZuKkUEhsSYmsD8i74Svj,A Young Man Is Gone,Sings Bobby Troup,1eWuVrr7nGlYIyKEwxpjkJ,['Mark Winkler'],['761zuGWLesLMv5B6HhbSHS'],12,1,False,0.358,0.0602,0,-16.848,1,0.0473,0.9470000000000001,0.000698,0.11599999999999999,0.113,63.845,214467,5.0,2004,2004-03-04
0x14tLW7dYMQeZIcIyHLhU,Two Guys From the Coast,Sings Bobby Troup,1eWuVrr7nGlYIyKEwxpjkJ,['Mark Winkler'],['761zuGWLesLMv5B6HhbSHS'],13,1,False,0.732,0.326,2,-11.224,0,0.0401,0.615,4.26e-05,0.11699999999999999,0.29,102.98200000000001,196680,4.0,2004,2004-03-04
7KapYDlfYQ6kOYuhtiNBfn,Feeling Like,Feeling Like,2C3BfJCVf1iWqxr7y7DW8e,['In Grey'],['3WCXPAxMfPiDFoTE6UXAYA'],1,1,False,0.581,0.9620000000000001,11,-5.499,0,0.102,0.0184,1.85e-05,0.361,0.34600000000000003,99.917,163250,4.0,2018,2018-10-19
6yC5TK3e9yxZM8KKjJyGq2,Nothing's Gonna Stop Us Now,Love Songs,4cSgMF3IHEC0GK4q6l5G3S,['Starship'],['0kObWap02DEg9EAJ3PBxzf'],1,1,False,0.643,0.8009999999999999,6,-4.921,1,0.0228,0.0298,0.0,0.0719,0.534,95.988,270333,4.0,2019,2019-02-08
6X5owbLRGOqtbVFjtphBTP,I'd Love You to Want Me,Love Songs,4cSgMF3IHEC0GK4q6l5G3S,['Lobo'],['1sldhz8tzC100cRAdfnMht'],2,1,False,0.4320000000000001,0.511,10,-11.177999999999999,1,0.0342,0.29600000000000004,0.0,0.0698,0.498,78.639,244027,4.0,2019,2019-02-08
3Vu3gEnVocShoKrbM4wflp,Just When I Needed You Most,Love Songs,4cSgMF3IHEC0GK4q6l5G3S,['Randy VanWarmer'],['6IRQiyNmNGjGlrmEl0iArm'],3,1,False,0.583,0.313,9,-14.36,1,0.0256,0.615,0.0,0.121,0.34600000000000003,96.71700000000001,241747,4.0,2019,2019-02-08
3HGRWjRHkmVOPmC2yld2pk,The Power of Love,Love Songs,4cSgMF3IHEC0GK4q6l5G3S,['Gabrielle Aplin'],['3w6zswp5THsSKYLICUbDTZ'],4,1,False,0.27699999999999997,0.29100000000000004,11,-9.851,0,0.0306,0.9009999999999999,2.47e-05,0.10300000000000001,0.175,75.119,245160,3.0,2019,2019-02-08
1QyyOMxxMtcbwvVB71TvC3,Fall In Love (The Day We Never Met),Love Songs,4cSgMF3IHEC0GK4q6l5G3S,['Daniel Powter'],['7xTcuBOIAAIGDOSvwYFPzk'],5,1,False,0.5539999999999999,0.838,9,-4.553,1,0.0553,0.0436,0.0,0.10800000000000001,0.635,120.044,224787,4.0,2019,2019-02-08
58GaYsYL8ugsqunGl7gDoD,I Want to Know What Love Is,Love Songs,4cSgMF3IHEC0GK4q6l5G3S,['Foreigner'],['6IRouO5mvvfcyxtPDKMYFN'],6,1,False,0.47700000000000004,0.47100000000000003,6,-10.036,1,0.0277,0.193,1.76e-06,0.131,0.423,81.204,304787,4.0,2019,2019-02-08
0F8ZQGsxZSHCUQ8DCRpdo6,made up love song #43,Love Songs,4cSgMF3IHEC0GK4q6l5G3S,['Lewis Watson'],['40ELTAg7Kg6vbWnlyx2n9R'],7,1,False,0.6829999999999999,0.389,0,-8.593,1,0.0244,0.467,0.0008550000000000001,0.11800000000000001,0.368,101.92399999999999,241953,4.0,2019,2019-02-08
1iUG5q7M6kkfzFMmSSb91T,Nothing's Gonna Change My Love for You,Love Songs,4cSgMF3IHEC0GK4q6l5G3S,['George Benson'],['4N8BwYTEC6XqykGvXXlmfv'],8,1,False,0.5529999999999999,0.614,1,-5.098,1,0.0306,0.764,0.0,0.0811,0.345,136.628,242679,4.0,2019,2019-02-08
7hVqKpHCrk4YKGUMEHvhAq,Anyone Who Had a Heart,Love Songs,4cSgMF3IHEC0GK4q6l5G3S,['Cilla Black'],['3bCvHtuIXWXPbCMdSYudmZ'],9,1,False,0.49,0.455,7,-10.708,1,0.0312,0.821,0.257,0.221,0.413,80.37100000000002,171373,3.0,2019,2019-02-08
6l26lYKY8RwXg9DFDKTT00,Love Songs,Love Songs,4cSgMF3IHEC0GK4q6l5G3S,['George Duke'],['3EB0uKE2lGw6BB1UFJrONl'],10,1,False,0.575,0.7120000000000001,5,-6.928999999999999,0,0.0388,0.68,0.000146,0.268,0.40399999999999997,131.565,338307,4.0,2019,2019-02-08
7wXcm4kJf63FjWN5yW6tjM,You Can't Hurry Love,Love Songs,4cSgMF3IHEC0GK4q6l5G3S,['Boyzone'],['6X9aYHnQ75YI8o08aoa0iS'],11,1,False,0.684,0.8240000000000001,11,-5.117,1,0.039,0.0639,0.0,0.0611,0.9079999999999999,97.01,172120,4.0,2019,2019-02-08
4IGguea8wAukfkWFIfKMfr,It Must Have Been Love,Love Songs,4cSgMF3IHEC0GK4q6l5G3S,['Gheorghe Zamfir'],['12FFWdcxApUNXV9TljwDpT'],12,1,False,0.5379999999999999,0.665,1,-7.612999999999999,0,0.0258,0.14,0.0493,0.125,0.613,81.01899999999998,256387,4.0,2019,2019-02-08
3IhGMlYc29DglJtG5NJA8o,Free to Love,Love Songs,4cSgMF3IHEC0GK4q6l5G3S,['LP'],['31X3RJQM5SywGLkA7W1ZDM'],13,1,False,0.521,0.7879999999999999,7,-4.773,1,0.0396,0.0252,0.000824,0.105,0.17600000000000002,128.065,266067,4.0,2019,2019-02-08
2ajCJwy7tDIi8A7DIuaJbQ,Hypnotize Me,Love Songs,4cSgMF3IHEC0GK4q6l5G3S,['Taylor Berrett'],['1tCanPo942hgj1AMNaGU88'],14,1,False,0.65,0.767,0,-4.13,1,0.0305,0.162,0.0,0.127,0.429,142.041,210120,4.0,2019,2019-02-08
1Zc0kJnfmmtwPS8Jj7jzq7,Stand By Me,Love Songs,4cSgMF3IHEC0GK4q6l5G3S,['Ben E. King'],['3plJVWt88EqjvtuB4ZDRV3'],15,1,False,0.6679999999999999,0.271,9,-10.321,1,0.0379,0.5,2.53e-06,0.233,0.6940000000000001,119.08,174800,4.0,2019,2019-02-08
1fMDrnuizOMBYfRGwA6Jf8,Love at First Sight,Love Songs,4cSgMF3IHEC0GK4q6l5G3S,['Kylie Minogue'],['4RVnAU35WRWra6OZ3CbbMA'],16,1,False,0.603,0.778,3,-6.037000000000001,0,0.0436,0.024,0.0461,0.049,0.489,124.999,237933,4.0,2019,2019-02-08
1WT5YcFQZTtT8E7o4SLQyj,To Love Again,Love Songs,4cSgMF3IHEC0GK4q6l5G3S,['Alesha Dixon'],['5jLwURKdEPDvuYnac74s9c'],17,1,False,0.322,0.602,0,-5.1979999999999995,1,0.0316,0.133,0.0,0.0967,0.191,133.938,231133,4.0,2019,2019-02-08
7KLsek83f5tjaLeIAOeQ0m,Superlove,Love Songs,4cSgMF3IHEC0GK4q6l5G3S,['Lenny Kravitz'],['5gznATMVO85ZcLTkE9ULU7'],18,1,False,0.664,0.7829999999999999,9,-6.605,0,0.0321,0.0053100000000000005,0.32799999999999996,0.0257,0.976,100.204,208627,4.0,2019,2019-02-08
00g8z0qXqhdBUbpIzmCiHw,I Love You Always Forever,Love Songs,4cSgMF3IHEC0GK4q6l5G3S,['Donna Lewis'],['2EfG2EoT8GFJrMiilbTVl2'],19,1,False,0.7440000000000001,0.45299999999999996,5,-11.977,1,0.0348,0.627,0.42100000000000004,0.0898,0.122,103.773,239960,4.0,2019,2019-02-08
1zXim23hzjuat1fNnIYCK6,(Where Do I Begin) Love Story,Love Songs,4cSgMF3IHEC0GK4q6l5G3S,['Shirley Bassey'],['090VebphoycdEyH165iMqc'],20,1,False,0.42100000000000004,0.47200000000000003,2,-8.25,0,0.0386,0.469,0.0,0.133,0.518,94.82600000000001,194947,4.0,2019,2019-02-08
2iITn5ojFgHyyINdH0cziZ,Can't Take My Eyes Off You,Love Songs,4cSgMF3IHEC0GK4q6l5G3S,['Frankie Valli'],['3CDKmzJu6uwEGnPLLZffpD'],21,1,False,0.581,0.78,4,-7.053,1,0.0567,0.508,1.07e-05,0.0799,0.561,123.711,203680,4.0,2019,2019-02-08
7JVwweAfTxwYmTmnoaD05f,When a Man Loves a Woman,Love Songs,4cSgMF3IHEC0GK4q6l5G3S,['Percy Sledge'],['3rRmDmzPcAFwcUDvG5gBqO'],22,1,False,0.532,0.3670000000000001,1,-8.982000000000003,1,0.0241,0.319,1.59e-06,0.218,0.324,97.08,173663,3.0,2019,2019-02-08
12sk2VssWxYMWwmQJyY8Kj,The Rose,Love Songs,4cSgMF3IHEC0GK4q6l5G3S,['Bette Midler'],['13y0kncDD4J9wxCyfKr10W'],23,1,False,0.258,0.0971,0,-13.002,1,0.0302,0.94,0.0,0.122,0.0767,65.346,215027,3.0,2019,2019-02-08
73D5KeayTULCtoBRYa4fdL,Without You,Love Songs,4cSgMF3IHEC0GK4q6l5G3S,['Air Supply'],['4xXCRXOfQKQ2gjWxNhNzYW'],24,1,False,0.371,0.509,5,-6.426,1,0.0302,0.12300000000000001,0.000964,0.381,0.29100000000000004,128.618,272627,4.0,2019,2019-02-08
3UMoLDillItqtMD4oJX3V7,(Everything I Do) I Do It for You,Love Songs,4cSgMF3IHEC0GK4q6l5G3S,['Brandy'],['05oH07COxkXKIMt6mIPRee'],25,1,False,0.5710000000000001,0.5660000000000001,1,-5.225,1,0.0294,0.308,2.8e-06,0.11199999999999999,0.349,131.828,250000,4.0,2019,2019-02-08
2Im6dl9ZG8naRplRsOSCU8,What the World Needs Now Is Love,Love Songs,4cSgMF3IHEC0GK4q6l5G3S,['Dionne Warwick'],['2JSjCHK79gdaiPWdKiNUNp'],26,1,False,0.574,0.364,11,-9.672,0,0.0365,0.915,9.98e-06,0.13699999999999998,0.39799999999999996,112.094,190480,3.0,2019,2019-02-08
6d1ijCdmDI8b6tWyvdJpUm,I Swear,Love Songs,4cSgMF3IHEC0GK4q6l5G3S,['All-4-One'],['1B8ySGDAiXTCvnJNH4HSCG'],27,1,False,0.532,0.40700000000000003,6,-9.658,0,0.0233,0.235,0.0,0.11699999999999999,0.23,83.20700000000002,259853,4.0,2019,2019-02-08
2IqlkN8HSVR0usodKMPdBq,You Might Need Somebody,Love Songs,4cSgMF3IHEC0GK4q6l5G3S,['Randy Crawford'],['1twC2fwPG5FkvYcMpVBQRz'],28,1,False,0.597,0.5660000000000001,1,-8.459,1,0.0314,0.145,0.000621,0.0747,0.5870000000000001,83.236,254813,4.0,2019,2019-02-08
701gSIQZOUDgkiLzmAI7nS,Baby I Love You,Love Songs,4cSgMF3IHEC0GK4q6l5G3S,['Aretha Franklin'],['7nwUJBm0HE4ZxD3f5cy5ok'],29,1,False,0.74,0.27699999999999997,0,-14.898,1,0.0384,0.629,0.0,0.149,0.79,91.48299999999999,160213,4.0,2019,2019-02-08
6hpXQiP1I7mYX7Eqgx2mTR,Ain't Nobody,Love Songs,4cSgMF3IHEC0GK4q6l5G3S,['Chaka Khan'],['6mQfAAqZGBzIfrmlZCeaYT'],30,1,False,0.823,0.765,10,-12.392999999999999,0,0.0456,0.222,6.73e-05,0.11599999999999999,0.722,104.8,245133,4.0,2019,2019-02-08
2wkdOqrFZkwGOch0inXvCW,Angel of Mine,Love Songs,4cSgMF3IHEC0GK4q6l5G3S,['Eternal'],['4ZBfrK3AlY4Pq6Nh1gRmHM'],31,1,False,0.644,0.441,0,-8.72,0,0.0246,0.0751,2.05e-06,0.0743,0.256,94.796,258933,4.0,2019,2019-02-08
1aA63N4KTmtgegDK45yaqs,Always,Love Songs,4cSgMF3IHEC0GK4q6l5G3S,['Atlantic Starr'],['2YdVmtVBpIrv0N6WiBzSqm'],32,1,False,0.606,0.534,7,-6.757999999999999,1,0.0256,0.39899999999999997,0.000973,0.35600000000000004,0.32799999999999996,130.945,288493,4.0,2019,2019-02-08
5Sixd85gLztC2pC1HdW5K4,One In a Million You,Love Songs,4cSgMF3IHEC0GK4q6l5G3S,"['Graham Central Station', 'Larry Graham']","['1OGcRXAY9iO4egWiIBqX8F', '6lUcc15t11bnaPr2qOuFs2']",33,1,False,0.467,0.503,10,-7.013,1,0.0279,0.475,2.17e-06,0.335,0.2,71.506,250013,4.0,2019,2019-02-08
2lkSEQ4tIwABdp4k5GBk2s,We're In This Love Together,Love Songs,4cSgMF3IHEC0GK4q6l5G3S,['Al Jarreau'],['3YR92OLKlvkK5oKNekSqXe'],34,1,False,0.597,0.32299999999999995,5,-15.648,1,0.0494,0.56,2.24e-05,0.628,0.628,79.39699999999998,226067,4.0,2019,2019-02-08
5ZXnzELK7wfzPrpbGtxktw,It Started with a Kiss,Love Songs,4cSgMF3IHEC0GK4q6l5G3S,['Hot Chocolate'],['72VzFto8DYvKHocaHYNWSi'],35,1,False,0.785,0.725,7,-7.164,1,0.0872,0.405,0.00451,0.348,0.6829999999999999,112.163,242987,4.0,2019,2019-02-08
2Zj6HbRoQX5fRvhu5cUoEy,True,Love Songs,4cSgMF3IHEC0GK4q6l5G3S,['Spandau Ballet'],['2urZrEdsq72kx0UzfYN8Yv'],36,1,False,0.7440000000000001,0.545,0,-9.361,1,0.0297,0.506,0.0977,0.0649,0.34600000000000003,97.40899999999999,328293,4.0,2019,2019-02-08
3tdqZ8tUJZypRn8iI9nBnQ,I Love You,Love Songs,4cSgMF3IHEC0GK4q6l5G3S,['Tanita Tikaram'],['2gTl60Ao3u7bljVnAqxPh8'],37,1,False,0.563,0.0971,4,-19.067,0,0.0396,0.852,0.0,0.0932,0.0893,67.42399999999999,165307,4.0,2019,2019-02-08
76sFedinucf4AWYL2cSuOO,Perfect Love,Love Songs,4cSgMF3IHEC0GK4q6l5G3S,['Marc Cohn'],['2C8mKwk3z5DtqLcSwUdYJ9'],38,1,False,0.76,0.268,5,-19.207,1,0.0314,0.763,0.00209,0.07,0.713,108.766,263440,4.0,2019,2019-02-08
2OCB6b2sARmYh9aFaHyWeK,I Can Love You Like That,Love Songs,4cSgMF3IHEC0GK4q6l5G3S,['John Michael Montgomery'],['7mPcfx7PhnBh6n4HMCd61A'],39,1,False,0.49,0.359,11,-10.323,1,0.0314,0.313,0.0,0.499,0.21600000000000005,176.94,233267,4.0,2019,2019-02-08
1yeTEGVYNwfBxKLNOPSCdL,My Girl,Love Songs,4cSgMF3IHEC0GK4q6l5G3S,['Otis Redding'],['60df5JBRRPcnSpsIMxxwQm'],40,1,False,0.493,0.408,0,-5.979,1,0.0562,0.499,1.1400000000000001e-05,0.14300000000000002,0.674,203.93599999999998,175427,4.0,2019,2019-02-08
0c1BNZkUzRkt8QiVWCptHo,Our Own Love Song,Love Songs,4cSgMF3IHEC0GK4q6l5G3S,['Bettye LaVette'],['55U998XxmxjicLMKDSz6R3'],41,1,False,0.363,0.326,5,-9.255,1,0.0313,0.151,1.13e-05,0.16399999999999998,0.20600000000000002,142.744,275293,4.0,2019,2019-02-08
6mg4507pcQkBYf0ixGLwtY,Groovy Kind of Love,Love Songs,4cSgMF3IHEC0GK4q6l5G3S,"['Patti LaBelle', 'The Bluebelles']","['0ty0xha1dbprYIUAQufkFn', '3o71UUh0wHudH3T2zS1DgU']",42,1,False,0.38299999999999995,0.542,2,-5.75,1,0.0307,0.6729999999999999,0.0,0.0854,0.642,173.81900000000005,132440,4.0,2019,2019-02-08
1DB3W7kFrHbbOvhHkZudpe,Unchained Melody,Love Songs,4cSgMF3IHEC0GK4q6l5G3S,['Matt Monro'],['06kr5yNAM2rOf4DXemM8fl'],43,1,False,0.28300000000000003,0.294,7,-14.024000000000001,1,0.028999999999999998,0.792,0.134,0.342,0.33299999999999996,94.065,195000,4.0,2019,2019-02-08
3rUV4x3fcWXrBn4AuCKwlZ,Love Is the Power,Love Songs,4cSgMF3IHEC0GK4q6l5G3S,['Teddy Pendergrass'],['68kACMx6A3D2BYiO056MeQ'],44,1,False,0.725,0.45899999999999996,1,-14.700999999999999,0,0.0362,0.266,2.78e-05,0.175,0.878,138.451,377467,4.0,2019,2019-02-08
27IskbkebSfWS4AcQyxZ5V,Drive,Love Songs,4cSgMF3IHEC0GK4q6l5G3S,['The Cars'],['6DCIj8jNaNpBz8e5oKFPtp'],45,1,False,0.5820000000000001,0.606,6,-9.961,1,0.0289,0.124,0.00139,0.151,0.504,111.441,234493,5.0,2019,2019-02-08
0eg54gOshkrOsOmspLnzW2,Lover of Mine,Love Songs,4cSgMF3IHEC0GK4q6l5G3S,['Alannah Myles'],['6IYnSXO40Bh7Zdqhf6rQoj'],46,1,False,0.42,0.39899999999999997,9,-10.562999999999999,1,0.0279,0.267,0.0,0.127,0.0993,148.034,277400,4.0,2019,2019-02-08
2fuj6pJDvH2n1nS39YWxtn,Please Don't Go,Love Songs,4cSgMF3IHEC0GK4q6l5G3S,['KC & The Sunshine Band'],['3mQBpAOMWYqAZyxtyeo4Lo'],47,1,False,0.445,0.75,6,-7.159,1,0.035,0.00805,0.0,0.0358,0.466,95.95700000000001,230440,4.0,2019,2019-02-08
0vwFJHI6M5BZo1odCzwijA,Nothing Compares 2 U,Love Songs,4cSgMF3IHEC0GK4q6l5G3S,['Anthony Ventura'],['02UJNg1LEJ1vQSNm3Mo0R9'],48,1,False,0.446,0.27899999999999997,5,-15.331,1,0.0318,0.209,0.915,0.11800000000000001,0.0488,119.955,248533,4.0,2019,2019-02-08
20YtklbhyAUybP7r4I5Kxl,If I Have to Wait,Love Songs,4cSgMF3IHEC0GK4q6l5G3S,['Toni Braxton'],['3X458ddYA2YcVWuVIGGOYe'],49,1,False,0.608,0.568,5,-6.412999999999999,1,0.0304,0.268,0.0,0.253,0.34,132.961,236507,4.0,2019,2019-02-08
7KFDNxgVfsCr5dwHz53706,Damn I Wanna Be Your Lover,Love Songs,4cSgMF3IHEC0GK4q6l5G3S,['En Vogue'],['5fikk4h5qbEebqK2Fc6e48'],50,1,False,0.649,0.595,1,-8.804,1,0.028999999999999998,0.13699999999999998,0.0,0.287,0.40399999999999997,130.02700000000002,325067,4.0,2019,2019-02-08
57ApGoah5TMvBV5Cue46t6,All the Way to Calvary (Live),God Is Working (Live),5ZHhSOH92pgkLytyjLdWYe,['The Brooklyn Tabernacle Choir'],['4eDpQV93UILljVxohKoLUs'],1,1,False,0.51,0.938,5,-9.764,1,0.14400000000000002,0.0814,0.0,0.966,0.4970000000000001,120.101,146627,4.0,2000,2000-11-07
46MyZrhMieCo5oPLmwwtXP,God Is Working (Live) [feat. Karen Melendez Rampersad],God Is Working (Live),5ZHhSOH92pgkLytyjLdWYe,"['The Brooklyn Tabernacle Choir', 'Karen Melendez Rampersad']","['4eDpQV93UILljVxohKoLUs', '2AJVPgb4HmIwT1VFWvKszk']",2,1,False,0.541,0.723,0,-10.671,1,0.096,0.22699999999999998,0.0,0.971,0.7659999999999999,101.35700000000001,192307,4.0,2000,2000-11-07
1b0toKk2TFtGaUURus3Ddj,It's Amazing (Live) [feat. Robin Giles],God Is Working (Live),5ZHhSOH92pgkLytyjLdWYe,"['The Brooklyn Tabernacle Choir', 'Robin Giles']","['4eDpQV93UILljVxohKoLUs', '5dimcNRtyh2o1hwv9rLO9E']",3,1,False,0.285,0.623,5,-8.842,1,0.0528,0.647,3.77e-05,0.981,0.247,128.55700000000002,339333,3.0,2000,2000-11-07
7cjSR5Hn0m0ZGMTXiR4tbL,Church Medley (Live) [feat. Pam Pettway],God Is Working (Live),5ZHhSOH92pgkLytyjLdWYe,"['The Brooklyn Tabernacle Choir', 'Pam Pettway']","['4eDpQV93UILljVxohKoLUs', '5ba6X7X2eqrefJVf7iO3X2']",4,1,False,0.5589999999999999,0.956,8,-7.865,1,0.102,0.0723,0.0,0.971,0.495,117.051,271693,4.0,2000,2000-11-07
6KICKAxlevYwgY8OBGMZro,More Than Enough (Live) [feat. Joanne Brown],God Is Working (Live),5ZHhSOH92pgkLytyjLdWYe,"['The Brooklyn Tabernacle Choir', 'Joanne Brown']","['4eDpQV93UILljVxohKoLUs', '2Qvh35Izd6y1GqkgawS1hO']",5,1,False,0.226,0.337,2,-10.62,1,0.034,0.8390000000000001,3.5e-05,0.38,0.113,125.52,569707,4.0,2000,2000-11-07
7inFS2qwEV2eA0cdyYcOT0,Lift Your Voice (Live),God Is Working (Live),5ZHhSOH92pgkLytyjLdWYe,['The Brooklyn Tabernacle Choir'],['4eDpQV93UILljVxohKoLUs'],6,1,False,0.168,0.369,0,-14.213,1,0.0348,0.457,0.0519,0.7090000000000001,0.133,128.537,337893,4.0,2000,2000-11-07
6n67ahHfhmayLP4qX1UncI,I Found the Answer (Live) [feat. Kevin Lewis],God Is Working (Live),5ZHhSOH92pgkLytyjLdWYe,"['The Brooklyn Tabernacle Choir', 'Kevin Lewis']","['4eDpQV93UILljVxohKoLUs', '3LIHRxrMmP9OOyOidekwrW']",7,1,False,0.552,0.861,6,-8.461,1,0.0933,0.13699999999999998,0.0,0.6709999999999999,0.665,150.11700000000005,301707,4.0,2000,2000-11-07
4Hp8GL8X72zCsTwLmtzU81,For Every Mountain (Live) [feat. Susan Quintyne],God Is Working (Live),5ZHhSOH92pgkLytyjLdWYe,"['The Brooklyn Tabernacle Choir', 'Susan Quintyne']","['4eDpQV93UILljVxohKoLUs', '7ABjkPFsRlLxflg07KH9wz']",8,1,False,0.22699999999999998,0.35200000000000004,2,-11.189,0,0.0326,0.7440000000000001,1.15e-06,0.701,0.0864,99.904,390933,4.0,2000,2000-11-07
35pfYILzBuZ0Rao6CxUM2Y,Nothing Is Impossible (Live) [feat. Calvin Hunt],God Is Working (Live),5ZHhSOH92pgkLytyjLdWYe,"['The Brooklyn Tabernacle Choir', 'Calvin Hunt']","['4eDpQV93UILljVxohKoLUs', '7h5mm9znNdstUiiWbsGIbz']",9,1,False,0.518,0.73,10,-8.76,1,0.068,0.24,0.0,0.934,0.782,91.473,356027,4.0,2000,2000-11-07
2YnOv4q9zOrehaeRu1NZJJ,Keep Me True (Live) [feat. Damaris Carbaugh],God Is Working (Live),5ZHhSOH92pgkLytyjLdWYe,"['The Brooklyn Tabernacle Choir', 'Damaris Carbaugh']","['4eDpQV93UILljVxohKoLUs', '1P3rVmnyRGShokek1rKFod']",10,1,False,0.185,0.337,5,-12.392000000000001,0,0.0346,0.64,2.84e-05,0.765,0.0552,104.679,332640,4.0,2000,2000-11-07
0liyRf4taqa5yftPuZY50d,Holy Like You (Live) [feat. Susan Pettrey],God Is Working (Live),5ZHhSOH92pgkLytyjLdWYe,"['The Brooklyn Tabernacle Choir', 'Susan Pettrey']","['4eDpQV93UILljVxohKoLUs', '4DZRYkgvP6P4OJaiowHq0C']",11,1,False,0.22899999999999998,0.304,8,-13.401,0,0.0353,0.856,1.99e-05,0.754,0.0473,121.04799999999999,382600,4.0,2000,2000-11-07
2RnZ8rPbn0Z1YKe6KtK40O,Holy Like You (Reprise) (Live),God Is Working (Live),5ZHhSOH92pgkLytyjLdWYe,['The Brooklyn Tabernacle Choir'],['4eDpQV93UILljVxohKoLUs'],12,1,False,0.319,0.38799999999999996,5,-16.014,1,0.0365,0.37,0.000389,0.3720000000000001,0.209,96.43,162333,5.0,2000,2000-11-07
70j1xGgpMDxfwAUydssaoW,Prelude,The Wishing Stones,4WK5SxOoT5XK4Ma9qYAdNK,['Tom Guarna'],['73KRl7Yg1BvJlz0Q9SJCVH'],1,1,False,0.507,0.0325,6,-19.660999999999998,0,0.13,0.996,0.9490000000000001,0.11199999999999999,0.484,85.96700000000001,138653,4.0,2017,2017-11-10
5oUxD97a6YhsL0toKljZGt,Song for Carabello,The Wishing Stones,4WK5SxOoT5XK4Ma9qYAdNK,['Tom Guarna'],['73KRl7Yg1BvJlz0Q9SJCVH'],2,1,False,0.368,0.508,1,-10.839,0,0.026000000000000002,0.9470000000000001,0.961,0.11199999999999999,0.794,92.861,314973,1.0,2017,2017-11-10
6nGbbABY8FX93YwcLUij3Y,Surrender Song,The Wishing Stones,4WK5SxOoT5XK4Ma9qYAdNK,['Tom Guarna'],['73KRl7Yg1BvJlz0Q9SJCVH'],3,1,False,0.493,0.431,9,-15.283,1,0.0387,0.9279999999999999,0.924,0.0665,0.27399999999999997,110.44,424027,4.0,2017,2017-11-10
6LycyBPhb3dG1BLamea9zM,Hope,The Wishing Stones,4WK5SxOoT5XK4Ma9qYAdNK,['Tom Guarna'],['73KRl7Yg1BvJlz0Q9SJCVH'],4,1,False,0.36,0.489,1,-11.967,0,0.0296,0.948,0.941,0.0921,0.406,121.64399999999999,437000,3.0,2017,2017-11-10
6fgSaO40C5kb6xJiXOqZlO,Moment = Eternity,The Wishing Stones,4WK5SxOoT5XK4Ma9qYAdNK,['Tom Guarna'],['73KRl7Yg1BvJlz0Q9SJCVH'],5,1,False,0.4320000000000001,0.196,3,-15.181,0,0.0376,0.9690000000000001,0.696,0.106,0.149,83.331,575107,3.0,2017,2017-11-10
4GbaD32MlYl4i8OJp9iA9Q,Unravel,The Wishing Stones,4WK5SxOoT5XK4Ma9qYAdNK,['Tom Guarna'],['73KRl7Yg1BvJlz0Q9SJCVH'],6,1,False,0.425,0.386,2,-14.617,0,0.0343,0.9129999999999999,0.9259999999999999,0.107,0.259,95.206,443227,4.0,2017,2017-11-10
0O7vnESJZzu2GFa4r3Ggyc,Modules,The Wishing Stones,4WK5SxOoT5XK4Ma9qYAdNK,['Tom Guarna'],['73KRl7Yg1BvJlz0Q9SJCVH'],7,1,False,0.5539999999999999,0.4320000000000001,9,-12.502,1,0.0328,0.961,0.898,0.0895,0.705,113.45100000000001,417080,4.0,2017,2017-11-10
5584MWUpVzc9ewwmxFqsmS,The Wishing Stones,The Wishing Stones,4WK5SxOoT5XK4Ma9qYAdNK,['Tom Guarna'],['73KRl7Yg1BvJlz0Q9SJCVH'],8,1,False,0.555,0.462,10,-13.939,1,0.0394,0.946,0.915,0.0952,0.354,103.742,504707,4.0,2017,2017-11-10
7LRZ0uN94gwCM9clof17up,Beacon,The Wishing Stones,4WK5SxOoT5XK4Ma9qYAdNK,['Tom Guarna'],['73KRl7Yg1BvJlz0Q9SJCVH'],9,1,False,0.442,0.23399999999999999,2,-13.272,0,0.033,0.975,0.884,0.096,0.157,110.133,571840,4.0,2017,2017-11-10
5RqBD5hJDih2GiEM2iYRV2,Run Signal,The Wishing Stones,4WK5SxOoT5XK4Ma9qYAdNK,['Tom Guarna'],['73KRl7Yg1BvJlz0Q9SJCVH'],10,1,False,0.42,0.406,8,-13.345999999999998,0,0.0327,0.968,0.9279999999999999,0.0867,0.5429999999999999,101.92,324347,4.0,2017,2017-11-10
089DO4EWyXQNCym3x0AUJ0,Native Tongue,The Wishing Stones,4WK5SxOoT5XK4Ma9qYAdNK,['Tom Guarna'],['73KRl7Yg1BvJlz0Q9SJCVH'],11,1,False,0.444,0.473,7,-10.517999999999999,0,0.0479,0.877,0.9390000000000001,0.11199999999999999,0.705,124.713,293640,3.0,2017,2017-11-10
08cupg4ohDvcH4AEXBE1lV,"Suite No. 3 in C Major, BWV 1009: I. Prelude","Bach: Suites for Solo Cello, Vol. 1",7pshIyryED862eHvbA5dyI,"[""Sara Sant'Ambrogio""]",['3uhsmK6emUmKK1c3dboQsv'],1,1,False,0.226,0.24,0,-14.243,1,0.0447,0.9470000000000001,0.8170000000000001,0.141,0.24,139.416,279467,4.0,2009,2009-05-12
19J3BVDx46krsS80wqfD0B,"Suite No. 3 in C Major, BWV 1009: II. Allemande","Bach: Suites for Solo Cello, Vol. 1",7pshIyryED862eHvbA5dyI,"[""Sara Sant'Ambrogio""]",['3uhsmK6emUmKK1c3dboQsv'],2,1,False,0.531,0.172,7,-14.314,1,0.0375,0.986,0.892,0.20199999999999999,0.575,99.37100000000001,253600,4.0,2009,2009-05-12
6TdVVBfYYQrXWHV2N7P9Bm,"Suite No. 3 in C Major, BWV 1009: III. Courante","Bach: Suites for Solo Cello, Vol. 1",7pshIyryED862eHvbA5dyI,"[""Sara Sant'Ambrogio""]",['3uhsmK6emUmKK1c3dboQsv'],3,1,False,0.564,0.396,7,-13.333,1,0.0444,0.9890000000000001,0.8909999999999999,0.131,0.94,64.42,177320,5.0,2009,2009-05-12
7b86AaZAuslFPa1yIRJEYo,"Suite No. 3 in C Major, BWV 1009: IV. Sarabande","Bach: Suites for Solo Cello, Vol. 1",7pshIyryED862eHvbA5dyI,"[""Sara Sant'Ambrogio""]",['3uhsmK6emUmKK1c3dboQsv'],4,1,False,0.18899999999999997,0.182,7,-16.063,1,0.0426,0.981,0.878,0.11,0.0397,131.88,331040,1.0,2009,2009-05-12
7vQDizyKpKYMJXXv4YYmuB,"Suite No. 3 in C Major, BWV 1009: V. Bourree I and II","Bach: Suites for Solo Cello, Vol. 1",7pshIyryED862eHvbA5dyI,"[""Sara Sant'Ambrogio""]",['3uhsmK6emUmKK1c3dboQsv'],5,1,False,0.386,0.138,7,-15.533,1,0.0433,0.987,0.86,0.16399999999999998,0.6859999999999999,138.761,259387,4.0,2009,2009-05-12
231aYNhnJW5xP6Y2o8zxKs,"Suite No. 3 in C Major, BWV 1009: VI. Gigue","Bach: Suites for Solo Cello, Vol. 1",7pshIyryED862eHvbA5dyI,"[""Sara Sant'Ambrogio""]",['3uhsmK6emUmKK1c3dboQsv'],6,1,False,0.46399999999999997,0.17300000000000001,7,-12.697000000000001,1,0.0334,0.98,0.866,0.084,0.6459999999999999,93.82,225893,4.0,2009,2009-05-12
1ogZHWMUbdGTwRuKbZuKsj,"Suite No. 1 in G Major, BWV 1007: I. Prelude","Bach: Suites for Solo Cello, Vol. 1",7pshIyryED862eHvbA5dyI,"[""Sara Sant'Ambrogio""]",['3uhsmK6emUmKK1c3dboQsv'],7,1,False,0.221,0.18100000000000002,7,-15.898,1,0.054000000000000006,0.98,0.8440000000000001,0.369,0.29,127.229,187960,4.0,2009,2009-05-12
6N0TqgIPFd7X0juWWzpSnr,"Suite No. 1 in G Major, BWV 1007: II. Allemande","Bach: Suites for Solo Cello, Vol. 1",7pshIyryED862eHvbA5dyI,"[""Sara Sant'Ambrogio""]",['3uhsmK6emUmKK1c3dboQsv'],8,1,False,0.24600000000000002,0.17,7,-16.215999999999998,1,0.0445,0.9840000000000001,0.847,0.21899999999999997,0.331,115.48,333400,3.0,2009,2009-05-12
37FVRB8GF3lGpFfZfjFiQb,"Suite No. 1 in G Major, BWV 1007: III. Courante","Bach: Suites for Solo Cello, Vol. 1",7pshIyryED862eHvbA5dyI,"[""Sara Sant'Ambrogio""]",['3uhsmK6emUmKK1c3dboQsv'],9,1,False,0.419,0.2,7,-15.466,1,0.0415,0.992,0.826,0.0994,0.667,92.57799999999999,174520,4.0,2009,2009-05-12
0n3pNWC25QxxIAN2UVn5TX,"Suite No. 1 in G Major, BWV 1007: IV. Sarabande","Bach: Suites for Solo Cello, Vol. 1",7pshIyryED862eHvbA5dyI,"[""Sara Sant'Ambrogio""]",['3uhsmK6emUmKK1c3dboQsv'],10,1,False,0.195,0.121,7,-17.910999999999994,1,0.0423,0.981,0.831,0.10800000000000001,0.0794,115.91,220707,4.0,2009,2009-05-12
5nvljG9COstDZdsVOq9vls,"Suite No. 1 in G Major, BWV 1007: V. Menuet I and II","Bach: Suites for Solo Cello, Vol. 1",7pshIyryED862eHvbA5dyI,"[""Sara Sant'Ambrogio""]",['3uhsmK6emUmKK1c3dboQsv'],11,1,False,0.28,0.184,7,-15.842,1,0.0439,0.981,0.85,0.128,0.40299999999999997,109.868,210667,4.0,2009,2009-05-12
1nXCOpNyX58mPnap4kGhGd,"Suite No. 1 in G Major, BWV 1007: VI. Gigue","Bach: Suites for Solo Cello, Vol. 1",7pshIyryED862eHvbA5dyI,"[""Sara Sant'Ambrogio""]",['3uhsmK6emUmKK1c3dboQsv'],12,1,False,0.565,0.121,7,-13.712,1,0.0398,0.987,0.868,0.13,0.735,107.495,130947,4.0,2009,2009-05-12
2mqu0w649eT9j56K0tHZh4,"Suite No. 5 in C Minor, BWV 1011: I. Prelude","Bach: Suites for Solo Cello, Vol. 1",7pshIyryED862eHvbA5dyI,"[""Sara Sant'Ambrogio""]",['3uhsmK6emUmKK1c3dboQsv'],13,1,False,0.271,0.217,0,-15.527999999999999,0,0.0364,0.981,0.782,0.099,0.193,91.62700000000001,463053,4.0,2009,2009-05-12
2OwAoN6NxcECMw70qCVugu,"Suite No. 5 in C Minor, BWV 1011: II. Allemande","Bach: Suites for Solo Cello, Vol. 1",7pshIyryED862eHvbA5dyI,"[""Sara Sant'Ambrogio""]",['3uhsmK6emUmKK1c3dboQsv'],14,1,False,0.17,0.155,0,-17.942999999999994,0,0.0437,0.9790000000000001,0.813,0.0986,0.136,92.42299999999999,388000,3.0,2009,2009-05-12
2Ntp9TvChTL66f6Lae0ggn,"Suite No. 5 in C Minor, BWV 1011: III. Courante","Bach: Suites for Solo Cello, Vol. 1",7pshIyryED862eHvbA5dyI,"[""Sara Sant'Ambrogio""]",['3uhsmK6emUmKK1c3dboQsv'],15,1,False,0.336,0.16899999999999998,0,-15.682,0,0.0426,0.9840000000000001,0.807,0.138,0.449,80.964,150360,4.0,2009,2009-05-12
7hhx8RfTlrHQ69CPfbXGpR,"Suite No. 5 in C Minor, BWV 1011: IV. Sarabande","Bach: Suites for Solo Cello, Vol. 1",7pshIyryED862eHvbA5dyI,"[""Sara Sant'Ambrogio""]",['3uhsmK6emUmKK1c3dboQsv'],16,1,False,0.0664,0.0735,0,-24.430999999999997,1,0.0598,0.9640000000000001,0.828,0.11,0.0361,62.28,241547,4.0,2009,2009-05-12
2b7B1qX9w9iVpzz0nGWLja,"Suite No. 5 in C Minor, BWV 1011: V. Gavotte I and II","Bach: Suites for Solo Cello, Vol. 1",7pshIyryED862eHvbA5dyI,"[""Sara Sant'Ambrogio""]",['3uhsmK6emUmKK1c3dboQsv'],17,1,False,0.465,0.17800000000000002,0,-15.753,0,0.048,0.986,0.878,0.105,0.637,66.336,291453,4.0,2009,2009-05-12
6pAo7OwXD8wjG3DDiNbMJS,"Suite No. 5 in C Minor, BWV 1011: VI. Gigue","Bach: Suites for Solo Cello, Vol. 1",7pshIyryED862eHvbA5dyI,"[""Sara Sant'Ambrogio""]",['3uhsmK6emUmKK1c3dboQsv'],18,1,False,0.452,0.0792,3,-15.777000000000001,1,0.0406,0.993,0.8759999999999999,0.107,0.37,111.82700000000001,172347,4.0,2009,2009-05-12
1RcUHiY7KGxQj1WPpzo5Od,What's That Shakin?,Quit Harpin' On It,62KLfvizxZ6GRHtv4AYLOb,['Chris Trasatti'],['1veZM6RHWV9snzYRShDgss'],1,1,False,0.736,0.7829999999999999,6,-6.2829999999999995,0,0.151,0.0221,0.0,0.295,0.789,99.935,268320,4.0,2012,2012-03-25
4xaLMxFKzXmIbZJnH5Yq4W,Sad State of Affairs,Quit Harpin' On It,62KLfvizxZ6GRHtv4AYLOb,['Chris Trasatti'],['1veZM6RHWV9snzYRShDgss'],2,1,False,0.29,0.617,2,-6.6,1,0.0538,0.00783,0.29,0.12300000000000001,0.235,180.06599999999997,487440,3.0,2012,2012-03-25
5CMwSJ2DRRPQOhESIZhD4L,Life Took Over,Quit Harpin' On It,62KLfvizxZ6GRHtv4AYLOb,['Chris Trasatti'],['1veZM6RHWV9snzYRShDgss'],3,1,False,0.72,0.6559999999999999,7,-7.121,1,0.0475,0.124,0.0252,0.135,0.7709999999999999,144.024,283120,4.0,2012,2012-03-25
6Xi3LXZbsILV0sSYPqtyC7,Old Friends,Quit Harpin' On It,62KLfvizxZ6GRHtv4AYLOb,['Chris Trasatti'],['1veZM6RHWV9snzYRShDgss'],4,1,False,0.564,0.441,2,-6.598,1,0.0294,0.14400000000000002,0.0224,0.5379999999999999,0.237,129.892,265960,4.0,2012,2012-03-25
6sCOKK7qudggIq0rOJ7Dk7,Ain't Nobody Gonna Miss Me,Quit Harpin' On It,62KLfvizxZ6GRHtv4AYLOb,['Chris Trasatti'],['1veZM6RHWV9snzYRShDgss'],5,1,False,0.746,0.523,5,-5.74,1,0.0567,0.0521,1.2e-05,0.107,0.5589999999999999,109.97,286120,4.0,2012,2012-03-25
0TvGMB2aGgdeo170FwSJ2m,B's 2 W,Quit Harpin' On It,62KLfvizxZ6GRHtv4AYLOb,['Chris Trasatti'],['1veZM6RHWV9snzYRShDgss'],6,1,False,0.32799999999999996,0.703,10,-6.367999999999999,1,0.0393,0.0703,0.111,0.34700000000000003,0.799,200.378,217600,4.0,2012,2012-03-25
5GlpeVbyQzPSG5jXIFOBVt,Chrome Plated,Quit Harpin' On It,62KLfvizxZ6GRHtv4AYLOb,['Chris Trasatti'],['1veZM6RHWV9snzYRShDgss'],7,1,False,0.7879999999999999,0.67,7,-7.0020000000000024,1,0.0398,0.23,0.0598,0.0636,0.522,115.09899999999999,245613,4.0,2012,2012-03-25
3vAshKmRM0GGzuyLFsQFDt,Quit Harpin' On It,Quit Harpin' On It,62KLfvizxZ6GRHtv4AYLOb,['Chris Trasatti'],['1veZM6RHWV9snzYRShDgss'],8,1,False,0.731,0.7,8,-3.6180000000000003,1,0.193,0.0339,0.893,0.134,0.643,100.024,309173,4.0,2012,2012-03-25
4soNXQgqZRyomwk11fce6R,Talkin' Bout the Weather,Quit Harpin' On It,62KLfvizxZ6GRHtv4AYLOb,['Chris Trasatti'],['1veZM6RHWV9snzYRShDgss'],9,1,False,0.685,0.8009999999999999,9,-4.1530000000000005,1,0.0418,0.267,0.11800000000000001,0.0479,0.39399999999999996,100.053,284800,4.0,2012,2012-03-25
1xfCPkro3CYi0C7fWUxLqA,Computer Blues,Quit Harpin' On It,62KLfvizxZ6GRHtv4AYLOb,['Chris Trasatti'],['1veZM6RHWV9snzYRShDgss'],10,1,False,0.664,0.848,5,-5.757999999999999,0,0.135,0.0191,0.000563,0.209,0.652,110.177,290280,4.0,2012,2012-03-25
3xh2iMmnonpuTDaBtno7Et,Gettin' It,Quit Harpin' On It,62KLfvizxZ6GRHtv4AYLOb,['Chris Trasatti'],['1veZM6RHWV9snzYRShDgss'],11,1,False,0.762,0.7390000000000001,11,-5.335,0,0.0714,0.00292,0.583,0.18100000000000002,0.799,140.003,373613,4.0,2012,2012-03-25
0gyC66KwoCo4b9NN7DflQk,Why?,Quit Harpin' On It,62KLfvizxZ6GRHtv4AYLOb,['Chris Trasatti'],['1veZM6RHWV9snzYRShDgss'],12,1,False,0.214,0.48,9,-4.874,1,0.0279,0.22399999999999998,0.18,0.272,0.0544,83.76100000000002,228133,4.0,2012,2012-03-25
6KKGtff5yrsjsoqpWV49B6,The Musician,Quit Harpin' On It,62KLfvizxZ6GRHtv4AYLOb,['Chris Trasatti'],['1veZM6RHWV9snzYRShDgss'],13,1,False,0.604,0.8,0,-5.778,1,0.0797,0.00854,0.0021100000000000003,0.132,0.6,99.904,351493,4.0,2012,2012-03-25
45x0okNkXi4mqJg26NL9VA,Suite for Solo Cello No. 4 in E-flat Major BWV 1010: I. Prelude,Bach: Cello Suites 246,2ehEmBPOBijlrnLR5VugAP,"[""Sara Sant'Ambrogio""]",['3uhsmK6emUmKK1c3dboQsv'],1,1,False,0.303,0.218,8,-17.151,1,0.0445,0.9470000000000001,0.8440000000000001,0.16699999999999998,0.568,130.52,241107,3.0,2011,2011-10-11
3fGdEldw9wLHtU70IskxR0,Suite for Solo Cello No. 4 in E-flat Major BWV 1010: II. Allemande,Bach: Cello Suites 246,2ehEmBPOBijlrnLR5VugAP,"[""Sara Sant'Ambrogio""]",['3uhsmK6emUmKK1c3dboQsv'],2,1,False,0.386,0.183,5,-15.818,0,0.0414,0.9490000000000001,0.799,0.134,0.647,83.21,237627,4.0,2011,2011-10-11
4nTdCfBaAwRX5wN1SWj1Ei,Suite for Solo Cello No. 4 in E-flat Major BWV 1010: III. Courante,Bach: Cello Suites 246,2ehEmBPOBijlrnLR5VugAP,"[""Sara Sant'Ambrogio""]",['3uhsmK6emUmKK1c3dboQsv'],3,1,False,0.43799999999999994,0.195,3,-15.699000000000002,1,0.0357,0.9470000000000001,0.8420000000000001,0.185,0.733,108.82799999999999,223507,3.0,2011,2011-10-11
6nfbdwSO3rZBFxfh2APVnC,Suite for Solo Cello No. 4 in E-flat Major BWV 1010: IV. Sarabande,Bach: Cello Suites 246,2ehEmBPOBijlrnLR5VugAP,"[""Sara Sant'Ambrogio""]",['3uhsmK6emUmKK1c3dboQsv'],4,1,False,0.14,0.138,3,-18.323,1,0.0395,0.935,0.841,0.10800000000000001,0.153,95.15700000000001,262253,4.0,2011,2011-10-11
1nFKNfMDDTkDxZRL21Qgb6,Suite for Solo Cello No. 4 in E-flat Major BWV 1010: V. Bouree I and II,Bach: Cello Suites 246,2ehEmBPOBijlrnLR5VugAP,"[""Sara Sant'Ambrogio""]",['3uhsmK6emUmKK1c3dboQsv'],5,1,False,0.484,0.188,3,-15.280999999999999,1,0.0395,0.9570000000000001,0.8340000000000001,0.11599999999999999,0.742,134.97299999999998,310800,4.0,2011,2011-10-11
2TodL7XGUM2BLQirGf3AE5,Suite for Solo Cello No. 4 in E-flat Major BWV 1010: VI. Gigue,Bach: Cello Suites 246,2ehEmBPOBijlrnLR5VugAP,"[""Sara Sant'Ambrogio""]",['3uhsmK6emUmKK1c3dboQsv'],6,1,False,0.413,0.29,3,-15.629000000000001,1,0.0468,0.9620000000000001,0.7509999999999999,0.113,0.863,128.987,170053,4.0,2011,2011-10-11
5G8fgfNR9nB5VQNes6Ly7C,"Suite for Solo Cello No. 2 in D Minor, BWV 1008: I. Prelude",Bach: Cello Suites 246,2ehEmBPOBijlrnLR5VugAP,"[""Sara Sant'Ambrogio""]",['3uhsmK6emUmKK1c3dboQsv'],7,1,False,0.268,0.22399999999999998,2,-13.377,0,0.0548,0.917,0.909,0.15,0.43,116.67,226520,4.0,2011,2011-10-11
66T30PDdNToSYj55OgteNG,"Suite for Solo Cello No. 2 in D Minor, BWV 1008: II. Allemande",Bach: Cello Suites 246,2ehEmBPOBijlrnLR5VugAP,"[""Sara Sant'Ambrogio""]",['3uhsmK6emUmKK1c3dboQsv'],8,1,False,0.282,0.297,2,-12.635,1,0.0438,0.69,0.9059999999999999,0.0907,0.507,117.774,237373,4.0,2011,2011-10-11
09pkdoGlcwtS6WJAFzGCa8,"Suite for Solo Cello No. 2 in D Minor, BWV 1008: III. Courante",Bach: Cello Suites 246,2ehEmBPOBijlrnLR5VugAP,"[""Sara Sant'Ambrogio""]",['3uhsmK6emUmKK1c3dboQsv'],9,1,False,0.46399999999999997,0.402,2,-11.845999999999998,0,0.0495,0.935,0.8440000000000001,0.1,0.8590000000000001,95.867,134920,3.0,2011,2011-10-11
6Vee4t4BbfbWF7CX5MKth7,"Suite for Solo Cello No. 2 in D Minor, BWV 1008: IV. Sarabande",Bach: Cello Suites 246,2ehEmBPOBijlrnLR5VugAP,"[""Sara Sant'Ambrogio""]",['3uhsmK6emUmKK1c3dboQsv'],10,1,False,0.0958,0.18100000000000002,2,-16.255,0,0.0547,0.794,0.888,0.10800000000000001,0.0404,60.19300000000001,330947,4.0,2011,2011-10-11
4bwg2vBa9qBL05gtJyyjqe,"Suite for Solo Cello No. 2 in D Minor, BWV 1008: V. Menuet I and II",Bach: Cello Suites 246,2ehEmBPOBijlrnLR5VugAP,"[""Sara Sant'Ambrogio""]",['3uhsmK6emUmKK1c3dboQsv'],11,1,False,0.593,0.177,9,-13.955,0,0.0511,0.9390000000000001,0.86,0.085,0.613,128.395,173467,3.0,2011,2011-10-11
2TyyLW3zKM9s1l5GQxjG4A,"Suite for Solo Cello No. 2 in D Minor, BWV 1008: VI. Gigue",Bach: Cello Suites 246,2ehEmBPOBijlrnLR5VugAP,"[""Sara Sant'Ambrogio""]",['3uhsmK6emUmKK1c3dboQsv'],12,1,False,0.335,0.23399999999999999,9,-15.892999999999999,0,0.0484,0.972,0.787,0.0878,0.701,63.533,166600,4.0,2011,2011-10-11
5rzRew9IljiP5oBB5idHpX,"Suite for Solo Cello No. 6 in D Major, BWV 1012: I. Prelude",Bach: Cello Suites 246,2ehEmBPOBijlrnLR5VugAP,"[""Sara Sant'Ambrogio""]",['3uhsmK6emUmKK1c3dboQsv'],13,1,False,0.225,0.231,2,-16.589000000000002,1,0.0447,0.9490000000000001,0.894,0.09699999999999999,0.605,89.441,294053,4.0,2011,2011-10-11
6U1d7es8KYDaVN5MMT0JU7,"Suite for Solo Cello No. 6 in D Major, BWV 1012: II. Allemande",Bach: Cello Suites 246,2ehEmBPOBijlrnLR5VugAP,"[""Sara Sant'Ambrogio""]",['3uhsmK6emUmKK1c3dboQsv'],14,1,False,0.226,0.152,2,-17.054000000000002,1,0.0396,0.97,0.635,0.124,0.337,100.056,464347,3.0,2011,2011-10-11
4fYFzkPnTC2YQnEzWNz8SJ,"Suite for Solo Cello No. 6 in D Major, BWV 1012: III. Courante",Bach: Cello Suites 246,2ehEmBPOBijlrnLR5VugAP,"[""Sara Sant'Ambrogio""]",['3uhsmK6emUmKK1c3dboQsv'],15,1,False,0.507,0.271,2,-12.809000000000001,1,0.043,0.941,0.93,0.157,0.9129999999999999,123.235,222880,3.0,2011,2011-10-11
1QzqcGNavTuW2a5jeg8VYp,"Suite for Solo Cello No. 6 in D Major, BWV 1012: IV. Sarabande",Bach: Cello Suites 246,2ehEmBPOBijlrnLR5VugAP,"[""Sara Sant'Ambrogio""]",['3uhsmK6emUmKK1c3dboQsv'],16,1,False,0.213,0.20600000000000002,2,-15.607000000000001,1,0.0428,0.882,0.937,0.11900000000000001,0.196,118.49700000000001,258920,4.0,2011,2011-10-11
693S0tfUQbUQ4uhbJ99fDG,"Suite for Solo Cello No. 6 in D Major, BWV 1012: V. Gavotte I and II",Bach: Cello Suites 246,2ehEmBPOBijlrnLR5VugAP,"[""Sara Sant'Ambrogio""]",['3uhsmK6emUmKK1c3dboQsv'],17,1,False,0.379,0.19399999999999998,2,-12.839,1,0.0427,0.9540000000000001,0.897,0.102,0.684,83.693,246933,5.0,2011,2011-10-11
4wmzSICoMhj2DlvqteSNGb,"Suite for Solo Cello No. 6 in D Major, BWV 1012: VI. Gigue",Bach: Cello Suites 246,2ehEmBPOBijlrnLR5VugAP,"[""Sara Sant'Ambrogio""]",['3uhsmK6emUmKK1c3dboQsv'],18,1,False,0.381,0.168,2,-15.720999999999998,1,0.0429,0.94,0.929,0.08,0.782,69.105,256507,4.0,2011,2011-10-11
7jMssDmNMXdrKd392kO8vi,Mexican Broads,Hello,4xRNOPQ50ZBgsVXMefOLrE,['The Capes'],['09TjRWg77MzDY71R1ZDPV4'],1,1,False,0.532,0.799,9,-2.986,1,0.028999999999999998,0.00498,0.00011599999999999999,0.0928,0.597,97.99,175240,4.0,2005,2005-11-11
4KjDVEoe3KsXiogDjSIQvg,Super Girls,Hello,4xRNOPQ50ZBgsVXMefOLrE,['The Capes'],['09TjRWg77MzDY71R1ZDPV4'],2,1,False,0.523,0.866,1,-2.7260000000000004,0,0.0463,0.00091,0.196,0.11199999999999999,0.879,144.011,202147,4.0,2005,2005-11-11
5ib3yLtmKHPiwoAC0NxG7C,What You Want,Hello,4xRNOPQ50ZBgsVXMefOLrE,['The Capes'],['09TjRWg77MzDY71R1ZDPV4'],3,1,False,0.568,0.9470000000000001,9,-2.376,0,0.0391,0.00020800000000000001,0.0547,0.21899999999999997,0.865,109.973,181333,4.0,2005,2005-11-11
4sNEZucuWjSzkERkXcywia,Carly,Hello,4xRNOPQ50ZBgsVXMefOLrE,['The Capes'],['09TjRWg77MzDY71R1ZDPV4'],4,1,False,0.42100000000000004,0.9590000000000001,2,-3.299,1,0.10800000000000001,0.00713,7.43e-05,0.596,0.7390000000000001,152.023,166453,4.0,2005,2005-11-11
4kRTU74KHV1Ig5vxQOi8WZ,First Base,Hello,4xRNOPQ50ZBgsVXMefOLrE,['The Capes'],['09TjRWg77MzDY71R1ZDPV4'],5,1,False,0.493,0.8809999999999999,9,-3.155,1,0.0409,7.900000000000001e-05,0.595,0.23399999999999999,0.541,145.976,194947,4.0,2005,2005-11-11
7ouvteESL8X22Pba33HNcs,Francophile,Hello,4xRNOPQ50ZBgsVXMefOLrE,['The Capes'],['09TjRWg77MzDY71R1ZDPV4'],6,1,False,0.425,0.867,7,-4.063,1,0.061,0.000359,0.262,0.14,0.2,151.24,132493,4.0,2005,2005-11-11
2223id8fr1ajE9WlhuxT35,Shinjuku Hi 5,Hello,4xRNOPQ50ZBgsVXMefOLrE,['The Capes'],['09TjRWg77MzDY71R1ZDPV4'],7,1,False,0.499,0.9159999999999999,7,-4.005,1,0.0408,0.00183,0.0,0.688,0.795,140.047,235013,4.0,2005,2005-11-11
7tlhRo6gFa2ebBMzzUcLzH,Comet Tails,Hello,4xRNOPQ50ZBgsVXMefOLrE,['The Capes'],['09TjRWg77MzDY71R1ZDPV4'],8,1,False,0.48200000000000004,0.899,7,-3.889,1,0.0379,0.00032900000000000003,0.00835,0.251,0.507,119.993,306320,4.0,2005,2005-11-11
1sm4wNuRv66mEvA66vV7nY,Tightly Wound,Hello,4xRNOPQ50ZBgsVXMefOLrE,['The Capes'],['09TjRWg77MzDY71R1ZDPV4'],9,1,False,0.474,0.882,0,-3.5639999999999996,1,0.1,0.000279,0.105,0.17300000000000001,0.419,160.006,220493,4.0,2005,2005-11-11
5RyThVFIdISBzEayQAA176,Stately Homes,Hello,4xRNOPQ50ZBgsVXMefOLrE,['The Capes'],['09TjRWg77MzDY71R1ZDPV4'],10,1,False,0.439,0.9009999999999999,4,-2.117,1,0.0615,0.006520000000000001,0.0,0.317,0.669,153.089,159307,4.0,2005,2005-11-11
4TKDb5pwC3B1WSZzA8trtK,Gimme,Hello,4xRNOPQ50ZBgsVXMefOLrE,['The Capes'],['09TjRWg77MzDY71R1ZDPV4'],11,1,False,0.253,0.638,10,-3.992,1,0.027999999999999997,0.0816,1.23e-05,0.158,0.603,170.137,215173,4.0,2005,2005-11-11
1aw9IDLA88x9KEwHtWwEfU,Sun Roof,Hello,4xRNOPQ50ZBgsVXMefOLrE,['The Capes'],['09TjRWg77MzDY71R1ZDPV4'],12,1,False,0.38799999999999996,0.735,5,-5.357,1,0.0335,0.345,0.00329,0.268,0.0831,104.321,172853,4.0,2005,2005-11-11
0q8bBcRsyvtNe1D2pbmJof,Feelin' Allright,Low Ridin',2bkVOtbg7LzJBcElWgeh11,"['Chris Washburne', 'The Syotos Band']","['6ukKLwGvDy74wYa4gPANe3', '1n8QHmf9kSiIQj8n92VfqJ']",1,1,False,0.534,0.55,7,-10.409,0,0.0557,0.52,0.7170000000000001,0.0464,0.925,100.479,260733,4.0,2015,2015-04-14
4zaW2uCldSBVBKFeY3gnra,Low Rider,Low Ridin',2bkVOtbg7LzJBcElWgeh11,"['Chris Washburne', 'The Syotos Band']","['6ukKLwGvDy74wYa4gPANe3', '1n8QHmf9kSiIQj8n92VfqJ']",2,1,False,0.48200000000000004,0.615,5,-10.402000000000001,0,0.08199999999999999,0.39,0.29,0.0575,0.8440000000000001,172.78400000000005,256800,4.0,2015,2015-04-14
34Z7I0PN8cAJ5ujFt01wPn,"Get Up, Stand Up",Low Ridin',2bkVOtbg7LzJBcElWgeh11,"['Chris Washburne', 'The Syotos Band']","['6ukKLwGvDy74wYa4gPANe3', '1n8QHmf9kSiIQj8n92VfqJ']",3,1,False,0.51,0.5,7,-11.158,0,0.0832,0.261,0.813,0.0445,0.725,172.428,207653,4.0,2015,2015-04-14
05ESDXW2OJSC5ayiEvyTce,Stairway to Heaven,Low Ridin',2bkVOtbg7LzJBcElWgeh11,"['Chris Washburne', 'The Syotos Band']","['6ukKLwGvDy74wYa4gPANe3', '1n8QHmf9kSiIQj8n92VfqJ']",4,1,False,0.23800000000000002,0.233,7,-14.564,1,0.0369,0.884,0.46,0.225,0.0799,74.673,284827,4.0,2015,2015-04-14
1gqGKChck4c6c0oCXq9CH0,Manic Depression,Low Ridin',2bkVOtbg7LzJBcElWgeh11,"['Chris Washburne', 'The Syotos Band']","['6ukKLwGvDy74wYa4gPANe3', '1n8QHmf9kSiIQj8n92VfqJ']",5,1,False,0.35100000000000003,0.5710000000000001,1,-10.78,1,0.0392,0.127,0.0116,0.0789,0.8,157.834,197453,3.0,2015,2015-04-14
5DCIMksA5arcnX54MCnqfv,Ohio,Low Ridin',2bkVOtbg7LzJBcElWgeh11,"['Chris Washburne', 'The Syotos Band']","['6ukKLwGvDy74wYa4gPANe3', '1n8QHmf9kSiIQj8n92VfqJ']",6,1,False,0.598,0.48100000000000004,0,-11.16,1,0.0412,0.45399999999999996,0.769,0.0429,0.633,90.73100000000001,276120,4.0,2015,2015-04-14
3nRpx9l9pg8ooYXeUZg7Mc,Walk On the Wild Side,Low Ridin',2bkVOtbg7LzJBcElWgeh11,"['Chris Washburne', 'The Syotos Band']","['6ukKLwGvDy74wYa4gPANe3', '1n8QHmf9kSiIQj8n92VfqJ']",7,1,False,0.754,0.301,0,-17.028,1,0.057999999999999996,0.8540000000000001,0.851,0.0961,0.541,97.059,328360,4.0,2015,2015-04-14
07Oxn9tHaOHv6eFRcDKe29,Break On Though (To the Other Side),Low Ridin',2bkVOtbg7LzJBcElWgeh11,"['Chris Washburne', 'The Syotos Band']","['6ukKLwGvDy74wYa4gPANe3', '1n8QHmf9kSiIQj8n92VfqJ']",8,1,False,0.473,0.539,0,-11.607999999999999,1,0.0537,0.24,0.76,0.0968,0.4920000000000001,99.665,205373,4.0,2015,2015-04-14
2XD8yHY9EEFGL0bCIYaGTF,Kashmir,Low Ridin',2bkVOtbg7LzJBcElWgeh11,"['Chris Washburne', 'The Syotos Band']","['6ukKLwGvDy74wYa4gPANe3', '1n8QHmf9kSiIQj8n92VfqJ']",9,1,False,0.5329999999999999,0.445,7,-11.092,1,0.057999999999999996,0.45299999999999996,0.379,0.102,0.53,111.53200000000001,225307,1.0,2015,2015-04-14
18f10rWHAyHEYxaByRY6vC,Sugar Mountain,Low Ridin',2bkVOtbg7LzJBcElWgeh11,"['Chris Washburne', 'The Syotos Band']","['6ukKLwGvDy74wYa4gPANe3', '1n8QHmf9kSiIQj8n92VfqJ']",10,1,False,0.47700000000000004,0.434,5,-11.743,0,0.054000000000000006,0.607,0.16,0.0941,0.546,89.21799999999998,277253,4.0,2015,2015-04-14
62n55xTU0M81FS3S7C1YCr,Syotomon,Low Ridin',2bkVOtbg7LzJBcElWgeh11,"['Chris Washburne', 'The Syotos Band']","['6ukKLwGvDy74wYa4gPANe3', '1n8QHmf9kSiIQj8n92VfqJ']",11,1,False,0.465,0.636,8,-11.133,1,0.0406,0.322,0.606,0.0941,0.597,104.925,273227,4.0,2015,2015-04-14
2c1FEBQptXcshC1wXXLbAS,kimi to boku no,hachigatsuchan works1(oyasumi hologram),69yNNPSuG6hlPT1rN4k3sF,['hachigatsuchan'],['28Q6qKCzkK8hzt0fO7DMga'],1,1,False,0.281,0.124,2,-18.721,1,0.0351,0.94,0.00936,0.21,0.485,73.491,218000,4.0,2017,2017-02-03
2ZsyKwETkodl8FdqI3kEqf,drifter(at buena 20150503 Live Ver.),hachigatsuchan works1(oyasumi hologram),69yNNPSuG6hlPT1rN4k3sF,['hachigatsuchan'],['28Q6qKCzkK8hzt0fO7DMga'],2,1,False,0.502,0.18899999999999997,4,-13.864,1,0.0523,0.937,0.008459999999999999,0.0916,0.607,141.616,289000,4.0,2017,2017-02-03
2G61AMD0iZOFwWTNycNmKF,machine song(at buena 20150503 Live Ver.),hachigatsuchan works1(oyasumi hologram),69yNNPSuG6hlPT1rN4k3sF,['hachigatsuchan'],['28Q6qKCzkK8hzt0fO7DMga'],3,1,False,0.502,0.157,9,-13.798,1,0.0466,0.963,0.0358,0.157,0.502,138.606,263250,4.0,2017,2017-02-03
3g3qKFRD0MokKMWE0H3bXG,plan(at buena 20150503 Live Ver.),hachigatsuchan works1(oyasumi hologram),69yNNPSuG6hlPT1rN4k3sF,['hachigatsuchan'],['28Q6qKCzkK8hzt0fO7DMga'],4,1,False,0.485,0.214,1,-13.835999999999999,1,0.053,0.956,0.000559,0.1,0.514,133.32399999999998,250875,4.0,2017,2017-02-03
4Kkj8RvGCvq3z0MwvisNxk,kuukan(at buena 20150503 Live Ver.),hachigatsuchan works1(oyasumi hologram),69yNNPSuG6hlPT1rN4k3sF,['hachigatsuchan'],['28Q6qKCzkK8hzt0fO7DMga'],5,1,False,0.49,0.0902,1,-15.175999999999998,0,0.0409,0.9620000000000001,0.0369,0.11599999999999999,0.19899999999999998,120.85600000000001,233500,3.0,2017,2017-02-03
73xwvEbszTLnKcwjAGvZ8Y,note(at buena 20150503 Live Ver.),hachigatsuchan works1(oyasumi hologram),69yNNPSuG6hlPT1rN4k3sF,['hachigatsuchan'],['28Q6qKCzkK8hzt0fO7DMga'],6,1,False,0.498,0.165,7,-12.675999999999998,1,0.0644,0.9690000000000001,0.00295,0.209,0.36,129.707,240250,4.0,2017,2017-02-03
41uMmOoAb1YDv75Lnvmg5n,Koirong Ku,Moritz Von Oswald & Ordo Sakhna,0GWKJ6ct7XkaD7KwDYPJk4,"['Moritz Von Oswald', 'Ordo Sakhna']","['33GGoMV3iYpV5tlsh32N7q', '3SnKKOKMywsI29DK4qoIIe']",1,1,False,0.494,0.469,0,-16.1,1,0.0463,0.863,0.8909999999999999,0.14300000000000002,0.804,112.10700000000001,136440,4.0,2017,2017-10-27
7nulXyiih123mKWoCLdJl7,Koichulrdyn Kongur Kuu,Moritz Von Oswald & Ordo Sakhna,0GWKJ6ct7XkaD7KwDYPJk4,"['Moritz Von Oswald', 'Ordo Sakhna']","['33GGoMV3iYpV5tlsh32N7q', '3SnKKOKMywsI29DK4qoIIe']",2,1,False,0.21600000000000005,0.105,4,-21.305,0,0.0393,0.825,0.401,0.0638,0.6729999999999999,131.303,78120,4.0,2017,2017-10-27
3z960xmMWAUXNVhsK8gSaM,Drums,Moritz Von Oswald & Ordo Sakhna,0GWKJ6ct7XkaD7KwDYPJk4,"['Moritz Von Oswald', 'Ordo Sakhna']","['33GGoMV3iYpV5tlsh32N7q', '3SnKKOKMywsI29DK4qoIIe']",3,1,False,0.71,0.33399999999999996,2,-17.625,1,0.28,0.33799999999999997,0.879,0.109,0.315,94.844,133107,4.0,2017,2017-10-27
3AZ2z0fWBh4oHT4Yahns3V,Fragments,Moritz Von Oswald & Ordo Sakhna,0GWKJ6ct7XkaD7KwDYPJk4,"['Moritz Von Oswald', 'Ordo Sakhna']","['33GGoMV3iYpV5tlsh32N7q', '3SnKKOKMywsI29DK4qoIIe']",4,1,False,0.126,0.06,9,-21.499000000000002,1,0.0461,0.996,0.0354,0.0887,0.162,78.016,175773,3.0,2017,2017-10-27
5dcSgInfOAupnft21tYBgb,Tushumdo,Moritz Von Oswald & Ordo Sakhna,0GWKJ6ct7XkaD7KwDYPJk4,"['Moritz Von Oswald', 'Ordo Sakhna']","['33GGoMV3iYpV5tlsh32N7q', '3SnKKOKMywsI29DK4qoIIe']",5,1,False,0.321,0.0657,6,-17.761,0,0.0481,0.862,0.0,0.39799999999999996,0.11800000000000001,146.785,145387,4.0,2017,2017-10-27
3Nd2XRdYxOuTjvIcrCYAiP,Facets,Moritz Von Oswald & Ordo Sakhna,0GWKJ6ct7XkaD7KwDYPJk4,"['Moritz Von Oswald', 'Ordo Sakhna']","['33GGoMV3iYpV5tlsh32N7q', '3SnKKOKMywsI29DK4qoIIe']",6,1,False,0.218,0.7709999999999999,3,-10.856,1,0.0896,0.00197,0.653,0.10300000000000001,0.0758,96.949,918173,3.0,2017,2017-10-27
6FFkvJ4JXohQUoCA3YXepG,Mash Kambarkan,Moritz Von Oswald & Ordo Sakhna,0GWKJ6ct7XkaD7KwDYPJk4,"['Moritz Von Oswald', 'Ordo Sakhna']","['33GGoMV3iYpV5tlsh32N7q', '3SnKKOKMywsI29DK4qoIIe']",7,1,False,0.562,0.344,8,-18.827,0,0.0759,0.932,0.804,0.0876,0.889,117.478,186067,4.0,2017,2017-10-27
6yjPTU1HErBqBWRNDhbKT0,Talasym,Moritz Von Oswald & Ordo Sakhna,0GWKJ6ct7XkaD7KwDYPJk4,"['Moritz Von Oswald', 'Ordo Sakhna']","['33GGoMV3iYpV5tlsh32N7q', '3SnKKOKMywsI29DK4qoIIe']",8,1,False,0.369,0.06,4,-18.984,1,0.0497,0.863,0.0,0.28,0.16899999999999998,126.929,157947,4.0,2017,2017-10-27
0EtRnnwB40bQ7kRM6pqq5V,Kolkhoz Kechteri,Moritz Von Oswald & Ordo Sakhna,0GWKJ6ct7XkaD7KwDYPJk4,"['Moritz Von Oswald', 'Ordo Sakhna']","['33GGoMV3iYpV5tlsh32N7q', '3SnKKOKMywsI29DK4qoIIe']",9,1,False,0.552,0.0929,9,-20.277,1,0.0464,0.856,6.21e-06,0.11599999999999999,0.599,76.428,143333,4.0,2017,2017-10-27
6aF2m9UTLgZXTSIrEWHWJz,"Bishkek, May 2016",Moritz Von Oswald & Ordo Sakhna,0GWKJ6ct7XkaD7KwDYPJk4,"['Moritz Von Oswald', 'Ordo Sakhna']","['33GGoMV3iYpV5tlsh32N7q', '3SnKKOKMywsI29DK4qoIIe']",10,1,False,0.772,0.584,1,-15.895,0,0.0841,0.0242,0.64,0.0844,0.38799999999999996,89.96799999999998,604587,4.0,2017,2017-10-27
4MQZjU6uaFobbj5MaxtAGe,Draught,Moritz Von Oswald & Ordo Sakhna,0GWKJ6ct7XkaD7KwDYPJk4,"['Moritz Von Oswald', 'Ordo Sakhna']","['33GGoMV3iYpV5tlsh32N7q', '3SnKKOKMywsI29DK4qoIIe']",11,1,False,0.617,0.467,9,-19.215,1,0.0784,0.758,0.937,0.10800000000000001,0.4270000000000001,129.984,284573,4.0,2017,2017-10-27
0F0sezqWaWggrQsoD1yhE8,Draught Dub,Moritz Von Oswald & Ordo Sakhna,0GWKJ6ct7XkaD7KwDYPJk4,"['Moritz Von Oswald', 'Ordo Sakhna']","['33GGoMV3iYpV5tlsh32N7q', '3SnKKOKMywsI29DK4qoIIe']",12,1,False,0.674,0.439,7,-18.445,1,0.0561,0.7909999999999999,0.912,0.0995,0.691,130.006,285667,4.0,2017,2017-10-27
0R7jYctdYFLhdHNfT293aZ,Improvisation,Moritz Von Oswald & Ordo Sakhna,0GWKJ6ct7XkaD7KwDYPJk4,"['Moritz Von Oswald', 'Ordo Sakhna']","['33GGoMV3iYpV5tlsh32N7q', '3SnKKOKMywsI29DK4qoIIe']",13,1,False,0.6859999999999999,0.797,4,-19.012,1,0.0447,0.903,0.845,0.513,0.20800000000000002,122.181,149093,4.0,2017,2017-10-27
0eAhDVM72S91Iu5GiE3nVI,Rich People's Problems Are Not My Problems,The Shark Eats,2niloZNBYnm8yVRPO2LoST,['The Macrotones'],['61Wq6PkL7uCjFENG2hpKHe'],1,1,False,0.494,0.87,4,-6.815,0,0.075,0.000759,0.929,0.12,0.46399999999999997,104.991,217400,4.0,2017,2017-11-17
2Ru8STjcF7buPf9qcrZNCr,Fight or Flight,The Shark Eats,2niloZNBYnm8yVRPO2LoST,['The Macrotones'],['61Wq6PkL7uCjFENG2hpKHe'],2,1,False,0.364,0.764,8,-7.414,1,0.0344,0.000373,0.9390000000000001,0.0816,0.727,88.164,185720,4.0,2017,2017-11-17
05qoFu1rrlepK0EzSP0bOF,Kiss the Fist,The Shark Eats,2niloZNBYnm8yVRPO2LoST,['The Macrotones'],['61Wq6PkL7uCjFENG2hpKHe'],3,1,False,0.483,0.8809999999999999,10,-7.715,0,0.0465,0.00252,0.86,0.20199999999999999,0.755,116.803,228373,4.0,2017,2017-11-17
0TBaBMmHx5jkCALgyKqGPD,Moonshine of Your Love,The Shark Eats,2niloZNBYnm8yVRPO2LoST,['The Macrotones'],['61Wq6PkL7uCjFENG2hpKHe'],4,1,False,0.445,0.85,2,-6.9179999999999975,1,0.064,0.00116,0.742,0.11,0.465,110.383,184642,4.0,2017,2017-11-17
1DEZG3whYr9mj0L7pNm9SZ,That Old Time Feeling,This One's for Him: A Tribute to Guy Clark,0cfqB6BZtZ9p8T8uzd3ais,['Rodney Crowell'],['4QIJ2i8I6urte2scKgkVoY'],1,1,False,0.506,0.19899999999999998,9,-12.009,1,0.0302,0.851,0.0104,0.0864,0.264,98.62200000000001,288853,3.0,2012,2012-01-22
1A28pcdpmtmuerjy3pm0Ca,"Anyhow, I Love You",This One's for Him: A Tribute to Guy Clark,0cfqB6BZtZ9p8T8uzd3ais,['Lyle Lovett'],['0zlJDQgqnr9AocrH9gs1Es'],2,1,False,0.517,0.489,2,-7.9860000000000015,1,0.0266,0.596,1.2e-06,0.14300000000000002,0.545,118.971,230133,3.0,2012,2012-01-22
2camHDZR3n7R1H37EqZwAw,All He Wants Is You,This One's for Him: A Tribute to Guy Clark,0cfqB6BZtZ9p8T8uzd3ais,['Shawn Colvin'],['0K7VN4aHxHcEb7PqkfoIVA'],3,1,False,0.6629999999999999,0.48100000000000004,4,-9.738999999999999,0,0.0247,0.7979999999999999,0.000256,0.161,0.534,95.977,211960,4.0,2012,2012-01-22
7xP9B7pzX9hjsoeRPiv9KO,Homeless,This One's for Him: A Tribute to Guy Clark,0cfqB6BZtZ9p8T8uzd3ais,['Shawn Camp'],['7McONMYw24sAXoYYhMRpY4'],4,1,False,0.509,0.27899999999999997,2,-9.353,1,0.0357,0.7879999999999999,0.00168,0.22899999999999998,0.268,121.65700000000001,249387,4.0,2012,2012-01-22
5Ls0Q0h8luQjCzBuneqOcI,Broken Hearted People,This One's for Him: A Tribute to Guy Clark,0cfqB6BZtZ9p8T8uzd3ais,['Ron Sexsmith'],['2wXBWJhbm1gfEVjyEEuhDH'],5,1,False,0.701,0.354,0,-10.012,1,0.0257,0.826,6.76e-06,0.10099999999999999,0.535,100.645,259707,4.0,2012,2012-01-22
5v0Wn40k7NLPmbqdT09KT6,Better Days,This One's for Him: A Tribute to Guy Clark,0cfqB6BZtZ9p8T8uzd3ais,['Rosanne Cash'],['6lx6XS8umFqYRVbBErx9fE'],6,1,False,0.5,0.39799999999999996,4,-10.25,1,0.0278,0.713,0.00274,0.0975,0.547,140.945,185600,4.0,2012,2012-01-22
5ojON9o9vBu5ypddeXJWfB,Desperadoes Waiting for a Train,This One's for Him: A Tribute to Guy Clark,0cfqB6BZtZ9p8T8uzd3ais,['Willie Nelson'],['5W5bDNCqJ1jbCgTxDD0Cb3'],7,1,False,0.556,0.368,2,-8.019,1,0.0409,0.8059999999999999,5.08e-05,0.20199999999999999,0.33399999999999996,140.81799999999996,273373,4.0,2012,2012-01-22
6DCeQgzTF0TU8VI2DM9sld,Baby Took a Limo to Memphis,This One's for Him: A Tribute to Guy Clark,0cfqB6BZtZ9p8T8uzd3ais,['Rosie Flores'],['112VrRSCpsoUkVgnxZvD1w'],8,1,False,0.532,0.47700000000000004,9,-8.861,1,0.039,0.812,0.0104,0.17800000000000002,0.768,138.404,284293,3.0,2012,2012-01-22
6qf4F52qzSuiFBQtggdmCR,Magdalene,This One's for Him: A Tribute to Guy Clark,0cfqB6BZtZ9p8T8uzd3ais,['Kevin Welch'],['1s16tcMsyP2SpoLjLg44n1'],9,1,False,0.5329999999999999,0.36,4,-11.265,1,0.0331,0.636,0.0295,0.102,0.29,153.774,246013,4.0,2012,2012-01-22
4EpUwMLKLYRjQ4F2p3yMdP,Instant Coffee Blues,This One's for Him: A Tribute to Guy Clark,0cfqB6BZtZ9p8T8uzd3ais,['Suzy Bogguss'],['13YoXxZt6SLg96dQE1vkHy'],10,1,False,0.499,0.198,1,-9.009,1,0.0373,0.879,3.28e-06,0.111,0.188,73.47800000000002,194920,4.0,2012,2012-01-22
1o7watBgHIOiTmuMy4GCAI,Homegrown Tomatoes,This One's for Him: A Tribute to Guy Clark,0cfqB6BZtZ9p8T8uzd3ais,['Ray Wylie Hubbard'],['4gQ8biCMcMrOuBdJx639Q0'],11,1,False,0.451,0.52,4,-7.346,1,0.0452,0.76,3.45e-06,0.107,0.743,160.058,209707,4.0,2012,2012-01-22
0fg1ATMtMZfBjyGItagFcq,Let Him Roll,This One's for Him: A Tribute to Guy Clark,0cfqB6BZtZ9p8T8uzd3ais,['John Townes Van Zandt'],['2LMxn3z1PO9foSct86f9CF'],12,1,False,0.59,0.11800000000000001,0,-17.171,1,0.0369,0.929,0.000126,0.111,0.42,134.65,315520,4.0,2012,2012-01-22
1Vm53mdkXaKud4lBDS1r36,The Guitar,This One's for Him: A Tribute to Guy Clark,0cfqB6BZtZ9p8T8uzd3ais,"[""Ramblin' Jack Elliott""]",['6iuM8yp1x2N0l6SONhyq4b'],13,1,False,0.381,0.539,11,-12.265,0,0.0285,0.607,0.0138,0.0731,0.665,99.008,324280,4.0,2012,2012-01-22
4mCqOTMYw2SUW9cfneJ0uO,Cold Dog Soup,This One's for Him: A Tribute to Guy Clark,0cfqB6BZtZ9p8T8uzd3ais,['James McMurtry'],['52BKc9OtCbQstAAPTIvLGH'],14,1,False,0.41700000000000004,0.4,11,-8.922,0,0.0346,0.784,0.0,0.10300000000000001,0.311,169.399,227773,4.0,2012,2012-01-22
2qWerWGKQiXlHJpj7ufHFN,Worry B Gone,This One's for Him: A Tribute to Guy Clark,0cfqB6BZtZ9p8T8uzd3ais,['Hayes Carll'],['6UWifcscEdbjPgmbevBxZV'],15,1,False,0.611,0.44799999999999995,2,-8.416,1,0.0486,0.7090000000000001,0.0,0.102,0.6509999999999999,111.508,228813,4.0,2012,2012-01-22
3DrMa6CtLNvQp5EUUcxvc0,Dublin Blues,This One's for Him: A Tribute to Guy Clark,0cfqB6BZtZ9p8T8uzd3ais,['Joe Ely'],['388Y4nUQbYSyonhNlBEypT'],16,1,False,0.5,0.45,4,-8.987,1,0.0291,0.74,0.00585,0.32299999999999995,0.33799999999999997,77.964,263987,4.0,2012,2012-01-22
0TxOzIyuwEr2R0jmCzqGni,Magnolia Wind,This One's for Him: A Tribute to Guy Clark,0cfqB6BZtZ9p8T8uzd3ais,"['Emmylou Harris', 'John Prine']","['5s6TJEuHTr9GR894wc6VfP', '0nJUwPwC9Ti4vvuJ0q3MfT']",17,1,False,0.505,0.22899999999999998,1,-9.933,1,0.0289,0.821,0.0059299999999999995,0.11,0.292,127.016,262760,3.0,2012,2012-01-22
5rotWaH9CZRpfj1RIwXQsI,The Last Gunfighter Ballad,This One's for Him: A Tribute to Guy Clark,0cfqB6BZtZ9p8T8uzd3ais,['Steve Earle'],['2UBTfUoLI07iRqGeUrwhZh'],18,1,False,0.573,0.322,7,-9.597999999999999,1,0.0758,0.8,5.1e-05,0.125,0.531,70.719,201773,4.0,2012,2012-01-22
4VZXndr3KnMkOMuPfcrosJ,All Through Throwing Good Love out for Bad,This One's for Him: A Tribute to Guy Clark,0cfqB6BZtZ9p8T8uzd3ais,['Verlon Thompson'],['7zQ9h9iO8drYHQeXuaZBg6'],19,1,False,0.561,0.524,2,-8.808,1,0.0304,0.732,0.00926,0.12300000000000001,0.41600000000000004,90.931,269147,4.0,2012,2012-01-22
5xUb9QOxs3nRwGi5BggWAv,The Dark,This One's for Him: A Tribute to Guy Clark,0cfqB6BZtZ9p8T8uzd3ais,['Terri Hendrix'],['7JSGrGrjakwMxvAXjHlni1'],20,1,False,0.521,0.266,5,-11.057,1,0.0288,0.552,0.000379,0.0865,0.35,78.283,232413,4.0,2012,2012-01-22
3OC0uYrbczUjtk8jA6Iavw,L. A. Freeway,This One's for Him: A Tribute to Guy Clark,0cfqB6BZtZ9p8T8uzd3ais,['Radney Foster'],['5g9qBduN6VR3dzHA8eCTEW'],21,1,False,0.644,0.318,10,-10.124,1,0.0311,0.912,6.43e-06,0.135,0.5539999999999999,119.149,292680,4.0,2012,2012-01-22
6CBRabEuywjFIp9khrUplz,The Cape,This One's for Him: A Tribute to Guy Clark,0cfqB6BZtZ9p8T8uzd3ais,['Patty Griffin'],['7tNLRmiAN8hpmFrbIHiHsy'],22,1,False,0.46,0.397,5,-6.287000000000001,1,0.0305,0.889,8.12e-06,0.145,0.441,82.986,207413,4.0,2012,2012-01-22
1mxwa3jN7iWRoxQO0JtXPv,Hemmingway's Whiskey,This One's for Him: A Tribute to Guy Clark,0cfqB6BZtZ9p8T8uzd3ais,['Kris Kristofferson'],['0vYQRW5LIDeYQOccTviQNX'],23,1,False,0.581,0.256,2,-12.443,1,0.0943,0.6559999999999999,0.00316,0.12,0.292,142.064,206347,4.0,2012,2012-01-22
1BUQnsOGOg6keW3vdIfmTN,Texas Cookin',This One's for Him: A Tribute to Guy Clark,0cfqB6BZtZ9p8T8uzd3ais,"['Gary Nicholson', ""Tim O'Brien"", 'Darrell Scott']","['6hLdeOV6ojUpA9Ue1VmVWw', '2nJQCVut36kUzDfy3eUZCM', '1qMgGon16RoDAfujk41Em0']",24,1,False,0.442,0.469,0,-6.942,1,0.0533,0.748,0.0,0.07400000000000001,0.629,196.547,242320,4.0,2012,2012-01-22
0FmrXEhqTC39pDKIKTRTLr,Stuff That Works,This One's for Him: A Tribute to Guy Clark,0cfqB6BZtZ9p8T8uzd3ais,['Jack Ingram'],['7HNEfHmDlFofG6YnMt8G7N'],25,1,False,0.54,0.46799999999999997,5,-8.916,1,0.0298,0.662,0.000309,0.102,0.51,140.773,288853,4.0,2012,2012-01-22
4gbE60NslfIvWAnSDw7Ia6,Randall Knife,This One's for Him: A Tribute to Guy Clark,0cfqB6BZtZ9p8T8uzd3ais,['Vince Gill'],['3IhWQSrLj8EJjdvjFTpCyo'],26,1,False,0.5710000000000001,0.415,0,-11.145,1,0.0288,0.821,0.11,0.152,0.42,147.97,274160,4.0,2012,2012-01-22
0qSwmctkOfJXiaSVpyEfEN,Texas 1947,This One's for Him: A Tribute to Guy Clark,0cfqB6BZtZ9p8T8uzd3ais,['Robert Earl Keen'],['1jjpkAHC8bd9fRFfgKyYLP'],27,1,False,0.48200000000000004,0.583,4,-7.053,1,0.0515,0.794,3.54e-06,0.8420000000000001,0.775,114.352,237853,4.0,2012,2012-01-22
7e0KTKtSFEq0VjurmS2wHn,Old Friends,This One's for Him: A Tribute to Guy Clark,0cfqB6BZtZ9p8T8uzd3ais,['Terry Allen'],['4QonkOS6ybWrJVYFWEHMZY'],28,1,False,0.35,0.312,0,-11.309000000000001,1,0.0292,0.6970000000000001,0.013000000000000001,0.113,0.247,155.08700000000005,316867,4.0,2012,2012-01-22
7hLuOLL34qUyPZOklEVTbG,She Ain't Goin' Nowhere,This One's for Him: A Tribute to Guy Clark,0cfqB6BZtZ9p8T8uzd3ais,['The Trishas'],['4QM4r0qNvLsHzP5VbDKjfp'],29,1,False,0.5529999999999999,0.27399999999999997,9,-8.742,1,0.0288,0.742,0.0,0.17,0.281,119.196,212147,4.0,2012,2012-01-22
3Fyo1rltED2Y5Mvu7hiUD9,My Favorite Picture of You,This One's for Him: A Tribute to Guy Clark,0cfqB6BZtZ9p8T8uzd3ais,['Jerry Jeff Walker'],['763opp15PhfHpEaiVjM6m7'],30,1,False,0.601,0.386,2,-10.552999999999999,1,0.0241,0.631,0.00161,0.0907,0.6709999999999999,99.205,223453,4.0,2012,2012-01-22
55x8FpozmgvW9dhnGrMz7x,Ruah: I. Soaring,Music of Judith Shatin & Peter Child,2eOBPo5u3oZ5fkt6EydVHM,"['Judith Shatin', 'Various Artists', 'Robert Black', 'Prism Chamber Orchestra']","['1uUrH1MNGDCa6xQCSat5iT', '0LyfQWJT6nXafLPZqxe9Of', '2sW7pQ8yeSgmU0zZ2KfApZ', '33ybsbATbqbQWUAG1tzLOS']",1,1,False,0.19699999999999998,0.025,2,-30.131999999999998,1,0.0515,0.9790000000000001,0.698,0.0389,0.0367,79.611,655973,3.0,1991,1991-01-01
7dO4yz1RCk2DDPlqiONhq1,Ruah: II. Serene,Music of Judith Shatin & Peter Child,2eOBPo5u3oZ5fkt6EydVHM,"['Judith Shatin', 'Various Artists', 'Robert Black', 'Prism Chamber Orchestra']","['1uUrH1MNGDCa6xQCSat5iT', '0LyfQWJT6nXafLPZqxe9Of', '2sW7pQ8yeSgmU0zZ2KfApZ', '33ybsbATbqbQWUAG1tzLOS']",2,1,False,0.17600000000000002,0.009940000000000001,2,-33.782,0,0.0469,0.977,0.43,0.128,0.0371,84.896,461693,3.0,1991,1991-01-01
1qBc4qR7MNEhLBML5lXPJp,Ruah: III. Impassioned,Music of Judith Shatin & Peter Child,2eOBPo5u3oZ5fkt6EydVHM,"['Judith Shatin', 'Various Artists', 'Robert Black', 'Prism Chamber Orchestra']","['1uUrH1MNGDCa6xQCSat5iT', '0LyfQWJT6nXafLPZqxe9Of', '2sW7pQ8yeSgmU0zZ2KfApZ', '33ybsbATbqbQWUAG1tzLOS']",3,1,False,0.26899999999999996,0.061,2,-25.818,1,0.0515,0.9640000000000001,0.877,0.13699999999999998,0.0345,169.918,338333,1.0,1991,1991-01-01
4HPwrnvvRaeOfTvQxKi42n,"Wind Quintet: I. Agitated, angular",Music of Judith Shatin & Peter Child,2eOBPo5u3oZ5fkt6EydVHM,"['Peter Child', 'Various Artists']","['0lOoWqKUs0HzPdYFpwWGMD', '0LyfQWJT6nXafLPZqxe9Of']",4,1,False,0.247,0.0346,3,-25.836,1,0.0458,0.9940000000000001,0.799,0.145,0.0625,115.79899999999999,277307,5.0,1991,1991-01-01
4E4392NxVVSOGO7MLScWOx,Wind Quintet: II. Slow,Music of Judith Shatin & Peter Child,2eOBPo5u3oZ5fkt6EydVHM,"['Peter Child', 'Various Artists']","['0lOoWqKUs0HzPdYFpwWGMD', '0LyfQWJT6nXafLPZqxe9Of']",5,1,False,0.217,0.023,5,-24.054000000000002,1,0.0467,0.992,0.627,0.0973,0.0321,134.847,248693,5.0,1991,1991-01-01
3WcWOZAoYt4WDJk4LPhlXx,Wind Quintet: III. Swing,Music of Judith Shatin & Peter Child,2eOBPo5u3oZ5fkt6EydVHM,"['Peter Child', 'Various Artists']","['0lOoWqKUs0HzPdYFpwWGMD', '0LyfQWJT6nXafLPZqxe9Of']",6,1,False,0.479,0.0462,8,-21.49,1,0.0327,0.993,0.653,0.731,0.17800000000000002,94.381,72667,4.0,1991,1991-01-01
7lo4KLL09OUL9MRaOKe9Ai,Wind Quintet: IV. Slow,Music of Judith Shatin & Peter Child,2eOBPo5u3oZ5fkt6EydVHM,"['Peter Child', 'Various Artists']","['0lOoWqKUs0HzPdYFpwWGMD', '0LyfQWJT6nXafLPZqxe9Of']",7,1,False,0.17800000000000002,0.0112,6,-27.525,1,0.0459,0.991,0.785,0.11199999999999999,0.0355,139.043,189733,3.0,1991,1991-01-01
4RNizwJxh1X9eEUAa9Ufma,Sonatina for Oboe: I. Invention,Music of Judith Shatin & Peter Child,2eOBPo5u3oZ5fkt6EydVHM,"['Peter Child', 'Peggy Pearson']","['0lOoWqKUs0HzPdYFpwWGMD', '6uzpq4WJfjxrehmuHyiuQE']",8,1,False,0.585,0.032,6,-23.948,1,0.0792,0.9590000000000001,0.907,0.153,0.377,87.926,121507,1.0,1991,1991-01-01
5VL0PMHjDeu2ErxEjhufd0,Sonatina for Oboe: II. Air,Music of Judith Shatin & Peter Child,2eOBPo5u3oZ5fkt6EydVHM,"['Peter Child', 'Peggy Pearson']","['0lOoWqKUs0HzPdYFpwWGMD', '6uzpq4WJfjxrehmuHyiuQE']",9,1,False,0.23199999999999998,0.012,0,-25.136,1,0.0569,0.988,0.76,0.196,0.0905,81.312,302160,3.0,1991,1991-01-01
7mUbB1ZZnWsG3XgkSMVVFl,Sonatina for Oboe: III. Toccattina,Music of Judith Shatin & Peter Child,2eOBPo5u3oZ5fkt6EydVHM,"['Peter Child', 'Peggy Pearson']","['0lOoWqKUs0HzPdYFpwWGMD', '6uzpq4WJfjxrehmuHyiuQE']",10,1,False,0.574,0.0633,5,-24.467,1,0.0616,0.965,0.9620000000000001,0.526,0.573,99.21700000000001,163240,5.0,1991,1991-01-01
2SzACEVecWbFjcuieO42WL,Clare Cycle: I. The Yellowhammer's Nest,Music of Judith Shatin & Peter Child,2eOBPo5u3oZ5fkt6EydVHM,"['Peter Child', 'Joan Heller', 'David Hoose']","['0lOoWqKUs0HzPdYFpwWGMD', '1QssLOBsB0sY3O383YwI7T', '2frjBxX2Cgd7u1eb2ZQzUB']",11,1,False,0.409,0.0709,10,-28.119,0,0.0557,0.95,0.0139,0.21899999999999997,0.239,76.888,118000,4.0,1991,1991-01-01
3nEzaAjOMEq24UAQ2L0aZl,Clare Cycle: II. Song,Music of Judith Shatin & Peter Child,2eOBPo5u3oZ5fkt6EydVHM,"['Peter Child', 'Joan Heller', 'David Hoose']","['0lOoWqKUs0HzPdYFpwWGMD', '1QssLOBsB0sY3O383YwI7T', '2frjBxX2Cgd7u1eb2ZQzUB']",12,1,False,0.192,0.0508,8,-24.745,1,0.0462,0.988,0.617,0.151,0.0358,81.256,396000,4.0,1991,1991-01-01
4f18aX49UbaMmxkzjmItUl,Clare Cycle: III. I Am,Music of Judith Shatin & Peter Child,2eOBPo5u3oZ5fkt6EydVHM,"['Peter Child', 'Joan Heller', 'David Hoose']","['0lOoWqKUs0HzPdYFpwWGMD', '1QssLOBsB0sY3O383YwI7T', '2frjBxX2Cgd7u1eb2ZQzUB']",13,1,False,0.278,0.067,2,-23.278000000000002,0,0.0511,0.9740000000000001,0.532,0.17300000000000001,0.0314,79.087,366827,3.0,1991,1991-01-01
4XhkTfABy60KkGCg73LdsO,Clare Cycle: IV. Clock a Clay,Music of Judith Shatin & Peter Child,2eOBPo5u3oZ5fkt6EydVHM,"['Peter Child', 'Joan Heller', 'David Hoose']","['0lOoWqKUs0HzPdYFpwWGMD', '1QssLOBsB0sY3O383YwI7T', '2frjBxX2Cgd7u1eb2ZQzUB']",14,1,False,0.455,0.235,2,-15.325,1,0.0605,0.956,0.92,0.183,0.10400000000000001,109.75399999999999,123600,4.0,1991,1991-01-01
5kmZti3IZ2BYgruf6xAqhF,Alexandre El Gran,Cançons D'Amor I Droga,49cucMGTFwuoANCN16pte6,['Albert Pla'],['0oIls1SE66gDuk4BZObFaN'],1,1,False,0.488,0.149,9,-16.694000000000006,1,0.16899999999999998,0.604,0.0581,0.106,0.0647,74.095,77987,5.0,2003,2003-10-09
0r3EUykPdw7bJtspvGlUwp,El Bosc,Cançons D'Amor I Droga,49cucMGTFwuoANCN16pte6,['Albert Pla'],['0oIls1SE66gDuk4BZObFaN'],2,1,False,0.494,0.21,4,-13.854000000000001,0,0.0496,0.929,0.16699999999999998,0.106,0.24,89.271,167653,5.0,2003,2003-10-09
4kzyWEQUx0oxLPrZIe8ayi,Virgo Vamp,Cançons D'Amor I Droga,49cucMGTFwuoANCN16pte6,['Albert Pla'],['0oIls1SE66gDuk4BZObFaN'],3,1,False,0.447,0.28800000000000003,7,-14.842,1,0.046,0.604,0.0111,0.6609999999999999,0.379,89.15899999999998,116853,4.0,2003,2003-10-09
5OKiC0zk67ptzo53SqZucy,Pintada De Nit,Cançons D'Amor I Droga,49cucMGTFwuoANCN16pte6,['Albert Pla'],['0oIls1SE66gDuk4BZObFaN'],4,1,False,0.505,0.662,5,-6.231,1,0.0296,0.0733,0.706,0.41100000000000003,0.335,102.14200000000001,277400,4.0,2003,2003-10-09
5ZgdIUvZu3JsHxfnVOa6xh,Home Com Cal,Cançons D'Amor I Droga,49cucMGTFwuoANCN16pte6,['Albert Pla'],['0oIls1SE66gDuk4BZObFaN'],5,1,False,0.753,0.409,7,-13.037,1,0.0522,0.162,0.00081,0.111,0.48200000000000004,181.58599999999998,189293,3.0,2003,2003-10-09
4lOUd2SG4Kt2T4D6rQ27hQ,Joan Pere,Cançons D'Amor I Droga,49cucMGTFwuoANCN16pte6,['Albert Pla'],['0oIls1SE66gDuk4BZObFaN'],6,1,False,0.42100000000000004,0.8009999999999999,7,-5.242999999999999,1,0.0559,0.0373,9.98e-05,0.365,0.565,154.194,246733,4.0,2003,2003-10-09
5cQ3iV1kCU67TicYUBIa9Z,Lefa'm,Cançons D'Amor I Droga,49cucMGTFwuoANCN16pte6,['Albert Pla'],['0oIls1SE66gDuk4BZObFaN'],7,1,False,0.674,0.495,3,-6.284,1,0.0393,0.0392,0.00186,0.111,0.382,119.958,143253,4.0,2003,2003-10-09
4DnXUYsLlKxtUB56SleMMP,Meritxell,Cançons D'Amor I Droga,49cucMGTFwuoANCN16pte6,['Albert Pla'],['0oIls1SE66gDuk4BZObFaN'],8,1,False,0.78,0.461,9,-6.837999999999999,1,0.0419,0.142,0.00041900000000000016,0.198,0.6509999999999999,131.934,208880,4.0,2003,2003-10-09
5BB1GX41WuefargZHGlWHc,Poble De Stars,Cançons D'Amor I Droga,49cucMGTFwuoANCN16pte6,['Albert Pla'],['0oIls1SE66gDuk4BZObFaN'],9,1,False,0.568,0.981,11,-4.011,0,0.172,0.0485,0.00013700000000000002,0.298,0.452,121.656,193760,4.0,2003,2003-10-09
58NlHUiqROm1tRinmEBUIP,Cristo De Les Farmacies,Cançons D'Amor I Droga,49cucMGTFwuoANCN16pte6,['Albert Pla'],['0oIls1SE66gDuk4BZObFaN'],10,1,False,0.37799999999999995,0.298,7,-9.617,1,0.299,0.6709999999999999,1.46e-06,0.0926,0.275,80.577,140453,4.0,2003,2003-10-09
07QEcOaaxaNtNHVtNpJHhp,Nocturn,Cançons D'Amor I Droga,49cucMGTFwuoANCN16pte6,['Albert Pla'],['0oIls1SE66gDuk4BZObFaN'],11,1,False,0.58,0.518,0,-9.103,1,0.0356,0.20199999999999999,0.645,0.444,0.11900000000000001,119.976,184627,4.0,2003,2003-10-09
1lY9JhUPL5L7pW17pX4C2Q,Cami Blanc,Cançons D'Amor I Droga,49cucMGTFwuoANCN16pte6,['Albert Pla'],['0oIls1SE66gDuk4BZObFaN'],12,1,False,0.47600000000000003,0.313,0,-11.322000000000001,1,0.0503,0.4970000000000001,0.6679999999999999,0.159,0.13,124.948,274707,4.0,2003,2003-10-09
4y961UGSlipY9RZzs7HrQ2,Era Perkins - Catalán,Cançons D'Amor I Droga,49cucMGTFwuoANCN16pte6,['Albert Pla'],['0oIls1SE66gDuk4BZObFaN'],13,1,False,0.679,0.691,4,-9.437999999999999,0,0.0551,0.606,0.00036,0.4320000000000001,0.857,155.115,233080,4.0,2003,2003-10-09
3uzwr1UvGRiPOTg8fi4UY7,Vallclara,Cançons D'Amor I Droga,49cucMGTFwuoANCN16pte6,['Albert Pla'],['0oIls1SE66gDuk4BZObFaN'],14,1,False,0.302,0.102,0,-18.488,1,0.0382,0.88,0.0819,0.111,0.122,180.09099999999995,299253,4.0,2003,2003-10-09
66EV68KOfuUpX7gnig8dhm,Sicamore Tree,Cançons D'Amor I Droga,49cucMGTFwuoANCN16pte6,['Albert Pla'],['0oIls1SE66gDuk4BZObFaN'],15,1,False,0.5760000000000001,0.359,0,-16.271,1,0.415,0.156,2.09e-06,0.6759999999999999,0.4320000000000001,92.596,40347,3.0,2003,2003-10-09
3dGKmVEB7vnLco7cTQcLZ4,Tres Acords Contra La Sida,Cançons D'Amor I Droga,49cucMGTFwuoANCN16pte6,['Albert Pla'],['0oIls1SE66gDuk4BZObFaN'],16,1,False,0.524,0.179,4,-13.595999999999998,1,0.126,0.611,0.000392,0.115,0.153,106.022,167293,4.0,2003,2003-10-09
3rnUJFesxyg6HWRJ9m4b9f,Gos Blus,Cançons D'Amor I Droga,49cucMGTFwuoANCN16pte6,['Albert Pla'],['0oIls1SE66gDuk4BZObFaN'],17,1,False,0.5429999999999999,0.42100000000000004,9,-5.327999999999999,1,0.0391,0.508,0.0632,0.121,0.44299999999999995,80.625,139627,4.0,2003,2003-10-09
3zz7R5YSLmZgwzMGjsQzxF,Quando Corpus Morietur,Cançons D'Amor I Droga,49cucMGTFwuoANCN16pte6,['Albert Pla'],['0oIls1SE66gDuk4BZObFaN'],18,1,False,0.39799999999999996,0.183,0,-13.665,1,0.0432,0.826,0.752,0.0995,0.205,170.315,248853,3.0,2003,2003-10-09
5ed3zy392d4nAz5W9faeeu,"Moro, Moro",Cançons D'Amor I Droga,49cucMGTFwuoANCN16pte6,['Albert Pla'],['0oIls1SE66gDuk4BZObFaN'],19,1,False,0.429,0.8759999999999999,2,-3.3369999999999997,1,0.0824,0.07,0.0,0.114,0.579,93.84,274587,4.0,2003,2003-10-09
3QQDUXDShR7BDGideIyPYH,Un Mal Paso Por Tirso,Cançons D'Amor I Droga,49cucMGTFwuoANCN16pte6,['Albert Pla'],['0oIls1SE66gDuk4BZObFaN'],1,2,False,0.542,0.312,8,-12.720999999999998,1,0.9440000000000001,0.038,0.0,0.76,0.84,89.604,64000,4.0,2003,2003-10-09
7HXTGkrLO1uhXTJcFw0NhY,Viva Espanya,Cançons D'Amor I Droga,49cucMGTFwuoANCN16pte6,['Albert Pla'],['0oIls1SE66gDuk4BZObFaN'],2,2,False,0.5489999999999999,0.991,11,-3.398,0,0.205,0.0692,0.000713,0.433,0.289,121.48899999999999,191907,4.0,2003,2003-10-09
6vxg2cH58b4e3OeOInxRnL,San Cristo De Las Farmacias,Cançons D'Amor I Droga,49cucMGTFwuoANCN16pte6,['Albert Pla'],['0oIls1SE66gDuk4BZObFaN'],3,2,False,0.389,0.4370000000000001,7,-9.027999999999999,1,0.18899999999999997,0.7509999999999999,1.17e-05,0.3720000000000001,0.353,106.469,155187,4.0,2003,2003-10-09
73r74lTp33oj3WwaxtBJ2l,Mi Camello,Cançons D'Amor I Droga,49cucMGTFwuoANCN16pte6,['Albert Pla'],['0oIls1SE66gDuk4BZObFaN'],4,2,False,0.501,0.4920000000000001,0,-9.296,1,0.0358,0.214,0.168,0.22699999999999998,0.133,119.865,180027,4.0,2003,2003-10-09
0SPnltHFQBjTV43HW3bEwE,Un As En La Manga,Cançons D'Amor I Droga,49cucMGTFwuoANCN16pte6,['Albert Pla'],['0oIls1SE66gDuk4BZObFaN'],5,2,False,0.466,0.366,0,-9.982999999999999,1,0.0443,0.41700000000000004,0.342,0.152,0.14400000000000002,124.95700000000001,272707,4.0,2003,2003-10-09
3AKHKdoAxuqAfxeVHSLgLG,Era Perkins - Castellano,Cançons D'Amor I Droga,49cucMGTFwuoANCN16pte6,['Albert Pla'],['0oIls1SE66gDuk4BZObFaN'],6,2,False,0.6809999999999999,0.688,9,-7.711,0,0.158,0.664,0.0,0.4270000000000001,0.9309999999999999,155.002,200667,4.0,2003,2003-10-09
4P8rXAmNhbBFJxvxzjHCf5,Libre,Cançons D'Amor I Droga,49cucMGTFwuoANCN16pte6,['Albert Pla'],['0oIls1SE66gDuk4BZObFaN'],7,2,False,0.635,0.18600000000000005,5,-19.458,1,0.9059999999999999,0.018000000000000002,0.0,0.175,0.275,64.038,64067,3.0,2003,2003-10-09
0vPZ3CSVbXhS5C7kD17BHe,Espalda Rota,Cançons D'Amor I Droga,49cucMGTFwuoANCN16pte6,['Albert Pla'],['0oIls1SE66gDuk4BZObFaN'],8,2,False,0.564,0.966,9,-4.803999999999999,1,0.243,0.266,7.38e-05,0.0749,0.20800000000000002,140.053,140493,4.0,2003,2003-10-09
6jbVtvPwfHx8OVfAh4f92r,Lefa,Cançons D'Amor I Droga,49cucMGTFwuoANCN16pte6,['Albert Pla'],['0oIls1SE66gDuk4BZObFaN'],9,2,False,0.701,0.629,3,-6.898,1,0.0481,0.0156,0.11599999999999999,0.392,0.231,120.15299999999999,146333,4.0,2003,2003-10-09
7adMV74cpJwKBd6awO55bk,Adelaida,Cançons D'Amor I Droga,49cucMGTFwuoANCN16pte6,['Albert Pla'],['0oIls1SE66gDuk4BZObFaN'],10,2,False,0.789,0.409,9,-6.9510000000000005,1,0.0378,0.221,0.00047400000000000003,0.223,0.6709999999999999,131.901,208680,4.0,2003,2003-10-09
49zoQrobVkMLP3RT6xonxL,Miseria,Cançons D'Amor I Droga,49cucMGTFwuoANCN16pte6,['Albert Pla'],['0oIls1SE66gDuk4BZObFaN'],11,2,False,0.9209999999999999,0.447,7,-10.892000000000001,1,0.41700000000000004,0.0164,1.11e-05,0.231,0.6990000000000001,122.15100000000001,78280,4.0,2003,2003-10-09
7632mgxdEDmtsIKTen3RFp,Nueva York,Cançons D'Amor I Droga,49cucMGTFwuoANCN16pte6,['Albert Pla'],['0oIls1SE66gDuk4BZObFaN'],12,2,False,0.48100000000000004,0.872,2,-3.388,1,0.0547,0.0874,0.0,0.129,0.503,93.665,238667,4.0,2003,2003-10-09
6n3m0cagX2LjuV2IDAHxM3,First Variation,Variations on Watching,58k3uKSqxfmZc8HGB0OB3P,['Eli T. Drumm'],['1ZFaRy81i4MJLdDdEpMr2S'],1,1,False,0.723,0.6509999999999999,7,-11.128,0,0.0601,0.833,0.303,0.102,0.6729999999999999,115.01799999999999,106435,4.0,2018,2018-05-20
2FyMdj2xEhaV5dgothpMKC,Second Variation,Variations on Watching,58k3uKSqxfmZc8HGB0OB3P,['Eli T. Drumm'],['1ZFaRy81i4MJLdDdEpMr2S'],2,1,False,0.7240000000000001,0.485,7,-14.75,0,0.0449,0.73,0.8640000000000001,0.11199999999999999,0.0772,111.00399999999999,110270,4.0,2018,2018-05-20
6xawi5jD67eZrjdK0JA4rl,Third Variation,Variations on Watching,58k3uKSqxfmZc8HGB0OB3P,['Eli T. Drumm'],['1ZFaRy81i4MJLdDdEpMr2S'],3,1,False,0.49,0.716,2,-11.981,0,0.0292,0.345,0.941,0.11,0.0589,90.0,202667,4.0,2018,2018-05-20
4HIO3OmIyj2Iq7YO981uqY,Fourth Variation,Variations on Watching,58k3uKSqxfmZc8HGB0OB3P,['Eli T. Drumm'],['1ZFaRy81i4MJLdDdEpMr2S'],4,1,False,0.249,0.365,10,-8.487,1,0.0328,0.157,0.958,0.0799,0.0502,134.69899999999998,263762,4.0,2018,2018-05-20
0ywURQXOAuwjwOMgN7KDRt,Fifth Variation,Variations on Watching,58k3uKSqxfmZc8HGB0OB3P,['Eli T. Drumm'],['1ZFaRy81i4MJLdDdEpMr2S'],5,1,False,0.44,0.557,2,-9.738999999999999,0,0.068,0.5379999999999999,0.887,0.102,0.171,179.825,218667,4.0,2018,2018-05-20
1aBvCJSNrorjLWSW5MjqhU,Sixth Variation,Variations on Watching,58k3uKSqxfmZc8HGB0OB3P,['Eli T. Drumm'],['1ZFaRy81i4MJLdDdEpMr2S'],6,1,False,0.644,0.843,9,-9.474,0,0.0549,0.0208,0.887,0.0902,0.6559999999999999,136.02700000000002,181765,4.0,2018,2018-05-20
5f1b50Lp4rZ6nF67Ak2DhQ,Seventh Variation,Variations on Watching,58k3uKSqxfmZc8HGB0OB3P,['Eli T. Drumm'],['1ZFaRy81i4MJLdDdEpMr2S'],7,1,False,0.607,0.973,7,-4.159,0,0.0323,0.0584,0.857,0.18100000000000002,0.738,142.00799999999995,167324,4.0,2018,2018-05-20
1HcCgUM9XhCGIOUl1Thb6o,Eighth Variation,Variations on Watching,58k3uKSqxfmZc8HGB0OB3P,['Eli T. Drumm'],['1ZFaRy81i4MJLdDdEpMr2S'],8,1,False,0.51,0.915,8,-6.7410000000000005,1,0.0416,0.0864,0.865,0.281,0.185,110.00200000000001,128727,4.0,2018,2018-05-20
1KQoklGk0ZiMBnDzWnsVuN,Ninth Variation,Variations on Watching,58k3uKSqxfmZc8HGB0OB3P,['Eli T. Drumm'],['1ZFaRy81i4MJLdDdEpMr2S'],9,1,False,0.552,0.451,10,-8.704,1,0.026000000000000002,0.0141,0.000587,0.105,0.33399999999999996,74.991,259200,4.0,2018,2018-05-20
1XK6Vm3ItLHwErTVHebobv,Tenth Variation,Variations on Watching,58k3uKSqxfmZc8HGB0OB3P,['Eli T. Drumm'],['1ZFaRy81i4MJLdDdEpMr2S'],10,1,False,0.435,0.545,7,-7.807,0,0.0425,0.579,0.183,0.149,0.129,160.02,274500,3.0,2018,2018-05-20
17MzLPQRo2k490BdHB5xYj,Missa de Sancto Donatiano: I. Improvistion - Organ improvisation on Gefft den armen gefangen 1,Obrecht: Missa de Sancto Donatiano,1T1FO3Ixfq7SP4xZOAOXD1,"['Jacob Obrecht', 'Cappella Pratensis']","['0e7j7UZLXvRC62EozoSTc5', '3pLq5gTYe1zDAYXAJBHMZr']",1,1,False,0.158,0.00873,9,-33.455999999999996,0,0.0468,0.993,0.938,0.156,0.146,133.61,83227,4.0,2009,2009-05-29
7jNhYRIK7yJ4EyCQeMVdCW,Missa de Sancto Donatiano: II. Introitus: Statuit ei Dominus - Plainchant,Obrecht: Missa de Sancto Donatiano,1T1FO3Ixfq7SP4xZOAOXD1,"['Jacob Obrecht', 'Cappella Pratensis']","['0e7j7UZLXvRC62EozoSTc5', '3pLq5gTYe1zDAYXAJBHMZr']",2,1,False,0.195,0.0489,2,-23.436,0,0.0523,0.888,1.74e-05,0.348,0.11699999999999999,92.81,153053,1.0,2009,2009-05-29
2hMQisUjgwl8lrEvxHj2Pi,Missa de Sancto Donatiano: III. Kyrie,Obrecht: Missa de Sancto Donatiano,1T1FO3Ixfq7SP4xZOAOXD1,"['Jacob Obrecht', 'Cappella Pratensis']","['0e7j7UZLXvRC62EozoSTc5', '3pLq5gTYe1zDAYXAJBHMZr']",3,1,False,0.0794,0.191,0,-18.827,1,0.0445,0.992,0.457,0.115,0.0643,76.286,287493,4.0,2009,2009-05-29
7FtscxKC7dlhrTvJq9bZq0,Missa de Sancto Donatiano: IV. Gloria,Obrecht: Missa de Sancto Donatiano,1T1FO3Ixfq7SP4xZOAOXD1,"['Jacob Obrecht', 'Cappella Pratensis']","['0e7j7UZLXvRC62EozoSTc5', '3pLq5gTYe1zDAYXAJBHMZr']",4,1,False,0.0748,0.174,0,-20.111,1,0.0463,0.992,0.226,0.182,0.073,64.26,515987,3.0,2009,2009-05-29
5FdKgUED0ANcH42fczs2ka,"Missa de Sancto Donatiano: V. Graduale: Domine, prevenisti eum - Plainchant",Obrecht: Missa de Sancto Donatiano,1T1FO3Ixfq7SP4xZOAOXD1,"['Jacob Obrecht', 'Cappella Pratensis']","['0e7j7UZLXvRC62EozoSTc5', '3pLq5gTYe1zDAYXAJBHMZr']",5,1,False,0.24,0.0349,2,-26.283,0,0.0488,0.879,0.000611,0.10400000000000001,0.0911,131.221,210560,5.0,2009,2009-05-29
67wO9j2h0ZGmy77ect0c7W,Missa de Sancto Donatiano: VI. Alleluia: Iuravit Dominus - Plainchant,Obrecht: Missa de Sancto Donatiano,1T1FO3Ixfq7SP4xZOAOXD1,"['Jacob Obrecht', 'Cappella Pratensis']","['0e7j7UZLXvRC62EozoSTc5', '3pLq5gTYe1zDAYXAJBHMZr']",6,1,False,0.158,0.131,5,-19.417,1,0.0578,0.968,0.342,0.161,0.0729,73.99600000000002,183533,4.0,2009,2009-05-29
2kBfBYwuOCnTLdIZ2m5qMl,Missa de Sancto Donatiano: VII. Credo,Obrecht: Missa de Sancto Donatiano,1T1FO3Ixfq7SP4xZOAOXD1,"['Jacob Obrecht', 'Cappella Pratensis']","['0e7j7UZLXvRC62EozoSTc5', '3pLq5gTYe1zDAYXAJBHMZr']",7,1,False,0.0992,0.14300000000000002,9,-20.941999999999997,0,0.0428,0.993,0.514,0.114,0.0638,84.07,740733,3.0,2009,2009-05-29
3GP9xT56yPXo2u8n7AvYZt,Missa de Sancto Donatiano: VIII. Offertorium: Veritas mea - Plainchant,Obrecht: Missa de Sancto Donatiano,1T1FO3Ixfq7SP4xZOAOXD1,"['Jacob Obrecht', 'Cappella Pratensis']","['0e7j7UZLXvRC62EozoSTc5', '3pLq5gTYe1zDAYXAJBHMZr']",8,1,False,0.17300000000000001,0.107,5,-21.892,1,0.0556,0.9259999999999999,2.01e-05,0.11199999999999999,0.19899999999999998,170.94,53133,4.0,2009,2009-05-29
3RpIzQJeLRjZ6XXnFM7JOM,Missa de Sancto Donatiano: IX. Improvisation - Organ improvisation on O beate pater,Obrecht: Missa de Sancto Donatiano,1T1FO3Ixfq7SP4xZOAOXD1,"['Jacob Obrecht', 'Cappella Pratensis']","['0e7j7UZLXvRC62EozoSTc5', '3pLq5gTYe1zDAYXAJBHMZr']",9,1,False,0.218,0.00238,0,-35.107,1,0.0515,0.995,0.615,0.0792,0.26899999999999996,70.609,88333,5.0,2009,2009-05-29
76vicMAX9SIXaWQotl0t9a,Missa de Sancto Donatiano: X. Sanctus,Obrecht: Missa de Sancto Donatiano,1T1FO3Ixfq7SP4xZOAOXD1,"['Jacob Obrecht', 'Cappella Pratensis']","['0e7j7UZLXvRC62EozoSTc5', '3pLq5gTYe1zDAYXAJBHMZr']",10,1,False,0.092,0.17,0,-19.147000000000002,1,0.0411,0.992,0.345,0.145,0.04,81.10300000000002,521000,4.0,2009,2009-05-29
2Ft1CsbdqijZzHkU1yKvid,Missa de Sancto Donatiano: XI. Improvisation - Organ improvisation on Gefft den armen gefangen 2,Obrecht: Missa de Sancto Donatiano,1T1FO3Ixfq7SP4xZOAOXD1,"['Jacob Obrecht', 'Cappella Pratensis']","['0e7j7UZLXvRC62EozoSTc5', '3pLq5gTYe1zDAYXAJBHMZr']",11,1,False,0.226,0.0038399999999999997,0,-33.079,1,0.0502,0.995,0.28,0.0823,0.158,70.252,46053,5.0,2009,2009-05-29
2Lufo95h8joFI31sBkVUOi,Missa de Sancto Donatiano: XII. Agnus Dei,Obrecht: Missa de Sancto Donatiano,1T1FO3Ixfq7SP4xZOAOXD1,"['Jacob Obrecht', 'Cappella Pratensis']","['0e7j7UZLXvRC62EozoSTc5', '3pLq5gTYe1zDAYXAJBHMZr']",12,1,False,0.182,0.154,0,-19.595,1,0.0374,0.9940000000000001,0.523,0.12,0.0384,130.49,360000,4.0,2009,2009-05-29
1KNY15UcYVNwGtTCXFfsrw,Missa de Sancto Donatiano: XIII. Communio: Beatus servus - Plainchant,Obrecht: Missa de Sancto Donatiano,1T1FO3Ixfq7SP4xZOAOXD1,"['Jacob Obrecht', 'Cappella Pratensis']","['0e7j7UZLXvRC62EozoSTc5', '3pLq5gTYe1zDAYXAJBHMZr']",13,1,False,0.27,0.111,2,-21.058000000000003,1,0.0659,0.9690000000000001,1.01e-05,0.14400000000000002,0.0396,134.023,49173,3.0,2009,2009-05-29
6Z8zRC4p8JRVU4QHjyxnOW,Missa de Sancto Donatiano: XIV. Improvisation - Organ improvisation on O sanctissime pater,Obrecht: Missa de Sancto Donatiano,1T1FO3Ixfq7SP4xZOAOXD1,"['Jacob Obrecht', 'Cappella Pratensis']","['0e7j7UZLXvRC62EozoSTc5', '3pLq5gTYe1zDAYXAJBHMZr']",14,1,False,0.0703,0.0523,5,-23.596999999999998,1,0.0463,0.971,0.953,0.353,0.0818,75.449,97560,4.0,2009,2009-05-29
0nW6HivwqSvuhXIhffeahg,"O beate pater donatiane, Suffrage antiphon for votive use",Obrecht: Missa de Sancto Donatiano,1T1FO3Ixfq7SP4xZOAOXD1,"['Jacob Obrecht', 'Cappella Pratensis']","['0e7j7UZLXvRC62EozoSTc5', '3pLq5gTYe1zDAYXAJBHMZr']",15,1,False,0.136,0.09300000000000001,7,-20.177,1,0.0462,0.943,0.0,0.23600000000000002,0.0577,177.812,32573,5.0,2009,2009-05-29
4IZmwWVCIKVzsVflsAvFVB,O sanctissime presul 8th responsorty of matins for the feast of st. donatian,Obrecht: Missa de Sancto Donatiano,1T1FO3Ixfq7SP4xZOAOXD1,"['Jacob Obrecht', 'Cappella Pratensis']","['0e7j7UZLXvRC62EozoSTc5', '3pLq5gTYe1zDAYXAJBHMZr']",16,1,False,0.209,0.0624,5,-20.523000000000003,1,0.0452,0.953,6.23e-05,0.141,0.10099999999999999,89.91,204973,4.0,2009,2009-05-29
7p6MQ0Cqi4eMoO3JHJLIaM,"O clavis, david magnificat antiphon for vespers",Obrecht: Missa de Sancto Donatiano,1T1FO3Ixfq7SP4xZOAOXD1,"['Jacob Obrecht', 'Cappella Pratensis']","['0e7j7UZLXvRC62EozoSTc5', '3pLq5gTYe1zDAYXAJBHMZr']",17,1,False,0.271,0.0846,9,-20.277,1,0.0384,0.9690000000000001,0.0,0.249,0.139,109.661,57147,5.0,2009,2009-05-29
4ZF7WdiBhthzSXfMvHGb7a,Gonfessor domini 1st responsory of matins for the feast of st. donatian,Obrecht: Missa de Sancto Donatiano,1T1FO3Ixfq7SP4xZOAOXD1,"['Jacob Obrecht', 'Cappella Pratensis']","['0e7j7UZLXvRC62EozoSTc5', '3pLq5gTYe1zDAYXAJBHMZr']",18,1,False,0.302,0.0743,6,-19.287,1,0.0396,0.929,2.98e-06,0.18,0.151,69.558,106373,3.0,2009,2009-05-29
3REBayxF5SucxT8YVLWTx0,Gefft den armen gefangen,Obrecht: Missa de Sancto Donatiano,1T1FO3Ixfq7SP4xZOAOXD1,"['Jacob Obrecht', 'Cappella Pratensis']","['0e7j7UZLXvRC62EozoSTc5', '3pLq5gTYe1zDAYXAJBHMZr']",19,1,False,0.29100000000000004,0.18100000000000002,7,-19.012999999999998,1,0.0419,0.982,0.0598,0.456,0.209,68.708,81520,3.0,2009,2009-05-29
3Ucn2Q7xpwMMsaXj16Lzkj,String,Haunted Items #3,1ZaSKiCdQ8yzlQlOrMxynf,['Frankie Cosmos'],['0x4xCoWaOFd3WsKarzaxnW'],1,1,False,0.449,0.10400000000000001,0,-11.204,1,0.152,0.93,0.0,0.11900000000000001,0.633,166.795,42665,3.0,2019,2019-03-27
044FYFKudZ1DKkqlsnBP7w,Eternal,Haunted Items #3,1ZaSKiCdQ8yzlQlOrMxynf,['Frankie Cosmos'],['0x4xCoWaOFd3WsKarzaxnW'],2,1,False,0.5489999999999999,0.11,7,-11.79,1,0.0859,0.978,1.2e-05,0.129,0.485,72.305,166720,5.0,2019,2019-03-27
0OQd0VzE0vFejbGXrCfzBI,Hva nå - Intro,Hva nå,1EcipISHGg8PXUuN4B43aG,['No. 4'],['24YjyPpqFQi1Oh7PQSBT3J'],1,1,False,0.42200000000000004,0.10300000000000001,2,-16.791,1,0.0351,0.983,0.00589,0.0897,0.377,134.959,88107,4.0,2017,2017-11-17
2Ml1DYQ6EUtzZX7mqHlxmG,Alexander B,Hva nå,1EcipISHGg8PXUuN4B43aG,['No. 4'],['24YjyPpqFQi1Oh7PQSBT3J'],2,1,False,0.456,0.614,1,-6.84,1,0.0315,0.0163,0.000293,0.0988,0.371,67.697,240347,4.0,2017,2017-11-17
76QHBkAM1Qyi8NPFgeu3St,Mens alle andre sover,Hva nå,1EcipISHGg8PXUuN4B43aG,['No. 4'],['24YjyPpqFQi1Oh7PQSBT3J'],3,1,False,0.4,0.5870000000000001,0,-8.447000000000001,1,0.0626,0.105,0.009770000000000001,0.147,0.441,159.59799999999996,205693,3.0,2017,2017-11-17
39MBuyQT0yFkcq5FLdroEA,Familie,Hva nå,1EcipISHGg8PXUuN4B43aG,['No. 4'],['24YjyPpqFQi1Oh7PQSBT3J'],4,1,False,0.574,0.46299999999999997,0,-8.549,1,0.0426,0.0858,0.000131,0.20199999999999999,0.514,84.84299999999998,207627,4.0,2017,2017-11-17
75QeDBqAsDIgyDXYVol5Yn,Vi burde ha vært på film,Hva nå,1EcipISHGg8PXUuN4B43aG,['No. 4'],['24YjyPpqFQi1Oh7PQSBT3J'],5,1,False,0.524,0.7,1,-7.191,1,0.0612,0.00937,1.7899999999999998e-05,0.22,0.517,93.948,236840,4.0,2017,2017-11-17
2VUxmXgdlnI7zjMdD4AqaD,Salen så helt annerledes ut i går,Hva nå,1EcipISHGg8PXUuN4B43aG,['No. 4'],['24YjyPpqFQi1Oh7PQSBT3J'],6,1,False,0.539,0.0824,0,-16.195,1,0.0305,0.988,0.000822,0.107,0.098,92.675,260133,4.0,2017,2017-11-17
1eEXJWtMslx4ND1n8ZzYl8,Hva nå,Hva nå,1EcipISHGg8PXUuN4B43aG,['No. 4'],['24YjyPpqFQi1Oh7PQSBT3J'],7,1,False,0.473,0.635,2,-8.256,1,0.0436,0.299,0.0429,0.0963,0.564,139.94299999999998,199533,4.0,2017,2017-11-17
1wGkqRatLVESVRpumUEEBy,De to,Hva nå,1EcipISHGg8PXUuN4B43aG,"['No. 4', 'Mattis Herman Nyquist']","['24YjyPpqFQi1Oh7PQSBT3J', '2QOwL7tpTJcikoiClrlnbh']",8,1,False,0.45,0.467,8,-8.227,1,0.0391,0.39299999999999996,2.42e-05,0.294,0.37,80.15,204480,4.0,2017,2017-11-17
22Dq9r9I9AjnQEiWXviDzH,Det finnes bare vi,Hva nå,1EcipISHGg8PXUuN4B43aG,['No. 4'],['24YjyPpqFQi1Oh7PQSBT3J'],9,1,False,0.594,0.371,11,-10.1,0,0.0359,0.322,4.59e-05,0.094,0.139,129.981,227747,4.0,2017,2017-11-17
3iEe4Ezw5jbrZUSbTrj7t2,Oslo forteller,Hva nå,1EcipISHGg8PXUuN4B43aG,['No. 4'],['24YjyPpqFQi1Oh7PQSBT3J'],10,1,False,0.23399999999999999,0.65,0,-7.074,1,0.0967,0.231,3.26e-06,0.109,0.23199999999999998,65.012,206213,4.0,2017,2017-11-17
6zWujlz7SpM4jLiWuTMlFP,Skoleveisvise,Hva nå,1EcipISHGg8PXUuN4B43aG,['No. 4'],['24YjyPpqFQi1Oh7PQSBT3J'],11,1,False,0.474,0.0499,9,-16.797,1,0.0578,0.9329999999999999,0.0,0.11,0.33899999999999997,82.926,188733,4.0,2017,2017-11-17
2U1QtrVwu7ejDoZYVvBimX,"Enescu: Sonata No. 3 for Violin and Piano in a minor, op. 25 (19","Enescu, Debussy, and Ravel",2JVybCNMjuS5Iywg8u896W,"['George Enescu', ""Gilles Apap & Eric Ferrand-N' Kaoua""]","['7KKscZTeDLz1g0QthWCMQV', '6GqSSXh6ZTlWuC0scg3gGP']",1,1,False,0.275,0.0869,9,-22.396,1,0.04,0.9840000000000001,0.409,0.0506,0.0501,138.664,456880,4.0,1999,1999-01-01
4imJifcEhYSwy9Zxw9Dlrd,"Enescu: Sonata No. 3 for Violin and Piano in a minor, op. 25 (19","Enescu, Debussy, and Ravel",2JVybCNMjuS5Iywg8u896W,"['George Enescu', ""Gilles Apap & Eric Ferrand-N' Kaoua""]","['7KKscZTeDLz1g0QthWCMQV', '6GqSSXh6ZTlWuC0scg3gGP']",2,1,False,0.187,0.0581,2,-23.08,1,0.0469,0.97,0.18100000000000002,0.0684,0.0345,76.089,468000,3.0,1999,1999-01-01
6MtmufreuUQm52hUyXYPdk,"Enescu: Sonata No. 3 for Violin and Piano in a minor, op. 25 - (","Enescu, Debussy, and Ravel",2JVybCNMjuS5Iywg8u896W,"['George Enescu', ""Gilles Apap & Eric Ferrand-N' Kaoua""]","['7KKscZTeDLz1g0QthWCMQV', '6GqSSXh6ZTlWuC0scg3gGP']",3,1,False,0.405,0.215,2,-19.105999999999998,1,0.0473,0.9890000000000001,0.723,0.10099999999999999,0.22699999999999998,134.737,443333,4.0,1999,1999-01-01
4ZFVgxkT6CeiInafJHqmG7,Debussy: Sonata for Violin and Piano (1917) - Allegro vivo,"Enescu, Debussy, and Ravel",2JVybCNMjuS5Iywg8u896W,"['Claude Debussy', ""Gilles Apap & Eric Ferrand-N' Kaoua""]","['1Uff91EOsvd99rtAupatMP', '6GqSSXh6ZTlWuC0scg3gGP']",4,1,False,0.305,0.114,2,-20.528000000000002,0,0.0483,0.986,0.27,0.0454,0.0417,108.89299999999999,246533,4.0,1999,1999-01-01
0GK6POGnvES1M2EFhgWcYc,Debussy: Sonata for Violin and Piano (1917) - Intermede: Fantasq,"Enescu, Debussy, and Ravel",2JVybCNMjuS5Iywg8u896W,"['Claude Debussy', ""Gilles Apap & Eric Ferrand-N' Kaoua""]","['1Uff91EOsvd99rtAupatMP', '6GqSSXh6ZTlWuC0scg3gGP']",5,1,False,0.431,0.0894,7,-25.807,1,0.0519,0.985,0.72,0.3720000000000001,0.07400000000000001,100.844,223133,4.0,1999,1999-01-01
0J61I0TyHtcgIT43nlYcNN,Debussy: Sonata for Violin and Piano (1917) - Finale: Tres anime,"Enescu, Debussy, and Ravel",2JVybCNMjuS5Iywg8u896W,"['Claude Debussy', ""Gilles Apap & Eric Ferrand-N' Kaoua""]","['1Uff91EOsvd99rtAupatMP', '6GqSSXh6ZTlWuC0scg3gGP']",6,1,False,0.29600000000000004,0.133,7,-22.12,1,0.0421,0.981,0.585,0.107,0.15,90.77799999999999,234000,3.0,1999,1999-01-01
5EAq0ijDtEglv0nQiJu7MK,Ravel: Sonata for Violin and Piano (1927) - Allegretto,"Enescu, Debussy, and Ravel",2JVybCNMjuS5Iywg8u896W,"['Maurice Ravel', ""Gilles Apap & Eric Ferrand-N' Kaoua""]","['17hR0sYHpx7VYTMRfFUOmY', '6GqSSXh6ZTlWuC0scg3gGP']",7,1,False,0.182,0.085,7,-24.326999999999998,1,0.0503,0.978,0.12,0.135,0.0797,75.507,441213,4.0,1999,1999-01-01
3mzt4xDaCadWCqIQXRxAEN,Ravel: Sonata for Violin and Piano (1927) - Blues: Moderato,"Enescu, Debussy, and Ravel",2JVybCNMjuS5Iywg8u896W,"['Maurice Ravel', ""Gilles Apap & Eric Ferrand-N' Kaoua""]","['17hR0sYHpx7VYTMRfFUOmY', '6GqSSXh6ZTlWuC0scg3gGP']",8,1,False,0.495,0.125,2,-18.469,1,0.0376,0.983,0.445,0.0766,0.095,117.779,319360,4.0,1999,1999-01-01
19bgFi93mOJEoFVaBS8cET,Ravel: Sonata for Violin and Piano (1927) - Perpetuum mobile: Al,"Enescu, Debussy, and Ravel",2JVybCNMjuS5Iywg8u896W,"['Maurice Ravel', ""Gilles Apap & Eric Ferrand-N' Kaoua""]","['17hR0sYHpx7VYTMRfFUOmY', '6GqSSXh6ZTlWuC0scg3gGP']",9,1,False,0.376,0.255,9,-18.098,0,0.0509,0.9840000000000001,0.833,0.0822,0.247,166.997,236933,3.0,1999,1999-01-01
4AsFv0KQUqVTopkDeW0w9g,Encore,"Enescu, Debussy, and Ravel",2JVybCNMjuS5Iywg8u896W,"[""Gillles Apap & Eric Ferrand-N' Kaoua"", ""Gilles Apap & Eric Ferrand-N' Kaoua""]","['5zap4G22wQnKGnupdjdnzz', '6GqSSXh6ZTlWuC0scg3gGP']",10,1,False,0.39299999999999996,0.166,5,-25.936999999999998,1,0.0594,0.91,0.102,0.0719,0.888,166.731,88480,4.0,1999,1999-01-01
5OzG73yyfFfNaDkfe4KsdV,Kick 'n' Slap,Angathin,27WXonc90mjO2oUyjkNG3y,['Monsieur Doumani'],['5EDdS7mPetnRTd1oeRtS3u'],1,1,False,0.439,0.877,9,-6.532,1,0.0438,0.568,0.0866,0.11699999999999999,0.872,167.579,198111,4.0,2018,2018-02-23
5f5XBvdA1jTmfgJQe98r75,Hey You,Angathin,27WXonc90mjO2oUyjkNG3y,['Monsieur Doumani'],['5EDdS7mPetnRTd1oeRtS3u'],2,1,False,0.593,0.684,7,-6.626,1,0.0368,0.7809999999999999,0.228,0.0999,0.821,88.615,272328,4.0,2018,2018-02-23
5rwnjyiZ8mxBHeL2El9Bfw,Thorn of the Cactus,Angathin,27WXonc90mjO2oUyjkNG3y,"['Monsieur Doumani', 'Julio Kompoloi']","['5EDdS7mPetnRTd1oeRtS3u', '08I9PrBuqALhJvneJbueop']",3,1,False,0.48200000000000004,0.772,7,-7.765,1,0.107,0.643,0.0019100000000000002,0.163,0.804,110.943,259584,3.0,2018,2018-02-23
5Dr4Zg7Pfcb5Y3tOGvksV6,Fallow Fields,Angathin,27WXonc90mjO2oUyjkNG3y,['Monsieur Doumani'],['5EDdS7mPetnRTd1oeRtS3u'],4,1,False,0.486,0.6759999999999999,9,-6.739,1,0.0304,0.462,0.57,0.106,0.6629999999999999,146.119,246107,4.0,2018,2018-02-23
5UoWO0dnCRWpnWlrlSWO9E,Mishmash,Angathin,27WXonc90mjO2oUyjkNG3y,['Monsieur Doumani'],['5EDdS7mPetnRTd1oeRtS3u'],5,1,False,0.485,0.8170000000000001,4,-5.718,1,0.037000000000000005,0.607,0.152,0.127,0.904,164.972,179855,4.0,2018,2018-02-23
5W9Fkxa9UtIrJ4iMZtt2SF,Gel Burda,Angathin,27WXonc90mjO2oUyjkNG3y,['Monsieur Doumani'],['5EDdS7mPetnRTd1oeRtS3u'],6,1,False,0.7070000000000001,0.506,7,-7.779,1,0.0426,0.794,0.4,0.0867,0.696,114.17200000000001,184176,3.0,2018,2018-02-23
2j9xh12IbVUNVYHxdBC2fE,Where Shall I Bang It?,Angathin,27WXonc90mjO2oUyjkNG3y,"['Monsieur Doumani', 'Michalis Terlikkas']","['5EDdS7mPetnRTd1oeRtS3u', '7KFY3aLouL2dxxPkkGA3bE']",7,1,False,0.691,0.645,5,-5.474,1,0.0411,0.716,2.3899999999999998e-05,0.0912,0.759,144.437,206328,5.0,2018,2018-02-23
6PvfpxnHfpeP9mq0xKRQUW,Drinking and Kissing,Angathin,27WXonc90mjO2oUyjkNG3y,['Monsieur Doumani'],['5EDdS7mPetnRTd1oeRtS3u'],8,1,False,0.621,0.622,4,-7.9689999999999985,1,0.11800000000000001,0.607,0.00367,0.10800000000000001,0.892,139.653,291407,4.0,2018,2018-02-23
56h67me2YTSIMyrcGLOqzd,Mother and Mistress of Us All,Angathin,27WXonc90mjO2oUyjkNG3y,['Monsieur Doumani'],['5EDdS7mPetnRTd1oeRtS3u'],9,1,False,0.574,0.7909999999999999,9,-7.251,0,0.0357,0.4920000000000001,0.0317,0.0992,0.97,159.934,158736,4.0,2018,2018-02-23
7J2Fygvhcelv0u3tYwJ5zt,Little Car,Angathin,27WXonc90mjO2oUyjkNG3y,['Monsieur Doumani'],['5EDdS7mPetnRTd1oeRtS3u'],10,1,False,0.615,0.4370000000000001,2,-6.428,1,0.0497,0.665,0.168,0.0901,0.384,153.061,249281,4.0,2018,2018-02-23
6TIoBt03JrJXfMMGsAA26D,Akamas' Dragons,Angathin,27WXonc90mjO2oUyjkNG3y,['Monsieur Doumani'],['5EDdS7mPetnRTd1oeRtS3u'],11,1,False,0.6809999999999999,0.523,7,-5.55,1,0.0398,0.7829999999999999,0.89,0.114,0.899,130.2,261653,3.0,2018,2018-02-23
2H4Cy1mawvbBr8hKbzlyzh,Antics,Angathin,27WXonc90mjO2oUyjkNG3y,['Monsieur Doumani'],['5EDdS7mPetnRTd1oeRtS3u'],12,1,False,0.672,0.604,9,-7.099,0,0.0311,0.639,0.0569,0.264,0.778,112.056,346078,4.0,2018,2018-02-23
52vhk3EvCuoz6IOei7G3Uy,Little Star,Angathin,27WXonc90mjO2oUyjkNG3y,"['Monsieur Doumani', 'Alkinoos Ioannidis']","['5EDdS7mPetnRTd1oeRtS3u', '7Myq3CtZhjHHJKsEpArIOm']",13,1,False,0.289,0.354,4,-11.186,1,0.0447,0.909,0.0931,0.126,0.0384,77.218,419236,4.0,2018,2018-02-23
1UOddC1jjFyZi1f7IPPJ5r,Retrospect,Taiga,4mw7pbTS8TcvJWiXHMOZzA,['Kubbi'],['38dW24ZxoRfXGe1lJXXFNg'],1,1,False,0.12,0.136,0,-19.839000000000002,1,0.0383,0.986,0.958,0.0752,0.0346,174.551,261051,4.0,2018,2018-03-10
3PT3zET5YCHUOUB4RpYnD7,Wake,Taiga,4mw7pbTS8TcvJWiXHMOZzA,['Kubbi'],['38dW24ZxoRfXGe1lJXXFNg'],2,1,False,0.27899999999999997,0.545,4,-11.713,0,0.0381,0.11599999999999999,0.893,0.0889,0.156,135.938,336160,3.0,2018,2018-03-10
0wTmMTAtVff6vyAC63HKqd,Plume,Taiga,4mw7pbTS8TcvJWiXHMOZzA,['Kubbi'],['38dW24ZxoRfXGe1lJXXFNg'],3,1,False,0.37,0.657,9,-11.817,0,0.0371,0.0968,0.8059999999999999,0.365,0.154,180.165,295817,4.0,2018,2018-03-10
2hppXeZHOtss6dRotiuQo0,Spiritdancer,Taiga,4mw7pbTS8TcvJWiXHMOZzA,['Kubbi'],['38dW24ZxoRfXGe1lJXXFNg'],4,1,False,0.281,0.5770000000000001,4,-10.555,0,0.0663,0.10099999999999999,0.39399999999999996,0.275,0.124,191.798,350483,3.0,2018,2018-03-10
6vyC7d3h7whlZreS6rf3MP,Prey,Taiga,4mw7pbTS8TcvJWiXHMOZzA,['Kubbi'],['38dW24ZxoRfXGe1lJXXFNg'],5,1,False,0.53,0.64,8,-12.639000000000001,0,0.045,0.265,0.8809999999999999,0.125,0.348,149.007,213931,4.0,2018,2018-03-10



6Z3aekpUm3ZvWRe766Y0gQ,Want To,Dua Lipa (Complete Edition),0obMz8EHnr3dg6NCUK4xWp,['Dua Lipa'],['6M2wZ9GZgrQXHCFfjv46we'],18,1,False,0.5720000000000001,0.691,8,-4.783,0,0.12300000000000001,0.0788,0.000132,0.0619,0.318,92.08200000000001,211818,4.0,2018,2018-10-19
0Aj9mjOpjS2TbgSB6sdXNo,Running,Dua Lipa (Complete Edition),0obMz8EHnr3dg6NCUK4xWp,['Dua Lipa'],['6M2wZ9GZgrQXHCFfjv46we'],19,1,False,0.62,0.6940000000000001,10,-3.739,0,0.0311,0.0178,0.0,0.19,0.319,98.00200000000001,221947,4.0,2018,2018-10-19
7jr3iPu4O4bTCVwLMbdU2i,Kiss and Make Up,Dua Lipa (Complete Edition),0obMz8EHnr3dg6NCUK4xWp,"['Dua Lipa', 'BLACKPINK']","['6M2wZ9GZgrQXHCFfjv46we', '41MozSoPIsD1dJM0CLPjZF']",20,1,False,0.6779999999999999,0.7290000000000001,8,-4.188,1,0.13699999999999998,0.0658,0.0,0.303,0.643,99.895,189173,4.0,2018,2018-10-19
3WVcoF2oKbUPCxyjIkYyHs,One Kiss,Dua Lipa (Complete Edition),0obMz8EHnr3dg6NCUK4xWp,"['Calvin Harris', 'Dua Lipa']","['7CajNmpbOovFoOoasH2HaY', '6M2wZ9GZgrQXHCFfjv46we']",21,1,False,0.797,0.8190000000000001,9,-4.351,0,0.12,0.0371,3.4200000000000005e-05,0.0773,0.581,124.022,214987,4.0,2018,2018-10-19
2pRQRG07s3q8amlmjOwPcg,Electricity,Dua Lipa (Complete Edition),0obMz8EHnr3dg6NCUK4xWp,"['Silk City', 'Dua Lipa']","['2X97ZAqRKRMYFIDqtvGgGc', '6M2wZ9GZgrQXHCFfjv46we']",22,1,False,0.588,0.67,0,-6.439,1,0.0473,0.0104,3.33e-06,0.33799999999999997,0.505,118.15899999999999,238161,4.0,2018,2018-10-19
34fyYYMNkz2WlzGnPePCg9,Scared to Be Lonely,Dua Lipa (Complete Edition),0obMz8EHnr3dg6NCUK4xWp,"['Martin Garrix', 'Dua Lipa']","['60d24wfXkVzDSfLS6hyCjZ', '6M2wZ9GZgrQXHCFfjv46we']",23,1,False,0.568,0.525,1,-7.789,0,0.0594,0.0791,0.0,0.273,0.203,137.846,221427,4.0,2018,2018-10-19
2BY0p8sKIMmRuVjUTasf9G,No Lie (feat. Dua Lipa),Dua Lipa (Complete Edition),0obMz8EHnr3dg6NCUK4xWp,"['Sean Paul', 'Dua Lipa']","['3Isy6kedDrgPYoTS1dazA9', '6M2wZ9GZgrQXHCFfjv46we']",24,1,False,0.74,0.872,7,-3.4819999999999998,1,0.12,0.0441,0.0,0.26,0.467,102.01899999999999,221400,4.0,2018,2018-10-19
3zUdQ1EJtqr1BaHCYSzLTa,New Rules - Live,Dua Lipa (Complete Edition),0obMz8EHnr3dg6NCUK4xWp,['Dua Lipa'],['6M2wZ9GZgrQXHCFfjv46we'],25,1,False,0.539,0.8590000000000001,9,-6.4270000000000005,0,0.0549,0.0117,0.0,0.3720000000000001,0.484,115.9,275101,4.0,2018,2018-10-19
4rHtX6NY7xSBNKQ83NoQxh,IDGAF - Initial Talk Remix,IDGAF (Remixes II),4M7slCAvVUFZLYICsgY3xq,"['Dua Lipa', 'Initial Talk']","['6M2wZ9GZgrQXHCFfjv46we', '0YQmcNgfnoqxBMJ8dcw3Eh']",1,1,True,0.6709999999999999,0.897,4,-7.04,0,0.0309,0.0137,2.79e-06,0.083,0.785,108.99799999999999,207928,4.0,2018,2018-05-04
0wyucvPABUshLOlvWBLCkx,IDGAF (Rich Brian & Diablo Remix),IDGAF (Remixes II),4M7slCAvVUFZLYICsgY3xq,"['Dua Lipa', 'Diablo', 'Rich Brian']","['6M2wZ9GZgrQXHCFfjv46we', '38cfgJjmUEknY8JKyFBipW', '2IDLDx25HU1nQMKde4n61a']",2,1,True,0.85,0.716,7,-5.4670000000000005,1,0.107,0.0103,3.43e-06,0.0821,0.331,97.036,192176,4.0,2018,2018-05-04
4lynWvMXZSQvCVqvbLjiTV,IDGAF - B Case Remix,IDGAF (Remixes II),4M7slCAvVUFZLYICsgY3xq,"['Dua Lipa', 'B-Case']","['6M2wZ9GZgrQXHCFfjv46we', '1o9x7ez0NvhDb7gBqrYnUj']",3,1,True,0.8370000000000001,0.7859999999999999,7,-3.42,1,0.0311,0.00976,0.0,0.0313,0.602,97.00200000000001,195320,4.0,2018,2018-05-04
2ry53n0NXbB4ZUJM1SP8Vc,IDGAF (feat. Saweetie),IDGAF (Remixes II),4M7slCAvVUFZLYICsgY3xq,"['Dua Lipa', 'Saweetie']","['6M2wZ9GZgrQXHCFfjv46we', '6cK3NBO6uP7hh0oyuVELFl']",4,1,True,0.847,0.59,7,-6.3,1,0.133,0.059000000000000004,0.0,0.0822,0.595,97.014,238940,4.0,2018,2018-05-04
5ZMb1d14RLl5NHAgZIwVHc,IDGAF - Acoustic,IDGAF (Remixes II),4M7slCAvVUFZLYICsgY3xq,['Dua Lipa'],['6M2wZ9GZgrQXHCFfjv46we'],5,1,True,0.682,0.382,4,-5.178999999999999,0,0.217,0.309,0.0,0.11,0.638,190.773,217785,4.0,2018,2018-05-04