base_size,candidate_global_index,candidate_name,candidate_artists,malatya_centrality_weighted,weighted_degree,sim_to_first_base_sum,final_score
25,5122,Hey You,['Shakira'],25.05419742058978,189.0,204.0,96.63251845235388
25,5121,Dreams for Plans,['Shakira'],24.304223665114066,181.0,195.0,92.58253419906843
25,5114,Donde Estas Corazon - Dub-A-Pella Mix,['Shakira'],21.642812952633964,169.0,189.0,88.58568777158038
25,5118,Animal City,['Shakira'],23.362872370143858,175.0,186.0,88.41772342208633
25,5119,Don't Bother,['Shakira'],22.760904006772577,172.0,185.0,87.65654240406354
25,5117,Hips Don't Lie (feat. Wyclef Jean),"['Shakira', 'Wyclef Jean']",21.325359942935638,169.0,187.0,87.59521596576138
25,25,Estoy Aquí - Timbalero Dub,['Shakira'],21.116009591109155,166.0,185.0,86.6696057546655
25,3368,Love Saves The Day (feat. Kathy Diamond) - Mixed,"['Kaine', 'Kathy Diamond']",19.07561841642175,159.0,183.0,84.64537104985305
25,3362,Tonight's The Night (feat. Jody Watley) - Mixed,"['Mark de Clive-Lowe', 'Jody Watley']",18.403338748500275,156.0,181.0,83.44200324910017
25,5120,The Day and the Time (feat. Gustavo Cerati),"['Shakira', 'Gustavo Cerati']",18.956547002909282,155.0,179.0,82.97392820174558
25,5651,Sæsonen Er Slut,['Søs Fenger'],20.40376126796552,160.0,176.0,82.64225676077932
25,3314,Du weckst Gefühle,['Andrea Berg'],18.804636084504246,157.0,178.0,82.48278165070255
25,4550,Got the Feelin' - Radio Edit,['Five'],18.623259695607405,158.0,178.0,82.37395581736445
25,5116,Illegal (feat. Carlos Santana),"['Shakira', 'Carlos Santana']",18.97131405601235,153.0,177.0,82.18278843360741
25,7844,Candy,['Mandy Moore'],18.433324870039346,154.0,177.0,81.8599949220236
25,3358,Sail On (feat. Jason Brock) - Mixed,"['Miguel Migs', 'Jason Brock']",16.89232621100327,149.0,179.0,81.73539572660196
25,3113,Tragedy - New Album Version (Ric Wake Version),['Marc Anthony'],16.744494941431046,150.0,177.0,80.84669696485862
25,506,Troll Inc.,"['Kami-sama, I have noticed']",18.623947306942917,155.0,174.0,80.77436838416575
25,7854,Love You For Always,['Mandy Moore'],16.84524782996157,148.0,176.0,80.50714869797694
25,1860,Seven Elevens,['Neil Hamburger'],15.741686435405462,144.0,176.0,79.84501186124328
25,7408,One Heart,['Céline Dion'],18.266506392210104,149.0,172.0,79.75990383532606
25,5996,Something's Gonna Blow,"['Drywall', 'Stan Ridgway']",16.792027143179315,145.0,171.0,78.47521628590759
25,5124,Costume Makes the Clown,['Shakira'],18.948118094034964,149.0,166.0,77.76887085642099
25,3135,In Good Hands,['Rainforce'],16.253320161748352,143.0,169.0,77.35199209704902
25,7853,I Like It,['Mandy Moore'],15.018853771384597,142.0,170.0,77.01131226283076
25,7216,Paid My Dues,['Anastacia'],15.71871561186855,141.0,168.0,76.63122936712114
25,1828,Painkiller - Sidney Samson Club Remix,"['Joe Killington', 'Sidney Samson']",13.642261370624961,134.0,171.0,76.58535682237498
25,4545,It's All Over,"['Five', 'Nigel Wright']",16.306674865359103,140.0,167.0,76.58400491921546
25,5020,Everything Now (Todo Ya) - Remix por Bomba Estéreo,"['Arcade Fire', 'Bomba Estéreo']",16.129946053447856,142.0,167.0,76.47796763206871
25,7414,Coulda Woulda Shoulda,['Céline Dion'],12.578838642036413,133.0,172.0,76.34730318522185
25,3357,"Given Me Joy - Lovebirds Suite Vocal, Mixed",['Marc Evans'],14.418257256246092,135.0,168.0,75.85095435374765
25,1450,Joah,['Locarno'],15.751269005813223,138.0,166.0,75.85076140348794
25,6322,Austin Powers (feat. SaveMilli),"['Yanga Chief', 'SaveMilli']",17.05951629065888,142.0,164.0,75.83570977439534
25,3312,Träume lügen nicht,['Andrea Berg'],13.595934723739216,135.0,169.0,75.75756083424353
25,7845,What You Want,['Mandy Moore'],16.08335306822664,141.0,165.0,75.65001184093599
25,2625,Fisherman's Song,['The JT Blues Band'],14.33118063017307,135.0,167.0,75.39870837810383
25,5115,Un Poco De Amor - Meme's Jazz Experience,['Shakira'],16.220243759699454,138.0,164.0,75.33214625581968
25,2582,Business Blues,['The Blues Mystery'],14.819710550087363,135.0,166.0,75.29182633005243
25,3203,Van Horn - KarlSayAgain Remix,"['Saint Motel', 'KarlSayAgain']",13.393672763572619,133.0,168.0,75.23620365814358
25,3572,Van Horn - KarlSayAgain Remix,"['Saint Motel', 'KarlSayAgain']",13.393672763572619,133.0,168.0,75.23620365814358
25,7828,Everything My Heart Desires,['Mandy Moore'],13.192814422130274,132.0,168.0,75.11568865327817
25,1668,damn!,"['Jeris Johnson', 'Ricky Desktop']",18.52417406580633,144.0,160.0,75.1145044394838
25,5271,Bigger Than the Beatles,['Joe Diffie'],11.882034280605904,125.0,169.0,74.72922056836354
25,3313,Im Feuer der Nacht,['Andrea Berg'],13.15014455129031,131.0,167.0,74.69008673077418
25,5769,Reflection,['Chris Thayer'],15.742234420714873,138.0,163.0,74.64534065242893
25,7834,I Like It,['Mandy Moore'],13.314233620115665,133.0,166.0,74.38854017206941
25,7223,Don'tcha Wanna,['Anastacia'],11.980808771369933,127.0,168.0,74.38848526282196
25,7804,Into The Night,['Love Inc.'],14.538582263154808,133.0,164.0,74.32314935789289
25,6958,Mi Libertad,['Jerry Rivera'],14.478353600360826,135.0,164.0,74.2870121602165
25,7807,My Prayer,['Love Inc.'],14.40612340243708,132.0,164.0,74.24367404146226
25,3721,Filter Factory,['Dee'],15.632962424884818,139.0,162.0,74.17977745493089
25,6949,Qué Hay de Malo,['Jerry Rivera'],14.282286611274417,133.0,164.0,74.16937196676466
25,3731,On My Own,['Dee'],14.087900419632003,131.0,164.0,74.05274025177921
25,1628,New Faith,['Neuropa'],11.96638812929974,126.0,167.0,73.97983287757984
25,2190,Oil City Girl,['Kevin Gordon'],13.230772862520471,128.0,165.0,73.93846371751228
25,1261,Out Of The Hole,['The Velmas'],13.071612063886002,129.0,165.0,73.8429672383316
25,3115,I Swear,['Marc Anthony'],14.402793440127834,134.0,163.0,73.84167606407671
25,1099,Pas faire ce qu'il faut,['Jeanne Mas'],13.095504393747134,128.0,164.0,73.45730263624829
25,1653,Pizza,"['Anti Up', 'Chris Lake', 'Chris Lorenzo']",14.254816143583769,131.0,162.0,73.35288968615026
25,3204,Van Horn - GOLDHOUSE Remix,"['Saint Motel', 'GOLDHOUSE']",12.875364446983264,129.0,164.0,73.32521866818996
25,4227,Van Horn - GOLDHOUSE Remix,"['Saint Motel', 'GOLDHOUSE']",12.875364446983264,129.0,164.0,73.32521866818996
25,5268,Honky Tonk Attitude,['Joe Diffie'],13.928013941190395,129.0,162.0,73.15680836471424
25,3202,Van Horn - Beatsumishi Remix,"['Saint Motel', 'Beatsumishi']",15.148579334208307,135.0,160.0,73.08914760052498
25,3573,Van Horn,['Saint Motel'],14.370348814250184,131.0,161.0,73.02220928855012
25,3205,Van Horn,['Saint Motel'],14.370348814250184,131.0,161.0,73.02220928855012
25,4228,Van Horn,['Saint Motel'],14.370348814250184,131.0,161.0,73.02220928855012
25,6127,Llorar Lloviendo,['Toby Love'],12.818405462508025,128.0,163.0,72.89104327750482
25,4126,Oh My,['Mellowdrone'],10.815610463632474,121.0,166.0,72.8893662781795
25,5125,Something,['Shakira'],15.288986196651107,131.0,159.0,72.77339171799066
25,5562,Lighta,"['J Flow', 'Trippy Troy', 'Jay Po', 'Post']",15.24907490768173,133.0,159.0,72.74944494460904
25,5992,The Alibi Room,"['Drywall', 'Stan Ridgway']",14.505224328645797,130.0,160.0,72.70313459718747
25,4670,Mad,['Vivian Green'],13.050359195369028,128.0,162.0,72.63021551722142
25,3310,Warum nur träumen,['Andrea Berg'],12.932621278086163,126.0,162.0,72.55957276685169
25,4556,"Whiney, Whiney (What Really Drives Me Crazy)",['Willi One Blood'],12.856385474527666,129.0,162.0,72.5138312847166
25,4732,Underdog,['The Script'],12.717687840290836,125.0,162.0,72.4306127041745
25,4548,Everybody Get Up - Radio Mix,['Five'],12.01437186375564,125.0,163.0,72.40862311825339
25,5262,John Deere Green,['Joe Diffie'],10.669317069283881,118.0,165.0,72.40159024157033
25,7432,Nati Ieri,['Raf'],11.8448120107587,125.0,163.0,72.30688720645523
25,7830,The Way To My Heart,['Mandy Moore'],13.168405556027636,128.0,161.0,72.30104333361659
25,3096,Tako Tsubo,['Paris Combo'],11.658311120690614,122.0,163.0,72.19498667241437
25,4816,Paradox,['Kansas'],12.953814521456573,128.0,161.0,72.17228871287395
25,715,Peddi Max (Dreem Tran's Remix),"['Henrik the Artist', ""Dreem Tran's""]",12.898931296883015,126.0,161.0,72.13935877812982
25,7800,Here Comes The Sunshine,['Love Inc.'],12.175809208848337,123.0,162.0,72.10548552530899
25,7445,I Never Knew - Hani Remix,"['Deborah Cox', 'Hani']",10.115660719140536,114.0,165.0,72.06939643148432
25,3542,"Rumors, Gossip, Words Untrue",['The Knickerbockers'],10.4461680054987,119.0,164.0,71.86770080329923
25,7050,I'll Give You A Ring,['The Novaks'],11.571066178972886,118.0,162.0,71.74263970738373
25,4794,Drop Zone,['Rachel Harrington'],12.892780109657137,124.0,160.0,71.73566806579429
25,7805,All Around The World,['Love Inc.'],11.548605813429393,123.0,162.0,71.72916348805764
25,1101,Le sens des affaires,['Jeanne Mas'],11.453852191373185,118.0,162.0,71.6723113148239
25,1843,I need a house,['Marie Serneholt'],12.768820051972304,126.0,160.0,71.66129203118338
25,7312,Es ist wie es ist,['Die Prinzen'],13.896769203628956,126.0,158.0,71.53806152217737
25,2413,All Around the World,['Andy Abraham'],11.737015935023164,124.0,161.0,71.4422095610139
25,7835,So Real,['Mandy Moore'],9.693826398557363,114.0,164.0,71.41629583913442
25,3728,Let's Have a Rendez-Vous,['Dee'],10.356954259468425,117.0,163.0,71.41417255568106
25,7850,Let Me Be The One,['Mandy Moore'],12.813905447154509,127.0,159.0,71.2883432682927
25,702,You Belong to Me,['Jennifer Lopez'],12.771251531945964,127.0,159.0,71.26275091916759
25,7276,One Day Closer to You,['Carolyn Dawn Johnson'],12.763621414432489,125.0,159.0,71.2581728486595
25,1532,Landing on the Sidewalk,['The Samples'],11.206691426406405,119.0,161.0,71.12401485584385
25,5603,The Truth About Love,['P!nk'],12.307270305629718,125.0,159.0,70.98436218337783
25,2883,Screwed Up,"['Chingo Bling', 'Paul Wall', 'Fat Pat']",12.298407284641486,123.0,159.0,70.97904437078489
25,1623,Regrets,['Neuropa'],12.918520156200808,123.0,158.0,70.95111209372048
25,6269,Abriendo Puertas,['Gloria Estefan'],12.750414872260949,126.0,158.0,70.85024892335657
25,7771,Cross My Heart F/ Kong,['billy woods/kong'],11.99242372542464,124.0,159.0,70.79545423525478
25,4734,Hot Summer Nights,['The Script'],13.980733170350284,128.0,156.0,70.78843990221017
25,6938,When My Baby's Beside Me,['Kelly Willis'],8.56796127495431,111.0,164.0,70.7407767649726
25,4984,See America Right,['The Mountain Goats'],12.524443754918632,123.0,158.0,70.71466625295118
25,5653,Lille Søster,['Søs Fenger'],10.383132679824463,119.0,161.0,70.62987960789468
25,7782,Travellin' Song,['The Mountains & The Trees'],15.030775990145774,131.0,154.0,70.61846559408747
25,7843,So Real,['Mandy Moore'],9.612185615739044,113.0,162.0,70.56731136944342
25,2621,Beale Street,['The JT Blues Band'],10.942509855569801,117.0,160.0,70.56550591334188
25,6272,Dulce Amor,['Gloria Estefan'],11.59571707049667,118.0,159.0,70.557430242298
25,1097,Innocence d'aimer,['Jeanne Mas'],14.213590131058194,127.0,155.0,70.52815407863491
25,3360,"Do You Feel The Same? - 6th Borough Project Remix, Mixed",['Hercules & Love Affair'],12.775728494179475,121.0,157.0,70.46543709650769
25,3365,"Let It Go (feat. Cathy Battistessa) - Jovonn's Next Moov UK Mix, Mixed","['Afterlife', 'Cathy Battistessa']",10.082178422032117,116.0,161.0,70.44930705321927
25,7466,That's Just Like Him,['Ricky Dillard & New G (New Generation Chorale)'],10.537873963810208,115.0,160.0,70.32272437828613
25,7221,I Thought I Told You That (featuring Faith Evans) (feat. Faith Evans),"['Anastacia', 'Faith Evans']",10.952599487802937,118.0,159.0,70.17155969268177
25,4879,Thank God For You,['Sawyer Brown'],10.27274906398479,117.0,160.0,70.16364943839088
25,7546,Undone,['Christine Havrilla'],11.601903650654645,117.0,158.0,70.1611421903928
25,5654,Godt Igen,['Søs Fenger'],13.471948639345994,126.0,155.0,70.0831691836076
25,7803,It's A Rainy Day,['Love Inc.'],9.323002590198612,109.0,161.0,69.99380155411917
25,7887,Gimme Some,['Toni Braxton'],11.281421928574293,119.0,158.0,69.96885315714458
25,7217,Overdue Goodbye,['Anastacia'],12.563770015506314,123.0,156.0,69.9382620093038
25,1477,Floatin' Boogie (radio),['John Called Mark'],11.20823073644696,119.0,158.0,69.92493844186818
25,7039,Cherry Lipstick - Live,['Granger Smith'],12.490461518963889,121.0,156.0,69.89427691137834
25,6897,All I Need,['Live'],9.154116165943265,109.0,161.0,69.89246969956596
25,3118,Give Me A Reason,['Marc Anthony'],11.132304302736422,119.0,158.0,69.87938258164186
25,7321,Küssen verboten,['Die Prinzen'],11.693203535268301,118.0,157.0,69.81592212116098
25,3494,One Everything,['Chris Murray'],13.669409876467899,124.0,154.0,69.80164592588073
25,2623,Ain't Afraid,['The JT Blues Band'],10.30622734481544,115.0,159.0,69.78373640688926
25,4601,Once the Tree Would Bloom,['Ritual'],13.401127053112836,125.0,154.0,69.6406762318677
25,7081,Isola,['Samuele Bersani'],13.929108927647793,125.0,153.0,69.55746535658868
25,5215,Rebel talk,['Galaxy Rebel'],11.22909517082926,119.0,157.0,69.53745710249756
25,5882,Bu Mudur,['Nil Karaibrahimgil'],11.071811390347513,117.0,157.0,69.44308683420851
25,3320,Nachts wenn alles schläft,['Andrea Berg'],9.03703707982408,107.0,160.0,69.42222224789445
25,3318,Schenk mir die eine Nacht,['Andrea Berg'],10.365872704526282,112.0,158.0,69.41952362271577
25,7762,Blowout F/ Priviledge,['billy woods/priviledge'],10.329250277675008,112.0,158.0,69.39755016660501
25,2575,Nothing to Hide,['The Blues Mystery'],10.919007569803359,116.0,157.0,69.35140454188202
25,3734,Build Me Up,['Dee'],10.244260157832617,115.0,158.0,69.34655609469958
25,960,Red Hot Momma,['Funkadelic'],11.553716941738593,117.0,156.0,69.33223016504316
25,6316,ATC,['Yanga Chief'],10.187291527265971,113.0,158.0,69.31237491635959
25,6297,Don't You Be Greedy,['Jakk Jo'],12.157729186869009,120.0,155.0,69.2946375121214
25,1632,Love Will Find A Way,['Neuropa'],10.710661654000475,116.0,157.0,69.22639699240028
25,3311,Wenn du mich berührst,['Andrea Berg'],9.997543630532434,112.0,158.0,69.19852617831947
25,3439,Idle Chatter,['Busdriver'],9.264600073823866,110.0,159.0,69.15876004429433
25,7852,Love Shot,['Mandy Moore'],9.877128779500193,111.0,158.0,69.12627726770012
25,1540,We All Move On,['The Samples'],12.525309819238037,121.0,154.0,69.11518589154282
25,7819,You Know How to Love Me,['Lisa Stansfield'],9.843438750816114,113.0,158.0,69.10606325048967
25,4758,You Don't Know,['The Chains'],10.44428018189831,111.0,157.0,69.06656810913898
25,4682,Cursed,['Vivian Green'],11.021942367230903,116.0,156.0,69.01316542033855
25,509,deadlock,"['Kami-sama, I have noticed']",10.35361068517529,112.0,157.0,69.01216641110518
25,7283,Evelyn Champagne,"['L. Supreme', 'Jasonmakesgoodbeats', 'Arisha']",12.273776927970225,119.0,154.0,68.96426615678213
25,3451,Reality Sandwich,['Busdriver'],10.245346216469933,114.0,157.0,68.94720772988197
25,1225,Gotta Get Me,['B.G.'],8.223646800837745,105.0,160.0,68.93418808050265
25,1627,Again (Original Mix),['Neuropa'],11.547374315432034,117.0,155.0,68.92842458925922
25,6198,I'm Good,"['Tru-Serva', 'Dijohn']",12.165908894397,119.0,154.0,68.8995453366382
25,8071,This One's for the Girls,['Martina McBride'],11.367528164412118,117.0,155.0,68.82051689864727
25,4726,Something Unreal,['The Script'],11.106059151564226,117.0,155.0,68.66363549093853
25,7928,Accidental Joy,['The Minders'],11.09811097764952,118.0,155.0,68.65886658658971
25,4952,Can't Win 'Em All,['Anny Celsi'],10.263120908359241,114.0,156.0,68.55787254501556
25,7940,"Mississippi Woman, Louisiana Man",['Kate Campbell'],10.239432150693187,114.0,156.0,68.54365929041592
25,1187,Cool Cat,['Mek Pek'],12.20515303565142,117.0,153.0,68.52309182139085
25,3429,Watch It,['The Kilborn Alley Blues Band'],10.122354937794302,114.0,156.0,68.47341296267659
25,508,匿名,"['Kami-sama, I have noticed']",11.454011095951934,116.0,154.0,68.47240665757116
25,4539,When The Lights Go Out - US Remix,['Five'],10.097824628094731,115.0,156.0,68.45869477685685
25,3430,Bubbleguts,['The Kilborn Alley Blues Band'],9.87651321229332,112.0,156.0,68.325907927376
25,3121,Te Tengo Aquí,['Marc Anthony'],9.17678840939278,108.0,157.0,68.30607304563567
25,6277,Lejos De Ti (Far From You),['Gloria Estefan'],11.136874395399575,116.0,154.0,68.28212463723975
25,7836,Candy - Wade Robson remix,"['Mandy Moore', 'Wade Robson']",11.100880885808877,118.0,154.0,68.26052853148533
25,2604,Welcome to TMCR,['The Pinker Tones'],9.051961164411344,108.0,157.0,68.2311766986468
25,3134,Rock and Roll,['Rainforce'],11.04522721448306,115.0,154.0,68.22713632868984
25,2767,Camarerito,['Los Enemigos'],10.296461912195092,109.0,155.0,68.17787714731705
25,7384,Just the Way We Do It,['Chely Wright'],8.934899316389606,108.0,157.0,68.16093958983377
25,8034,Happy Girl,['Martina McBride'],9.496187669366352,113.0,156.0,68.09771260161982
25,125,Gonna Be Raining When I Die,['The Osborne Brothers'],10.79366092925022,116.0,154.0,68.07619655755013
25,1976,What Christmas Means to Me (feat. Stevie Wonder),"['John Legend', 'Stevie Wonder']",11.45042793362043,120.0,153.0,68.07025676017226
25,7437,Who Do U Love,['Deborah Cox'],7.430823773376673,101.0,159.0,68.05849426402601
25,3114,I Reach For You,['Marc Anthony'],12.612112616138532,120.0,151.0,67.96726756968313
25,1838,San Diego,['Starlight Mints'],9.119888329858181,106.0,156.0,67.87193299791491
25,8018,(I Never Promised You A) Rose Garden,['Martina McBride'],11.11384964927233,117.0,153.0,67.8683097895634
25,7832,Lock Me In Your Heart,['Mandy Moore'],9.75239522404258,112.0,155.0,67.85143713442555
25,2243,Change,['Sam Baker'],10.346927557388657,111.0,154.0,67.8081565344332
25,5576,I Never Did No Hitler,['20/20'],8.95110941940646,106.0,156.0,67.77066565164388
25,5211,Rockstar,['Galaxy Rebel'],10.911209976284965,114.0,153.0,67.74672598577098
25,3319,Frag nicht,['Andrea Berg'],10.901545115990745,115.0,153.0,67.74092706959445
25,1183,Du Du Du,"['Mek Pek', 'The Allrights']",9.523585303327792,108.0,155.0,67.71415118199667
25,3725,She's Expensive,['Dee'],8.848976778177054,109.0,156.0,67.70938606690623
25,4543,Slam Dunk (Da Funk),['Five'],10.83449738473649,115.0,153.0,67.7006984308419
25,1405,Human - Angelspit Mix,"['I:Scintilla', 'Angelspit']",8.153341351571585,103.0,157.0,67.69200481094296
25,8123,The Ocean,['American Longspurs'],13.484976337674787,123.0,149.0,67.69098580260487
25,1473,Start Livin',['John Called Mark'],8.810094691121455,107.0,156.0,67.68605681467288
25,131,The Hard Times,['The Osborne Brothers'],12.13692917422289,118.0,151.0,67.68215750453373
25,2063,Jug Town,['Neil Hamburger'],12.133786240040429,118.0,151.0,67.68027174402427
25,2580,I Got No Pain,['The Blues Mystery'],13.366306587697116,121.0,149.0,67.61978395261826
25,4398,Oleada,['Julieta Venegas'],11.964611538412923,117.0,151.0,67.57876692304777
25,1222,Pussy Pop,['B.G.'],9.952578501260714,113.0,154.0,67.57154710075643
25,7319,Liebe im Fahrstuhl,['Die Prinzen'],11.253255678375504,112.0,152.0,67.55195340702531
25,5880,Kamikaze,['Nil Karaibrahimgil'],9.874798958063003,112.0,154.0,67.52487937483781
25,4396,Donde Quiero Estar,['Julieta Venegas'],11.174294204081372,115.0,152.0,67.50457652244883
25,4047,Three Days,['Thermadore'],7.763139763230281,100.0,157.0,67.45788385793817
25,7774,Magic F/ Taiwo,['billy woods/taiwo whetstone'],10.992086093471187,113.0,152.0,67.39525165608272
25,3372,"He Loves Me - Yoruba Soul Mix, Mixed",['Terri Walker'],12.295868193131138,117.0,150.0,67.37752091587868
25,4644,Off My Mind - Extended Mix,"['ManyFew', 'Voost']",10.280651777005826,109.0,153.0,67.3683910662035
25,691,I Hustle,['Bub Bizzle'],10.940188382306411,113.0,152.0,67.36411302938384
25,3496,As Close as You Think,"[""Skankin' Pickle""]",8.21648437739773,102.0,156.0,67.32989062643864
25,6955,Una y Mil Veces,['Jerry Rivera'],8.846309391510594,105.0,155.0,67.30778563490635
25,800,Dying to Live Again,"['Junior Sisk', 'Ramblers Choice']",10.111438275419218,111.0,153.0,67.26686296525153
25,2183,Promise Road,['Kevin Gordon'],10.736130715366606,114.0,152.0,67.24167842921997
25,2884,Switch Lanes,['Chingo Bling'],10.722776399840752,115.0,152.0,67.23366583990446
25,6011,Limbo,['Negativland'],9.98630629908671,110.0,153.0,67.19178377945202
25,4478,Mystikal Fever,['Mystikal'],11.286160602571226,116.0,151.0,67.17169636154274
25,8027,Heartaches By The Number,['Martina McBride'],11.264099811607723,115.0,151.0,67.15845988696464
25,699,All I Have (feat. LL Cool J),"['Jennifer Lopez', 'LL Cool J']",9.202151926922332,106.0,154.0,67.1212911561534
25,6888,The River,['Live'],11.020626812238893,116.0,151.0,67.01237608734334
25,747,It's a Crying Shame,['The Five Americans'],11.683078327086065,117.0,150.0,67.00984699625164
25,4395,Nada Serio,['Julieta Venegas'],6.990371185784657,97.0,157.0,66.9942227114708
25,2450,Sense Ability,['Andy Warren'],8.947871972580963,106.0,154.0,66.96872318354858
25,5361,Strongholds (Justa Messenger),"['H.U.R.T.', 'Justa Messenger']",10.926294065929001,114.0,151.0,66.95577643955741
25,4389,Lento,['Julieta Venegas'],8.910683613341478,104.0,154.0,66.94641016800489
25,6139,Irreplaceable,['Toby Love'],10.895716636716056,113.0,151.0,66.93742998202964
25,4729,If You Don't Love Yourself,['The Script'],8.871795561121722,107.0,154.0,66.92307733667303
25,3095,Je Suis Partie,['Paris Combo'],10.851941107222132,114.0,151.0,66.91116466433328
25,614,Rivolta Silenziosa,['Humanwine'],8.825707398673487,105.0,154.0,66.89542443920409
25,4057,Five Years,['Jaime Paxton'],9.938013869719608,109.0,152.0,66.76280832183177
25,1625,Make Our Way,['Neuropa'],9.89060777740344,109.0,152.0,66.73436466644206
25,3986,Ibadan Sunrise,['Wale Oyejide'],9.223445260571317,105.0,153.0,66.73406715634279
25,1671,Sing His Love,"[""Caedmon's Call""]",7.846914029231371,103.0,155.0,66.70814841753882
25,937,Like Wham,"['Unk', 'Sandman', 'Stewey Rock']",7.067473258142951,97.0,156.0,66.64048395488578
25,4815,Point of Know Return,['Kansas'],9.061416782961082,103.0,153.0,66.63685006977666
25,2325,Rage,['Sero'],12.260557003619882,117.0,148.0,66.55633420217193
25,6826,Repress (Microtronic Edit),['Battery'],8.854691216211144,103.0,153.0,66.51281472972668
25,2386,Spider,['Pushmonkey'],8.159055725183542,103.0,154.0,66.49543343511013
25,6895,Where Do We Go From Here?,['Live'],11.48189407200632,115.0,149.0,66.48913644320379
25,3495,Pendulum,['The Toasters'],8.790167451217332,104.0,153.0,66.4741004707304
25,3507,¿Y Qué? - Revisitado,['José José'],10.090000835352118,110.0,151.0,66.45400050121128
25,7926,Don't You Stop,['The Minders'],12.038039694701192,119.0,148.0,66.42282381682072
25,3722,Who Do You Come To,['Dee'],8.684169990452208,106.0,153.0,66.41050199427133
25,6889,Mystery,['Live'],9.918192616664715,110.0,151.0,66.35091556999883
25,1103,Le monde change,['Jeanne Mas'],9.887968898371401,106.0,151.0,66.33278133902284
25,7323,Limits of Our Love,['Charlotte Martin'],11.202439468907784,114.0,149.0,66.32146368134467
25,7746,Songline,['Tim Finn'],9.846275710835107,108.0,151.0,66.30776542650106
25,1666,Private Affair,['Leah Andreone'],9.138719705170463,109.0,152.0,66.28323182310228
25,939,She Freaky,"['Unk', 'Blazed', 'Ray J']",9.058410246101285,105.0,152.0,66.23504614766078
25,5987,In Total Focus,"['Drywall', 'Stan Ridgway']",8.982198033232741,106.0,152.0,66.18931881993964
25,4344,Feuer,['Sero'],9.647047837515785,108.0,151.0,66.18822870250948
25,327,"Denali, Not Mckinley",['Eric Brace & Peter Cooper'],8.949430752507098,104.0,152.0,66.16965845150426
25,798,The Mountains Are Calling Me Home,"['Junior Sisk', 'Ramblers Choice']",10.947369840747275,113.0,149.0,66.16842190444837
25,1835,Rinky Dinky,['Starlight Mints'],8.877214376347414,105.0,152.0,66.12632862580845
25,3356,"You Used To Hold Me So Tight (feat. Angela Johnson) - Club Mix, Mixed","['Reel People', 'Angela Johnson']",10.206822004190109,107.0,150.0,66.12409320251406
25,4052,Way Down Texas Way,"['Dale Watson', 'Gene Kurtz']",8.855658557531857,106.0,152.0,66.11339513451912
25,5593,This Year,['The Mountain Goats'],9.513056235047378,108.0,151.0,66.10783374102843
25,2725,Alchemy Mondays,['Aurelio Voltaire'],10.15322343167696,110.0,150.0,66.09193405900618
25,5355,It Ain't Real,"['H.U.R.T.', 'Justa Messenger']",9.481200668066046,106.0,151.0,66.08872040083963
25,1248,She's so High,['Tal Bachman'],10.716581735492651,112.0,149.0,66.0299490412956
25,6894,Love Shines (A Song for My Daughters About God),['Live'],8.698471541835282,103.0,152.0,66.01908292510117
25,5639,Heart of Stone,['Europe'],7.932370253595433,100.0,153.0,65.95942215215726
25,5431,Redneck Love Gone Bad,['Diamond Rio'],9.904602688550709,110.0,150.0,65.94276161313043
25,4541,It's The Things You Do - US Version,"['Five', 'Cutfather & Joe']",9.801850416426777,108.0,150.0,65.88111024985606
25,7225,Don't Stop (Doin' It) - U.S. Album Version,['Anastacia'],9.796516441319817,107.0,150.0,65.87790986479189
25,3109,Love Won't Get Any Better,['Marc Anthony'],9.063497068876401,105.0,151.0,65.83809824132585
25,5866,The Pestilence Is Coming,['The Minor Leagues'],9.01079737250242,106.0,151.0,65.80647842350146
25,3519,El Amor Acaba - Revisitado,['José José'],10.990198856425335,112.0,148.0,65.7941193138552
25,7711,You Are (Panacea),['CIRRUS'],6.948018495730433,97.0,154.0,65.76881109743826
25,6951,Casi un Hechizo - Extended Version,['Jerry Rivera'],9.472903381958847,106.0,150.0,65.6837420291753
25,7405,Love Is All We Need,['Céline Dion'],8.690362857503438,104.0,151.0,65.61421771450208
25,7315,Heute ha-ha-habe ich Geburtstag,['Die Prinzen'],9.340850277965977,106.0,150.0,65.60451016677959
25,8081,World - Division #9 Remix,['Croc Shop'],8.662504719633272,104.0,151.0,65.59750283177996
25,2066,Thinkin' It Over,['Neil Hamburger'],8.655710092464753,104.0,151.0,65.59342605547886
25,2441,Actually Real,['Andy Warren'],8.623058849295395,103.0,151.0,65.57383530957725
25,801,Darling Do You Know Who Loves You,"['Junior Sisk', 'Ramblers Choice']",9.948184105319433,108.0,149.0,65.56891046319166
25,4392,A Tu Lado,['Julieta Venegas'],9.934723362256795,109.0,149.0,65.56083401735408
25,4390,Andar Conmigo,['Julieta Venegas'],8.55067742042916,101.0,151.0,65.5304064522575
25,1992,Wrap Me Up in Your Love,['John Legend'],10.538589805969815,110.0,148.0,65.5231538835819
25,2724,The Headless Waltz,['Aurelio Voltaire'],9.819373344222821,105.0,149.0,65.4916240065337
25,8068,So Magical,['Martina McBride'],9.815645335719019,107.0,149.0,65.48938720143141
25,2437,Ungravity (Part II),['Dave Moisan'],9.812246700928885,106.0,149.0,65.48734802055733
25,2613,Love Tape,['The Pinker Tones'],9.756408447237462,110.0,149.0,65.45384506834247
25,3111,I've Got You - New Album Version/New Radio Edit (Ric Wake Version),['Marc Anthony'],7.05680585243541,96.0,153.0,65.43408351146125
25,2880,Slow Motion,"['Chingo Bling', 'Niqoloss']",11.055065187054085,110.0,147.0,65.43303911223245
25,5281,Rudolph the Red-Nosed Reindeer,['Ty Herndon'],9.052101781345714,106.0,150.0,65.43126106880743
25,6162,I Love You Love Me Love (Gary Glitter),['Chicks'],9.711262371278579,106.0,149.0,65.42675742276715
25,3488,Serve in Heaven / Rule in Hell,['The Plus Ones'],9.709906569355942,106.0,149.0,65.42594394161357
25,5606,Here Comes the Weekend (feat. Eminem),"['P!nk', 'Eminem']",8.360856638462428,101.0,151.0,65.41651398307746
25,1548,What About A Word?,['Shoplifting'],9.668401853742328,107.0,149.0,65.4010411122454
25,7812,The Real Thing,['Lisa Stansfield'],6.9631387054344485,96.0,153.0,65.37788322326067
25,7278,Akinatora,['Kio DJ'],7.617733151492888,97.0,152.0,65.37063989089573
25,2406,Hang Up,['Andy Abraham'],9.606132842091643,108.0,149.0,65.36367970525498
25,3845,Sabza Ba Naz (The Triumph of Love),['Niyaz'],9.567855546992108,107.0,149.0,65.34071332819526
25,2709,The Vampire Club,['Aurelio Voltaire'],9.531928452186474,106.0,149.0,65.31915707131189
25,3727,This Sucks,['Dee'],8.804754453430881,105.0,150.0,65.28285267205852
25,6308,Uncomfortable,['Bethan Mane'],8.791688449302566,105.0,150.0,65.27501306958153
25,802,Shape Up or Ship Out,"['Junior Sisk', 'Ramblers Choice']",9.426237526292308,104.0,149.0,65.25574251577538
25,3879,New Star Song,['The Mountain Goats'],8.74604470960898,102.0,150.0,65.2476268257654
25,1804,Across The Dial,['Tarwater'],8.712284212452825,105.0,150.0,65.22737052747169
25,6415,Nebula,['Anjali'],7.962019620180846,99.0,151.0,65.1772117721085
25,4763,Fortune Teller,['The Chains'],8.614116954204277,100.0,150.0,65.16847017252256
25,2963,Got 'Em (feat. Maimon),['Frank Marina'],8.600943228902413,103.0,150.0,65.16056593734145
25,1077,Photoshoot,['Gucci Mane'],11.889776259201827,113.0,145.0,65.1338657555211
25,7220,How Come the World Won't Stop,['Anastacia'],9.746790773642815,105.0,148.0,65.04807446418569
25,8035,Be That Way,['Martina McBride'],9.680391116642578,104.0,148.0,65.00823466998555
25,5157,Don't Wanna Let You Go,['Quiet Riot'],9.649314488676218,106.0,148.0,64.98958869320573
25,5036,Big Time Scoop,['Johnny Otis'],9.64504398819649,107.0,148.0,64.9870263929179
25,7070,Good Side,['Liz Phair'],9.6244405630911,108.0,148.0,64.97466433785466
25,4218,Dog Days II,['Seepeoples'],8.819103808633672,104.0,149.0,64.89146228518021
25,1782,LOCO (feat. 18 Karat & AK Ausserkontrolle),"['Farid Bang', '18 Karat', 'AK AUSSERKONTROLLE']",7.463877029275236,98.0,151.0,64.87832621756515
25,2651,Lincoln Shore,['Valve'],8.788631036682558,102.0,149.0,64.87317862200953
25,2478,1966,['Thorsten Wingenfelder'],9.422501801981294,105.0,148.0,64.85350108118878
25,7052,Doesn't Anybody Hear It,['The Novaks'],6.709259157511386,91.0,152.0,64.82555549450683
25,695,Loving You,['Jennifer Lopez'],8.707766722300555,102.0,149.0,64.82466003338034
25,1848,Can't be loved,['Marie Serneholt'],8.69775344846177,104.0,149.0,64.81865206907706
25,7427,Salta Più Alto,['Raf'],8.697013991758617,103.0,149.0,64.81820839505517
25,493,Drought,['Jacinta'],6.014864732099973,89.0,153.0,64.80891883925999
25,3503,Table Setting,['Colossal'],7.9943643330555805,99.0,150.0,64.79661859983335
25,3813,Aamu Malesialaisessa,['Iiwanajulma'],8.66102365078918,102.0,149.0,64.7966141904735
25,7847,Lock Me In Your Heart,['Mandy Moore'],8.644117777261576,101.0,149.0,64.78647066635695
25,4059,Rollerderby World,['Jean Shy'],10.607714493763208,109.0,146.0,64.76462869625793
25,7598,Sick Jackets,['Rozwell Kid'],8.605174259123013,101.0,149.0,64.7631045554738
25,3591,Got Dues To Pay,['The Kilborn Alley Blues Band'],7.264544860744397,95.0,151.0,64.75872691644665
25,1480,Glory Land,['John Called Mark'],9.199945575265074,105.0,148.0,64.71996734515905
25,8030,Love's Gonna Live Here,['Martina McBride'],8.445082406571856,100.0,149.0,64.66704944394311
25,1928,for the very first time,['Mu-Seum'],7.755786453047597,100.0,150.0,64.65347187182856
25,4184,Unemployable,['Pearl Jam'],7.742163333788838,98.0,150.0,64.6452980002733
25,6141,Dímelo,['Toby Love'],8.34665202797499,102.0,149.0,64.607991216785
25,7750,What You've Done,['Tim Finn'],7.5921362558265795,98.0,150.0,64.55528175349595
25,4454,Shapes,['Askeleton'],6.207003931839359,90.0,152.0,64.52420235910363
25,1960,Tranorna kommer,['Ulf Lundell'],7.534282462020772,96.0,150.0,64.52056947721246
25,897,Neato,['Baxendale'],9.515752885145146,104.0,147.0,64.5094517310871
25,3347,"Who Is He (feat. Kevin Haden) - The Reflex Who's Who Remix, Mixed","['Alaia & Gallo', 'Kevin Haden']",7.507190216140292,97.0,150.0,64.50431412968418
25,2429,Patience,['Dave Moisan'],8.17033395807573,98.0,149.0,64.50220037484544
25,1982,Silver Bells,['John Legend'],8.812564861971948,104.0,148.0,64.48753891718317
25,375,Missing Home - filous remix,"['flora cash', 'filous']",8.804209544410512,99.0,148.0,64.48252572664632
25,3596,Blues Boy From Illinois,['The Kilborn Alley Blues Band'],8.72904955208432,103.0,148.0,64.43742973125059
25,1944,In The Oven,['Solace'],8.693685803842875,101.0,148.0,64.41621148230573
25,7602,Creeped Out,['Rozwell Kid'],9.300983537296329,103.0,147.0,64.3805901223778
25,6294,Major Dudes,"['Jakk Jo', '93bread']",8.630581114034143,103.0,148.0,64.37834866842049
25,4676,Sweet Memory (Beautifully Young),['Vivian Green'],7.879615790378897,97.0,149.0,64.32776947422734
25,8070,City of Love,['Martina McBride'],8.47205225574093,101.0,148.0,64.28323135344456
25,7718,M.A.D. (Mutually Assured Destruction),['Headnoise'],7.7981416869757965,99.0,149.0,64.27888501218548
25,4876,The Boys And Me,['Sawyer Brown'],8.458837348638317,100.0,148.0,64.275302409183
25,3432,You Can Have The Tail,['The Kilborn Alley Blues Band'],7.737712970437964,99.0,149.0,64.24262778226279
25,6954,Navegándote,['Jerry Rivera'],7.670818950429582,98.0,149.0,64.20249137025775
25,6080,June To September,['Jennifer Berezan'],9.633424913159029,104.0,146.0,64.18005494789543
25,4342,Sushi,['Sero'],9.630134643832264,104.0,146.0,64.17808078629936
25,694,Still,['Jennifer Lopez'],6.94450152201698,92.0,150.0,64.16670091321019
25,1829,Black Cat,['Starlight Mints'],6.263192005180481,89.0,151.0,64.15791520310829
25,2095,Life Of Praise,['Casting Crowns'],7.527500563291863,97.0,149.0,64.11650033797513
25,1178,Check Min Mambo,['Mek Pek'],6.8598753872982,95.0,150.0,64.11592523237891
25,2971,Love? (Clean),['Frank Marina'],8.150116725481823,98.0,148.0,64.0900700352891
25,3985,Ever After,['Wale Oyejide'],6.8108198291182305,94.0,150.0,64.08649189747094
25,3367,"Can't Do Without - Peven's New Mix, Mixed",['Peven Everett'],8.789710934695613,102.0,147.0,64.07382656081737
25,697,The One,['Jennifer Lopez'],9.415438664233776,104.0,146.0,64.04926319854027
25,1834,Irene,['Starlight Mints'],6.073221748008808,89.0,151.0,64.04393304880529
25,504,オーバータイムオーバーラン,"['Kami-sama, I have noticed']",9.405423065044555,105.0,146.0,64.04325383902673
25,8038,Keeping My Distance,['Martina McBride'],6.702001599244565,92.0,150.0,64.02120095954675
25,7215,Freak of Nature,['Anastacia'],7.36724119030145,95.0,149.0,64.02034471418087
25,2581,My First Love,['The Blues Mystery'],7.998034918546585,98.0,148.0,63.99882095112795
25,6130,Amor Primero,['Toby Love'],8.624610902266616,100.0,147.0,63.974766541359976
25,3100,ID D'Heidi,['Paris Combo'],6.6160336614283235,89.0,150.0,63.969620196856994
25,7460,God's Will Is What I Want,['Ricky Dillard & New G (New Generation Chorale)'],7.282459044853786,94.0,149.0,63.969475426912275
25,1343,When I'm With You,['Archer Prewitt'],6.603790010028167,92.0,150.0,63.9622740060169
25,7406,Faith,['Céline Dion'],8.535210142602356,101.0,147.0,63.92112608556142
25,129,Going Back to the Mountains,['The Osborne Brothers'],8.521159670786462,100.0,147.0,63.91269580247188
25,7544,Sing,['Christine Havrilla'],8.490211746598456,98.0,147.0,63.894127047959074
25,1539,Did You Ever Look So Nice,['The Samples'],7.144053492425713,97.0,149.0,63.88643209545543
25,7082,Slavia,['Samuele Bersani'],7.103014810145989,92.0,149.0,63.861808886087594
25,3520,Desesperado - Revisitado,['José José'],8.424577558293771,99.0,147.0,63.854746534976265
25,3622,Ubar,['Trial of the Bow'],7.746558795749963,98.0,148.0,63.84793527744998
25,1497,The One - Ragga Dub Mix,"['Curtis Dayne', 'Daforce']",6.338485405550031,88.0,150.0,63.803091243330016
25,687,Nothin' 2 Sumthin',"['Bub Bizzle', 'HB']",9.647411156409735,105.0,145.0,63.78844669384584
25,2960,Love?,['Frank Marina'],8.278105116557462,98.0,147.0,63.76686306993448
25,3597,I Like To Live the Love,['The Kilborn Alley Blues Band'],7.595934882798385,99.0,148.0,63.75756092967903
25,100,Säälittävä syksy,['Scandinavian Music Group'],7.5657741106975696,96.0,148.0,63.739464466418546
25,7057,Ann,['The Novaks'],7.559616799229351,97.0,148.0,63.735770079537616
25,2974,Got 'Em (feat. Maimon) (Clean),['Frank Marina'],8.220063076399121,98.0,147.0,63.73203784583948
25,5123,Your Embrace,['Shakira'],8.868643292939424,99.0,146.0,63.72118597576366
25,3013,Swan Dive,['(Hed) P.E.'],10.865620858879227,111.0,143.0,63.719372515327535
25,1845,I love making love in the morning,['Marie Serneholt'],7.5256682843599645,96.0,148.0,63.71540097061598
25,3440,Gun Control,['Busdriver'],7.512789366369212,92.0,148.0,63.70767361982153
25,7539,Run Leo Run,['The Ohio Weather Band'],7.476706879220453,96.0,148.0,63.68602412753228
25,4881,Eyes Of Love,['Sawyer Brown'],7.4531668067625,93.0,148.0,63.671900084057505
25,6650,"Utatakho Remix (feat. Boity, Dee Koala & Riky Rick)","['Yanga Chief', 'Boity', 'Dee Koala', 'Riky Rick']",8.703232702430592,102.0,146.0,63.62193962145836
25,5058,Sweet Little Something (feat. Jordyn Jones),"['Forever in Your Mind', 'Jordyn Jones']",6.684859138768923,92.0,149.0,63.61091548326135
25,4946,Little Black Dress,['Anny Celsi'],8.009645415414969,97.0,147.0,63.60578724924898
25,834,The American Train,['Moonshine'],9.266023153949927,102.0,145.0,63.55961389236995
25,2576,Let Me Smoke My Cigar in Peace,['The Blues Mystery'],9.260177268215148,103.0,145.0,63.55610636092909
25,7030,Love Yo Self,['Keenon Rush'],7.894173822355505,99.0,147.0,63.53650429341331
25,2648,I Got Coal,['The Deathray Davies'],7.8658948299721665,96.0,147.0,63.5195368979833
25,4122,Interference - Floor Filler Mix by L'ame Immortelle,"['God Module', ""L'âme Immortelle""]",5.844817345236091,89.0,150.0,63.506890407141654
25,828,Fortunate Son,['Moonshine'],8.480971523313162,97.0,146.0,63.488582913987905
25,5879,Pırlanta,['Nil Karaibrahimgil'],5.812502336944201,88.0,150.0,63.48750140216652
25,3493,In Your Wake,['Matt Skiba'],7.807396872963991,98.0,147.0,63.484438123778396
25,1712,No Excuses,['Alice In Chains'],5.086065912998788,83.0,151.0,63.45163954779928
25,7894,Never Just For A Ring,['Toni Braxton'],7.740507454689923,95.0,147.0,63.444304472813954
25,3984,Damn James,['Wale Oyejide'],8.405312860283672,99.0,146.0,63.44318771617021
25,4885,Love To Be Wanted,['Sawyer Brown'],7.62080034575583,93.0,147.0,63.3724802074535
25,7291,Wait Here Forever,['DAVID DISALLE'],7.591999086279914,95.0,147.0,63.35519945176795
25,7441,Things Just Ain't The Same - Dance Mix,"['Deborah Cox', 'Hex Hector']",7.470965296994336,97.0,147.0,63.282579178196606
25,3988,Keep Pushing,['Wale Oyejide'],7.42028451188293,93.0,147.0,63.252170707129764
25,5881,Siz,['Nil Karaibrahimgil'],7.375054311315273,93.0,147.0,63.22503258678917
25,3901,Nighthawks,['Kilowatts & Vanek'],6.690573304817513,93.0,148.0,63.21434398289051
25,4796,Save Yourself,['Rachel Harrington'],8.646849657577693,97.0,145.0,63.18810979454662
25,4480,Ain't Gonna See Tomorrow,['Mystikal'],7.266920571912746,93.0,147.0,63.16015234314765
25,1089,Heavy,['Gucci Mane'],7.252332007483567,94.0,147.0,63.15139920449015
25,7927,Red Admiral's (Gonna Pass Me),['The Minders'],7.251637428749732,93.0,147.0,63.150982457249846
25,4742,Saajana,['Karsh Kale'],5.896940267863505,88.0,149.0,63.138164160718105
25,4329,Halloween Sex n' Vegas,['Seraphim Shock'],8.52162106362063,99.0,145.0,63.11297263817238
25,738,You're Somebody Else,['flora cash'],8.402991947146068,97.0,145.0,63.04179516828764
25,1624,Naive,['Neuropa'],8.395323426573597,100.0,145.0,63.037194055944155
25,1955,Whistle Pig,['Solace'],7.679957470991959,97.0,146.0,63.00797448259518
25,2180,Down to the Well,['Kevin Gordon'],6.295381432733445,90.0,148.0,62.97722885964007
25,7332,Something Like A Hero,['Charlotte Martin'],9.54163817360726,102.0,143.0,62.92498290416436
25,8254,Cambalache,"[""Juan D'Arienzo y su Orquesta Típica""]",8.857491055098116,100.0,144.0,62.91449463305887
25,5577,Best Thing In The World,['20/20'],7.504973514217097,95.0,146.0,62.90298410853026
25,5756,Everybody's Got A Story,['Amanda Marshall'],8.169633740118035,103.0,145.0,62.90178024407082
25,3213,Bulong !!!,['Kitchie Nadal'],6.796854420994498,91.0,147.0,62.878112652596705
25,6305,It Was on a Sunny Day,['Bethan Mane'],7.39671397833176,93.0,146.0,62.83802838699906
25,4194,Backstage Queen,['Scorpions'],6.7040416905389595,90.0,147.0,62.82242501432338
25,943,Where My Ladies At,"['Unk', 'Blazed']",7.353912204109973,95.0,146.0,62.81234732246599
25,4382,Young Hearts,['Cappadonna'],8.678155220270074,98.0,144.0,62.806893132162045
25,2322,Ocean Eyes,['Sero'],10.615390069056524,109.0,141.0,62.76923404143392
25,6323,Bazenzile,['Yanga Chief'],8.601582610295473,98.0,144.0,62.76094956617729
25,7596,Kangaroo Pocket,['Rozwell Kid'],9.266620258882725,101.0,143.0,62.759972155329635
25,7395,Just Like You,['Dylan Rice'],7.896194131178616,99.0,145.0,62.73771647870717
25,6947,Cara de Niño,['Jerry Rivera'],6.531356644217066,90.0,147.0,62.71881398653024
25,2144,"The Day Merman Met Todd ""the Harpoon"" Wilson",['Rumpelstiltskin Grinder'],7.791129543368384,97.0,145.0,62.67467772602103
25,6379,Revolve Around You,['Jay Gatz'],8.373824622196299,97.0,144.0,62.62429477331778
25,6476,Night Comes Down,['Bastard Sons of Johnny Cash'],5.686867747042159,84.0,148.0,62.6121206482253
25,2597,Now You Think You Know,['Smokie'],9.661795070151918,103.0,142.0,62.59707704209116
25,3514,Lo Que No Fue No Será - Revisitado,['José José'],8.286276648266032,98.0,144.0,62.57176598895962
25,3102,Mon Anatomie Cherche un Ami,['Paris Combo'],9.561134378172811,101.0,142.0,62.53668062690369
25,7404,I Drove All Night,['Céline Dion'],6.851174652884455,91.0,146.0,62.51070479173068
25,5388,Pretty Song,['Rebecca Folsom'],5.488548545376365,84.0,148.0,62.49312912722582
25,3726,Jobs,['Dee'],7.4875930201673215,92.0,145.0,62.49255581210039
25,797,It's So Cold,"['Junior Sisk', 'Ramblers Choice']",8.108019734394802,98.0,144.0,62.464811840636884
25,7530,Whiskey Feelin',['American Longspurs'],7.411328466837022,94.0,145.0,62.446797080102215
25,7294,She Likes,['DAVID DISALLE'],7.345130838087426,96.0,145.0,62.40707850285246
25,7413,Reveal,['Céline Dion'],7.343424231442748,93.0,145.0,62.40605453886565
25,8022,Pick Me Up On Your Way Down,['Martina McBride'],7.337368117171517,94.0,145.0,62.40242087030291
25,3455,Hawk Em Down,"['DRE-B', '5amson']",7.3265220887571125,94.0,145.0,62.395913253254264
25,1264,Ride,['The Velmas'],7.322312178711165,96.0,145.0,62.393387307226696
25,4546,Partyline 555-on-line,['Five'],6.613373143517451,87.0,146.0,62.36802388611048
25,5645,Kun På Grund Af Dig,['Søs Fenger'],5.941853644916618,85.0,147.0,62.36511218694997
25,6086,Lying on the Grass,['Negativland'],7.256686437086817,93.0,145.0,62.354011862252094
25,3723,Real (Summertime),['Dee'],6.577333441937777,89.0,146.0,62.34640006516267
25,3980,Riot & Revolt,['Wale Oyejide'],7.905047072764744,95.0,144.0,62.34302824365885
25,7402,Someday Heartbreak,['Dylan Rice'],5.2371580259248045,84.0,148.0,62.34229481555489
25,2553,Ice on My Chain,['Blackfrosty'],7.224824925998212,90.0,145.0,62.33489495559893
25,2968,We Be S.W.E. (feat. Courtney C.),['Frank Marina'],6.516185598688374,90.0,146.0,62.30971135921303
25,7306,Millionär,['Die Prinzen'],8.509432100908112,98.0,143.0,62.30565926054487
25,4393,Lo Que Pidas,['Julieta Venegas'],6.493292780316097,90.0,146.0,62.29597566818966
25,7411,Sorry for Love - 2003 Version,['Céline Dion'],6.474970758674432,86.0,146.0,62.28498245520466
25,5218,Zoot Suit Riot,['The Hit Crew'],7.109888396853394,91.0,145.0,62.26593303811204
25,685,Suckafree,['Bub Bizzle'],8.40359890784425,98.0,143.0,62.24215934470655
25,7831,So Real - Wade Robson remix,"['Mandy Moore', 'Wade Robson']",7.736911663451622,95.0,144.0,62.24214699807097
25,3346,"What Am I Here For? - NDATL Vocal, Danny Krivit Edit, Mixed",['The Dangerfeel Newbies'],6.3269169520994275,89.0,146.0,62.19615017125966
25,514,沈黙,"['Kami-sama, I have noticed']",7.635659940269852,96.0,144.0,62.181395964161915
25,7275,"Little Bit of This, Little Bit of That",['Carolyn Dawn Johnson'],8.274094202469797,96.0,143.0,62.16445652148188
25,6501,Moccasin,['Laika'],6.940179813992041,94.0,145.0,62.16410788839522
25,5428,Beautiful Mess,['Diamond Rio'],6.262302456985543,88.0,146.0,62.15738147419133
25,5778,Sad Little Clown,['Chris Thayer'],7.5854574304039115,94.0,144.0,62.15127445824235
25,3321,Wieviel Träume hab ich geträumt,['Andrea Berg'],8.204430764979652,96.0,143.0,62.12265845898779
25,6137,Como Tú,['Toby Love'],7.534962329172959,97.0,144.0,62.12097739750378
25,1855,Beginner's aim,['LEOTARD BUTA & YAGI HIGHLEG'],7.530438330240617,95.0,144.0,62.118262998144374
25,1242,City Flower,['Jeffrey Foucault'],7.5224005993554135,93.0,144.0,62.11344035961325
25,6957,Bailando,['Jerry Rivera'],6.8336326180259075,93.0,145.0,62.10017957081554
25,703,I've Been Thinkin',['Jennifer Lopez'],7.49171962476822,95.0,144.0,62.095031774860935
25,2060,Three Piece Chicken Dinner,['Neil Hamburger'],7.475647406886408,96.0,144.0,62.085388444131844
25,1965,Sanning är ett udda tal,['Ulf Lundell'],8.139608131782094,97.0,143.0,62.08376487906926
25,6956,Vuela Muy Alto - Salsa Version,['Jerry Rivera'],6.0684004554970645,90.0,146.0,62.04104027329824
25,8042,I Don't Want to See You Again,['Martina McBride'],7.387207078929921,90.0,144.0,62.032324247357955
25,4204,Catch Your Train,['Scorpions'],7.374174469408039,95.0,144.0,62.02450468164483
25,3589,Soldier Blues,['The Kilborn Alley Blues Band'],4.672826887984594,80.0,148.0,62.00369613279076
25,5296,5002,['OOIOO'],7.985437711664849,96.0,143.0,61.99126262699891
25,3317,Aber sonst geht's mir gut,['Andrea Berg'],6.640726359255579,86.0,145.0,61.98443581555335
25,440,The Birmingham Turnaround - Remastered,['Keith Whitley'],7.304965363513696,93.0,144.0,61.98297921810822
25,2277,Lady Marmalade,['Global.Kryner'],9.299299882594488,104.0,141.0,61.9795799295567
25,4401,Two Syllables,['The Ghetto Blasters'],9.230081763294136,101.0,141.0,61.938049057976485
25,2409,Sticky Situation,['Andy Abraham'],6.5305581568712565,91.0,145.0,61.91833489412275
25,8020,You Ain't Woman Enough,['Martina McBride'],7.8570100601084425,95.0,143.0,61.91420603606507
25,5658,Forest of Sorrows,['Johanna and the Dusty Floor'],6.476893465922842,89.0,145.0,61.88613607955371
25,7630,Luna Llena,['Aníbal Troilo Y Su Orquesta Típica'],8.455439528184328,98.0,142.0,61.8732637169106
25,6952,Suave,['Jerry Rivera'],8.448133303191371,98.0,142.0,61.86887998191483
25,5868,Cut the Company Ties,['The Minor Leagues'],8.439732025606551,100.0,142.0,61.86383921536393
25,2255,Let You Know,['Tamara Silvera'],7.103174295281619,92.0,144.0,61.86190457716897
25,6301,Get My Shine On,['Jakk Jo'],8.425133742974563,98.0,142.0,61.85508024578474
25,3489,The Blaming Game,['The Honor System'],7.754428323296761,96.0,143.0,61.85265699397806
25,4631,Golden Angel,['Ritual'],8.420305496400527,98.0,142.0,61.85218329784032
25,5610,Is This Thing On?,['P!nk'],8.40168798857983,96.0,142.0,61.841012793147904
25,7851,Not Too Young,['Mandy Moore'],8.366536464520797,98.0,142.0,61.819921878712485
25,1833,Buena Vista,['Starlight Mints'],6.310720130591547,87.0,145.0,61.78643207835493
25,7287,What If,['DAVID DISALLE'],6.907931500648037,91.0,144.0,61.744758900388824
25,5032,Jonella And Jack,['Johnny Otis'],8.23715593004357,95.0,142.0,61.74229355802615
25,5761,Red Magic Marker,['Amanda Marshall'],7.568509323375678,92.0,143.0,61.74110559402541
25,6138,Shame Girl,['Toby Love'],7.567809203451679,94.0,143.0,61.74068552207101
25,1104,Sauvez-moi (Version lente),['Jeanne Mas'],8.22422652863315,96.0,142.0,61.7345359171799
25,7436,Sentimental,['Deborah Cox'],4.882889411485243,79.0,147.0,61.72973364689115
25,2191,Shoes (Walk All Over God's Heaven),['Kevin Gordon'],7.533949538227046,94.0,143.0,61.720369722936226
25,4449,Birdman,['Askeleton'],6.8140720982733685,89.0,144.0,61.68844325896402
25,2187,Water or Gasoline,['Kevin Gordon'],7.47735356780382,94.0,143.0,61.68641214068229
25,1781,Siki Mode,['Farid Bang'],7.44681389258038,92.0,143.0,61.668088335548234
25,1658,Porn,['Leah Andreone'],4.7772332817326735,76.0,147.0,61.66633996903961
25,1023,NEED,['GR3Y'],8.055736255113679,95.0,142.0,61.63344175306821
25,4985,New Chevrolet In Flames,['The Mountain Goats'],8.709707047850904,100.0,141.0,61.62582422871055
25,7296,Not Me,['DAVID DISALLE'],6.686813740984024,91.0,144.0,61.61208824459042
25,4359,Commun Changerment,['Tadd Mullinix'],6.685550878406233,91.0,144.0,61.61133052704374
25,2245,Kitchen,['Sam Baker'],6.666076102048354,89.0,144.0,61.59964566122901
25,2584,The Blues Mystery V2,['The Blues Mystery'],7.330721379636321,92.0,143.0,61.59843282778179
25,2992,Stand Up Tall - Youngsta Remix,"['Dizzee Rascal', 'Youngsta']",8.632966936108488,97.0,141.0,61.5797801616651
25,3581,Mo' Pop,['Dot Allison'],5.953456169245669,90.0,145.0,61.5720737015474
25,26,Down So Long,['Dan Potthast'],8.60035743740904,98.0,141.0,61.56021446244543
25,441,Homecoming '63,['Keith Whitley'],6.5952706453745575,89.0,144.0,61.557162387224736
25,4559,Too Much Of A Good Thing,['The Sons'],6.569686850260268,86.0,144.0,61.541812110156165
25,5612,Good Old Days,['P!nk'],6.542925109086186,91.0,144.0,61.52575506545171
25,6507,Go Fish,['Laika'],5.780219665164751,83.0,145.0,61.46813179909885
25,4757,Loving Man,['The Chains'],6.42696435760406,87.0,144.0,61.45617861456244
25,484,Certain Kind of Light,['Gus Black'],7.084424567119371,91.0,143.0,61.450654740271624
25,2605,Karma Hunters,['The Pinker Tones'],6.4119107968036735,90.0,144.0,61.4471464780822
25,5760,Double Agent,['Amanda Marshall'],8.399118187450693,98.0,141.0,61.43947091247042
25,300,Clutch,['Nelson Rangell'],6.358164860818014,88.0,144.0,61.41489891649081
25,5609,My Signature Move,['P!nk'],5.009339932159271,80.0,146.0,61.40560395929557
25,1494,Boss Up,"['Daforce', 'Brixx Nazdaq']",6.3274509520519855,87.0,144.0,61.39647057123119
25,5649,Den Tid Det Tar',['Søs Fenger'],4.931465929335748,81.0,146.0,61.358879557601455
25,7268,Just Another Girl,['Carolyn Dawn Johnson'],4.853816795761297,81.0,146.0,61.31229007745679
25,3817,Creative Rose - Passenger S Perennial Edit,['Metroland'],4.83237501030396,79.0,146.0,61.29942500618238
25,3887,Capitol,['Cities'],5.490879344852405,84.0,145.0,61.294527606911444
25,7838,I Wanna Be With You - Soul Solution Remix - Radio Edit,['Mandy Moore'],7.453986604060537,90.0,142.0,61.27239196243632
25,1451,Arenita Azul,['Locarno'],7.427436214119828,92.0,142.0,61.2564617284719
25,2188,Great Southern,['Kevin Gordon'],6.760519999954049,88.0,143.0,61.25631199997243
25,4481,The Braids,['Mystikal'],6.751701427650905,92.0,143.0,61.25102085659054
25,5607,Where Did the Beat Go?,['P!nk'],7.415351311752861,94.0,142.0,61.24921078705172
25,7889,Fairy Tale,['Toni Braxton'],7.385218881232589,91.0,142.0,61.23113132873956
25,2181,Burning the Church House Down,['Kevin Gordon'],5.373816808217982,82.0,145.0,61.224290084930786
25,2972,Funny But True (Clean),['Frank Marina'],7.347054279123948,93.0,142.0,61.208232567474376
25,2094,Glory,['Casting Crowns'],6.6590609808734955,91.0,143.0,61.1954365885241
25,1832,Pages,['Starlight Mints'],8.651939695170677,98.0,140.0,61.19116381710241
25,1080,Met Gala (feat. Offset),"['Gucci Mane', 'Offset']",8.635742938086047,98.0,140.0,61.18144576285163
25,7394,March of the Misunderstood,['Dylan Rice'],7.30198419597401,94.0,142.0,61.18119051758441
25,4055,The Girl With The Biggest Hair,['Red Meat'],7.275110616029621,92.0,142.0,61.165066369617776
25,6649,Utatakho,['Yanga Chief'],6.607423843616149,91.0,143.0,61.164454306169695
25,2445,Dressed in Blue,['Andy Warren'],7.244748430108701,89.0,142.0,61.14684905806523
25,7054,Dullsville,['The Novaks'],6.564381753196036,89.0,143.0,61.138629051917626
25,713,Peddi Max (Parkgolf Remix),"['Henrik the Artist', 'PARKGOLF']",7.223556063031272,91.0,142.0,61.13413363781876
25,4029,I Packed Up All My Bags,['Scorpion Jack'],8.54527427477654,97.0,140.0,61.12716456486592
25,1661,Dive In,['Leah Andreone'],6.527711821385228,90.0,143.0,61.11662709283114
25,1636,Never Too Late,['Neuropa'],6.497264816636086,89.0,143.0,61.098358889981654
25,6259,TO BUILD A MOUNTAIN,['Crowbar'],5.812254379909577,88.0,144.0,61.08735262794575
25,3506,Volcán - Revisitado,['José José'],6.426303616366962,86.0,143.0,61.055782169820176
25,700,Jenny from the Block (feat. Jadakiss & Styles P.) - Track Masters Remix,"['Jennifer Lopez', 'Jadakiss', 'Styles P']",6.401549603266461,87.0,143.0,61.04092976195988
25,2881,Do It Again - RMX,"['Chingo Bling', 'BeatKing']",7.052106698557553,90.0,142.0,61.03126401913454
25,5886,Bambaşka,['Nil Karaibrahimgil'],6.381686073531526,87.0,143.0,61.02901164411892
25,613,Coin Operated Goi,['Aurelio Voltaire'],6.332254696210087,87.0,143.0,60.999352817726056
25,5022,The Chesapeake,['Dylan Galvin'],6.3197791253600055,84.0,143.0,60.991867475216004
25,7303,Personality,['United States Three'],6.958981415222123,90.0,142.0,60.97538884913328
25,1638,When Daylight Falls,['Neuropa'],7.616211898605071,93.0,141.0,60.96972713916305
25,7219,One Day In Your Life - U.S. Album Version,['Anastacia'],7.60046908074555,93.0,141.0,60.96028144844733
25,1630,Tears Flow On,['Neuropa'],8.265418470280714,94.0,140.0,60.95925108216843
25,5027,Palmcorder Yajna,['The Mountain Goats'],6.264517398127401,85.0,143.0,60.958710438876444
25,3136,Stay Strong,['Rainforce'],5.560979446953111,82.0,144.0,60.93658766817187
25,3851,Khuda Bowad Yaret (Divine Companion),['Niyaz'],6.19936293980632,85.0,143.0,60.91961776388379
25,4880,Listenin' For You,['Sawyer Brown'],6.1896587439643955,84.0,143.0,60.91379524637864
25,7053,Goodbye Rock and Roll Band,['The Novaks'],5.521529179566226,83.0,144.0,60.912917507739735
25,3537,Bite Bite Barracuda,['The Knickerbockers'],6.17704576019918,86.0,143.0,60.90622745611951
25,1622,Mortality,['Neuropa'],6.159869779658718,85.0,143.0,60.89592186779523
25,1092,Desir d'insolence,['Jeanne Mas'],7.3790827386575835,89.0,141.0,60.827449643194555
25,832,Turn Me Around,['Moonshine'],5.372318004150742,80.0,144.0,60.823390802490444
25,2427,Goodbye,['Dave Moisan'],6.003493424656281,82.0,143.0,60.80209605479377
25,8154,Como Una De Tantas,"[""Juan D'Arienzo y su Orquesta Típica""]",5.993290174041523,85.0,143.0,60.795974104424914
25,4096,Breathin’ Down Your Back,['Myka 9'],5.32453277218387,81.0,144.0,60.794719663310325
25,6165,Hell Raiser (The Sweet),['Fizzy Bangers'],5.2948542876742515,79.0,144.0,60.77691257260455
25,341,Copenhagen Express - Crimson Bullet,['Jondi & Spesh'],5.954208176524614,87.0,143.0,60.77252490591477
25,1076,Big Booty (feat. Megan Thee Stallion),"['Gucci Mane', 'Megan Thee Stallion']",7.9493125758842265,96.0,140.0,60.769587545530534
25,7043,Gypsy Rain - Live,['Granger Smith'],6.584973825871927,91.0,142.0,60.75098429552316
25,1255,Romanticide,['Tal Bachman'],7.242761424771852,93.0,141.0,60.745656854863114
25,689,Ima Ball Out,"['Bub Bizzle', 'Rook RudeRed']",7.225731041956455,91.0,141.0,60.73543862517388
25,4446,Bad Old Days,['Kathleen Wilhoite'],7.225243719211339,90.0,141.0,60.73514623152681
25,2961,Funny But True,['Frank Marina'],7.213162233470033,92.0,141.0,60.72789734008202
25,3587,The Blues Take Me In,['The Kilborn Alley Blues Band'],7.2055434765004955,95.0,141.0,60.723326085900304
25,3480,"Cleansing, Cut, Scrape",['Short Round'],6.5340160847520234,87.0,142.0,60.72040965085122
25,6950,Amores Como el Nuestro,['Jerry Rivera'],6.529772658512586,87.0,142.0,60.71786359510756
25,1985,No Place Like Home,['John Legend'],7.158645201865761,90.0,141.0,60.69518712111946
25,7825,The Real Thing - Touch Mix,['Lisa Stansfield'],6.488911867624957,88.0,142.0,60.69334712057498
25,2149,Sunshine,['New World Generation'],6.4712246677446394,87.0,142.0,60.682734800646784
25,4242,Could You (Unplugged Version),"['Maarja', 'Steve Brooklyn']",6.4677117292873305,88.0,142.0,60.6806270375724
25,2065,At Least I Was Paid,['Neil Hamburger'],7.113305084164336,93.0,141.0,60.667983050498606
25,5216,"Jump, Jive And Wail",['The Hit Crew'],6.42561581401652,90.0,142.0,60.65536948840992
25,7936,357,['The Minders'],6.418409425141483,88.0,142.0,60.65104565508489
25,1235,Ghost Repeater,['Jeffrey Foucault'],6.3919466849131545,83.0,142.0,60.63516801094789
25,2327,Angel's Share,['Sero'],7.052781229642373,86.0,141.0,60.63166873778543
25,5438,Meet In the Middle,['Diamond Rio'],6.378401122420691,85.0,142.0,60.62704067345242
25,4760,Disappearing Man,['The Chains'],4.301868162048571,77.0,145.0,60.58112089722914
25,6177,"Break U Down (feat. A2thaK, Young Dru & Lay Low)","['A2ThaK', 'Young Dru', 'Lay-Low']",6.247216938552921,86.0,142.0,60.54833016313176
25,1805,Stone,['Tarwater'],4.89269240935815,78.0,144.0,60.535615445614894
25,4552,New Age Girl,['Deadeye Dick'],4.2077063018433725,77.0,145.0,60.52462378110602
25,6164,Gudbuy T' jane (Slade),['Uk Plc.'],5.533683656956098,79.0,143.0,60.520210194173664
25,2691,Be On Time,['Saigon'],7.514275178544667,94.0,140.0,60.5085651071268
25,2031,Psuedo Personality,['The Devotchkas'],4.813630811719667,79.0,144.0,60.4881784870318
25,4730,Hurt People Hurt People,['The Script'],6.8121930117921945,90.0,141.0,60.48731580707532
25,8221,A Puño Limpio,"[""Juan D'Arienzo y su Orquesta Típica""]",7.450004801487007,90.0,140.0,60.4700028808922
25,1363,Protect Yourself (feat. Angie Hart),"['60 Channels', 'Angie Hart']",7.449121089700877,91.0,140.0,60.469472653820524
25,2719,God Thinks,['Aurelio Voltaire'],4.7377892620976905,79.0,144.0,60.442673557258615
25,8122,San Antonio,['American Longspurs'],7.379542254179896,88.0,140.0,60.427725352507935
25,4243,Could You (Extended Version),"['Maarja', 'Steve Brooklyn']",6.701021767121345,89.0,141.0,60.420613060272814
25,6424,Big City Good Time Gal,['Wayne Hancock'],5.974849663725623,83.0,142.0,60.38490979823538
25,1448,Candela,['Locarno'],4.561219654187892,74.0,144.0,60.33673179251274
25,625,Vida Sin Miel,"['Kip Hanrahan', 'Dafnis Prieto']",4.532971869109392,76.0,144.0,60.31978312146563
25,1114,How Do You Sleep?,['Anna Waronker'],6.524602201354063,86.0,141.0,60.314761320812444
25,5986,Buried The Pope,"['Drywall', 'Stan Ridgway']",5.1682295968227105,83.0,143.0,60.30093775809363
25,6066,Song for Igor,['Mike Watt'],5.8316300653356485,84.0,142.0,60.298978039201394
25,1463,Along Comes Mary,['The Guess Who'],7.1468955804792795,93.0,140.0,60.28813734828757
25,209,Lunatic,['Polkadot Cadaver'],5.794585108345548,86.0,142.0,60.27675106500733
25,6161,Suffragette City (David Bowie),['OtherStarPeople'],5.770396793810441,85.0,142.0,60.262238076286266
25,513,ストレイシープ,"['Kami-sama, I have noticed']",7.099974368332421,90.0,140.0,60.259984620999454
25,6893,Sofia,['Live'],5.7571373250196825,85.0,142.0,60.25428239501181
25,7458,Let The Redeemed Say So,['Ricky Dillard & New G (New Generation Chorale)'],5.083505341885087,83.0,143.0,60.250103205131055
25,2993,Stand Up Tall - Youngsta Remix Instrumental,"['Dizzee Rascal', 'Daryl Nurse', 'Youngsta']",6.409949900071443,86.0,141.0,60.24596994004287
25,2373,It's Our Love,['Sweet Cheater'],6.382673902895363,86.0,141.0,60.22960434173722
25,8240,Lilián,"[""Juan D'Arienzo y su Orquesta Típica""]",5.706994544576754,82.0,142.0,60.22419672674606
25,1209,Intro,"['B.G.', 'Rell']",6.35539206635151,83.0,141.0,60.21323523981091
25,7872,Whole New You,['Shawn Colvin'],4.999292690724204,81.0,143.0,60.19957561443452
25,2291,No Fun King,['Tstewart'],5.654982695870241,86.0,142.0,60.19298961752215
25,961,Standing on the Verge of Getting It On,['Funkadelic'],6.31246467425434,84.0,141.0,60.18747880455261
25,2987,One for the Road,['Freeways'],6.3102920890261105,85.0,141.0,60.18617525341567
25,6194,Who I Am,"['Tru-Serva', 'Dijohn']",6.282672697190604,85.0,141.0,60.16960361831437
25,1052,Call Me Christian,['Smalltown Poets'],4.937102221442895,79.0,143.0,60.16226133286574
25,8077,Learning to Fall,['Martina McBride'],6.268383574382548,86.0,141.0,60.161030144629535
25,7049,If You Can Do It,['The Novaks'],7.5918675683348855,92.0,139.0,60.15512054100093
25,5936,In B For Backward,['The Citizens'],6.249918571383963,85.0,141.0,60.14995114283038
25,4123,Interference - Constructor Method Mix by Stromkern,"['God Module', 'Stromkern']",5.550542162543096,83.0,142.0,60.130325297525864
25,6803,Don't Know What They Took Him For (feat. Jadakiss & Philthy Rich),"['Jim Jones', 'Jadakiss', 'Philthy Rich']",6.876670422085857,92.0,140.0,60.126002253251514
25,5037,I Never Felt This Way Before,['Johnny Otis'],8.196734693290114,94.0,138.0,60.11804081597407
25,2578,Ain't Nobody Home,['The Blues Mystery'],4.8545846712993255,77.0,143.0,60.1127508027796
25,5560,Bad Michael Jackson,"['J Flow', 'Trippy Troy', 'Fuegogamo']",6.155103514504563,83.0,141.0,60.093062108702746
25,2512,Hamburg Blues,['Marie Key Band'],4.780038209005488,80.0,143.0,60.0680229254033
25,5239,Back To Back Heartaches,['Joe Diffie'],6.77180552455631,86.0,140.0,60.06308331473379
25,5021,Recipe,['Dylan Galvin'],5.429233202026473,76.0,142.0,60.05753992121589
25,4496,We Got The Clout (feat. Mia X),"['Mystikal', 'Mia X']",4.761039969852824,76.0,143.0,60.0566239819117
25,3730,If Only,['Dee'],5.405485507784383,81.0,142.0,60.04329130467063
25,303,Rainbow Seeker,['Nelson Rangell'],7.3509689726998575,91.0,139.0,60.010581383619915
25,7756,Incognito In California,['Tim Finn'],7.350181885265312,93.0,139.0,60.01010913115919
25,6942,Hot Thing,['Big Star'],4.669692980797126,76.0,143.0,60.001815788478275
25,5274,Oh Come All Ye Faithful,['Ty Herndon'],5.957816198090119,82.0,141.0,59.97468971885408
25,4343,100,['Sero'],7.270078592168092,89.0,139.0,59.96204715530086
25,8247,Leguisamo Solo,"[""Juan D'Arienzo y su Orquesta Típica""]",6.599545131552086,86.0,140.0,59.95972707893125
25,2692,G Optified (tommytees Theme Sampler),['Saigon'],6.594231180063977,89.0,140.0,59.95653870803839
25,8135,Evil Elves,['Ozny'],5.258520840520708,78.0,142.0,59.95511250431243
25,1903,Hela dagen lång,['Ulf Lundell'],6.538549618908425,82.0,140.0,59.92312977134505
25,2607,L'Heros,['The Pinker Tones'],6.514987870261438,88.0,140.0,59.90899272215686
25,2199,Which Way Your Heart Will Go,['Mason Jennings'],7.12932092114955,89.0,139.0,59.877592552689734
25,6276,Milagro (Miracle),['Gloria Estefan'],7.106995474183641,91.0,139.0,59.86419728451018
25,4341,Future,['Sero'],6.411310494956284,87.0,140.0,59.84678629697377
25,8029,Thanks A Lot,['Martina McBride'],6.405130798577892,85.0,140.0,59.84307847914673
25,7399,I Do & I Don't,['Dylan Rice'],7.0707322440218405,90.0,139.0,59.84243934641311
25,5234,Next Thing Smokin',['Joe Diffie'],7.029985130672627,90.0,139.0,59.81799107840358
25,4144,Bounce,['Melvin Sparks'],6.342447368692985,86.0,140.0,59.80546842121579
25,7036,Superstitious 17 - Live,['Granger Smith'],6.991505759179929,88.0,139.0,59.794903455507956
25,1669,Great and Mighty,"[""Caedmon's Call""]",6.95522222152647,89.0,139.0,59.77313333291588
25,4417,Ms. Vandersanden,['Splithabit'],4.952428910873303,79.0,142.0,59.77145734652399
25,5015,Walkin' Away,['Diamond Rio'],7.558190909462154,92.0,138.0,59.7349145456773
25,861,Rise Up,['Karsh Kale'],4.891438828052608,76.0,142.0,59.73486329683157
25,5768,Starting Over,['Chris Thayer'],4.890416212565427,80.0,142.0,59.73424972753926
25,6384,Blues Stay Away From Me,"['Larry Sparks', 'Vince Gill']",6.213743828730986,86.0,140.0,59.72824629723859
25,717,Peddi Max (Lil Mystic Remix),"['Henrik the Artist', 'Lil Mystic']",6.17010638500936,84.0,140.0,59.70206383100562
25,4135,Amazing,['Mellowdrone'],4.815439323836246,75.0,142.0,59.68926359430175
25,7274,Masterpiece,['Carolyn Dawn Johnson'],5.481375278312607,80.0,141.0,59.68882516698757
25,882,Ain't Gonna Rest (Till I Get You) - Buddha Remastered 2001,['The Five Stairsteps'],6.124308241540201,85.0,140.0,59.67458494492412
25,7037,Saturday Night Meets Sunday Morning - Live,['Granger Smith'],4.789730102666709,76.0,142.0,59.67383806160003
25,6275,La Parranda (The Big Party),['Gloria Estefan'],6.109210301483704,84.0,140.0,59.665526180890225
25,1120,Kairos,['This Day Forward'],5.435637585672025,83.0,141.0,59.66138255140322
25,804,You'll Be a Lost Ball,"['Junior Sisk', 'Ramblers Choice']",8.748380834085017,98.0,136.0,59.64902850045102
25,6448,Goosebumps,['HVME'],4.740290144066379,76.0,142.0,59.64417408643983
25,4863,Twisted Again,['Dag Nasty'],4.735694998753896,76.0,142.0,59.64141699925234
25,3475,Die Worthy,['DreiBoogy'],6.066431496711017,84.0,140.0,59.63985889802661
25,1856,Shiawase Jank Seikatsu,['LEOTARD BUTA & YAGI HIGHLEG'],4.722414051627872,77.0,142.0,59.63344843097673
25,5605,Walk of Shame,['P!nk'],4.704955306818851,74.0,142.0,59.622973184091315
25,1659,Tighten It Up,['Leah Andreone'],4.671063785940102,75.0,142.0,59.60263827156407
25,6273,Farolito (Little Star),['Gloria Estefan'],7.304046422549927,90.0,138.0,59.58242785352996
25,7947,Harper Valley PTA,['Kate Campbell'],7.296525513422669,90.0,138.0,59.577915308053605
25,1455,No Time,['The Guess Who'],5.295550164544514,77.0,141.0,59.57733009872671
25,1665,Fake,['Leah Andreone'],5.24007322711332,80.0,141.0,59.544043936268
25,5647,Koldt Udenfor,['Søs Fenger'],5.889578730246264,89.0,140.0,59.53374723814776
25,5231,You & Me & The Bottle Makes 3 Tonight (Baby),['The Hit Crew'],4.541254404115801,75.0,142.0,59.52475264246949
25,7601,Smear Me,['Rozwell Kid'],4.520233901846363,73.0,142.0,59.51214034110782
25,3846,Tam e Eshq (The Taste of Love),['Niyaz'],7.133492621017633,87.0,138.0,59.48009557261058
25,2443,Train Stations,['Andy Warren'],6.437559234364865,85.0,139.0,59.46253554061892
25,7222,Why'd You Lie to Me,['Anastacia'],5.7471778187461275,84.0,140.0,59.44830669124768
25,7066,Hit Woman,['The Kinsey Report'],7.077527499316965,90.0,138.0,59.44651649959018
25,3576,Close Your Eyes - Steve Lironi Mix,"['Dot Allison', 'Steve Lironi']",6.393618169617339,85.0,139.0,59.4361709017704
25,6128,Happy Valentine's,['Toby Love'],5.046191520160943,81.0,141.0,59.42771491209657
25,3853,Marg e Man (My Elegy),['Niyaz'],6.3418764668712715,84.0,139.0,59.40512588012277
25,4448,Queenie,['Askeleton'],6.322334012834984,84.0,139.0,59.393400407700994
25,1460,Ramblin Gamblin Man,['The Guess Who'],6.98018065298954,88.0,138.0,59.38810839179373
25,5700,Instransit,['The Lawrence Arms'],4.287347291785673,77.0,142.0,59.37240837507141
25,5265,Pickup Man,['Joe Diffie'],4.952364211412019,75.0,141.0,59.371418526847215
25,2610,In Pea We Nuts,['The Pinker Tones'],6.94344121951976,89.0,138.0,59.36606473171186
25,7393,The Lie,['Dylan Rice'],4.942521471868108,79.0,141.0,59.36551288312087
25,7397,Drama Queen,['Dylan Rice'],5.583330329808918,84.0,140.0,59.34999819788535
25,5613,Nasty Dream,['Marshmallow Coast'],5.542755829313278,81.0,140.0,59.325653497587965
25,7048,No One Quite Like You,['The Novaks'],4.872687844115471,80.0,141.0,59.32361270646929
25,2093,Praise You With The Dance,['Casting Crowns'],6.199961293410332,86.0,139.0,59.319976776046204
25,5711,Nebraska,['The Lawrence Arms'],5.508600554535338,83.0,140.0,59.3051603327212
25,7877,Bound To You,['Shawn Colvin'],7.45427844319378,89.0,137.0,59.27256706591627
25,3486,Noise Around,['The Chinkees'],5.444324423250412,82.0,140.0,59.26659465395025
25,7886,Just Be A Man About It,['Toni Braxton'],5.432804373811761,79.0,140.0,59.25968262428706
25,7292,Misery,['DAVID DISALLE'],4.072501967684837,75.0,142.0,59.243501180610906
25,4745,Deepest Blue,['Karsh Kale'],5.404284635427123,81.0,140.0,59.242570781256276
25,1226,Whateva U Like,['B.G.'],4.714028438955663,78.0,141.0,59.228417063373406
25,2456,Kese Kese,['Various Artists'],6.0150825312208935,84.0,139.0,59.209049518732535
25,6261,AWAKENING,['Crowbar'],5.342127359963787,80.0,140.0,59.205276415978275
25,410,Crystal Frontier Vocal Remix (Calexico),['Buscemi'],4.673541896887543,76.0,141.0,59.20412513813253
25,1362,Counter Evolution (feat. Karent Grant & DJ Collage),"['60 Channels', 'Karen Grant', 'DJ Collage']",6.6709138943398925,86.0,138.0,59.20254833660394
25,1526,Lost My Way,['Penance'],4.6572378406887776,78.0,141.0,59.19434270441327
25,826,Warm Beer Catfish Stew,['Moonshine'],5.316128596833725,78.0,140.0,59.18967715810024
25,6500,Black Cat Bone,['Laika'],6.630856240910023,88.0,138.0,59.17851374454602
25,2451,Black Cat Bone,['Laika'],6.630008176127085,88.0,138.0,59.178004905676254
25,4384,Pump Your Fist,['Cappadonna'],4.629881784191475,76.0,141.0,59.17792907051489
25,644,Letter Read,['Rachael Yamagata'],5.285963098973336,79.0,140.0,59.171577859384
25,1641,Live High,['Neuropa'],5.9357914150229405,85.0,139.0,59.161474849013764
25,2964,Hudson Jump (feat. A Butta),['Frank Marina'],4.600453591918207,74.0,141.0,59.16027215515093
25,1456,Touch Me,['The Guess Who'],4.594392541177741,74.0,141.0,59.15663552470665
25,6413,Strawberry Mousse,['Anjali'],4.5660362032447335,75.0,141.0,59.139621721946845
25,6074,I know you are,"['Mannella', 'Blawan']",5.882489144540835,81.0,139.0,59.1294934867245
25,2316,Lana Del Ray,['Sero'],5.8500090128051205,87.0,139.0,59.110005407683076
25,1096,Chanson d'automne,['Jeanne Mas'],7.175173868911193,86.0,137.0,59.10510432134672
25,6929,Eye Spy,"['Hector Zazou', 'Lucrezia von Berger']",5.8295125541112744,84.0,139.0,59.097707532466764
25,8171,Te Aconsejo Que Me Olvides,['Aníbal Troilo Y Su Orquesta Típica'],6.477709739780872,85.0,138.0,59.086625843868525
25,4562,You Sexy Thing,['Deee-Lite'],5.796206248169409,83.0,139.0,59.07772374890165
25,2663,Xmas,['Darlington'],7.116052664206064,89.0,137.0,59.06963159852364
25,6892,Wings,['Live'],5.099320648235433,79.0,140.0,59.05959238894126
25,795,What a Way To Go,"['Junior Sisk', 'Ramblers Choice']",6.384069246540629,87.0,138.0,59.03044154792438
25,5230,Hell,['The Hit Crew'],6.360488758963568,86.0,138.0,59.016293255378145
25,1024,Goodbye Earl - Live - 2003,['The Chicks'],5.025458703173794,82.0,140.0,59.015275221904275
25,4473,Danger (Been So Long) featuring Nivea,['Mystikal'],6.334237480377359,84.0,138.0,59.000542488226415
25,6167,Blockbuster (The Sweet),['Sugarfree'],5.6621584669793075,82.0,139.0,58.997295080187584
25,5648,Alle Leder Efter Kærlighed,['Søs Fenger'],5.650497309296137,80.0,139.0,58.99029838557768
25,6988,Monkey Mask,['The Meligrove Band'],5.64994066553942,83.0,139.0,58.989964399323654
25,4397,Alguien,['Julieta Venegas'],6.293531843119644,84.0,138.0,58.97611910587179
25,1640,Heaven's Descent,['Neuropa'],6.276342972284169,84.0,138.0,58.965805783370506
25,5139,Couldn't Wait,['Aaron Booth'],5.595893600678716,86.0,139.0,58.95753616040723
25,2718,Almost Human,['Aurelio Voltaire'],8.240322910683492,96.0,135.0,58.94419374641009
25,4423,Now Or Never,['The Arcade Version'],5.570814524016776,82.0,139.0,58.94248871441007
25,1028,"Tortured, Tangled Hearts - Live - 2003",['The Chicks'],5.557004615975735,83.0,139.0,58.93420276958544
25,1678,Fellowship So Deep,"[""Caedmon's Call""]",5.547463951448638,77.0,139.0,58.928478370869186
25,6136,Get Up,"['Toby Love', 'Sopranito']",5.518350051281939,78.0,139.0,58.91101003076916
25,4765,Nervous Breakdown,['The Chains'],6.165992077833064,84.0,138.0,58.89959524669984
25,3101,Specimen,['Paris Combo'],5.489826203798545,77.0,139.0,58.893895722279126
25,3014,Day By Day,['Taproot'],4.822165559214114,77.0,140.0,58.89329933552847
25,1037,If I Fall You're Going Down with Me - Live - 2003,['The Chicks'],4.82189898891267,79.0,140.0,58.8931393933476
25,2620,A Better Way,['The JT Blues Band'],6.137144077161096,83.0,138.0,58.88228644629666
25,7450,Mr. Lonely,['Deborah Cox'],4.790700440180676,75.0,140.0,58.87442026410841
25,898,The Nineteen Sixties,['Baxendale'],5.451326335547192,81.0,139.0,58.87079580132831
25,1707,Man in the Box,['Alice In Chains'],5.424756863934554,80.0,139.0,58.854854118360734
25,1184,Ikke Speciel,['Mek Pek'],5.402670233346709,81.0,139.0,58.84160214000803
25,4201,Top Of The Bill,['Scorpions'],5.3955649165196595,80.0,139.0,58.837338949911796
25,4764,"Try, Try, Try",['The Chains'],4.728544597640365,76.0,140.0,58.83712675858422
25,2384,Caught My Mind,['Pushmonkey'],3.3896918148161177,69.0,142.0,58.83381508888967
25,8149,Matrimonio,"[""Juan D'Arienzo y su Orquesta Típica""]",6.053527915534039,83.0,138.0,58.83211674932043
25,2616,"Gone, Go On",['The Pinker Tones'],6.049087218489017,84.0,138.0,58.829452331093414
25,1662,Inconceivable,['Leah Andreone'],5.382302664056341,81.0,139.0,58.829381598433805
25,5771,Pixie,['Chris Thayer'],6.046691376229803,83.0,138.0,58.82801482573788
25,752,The Train,['The Five Americans'],6.04211500305642,85.0,138.0,58.82526900183385
25,4839,8-6-6-0,['Peter Sommer'],5.358691830640736,81.0,139.0,58.81521509838444
25,1639,Rules to Break,['Neuropa'],7.337353694449125,89.0,136.0,58.80241221666948
25,2379,Lefty,['Pushmonkey'],4.669850546810894,77.0,140.0,58.801910328086535
25,2192,Be Here Now,['Mason Jennings'],4.656566242450369,75.0,140.0,58.79393974547022
25,1489,N.B.T.T,"['Curtis Dayne', 'Daforce']",5.316264427174958,79.0,139.0,58.789758656304976
25,2702,I'm Sorry,['Aurelio Voltaire'],5.315459393450224,79.0,139.0,58.78927563607014
25,936,Show Out,['Unk'],5.306053476647688,80.0,139.0,58.783632085988614
25,7270,Love Is Always Worth The Ache,['Carolyn Dawn Johnson'],3.9213106981829347,73.0,141.0,58.752786418909764
25,4859,Your Words,['Dag Nasty'],4.578748999249355,75.0,140.0,58.74724939954962
25,3315,Halt mich fest,['Andrea Berg'],3.9010518678237545,69.0,141.0,58.74063112069426
25,5261,Third Rock From The Sun,['Joe Diffie'],4.567167394615404,75.0,140.0,58.74030043676924
25,2410,Can't Take My Eyes Of You,['Andy Abraham'],5.232793601593275,77.0,139.0,58.739676160955966
25,4624,Sadly Unspoken,['Ritual'],4.530016268627682,74.0,140.0,58.71800976117661
25,2444,Highest Common Denominator,['Andy Warren'],7.18761459566526,91.0,136.0,58.71256875739916
25,8157,Suavemente,"[""Juan D'Arienzo y su Orquesta Típica""]",5.840854742372191,83.0,138.0,58.70451284542332
25,4542,When I Remember When,['Five'],3.8078864996905764,68.0,141.0,58.68473189981435
25,5599,Just Give Me a Reason (feat. Nate Ruess),"['P!nk', 'Nate Ruess']",5.805242493655275,83.0,138.0,58.68314549619317
25,7591,Traumwelt - 2012,['Rias 64'],6.469527956998427,87.0,137.0,58.68171677419906
25,2552,Bitch It's Christmas,['Blackfrosty'],6.448324788905685,83.0,137.0,58.668994873343415
25,2457,Temoine,['Ekova'],5.775666701109676,83.0,138.0,58.66540002066581
25,2772,Death and Taxes,['C.E. Ugly Brotha'],5.770044927521015,84.0,138.0,58.66202695651261
25,7801,Do Ya (Feel The Love),['Love Inc.'],7.709962634242311,95.0,135.0,58.62597758054539
25,4132,Madison,['Mellowdrone'],6.34890268569253,82.0,137.0,58.60934161141552
25,3513,Me Basta - Revisitado,['José José'],6.96377867440736,90.0,136.0,58.57826720464442
25,7055,Man By The Door,['The Novaks'],4.939136802626015,79.0,139.0,58.56348208157561
25,645,Worn Me Down,['Rachael Yamagata'],6.267523957643078,83.0,137.0,58.56051437458585
25,7415,Forget Me Not,['Céline Dion'],6.266236759573132,82.0,137.0,58.55974205574388
25,1064,First Day Out,['Gucci Mane'],6.2640457704628325,85.0,137.0,58.558427462277706
25,2193,Gentlest Hammer,['Mason Jennings'],6.260203946201667,83.0,137.0,58.556122367721
25,4667,Communist China,['Japan'],5.582404103470348,80.0,138.0,58.54944246208221
25,4711,Aftermath [Slobberknocker],['Pain Station'],6.241359699740631,85.0,137.0,58.54481581984438
25,8169,Total Pa' Que Sirvo,['Aníbal Troilo Y Su Orquesta Típica'],5.562404953451757,80.0,138.0,58.537442972071055
25,964,Undisco Kidd,['Funkadelic'],5.558500520390031,81.0,138.0,58.53510031223402
25,2315,November,['Sero'],5.554332442313642,81.0,138.0,58.53259946538819
25,2087,What If His People Prayed,['Casting Crowns'],4.8723788866433715,80.0,139.0,58.52342733198603
25,1633,Near To Me,['Neuropa'],4.830537754399624,77.0,139.0,58.49832265263978
25,3354,"Falling - Extended Mix, Mixed",['Ben Westbeech'],6.154955571615514,84.0,137.0,58.492973342969314
25,1217,Bout Mine,['B.G.'],5.480031540343115,81.0,138.0,58.488018924205875
25,2703,#1 Fan,['Aurelio Voltaire'],6.145976384755797,84.0,137.0,58.48758583085348
25,1186,Jeg Har Det Godt Nu,"['Mek Pek', 'The Allrights']",5.476597362513746,81.0,138.0,58.48595841750825
25,819,Nocturnal Fear (Celtically Processed),['Dimmu Borgir'],4.789570723508495,77.0,139.0,58.4737424341051
25,1318,Rush Hour,['Archer Prewitt'],4.770484036253515,79.0,139.0,58.46229042175211
25,2614,Mojo Moog,['The Pinker Tones'],6.091180447835235,85.0,137.0,58.45470826870115
25,2654,Waiting On Christmas,['Adventures Of Jet'],5.421563068876306,80.0,138.0,58.452937841325785
25,2555,Christmas Puppers,['Blackfrosty'],5.418420694106022,77.0,138.0,58.45105241646362
25,4482,Smoked Out,['Mystikal'],4.079140405708723,69.0,140.0,58.44748424342524
25,262,Ain't No Half Steppin',['Christy Baron'],6.0745119636012435,82.0,137.0,58.44470717816075
25,7314,Du spinnst doch - Radio Mix,['Die Prinzen'],4.072895915354374,69.0,140.0,58.44373754921262
25,2872,Another One Is Fooled Again,['Mad At The World'],6.072348449964873,84.0,137.0,58.44340906997893
25,7939,Rose Garden,['Kate Campbell'],5.37784781726249,82.0,138.0,58.42670869035749
25,6354,Better Days,['Papermoon'],5.360846225287599,78.0,138.0,58.41650773517256
25,6896,Home,['Live'],4.691618000217286,75.0,139.0,58.41497080013038
25,501,Stars,['Jacinta'],5.315557320277016,75.0,138.0,58.38933439216621
25,1716,Again,['Alice In Chains'],4.608803315365903,76.0,139.0,58.36528198921954
25,7810,Here Comes The Sunshine - Housemix,['Love Inc.'],3.938725506930475,69.0,140.0,58.36323530415829
25,2716,Dunce,['Aurelio Voltaire'],4.593564730186098,76.0,139.0,58.35613883811166
25,591,Who Killed John Columbo,['Wesley Willis'],4.585410780761315,72.0,139.0,58.35124646845679
25,7463,Oh The Joy,['Ricky Dillard & New G (New Generation Chorale)'],4.571339207809603,72.0,139.0,58.34280352468576
25,314,Big Steve,['Eric Brace & Peter Cooper'],5.232615662948103,78.0,138.0,58.33956939776886
25,5883,Sarhoş,['Nil Karaibrahimgil'],5.215901047992859,78.0,138.0,58.32954062879572
25,1079,Freaky Gurl (feat. Ludacris and Lil Kim) - Remix,"['Gucci Mane', 'Ludacris', ""Lil' Kim""]",4.525098831977302,74.0,139.0,58.31505929918638
25,3434,Whoa Yeah Woman,['The Kilborn Alley Blues Band'],5.172542739902523,79.0,138.0,58.30352564394152
25,7540,Don't Try,['The Ohio Weather Band'],4.468838606508188,73.0,139.0,58.281303163904916
25,718,Peddi Max (Miami Mais Remix),"['Henrik the Artist', 'Miami Mais']",5.1186448695553235,78.0,138.0,58.2711869217332
25,6318,Fort Hare (feat. Maglera Doe Boy),"['Yanga Chief', 'Maglera Doe Boy']",3.749944159266927,64.0,140.0,58.24996649556016
25,6363,Promise You Heaven,['Cannata'],6.413072196640795,82.0,136.0,58.24784331798448
25,2656,A Wonderful Christmas Time,['[DARYL]'],6.401983136192765,83.0,136.0,58.24118988171566
25,1054,There is Only You,['Smalltown Poets'],5.068134174561224,77.0,138.0,58.24088050473674
25,128,My Baby's Gone,['The Osborne Brothers'],5.034260731171195,74.0,138.0,58.22055643870272
25,5154,Metal Health (Bang Your Head),['Quiet Riot'],5.685516947079673,84.0,137.0,58.211310168247806
25,1233,Don't Say Maybe,['Paul Brill'],6.345938802947728,83.0,136.0,58.20756328176864
25,5214,Cell phone,['Galaxy Rebel'],7.001753512411425,88.0,135.0,58.201052107446856
25,1471,Heygoode Hardy,['The Guess Who'],4.984263996849807,76.0,138.0,58.190558398109886
25,7708,Dragon Lounge,['CIRRUS'],5.643922249134603,82.0,137.0,58.18635334948077
25,8193,Muchachos Arranquemos Para El Centro,"[""Juan D'Arienzo y su Orquesta Típica""]",5.602547608673969,81.0,137.0,58.161528565204385
25,7464,No Limit,['Ricky Dillard & New G (New Generation Chorale)'],4.934006416200343,81.0,138.0,58.16040384972021
25,1160,Caperusita,['Ufell'],5.554590780801865,81.0,137.0,58.132754468481124
25,4410,Sleepless Nights,['James Leste'],6.191829191793157,86.0,136.0,58.1150975150759
25,7811,Never Gonna Fall,"['Lisa Stansfield', 'Ian Devaney', 'Peter Mokran']",5.52204707580067,78.0,137.0,58.11322824548041
25,4278,Livin' la Vida Loca - Black & White Tour Version,['Ricky Martin'],4.841410313028792,80.0,138.0,58.10484618781728
25,449,Pick Me Up On Your Way Down - Remastered Single Version,['Keith Whitley'],4.806966010767807,70.0,138.0,58.08417960646069
25,4858,Broken Days,['Dag Nasty'],3.464293684320625,71.0,140.0,58.078576210592374
25,2440,The Camouflage,['Andy Warren'],5.4422819091537304,77.0,137.0,58.06536914549224
25,5184,Rock People,['Lonnie Mack'],5.439604022940687,80.0,137.0,58.063762413764415
25,2662,Saddlin' Up Christmas Morning,['Jasper Stone'],4.759110667305413,75.0,138.0,58.05546640038325
25,1490,Stay Up & Ball,['Daforce'],6.08297733187119,83.0,136.0,58.049786399122716
25,4555,Crash - The '95 Mix,['The Primitives'],5.398313181431084,82.0,137.0,58.03898790885866
25,3592,Home To My Baby,['The Kilborn Alley Blues Band'],5.371411427880731,80.0,137.0,58.02284685672844
25,3511,Payaso - Revisitado,['José José'],4.6899398837133255,73.0,138.0,58.013963930228
25,7074,Il pescatore di asterischi,['Samuele Bersani'],4.680046499744848,74.0,138.0,58.00802789984691
25,1121,Geocentric,['This Day Forward'],4.010872147795094,70.0,139.0,58.00652328867706
25,551,"Drowning, Not Waving",['Armitage Shanks'],8.006218177856512,94.0,133.0,58.00373090671391
25,6134,Glamorous Girl,['Toby Love'],3.996860055216491,73.0,139.0,57.9981160331299
25,6935,Don't Lie To Me,['Juliana Hatfield'],5.323486510010452,78.0,137.0,57.994091906006275
25,895,Contact Lenses,['Baxendale'],3.9766454480660665,70.0,139.0,57.985987268839644
25,7775,Last Mcs F/ Vordul & Taiwo,['billy woods/vordul/taiwo whetstone'],6.60410717938295,92.0,135.0,57.96246430762977
25,7304,"Mary, Anne, and Hideaway",['United States Three'],4.6026037214628595,76.0,138.0,57.96156223287772
25,4492,Ain't No Limit (feat. Silkk 'The Shocker'),"['Mystikal', 'Silkk The Shocker']",4.589356693071732,72.0,138.0,57.953614015843044
25,5934,Catch You On The Way Down,['The Citizens'],7.917875994789024,93.0,133.0,57.95072559687342
25,6600,Take You Home,['Demolition Doll Rods'],5.249346565449247,77.0,137.0,57.949607939269555
25,7069,Free South Africa,['The Kinsey Report'],5.895824534771601,81.0,136.0,57.937494720862965
25,5433,Unbelievable,['Diamond Rio'],3.8563505774784446,68.0,139.0,57.91381034648707
25,3119,I Wanna Be Free,['Marc Anthony'],5.188674814762009,79.0,137.0,57.91320488885721
25,2371,One Love,['Sweet Cheater'],5.185701566465763,78.0,137.0,57.91142093987946
25,1789,Gotham City,['Farid Bang'],3.8268784698544027,67.0,139.0,57.896127081912645
25,1246,Missing Home,['flora cash'],4.475695378894066,70.0,138.0,57.88541722733644
25,794,What Goes Around,"['Junior Sisk', 'Ramblers Choice']",7.136032487988071,91.0,134.0,57.881619492792844
25,6946,Cuenta Conmigo,['Jerry Rivera'],6.433005141833227,82.0,135.0,57.859803085099934
25,1943,Common Cause,['Solace'],4.4241611267721215,74.0,138.0,57.85449667606328
25,7447,Up & Down (In & Out) - Godson Remix,"['Deborah Cox', 'Alex ""Godson"" Richbourg']",3.7416204833253035,68.0,139.0,57.844972289995184
25,5360,In My Feelings (H.U.R.T. & Justa Messenger),"['H.U.R.T.', 'Justa Messenger']",5.735391537657477,80.0,136.0,57.841234922594495
25,7329,Up All Night,['Charlotte Martin'],5.0636757697298815,78.0,137.0,57.83820546183793
25,1713,I Stay Away,['Alice In Chains'],5.060475676259594,76.0,137.0,57.83628540575576
25,744,Twist and Shout,['The Five Americans'],4.38579401610479,73.0,138.0,57.831476409662876
25,1038,Mississippi - Live - 2003,['The Chicks'],5.02293273605868,80.0,137.0,57.813759641635215
25,1449,Jarocha,['Locarno'],5.021467289285551,77.0,137.0,57.81288037357133
25,5775,Way She Looks At Me,['Chris Thayer'],4.999124294801274,77.0,137.0,57.79947457688077
25,7410,Naked,['Céline Dion'],4.288248033222762,73.0,138.0,57.77294881993366
25,7829,Want You Back,['Mandy Moore'],6.856134161599027,88.0,134.0,57.71368049695942
25,5393,Middle of Nowhere,['Rebecca Folsom'],4.173834560132122,73.0,138.0,57.704300736079276
25,5757,The Voice Inside,['Amanda Marshall'],8.171534945913773,93.0,132.0,57.702920967548266
25,348,What Shall We Do With a Catnipped Kitty (Parody: Drunken Sailor),"[""Marc Gunn & the Dubliners' Tabby Cats""]",6.148624531236671,83.0,135.0,57.689174718742
25,7883,He Wasn't Man Enough,['Toni Braxton'],5.46814405435257,79.0,136.0,57.680886432611544
25,3902,Silver Screen - Director's Cut,['Kilowatts & Vanek'],5.464613160324108,79.0,136.0,57.67876789619447
25,5773,Halfway,['Chris Thayer'],5.458578472400859,80.0,136.0,57.67514708344052
25,5628,To the Coast,['Pet Lions'],5.457088891950178,82.0,136.0,57.674253335170114
25,6173,Raw Ramp (T. Rex),['Dramarama'],4.1230773841368356,76.0,138.0,57.6738464304821
25,3862,Dead Virgins Don't Sing,['Dog Fashion Disco'],3.4305545100247032,68.0,139.0,57.658332706014825
25,6944,Dime,['Jerry Rivera'],6.096475236007306,80.0,135.0,57.65788514160438
25,4826,Portrait (He Knew) - Remix,['Kansas'],6.743159211060632,85.0,134.0,57.64589552663638
25,7541,Doin' All I Can,['The Ohio Weather Band'],5.3959022870435716,77.0,136.0,57.637541372226146
25,1827,Painkiller - Sidney Samson Club Remix,"['Joe Killington', 'Sidney Samson']",4.726908190386013,72.0,137.0,57.636144914231615
25,6172,Hot Love (T. Rex),['Nick Heyward'],6.703067397584754,86.0,134.0,57.621840438550855
25,1858,Bootopia,['LEOTARD BUTA & YAGI HIGHLEG'],5.360634064579256,76.0,136.0,57.61638043874756
25,4453,Ghosts,['Askeleton'],4.693294811116589,74.0,137.0,57.615976886669955
25,1681,Dancing Girl,['Tempest'],5.350768509356552,81.0,136.0,57.610461105613936
25,7548,Loneliest Girl,['Christine Havrilla'],3.3221330792756465,68.0,139.0,57.59327984756539
25,1535,Little Silver Ring,['The Samples'],5.307166956253109,76.0,136.0,57.58430017375187
25,3987,In The City,['Wale Oyejide'],4.638977975978791,75.0,137.0,57.58338678558728
25,8159,Avivate Pipistrelo,"[""Juan D'Arienzo""]",5.300509010373095,78.0,136.0,57.580305406223864
25,579,Tammy Smith,['Wesley Willis'],5.298084539522676,79.0,136.0,57.578850723713614
25,5273,Orphans of God,"['Ty Herndon', 'Kristin Chenoweth', 'Paul Cardall']",5.956028371812893,81.0,135.0,57.573617023087735
25,2705,See You In Hell,['Aurelio Voltaire'],5.274201123978264,81.0,136.0,57.56452067438696
25,1031,Hello Mr. Heartache - Live - 2003,['The Chicks'],3.899295670953282,70.0,138.0,57.53957740257197
25,7475,Milonga En Negro,['Aníbal Troilo Y Su Orquesta Típica'],3.887028783837271,70.0,138.0,57.53221727030237
25,6129,Tú y Yo,['Toby Love'],4.544691260011125,75.0,137.0,57.52681475600668
25,284,Ass Clap,['Project Pat'],5.211309169745717,78.0,136.0,57.526785501847435
25,1635,Again (Twilight Mix 2),['Neuropa'],3.869706982532265,68.0,138.0,57.521824189519364
25,7532,Roamin',['American Longspurs'],5.861259251661802,83.0,135.0,57.51675555099708
25,7783,Minimum Wage Lovers,['The Mountains & The Trees'],4.496906764413167,72.0,137.0,57.4981440586479
25,2795,Mountain Dew,['Hair of the Dog'],4.476909702639877,72.0,137.0,57.48614582158393
25,1847,Calling all detectives,['Marie Serneholt'],3.8074627401055214,68.0,138.0,57.48447764406332
25,7716,I Don't Have A Drum Machine,['Yuksek'],4.449761627884971,74.0,137.0,57.46985697673099
25,2711,Graveyard Picnic,['Aurelio Voltaire'],3.779883811778655,69.0,138.0,57.4679302870672
25,7717,Nightmare Today,['Headnoise'],3.108895209480385,65.0,139.0,57.46533712568823
25,2727,The Night,['Aurelio Voltaire'],4.439066738492157,74.0,137.0,57.4634400430953
25,3345,"Still In Love (feat. Navasha Daya) - Alaia & Gallo Remix, Mixed","['Shuya Okino', 'Navasha Daya']",3.7717024959982144,68.0,138.0,57.46302149759893
25,4895,Isn't Everything Enough,['Leslie Tucker'],4.425707533990738,71.0,137.0,57.455424520394445
25,7254,Pump It - Live,['Frankie Bones'],4.418237163896622,70.0,137.0,57.45094229833798
25,6633,Say Hoe,"['N2DEEP', 'Jay Tee', 'Ironic']",4.389201450380608,73.0,137.0,57.43352087022837
25,4648,Rio Samba,['Larry Carlton'],4.386373982890509,73.0,137.0,57.43182438973431
25,3112,I Need You,['Marc Anthony'],5.030771991702257,77.0,136.0,57.41846319502136
25,5106,He's A Space Case,['The Cardinal Sin'],4.360796534820808,72.0,137.0,57.41647792089249
25,1962,Ett som är säkert,['Ulf Lundell'],4.295716950917477,71.0,137.0,57.37743017055049
25,6993,Along Comes a Smile,['The Meligrove Band'],6.285771118667681,84.0,134.0,57.37146267120061
25,5362,Hallelujah (H.U.R.T. & Justa Messenger),"['H.U.R.T.', 'Justa Messenger']",5.60919200566465,77.0,135.0,57.36551520339879
25,4038,Starbucked,['Bond'],4.189760713928062,72.0,137.0,57.31385642835684
25,2432,Good Day Sir,['Dave Moisan'],6.16767585761349,80.0,134.0,57.3006055145681
25,679,Didn't I,"['Bub Bizzle', 'HB']",6.15998237125666,83.0,134.0,57.295989422754
25,4727,The Last Time,['The Script'],6.1375440428003545,83.0,134.0,57.28252642568022
25,5159,I'm Fallin',['Quiet Riot'],3.459213031628242,70.0,138.0,57.27552781897695
25,7094,Drank Too Much,['American Dog'],4.729948018416736,79.0,136.0,57.237968811050045
25,8012,The Lunatics Have Taken Over The Asylum,['Collide'],4.729828193962043,77.0,136.0,57.23789691637723
25,2967,Happy Day,['Frank Marina'],5.390601450273263,79.0,135.0,57.23436087016396
25,3509,Seré - Revisitado,['José José'],6.030311655544198,81.0,134.0,57.21818699332652
25,1263,Another Day,['The Velmas'],4.025997281070611,71.0,137.0,57.21559836864237
25,6996,Take me to the Sun,['The Meligrove Band'],4.658227044239867,76.0,136.0,57.19493622654392
25,3081,Left Me,['Eight Frozen Modules'],3.990868517599767,70.0,137.0,57.19452111055986
25,5703,There's No Place Like a Stranger's Floor,['The Lawrence Arms'],3.984716963030074,70.0,137.0,57.19083017781805
25,901,Don't Smooch,['Baxendale'],4.647957752815033,73.0,136.0,57.18877465168902
25,4767,Soulin',['The Chains'],5.955994890824987,82.0,134.0,57.173596934494995
25,7452,"Same Script, Different Cast","['Whitney Houston', 'Deborah Cox']",3.9556840178038097,67.0,137.0,57.17341041068229
25,1978,This Christmas,['John Legend'],5.284552220850185,77.0,135.0,57.17073133251011
25,1684,Two Sisters,['Tempest'],5.276445258830319,81.0,135.0,57.165867155298194
25,7790,The Way You Love (Morganix Remix),['Electro Spectre'],5.273533535271642,75.0,135.0,57.16412012116299
25,5602,Slut Like You,['P!nk'],5.938123374347758,81.0,134.0,57.162874024608655
25,6267,FAILURE TO DELAY GRATIFICATION,['Crowbar'],3.9359452979762395,70.0,137.0,57.161567178785745
25,4645,Room 335,['Larry Carlton'],3.9134038017264707,67.0,137.0,57.148042281035885
25,8065,Body Body - pre-FE track from unreleased 2nd Blue Pine album,['Blue Pine'],3.905573474912795,72.0,137.0,57.14334408494768
25,6309,Don't Forget,['Bethan Mane'],3.9011273080676525,69.0,137.0,57.140676384840596
25,3428,Train To Memphis,['The Kilborn Alley Blues Band'],5.230554483680658,78.0,135.0,57.138332690208394
25,5946,So High,['Zu'],4.562042266911988,72.0,136.0,57.1372253601472
25,3355,"Holding You Tight - Dr Packer Remix, Mixed",['Sure Thing'],5.8838947657021965,83.0,134.0,57.13033685942132
25,4770,Dirty Mind,['Jeff Beck'],3.2060807204709363,65.0,138.0,57.123648432282565
25,292,Fight,['Project Pat'],5.861522670032138,83.0,134.0,57.11691360201928
25,727,Peddi Max (Jimmy Pé Remix),"['Henrik the Artist', 'Jimmy Pé']",5.84745109689364,80.0,134.0,57.108470658136184
25,4098,Trimming,['Myka 9'],3.8449387231165426,69.0,137.0,57.10696323386993
25,7893,You've Been Wrong,['Toni Braxton'],3.8444764425399627,69.0,137.0,57.106685865523986
25,3975,Never Far Away,['Benny Mardones'],5.160088857476102,78.0,135.0,57.09605331448566
25,8222,No Va Mas,"[""Juan D'Arienzo y su Orquesta Típica""]",3.810573863831448,69.0,137.0,57.08634431829887
25,4494,Did I Do It,['Mystikal'],4.477092700069819,71.0,136.0,57.0862556200419
25,3972,We've Got To Run,['Benny Mardones'],4.465423193335058,74.0,136.0,57.07925391600104
25,5902,Shortwave,['Brando'],4.443356616663132,70.0,136.0,57.06601396999788
25,5982,Goin' On Down To The BBQ,"['Drywall', 'Stan Ridgway']",3.775174955229171,68.0,137.0,57.06510497313751
25,2018,Baby Elephant Walk,['Henry Mancini'],4.433577147203681,74.0,136.0,57.060146288322215
25,5030,Drinkin' Wine Spo-Dee-O-Dee,['Johnny Otis'],4.368394998053614,72.0,136.0,57.02103699883217
25,498,Launch,['Jacinta'],4.3670756353729265,71.0,136.0,57.02024538122376
25,5802,J'Aime Paris Au Mois De Mai,['Eddy Mitchell'],4.359000534013897,73.0,136.0,57.01540032040835
25,5270,Prop Me Up Beside The Jukebox (If I Die),['Joe Diffie'],4.351730813628196,71.0,136.0,57.01103848817692
25,5885,Peri (feat. Ayben),"['Nil Karaibrahimgil', 'Ayben']",5.681936978881617,81.0,134.0,57.00916218732897
25,1190,Everyone's Winner,['Mek Pek'],3.6550236333434665,68.0,137.0,56.993014180006085
25,2587,Oh Carol,['Smokie'],3.638325243320416,68.0,137.0,56.982995145992255
25,1439,Destiny Complete,"['The Angel', 'Mystic']",4.965469021760308,76.0,135.0,56.979281413056185
25,3116,Don't Tell Me It's Love,['Marc Anthony'],4.932571562866315,76.0,135.0,56.95954293771979
25,5772,Back to You,['Chris Thayer'],6.228824758679621,82.0,133.0,56.937294855207774
25,1260,Clue,['The Velmas'],4.2112374010035,70.0,136.0,56.926742440602105
25,3470,Here I Come,['DreiBoogy'],5.490465425367344,78.0,134.0,56.89427925522041
25,3492,Peon,['Korea Girl'],5.47410807725714,77.0,134.0,56.884464846354284
25,6078,Land Of The Hungry Ghost,['Jennifer Berezan'],4.1278676055208035,68.0,136.0,56.87672056331249
25,2715,Out of Reach,['Aurelio Voltaire'],3.4451167398560676,70.0,137.0,56.86707004391364
25,1152,I Wished On a Moon,['Marilyn Scott'],5.441554308125541,77.0,134.0,56.864932584875326
25,6188,"Bay Business (feat. Mac Shawn, Lil Bruce, Turf Talk & J Minix)","['Turf Talk', 'J. Minix', 'Mac Shawn', 'Lil Bruce']",4.106451585567712,73.0,136.0,56.86387095134063
25,3649,Prophet of the Last Eclipse,['Luca Turilli'],4.761391787738032,76.0,135.0,56.856835072642816
25,4141,My Girl,['Melvin Sparks'],6.0853910803788045,84.0,133.0,56.85123464822728
25,4489,Murder 2,['Mystikal'],6.7490995617466645,87.0,132.0,56.849459737048
25,8226,Ganzua,"[""Juan D'Arienzo y su Orquesta Típica"", 'Alberto Echagüe']",2.739418730859938,59.0,138.0,56.84365123851597
25,2991,Stand Up Tall - Instrumental,['Dizzee Rascal'],6.072525441603968,81.0,133.0,56.843515264962384
25,491,Fly - In My Life Mix,['Jacinta'],5.404396289132261,75.0,134.0,56.84263777347936
25,2477,An dem Tag als ich die Beatles traf,['Thorsten Wingenfelder'],5.404079507182889,79.0,134.0,56.842447704309734
25,4432,"Less Is More, More Or Less",['Bitcrusher'],6.058443511900539,83.0,133.0,56.83506610714033
25,7079,Il Fossile,['Samuele Bersani'],5.364562082113807,78.0,134.0,56.81873724926829
25,5598,Try,['P!nk'],4.019929630400662,72.0,136.0,56.811957778240405
25,7213,Jambalaya,['The Weary Boys'],5.292582997926681,79.0,134.0,56.77554979875601
25,682,Makin' Moves,"['Bub Bizzle', 'Stingray $tunna']",5.288169327011008,79.0,134.0,56.77290159620661
25,1229,Start It Again,['Paul Brill'],3.945798163844454,67.0,136.0,56.76747889830668
25,8147,No Te Vayas Mi Bien,"[""Juan D'Arienzo y su Orquesta Típica""]",4.605258688189907,73.0,135.0,56.763155212913944
25,3550,Guaranteed Satisfaction,['The Knickerbockers'],3.2632888220636698,61.0,137.0,56.75797329323821
25,1803,All About That Bass Parody,['Bart Baker'],3.9266566697412655,70.0,136.0,56.75599400184476
25,1830,Brass Digger,['Starlight Mints'],5.899366310585112,83.0,133.0,56.73961978635107
25,1631,Jaded,['Neuropa'],4.56537492762822,72.0,135.0,56.73922495657693
25,1344,Two Can Play,['Archer Prewitt'],5.89762063096371,82.0,133.0,56.738572378578226
25,3900,Conviction,['Kilowatts & Vanek'],3.893498730718852,68.0,136.0,56.736099238431315
25,7744,Soledad... La De Barracas,['Aníbal Troilo Y Su Orquesta Típica'],7.2265391440824125,89.0,131.0,56.73592348644945
25,3336,Cancer California,['Bullets And Octane'],5.890997114104189,80.0,133.0,56.73459826846251
25,8158,Bien Jaileife,"[""Juan D'Arienzo y su Orquesta Típica""]",3.208365031147537,60.0,137.0,56.72501901868853
25,2086,Remy Red,['Tzu'],4.534461644861497,71.0,135.0,56.7206769869169
25,7382,I Got Him Ready for You,['Chely Wright'],4.525767375138919,72.0,135.0,56.71546042508335
25,4061,Amazing Grace,['Ani DiFranco'],5.185701115766051,73.0,134.0,56.711420669459635
25,4340,Holy,['Sero'],3.185411927582956,61.0,137.0,56.711247156549774
25,6246,I Feel The Burning Sun,['Crowbar'],4.515877811594122,71.0,135.0,56.70952668695647
25,5573,Picasso'S Big Blue Heart,['20/20'],3.8346451335869176,65.0,136.0,56.70078708015215
25,6262,REPULSIVE IN ITS SPLENDID BEAUTY,['Crowbar'],3.8317485432398906,68.0,136.0,56.69904912594394
25,1115,Perfect Ten,['Anna Waronker'],3.8271871391020325,68.0,136.0,56.696312283461225
25,6471,The Road To Bakersfield,['Bastard Sons of Johnny Cash'],3.826431928815717,67.0,136.0,56.69585915728943
25,3540,Stick with Me,['The Knickerbockers'],3.8217672913086873,69.0,136.0,56.69306037478522
25,6361,4:17 (california),['Cannata'],4.486838679488832,72.0,135.0,56.6921032076933
25,829,The Last Song,['Moonshine'],4.484139682570769,70.0,135.0,56.690483809542464
25,6195,True Vine,"['Tru-Serva', 'Dijohn']",3.8125355109755508,68.0,136.0,56.68752130658534
25,6830,Rush,['Regenerator'],4.478438662109929,72.0,135.0,56.68706319726596
25,7386,Your Shirt,['Chely Wright'],3.7880390937508635,69.0,136.0,56.672823456250526
25,8074,Wearing White,['Martina McBride'],5.096436777370305,77.0,134.0,56.65786206642218
25,2726,The Last Word,['Aurelio Voltaire'],4.421861804762512,74.0,135.0,56.653117082857506
25,2447,Tomorrow Is Today,['Andy Warren'],3.751110704416542,68.0,136.0,56.650666422649934
25,7363,An Abandoned City Street,['Cars & Trains'],4.415455520445227,72.0,135.0,56.649273312267134
25,5179,Me And My Car,['Lonnie Mack'],4.4121980410412425,70.0,135.0,56.64731882462475
25,6940,What's Goin Ahn,['The Posies'],4.399059452824609,73.0,135.0,56.63943567169476
25,4882,Hard To Say,['Sawyer Brown'],4.394244571263729,71.0,135.0,56.636546742758235
25,2624,Bassman's Boogie Blues,['The JT Blues Band'],4.386887900148913,71.0,135.0,56.63213274008935
25,2708,Irresponsible,['Aurelio Voltaire'],3.0486105007402666,61.0,137.0,56.62916630044416
25,2959,The Drop (feat. Maimon),['Frank Marina'],5.015653621547084,79.0,134.0,56.60939217292825
25,6351,Start Over,['Papermoon'],3.673867020048095,67.0,136.0,56.60432021202886
25,4598,What Are You Waiting For,['Ritual'],5.0051817751174505,74.0,134.0,56.60310906507047
25,7570,Cowboy's Christmas,['Wayne Newton'],3.646082806263323,67.0,136.0,56.587649683758
25,4887,The Boys And Me - Dance Remix,['Sawyer Brown'],3.639903043723492,66.0,136.0,56.5839418262341
25,7950,Touch Your Woman,['Kate Campbell'],4.272393773031515,70.0,135.0,56.56343626381891
25,2706,Bachelor(ette) (Bjork Cover),['Aurelio Voltaire'],5.58992222502856,79.0,133.0,56.55395333501714
25,1907,Kallt té halv tio,['Ulf Lundell'],5.569453463093893,77.0,133.0,56.54167207785634
25,1347,Second Time Trader,['Archer Prewitt'],4.23512447533768,72.0,135.0,56.54107468520261
25,6260,THROUGH THE ASHES,['Crowbar'],5.5638222489044376,78.0,133.0,56.538293349342666
25,2383,Handslide,['Pushmonkey'],4.225107553290781,71.0,135.0,56.53506453197447
25,7080,Senza titoli,['Samuele Bersani'],3.5540880204539507,64.0,136.0,56.532452812272375
25,4769,Roy's Toy,['Jeff Beck'],5.517579368552802,80.0,133.0,56.510547621131686
25,4567,Note To Selves,['The Red Krayola'],4.128637339843679,70.0,135.0,56.477182403906205
25,4415,Here's To Life,['Bandits Of The Acoustic Revolution'],5.458950085466765,77.0,133.0,56.47537005128006
25,3601,Lazy May,['The Essex Green'],6.111461327729069,82.0,132.0,56.46687679663744
25,8028,Satin Sheets,['Martina McBride'],5.444463102373468,78.0,133.0,56.46667786142408
25,3110,She Mends Me,['Marc Anthony'],5.423085931706516,75.0,133.0,56.45385155902391
25,502,Freedom Is...,['Jacinta'],4.082252684350214,67.0,135.0,56.44935161061013
25,5150,Northern Lights (Acoustic),['emaé'],5.405310897996344,74.0,133.0,56.44318653879781
25,437,A Day In The Life Of A Fool - Single (2002 remaster),['Keith Whitley'],4.730371993104645,70.0,134.0,56.43822319586279
25,3005,A Welcome Burden,['Disturbed'],4.728535324684053,75.0,134.0,56.43712119481043
25,7808,I Feel Love,['Love Inc.'],4.045341338164131,72.0,135.0,56.42720480289848
25,2652,Roamin' Holiday,['Clumsy'],5.361878643328955,78.0,133.0,56.41712718599737
25,5947,Abedeen,['Zu'],5.35714495707184,77.0,133.0,56.414286974243105
25,227,People Have The Power,['Patti Smith'],3.9880955671395553,73.0,135.0,56.39285734028373
25,4862,White Flag,['Dag Nasty'],3.308575090940073,66.0,136.0,56.38514505456405
25,4051,Ready To Rise,['Vaughan Penn'],3.970944277424602,71.0,135.0,56.38256656645476
25,1846,The boy I used to know,['Marie Serneholt'],5.3037223690381525,82.0,133.0,56.382233421422896
25,684,I Got U,"['Bub Bizzle', 'Rook RudeRed']",5.285567108453528,77.0,133.0,56.37134026507212
25,2721,Dead Girls,['Aurelio Voltaire'],4.60741652358933,73.0,134.0,56.364449914153596
25,4241,Could You (Radio Edit),"['Maarja', 'Steve Brooklyn']",5.271534049841769,78.0,133.0,56.36292042990507
25,1322,Work,['Archer Prewitt'],4.599519229458888,71.0,134.0,56.35971153767534
25,4477,U Would If U Could,['Mystikal'],3.9273494531809687,67.0,135.0,56.35640967190858
25,1977,Bring Me Love,['John Legend'],4.59287027888067,73.0,134.0,56.3557221673284
25,1841,Wasted love,['Marie Serneholt'],3.91594598230067,68.0,135.0,56.3495675893804
25,4372,Run,['Cappadonna'],3.903419424525119,67.0,135.0,56.34205165471507
25,93,Tiistai,['Scandinavian Music Group'],3.903033107596442,67.0,135.0,56.34181986455786
25,3850,Aurat (Woman),['Niyaz'],4.56250433981322,72.0,134.0,56.337502603887934
25,6027,Stars,['Evergreen Terrace'],3.229000277757421,66.0,136.0,56.33740016665446
25,612,Alab Ng Puso (Studio Version),['Rivermaya'],5.2227485701770915,79.0,133.0,56.33364914210626
25,7930,"Same Time, Same Place",['The Minders'],3.8808269307078156,67.0,135.0,56.32849615842469
25,1560,Sportscars For Everyone,['Run Chico Run'],3.209554573924623,62.0,136.0,56.32573274435478
25,5351,Urban Epistle (H.U.R.T. & Justa Messenger),"['H.U.R.T.', 'Justa Messenger']",5.202642878679926,76.0,133.0,56.32158572720796
25,6196,Bring the Fire - Reloaded,"['Tru-Serva', 'Dijohn']",3.8303073653290407,68.0,135.0,56.298184419197426
25,1095,X-Tra-Ordinaire,['Jeanne Mas'],3.153040651105707,59.0,136.0,56.29182439066343
25,1689,The Journeyman,['Tempest'],5.152761331501988,79.0,133.0,56.291656798901194
25,3371,Lovelee Dae - Mixed,['Blaze'],3.8125160664109106,67.0,135.0,56.28750963984655
25,2091,American Dream,['Casting Crowns'],4.47819301047405,75.0,134.0,56.28691580628443
25,2571,Late Night Acid Final,['Richard Bartz'],5.125927104688861,77.0,133.0,56.27555626281332
25,5008,Mirror Mirror,['Diamond Rio'],4.441080935549991,70.0,134.0,56.26464856133
25,6025,Zero,['Evergreen Terrace'],3.7447182547139084,68.0,135.0,56.24683095282835
25,4625,Did I Go Wrong,['Ritual'],4.410775879258307,72.0,134.0,56.24646552755499
25,1663,Try To Take Your Time,['Leah Andreone'],5.056860419407288,77.0,133.0,56.23411625164437
25,6319,Suicide Doors (feat. Frank Casino),"['Yanga Chief', 'Frank Casino']",4.354477783993514,70.0,134.0,56.21268667039611
25,8229,Viva Mi Tierra Argentina,"[""Juan D'Arienzo y su Orquesta Típica""]",3.67830276594725,68.0,135.0,56.20698165956835
25,6274,Nuevo Dia (New Day),['Gloria Estefan'],4.3441474107856495,71.0,134.0,56.20648844647139
25,1056,48 States,['Smalltown Poets'],2.3339221287914445,54.0,137.0,56.20035327727487
25,6470,Austin Night,['Bastard Sons of Johnny Cash'],4.295043896442282,68.0,134.0,56.17702633786537
25,6348,Your Thesaurus Won't Help You Now,['Papermoon'],4.268592413199983,71.0,134.0,56.16115544791999
25,7948,Satin Sheets,['Kate Campbell'],4.931101917919864,76.0,133.0,56.15866115075192
25,407,La Sopa Del Dia,['Buscemi'],4.242993209078566,70.0,134.0,56.14579592544714
25,5891,Brooklyn,['Brando'],5.55444174743464,79.0,132.0,56.13266504846079
25,2717,Feathery Wings,['Aurelio Voltaire'],3.5421932941627197,65.0,135.0,56.12531597649763
25,5984,Somewhere In The Dark,"['Drywall', 'Stan Ridgway']",4.773165581993916,71.0,133.0,56.063899349196355
25,952,Funky Dollar Bill,['Funkadelic'],6.094541307654859,84.0,131.0,56.05672478459292
25,3316,Dein Blick berührt mich,['Andrea Berg'],4.739993011767818,72.0,133.0,56.043995807060696
25,7680,Wilma - Live,['Sprawl'],4.731575742939453,77.0,133.0,56.03894544576367
25,6637,Set 'N Up Shop,"['N2DEEP', 'Jay Tee']",4.7136645912710184,72.0,133.0,56.02819875476261
25,6030,The Kids Aren't All Right,['Evergreen Terrace'],3.334123273732918,64.0,135.0,56.00047396423975
25,3556,Come and Get It,['The Knickerbockers'],3.987348038262261,68.0,134.0,55.99240882295736
25,534,Everyday,['Armitage Shanks'],4.639390051635354,75.0,133.0,55.983634030981214
25,3094,Bonne Nouvelle,['Paris Combo'],5.296946305943257,76.0,132.0,55.97816778356596
25,132,Half A Mind,['The Osborne Brothers'],2.624975099649961,52.0,136.0,55.97498505978998
25,5988,The AARP Is After Me,"['Drywall', 'Stan Ridgway']",3.2882487332951595,62.0,135.0,55.9729492399771
25,2583,Black Mind with an Angel Heart,['The Blues Mystery'],5.282609169419453,75.0,132.0,55.96956550165167
25,8015,You Win Again,['Martina McBride'],4.601071186320553,71.0,133.0,55.96064271179233
25,4743,Conception,['Karsh Kale'],5.257517850443036,79.0,132.0,55.95451071026582
25,5014,Bubba Hyde,['Diamond Rio'],4.590408399000021,72.0,133.0,55.954245039400014
25,7773,Holidaze,['billy woods'],3.912974427449632,68.0,134.0,55.94778465646978
25,4442,It Ain't My Fault,['Kathleen Wilhoite'],3.24250483383379,60.0,135.0,55.945502900300276
25,889,Music For Girls,['Baxendale'],5.238275575032679,75.0,132.0,55.94296534501961
25,4495,"Here We Go (feat. B-Legit, E-40 & Master P)","['Mystikal', 'B-Legit', 'E-40', 'Master P']",3.900624076927659,70.0,134.0,55.940374446156596
25,4664,Don't Rain On My Parade,['Japan'],4.56457361379155,73.0,133.0,55.93874416827493
25,1719,Know When to Hold Em,['Bloodlined Calligraphy'],1.8960357868540654,47.0,137.0,55.93762147211244
25,2034,Pushed to the Limit,['The Devotchkas'],3.2280501673910655,66.0,135.0,55.93683010043464
25,606,Madapaka,['Rivermaya'],2.557385041158737,59.0,136.0,55.93443102469525
25,1840,Enjoy the ride,['Marie Serneholt'],5.21565492959098,76.0,132.0,55.929392957754594
25,1544,Talk Of The Town,['Shoplifting'],3.2055800610795586,62.0,135.0,55.92334803664774
25,6291,Count on Christmas,['Bebe Rexha'],3.867121824870437,65.0,134.0,55.920273094922265
25,537,Are Friends Electric,['Armitage Shanks'],4.531201365788753,71.0,133.0,55.91872081947326
25,7752,Dead Man,['Tim Finn'],3.849141122813011,69.0,134.0,55.90948467368781
25,6638,Step On The Gas,"['N2DEEP', 'TL', 'Jay Tee']",4.511412905215713,71.0,133.0,55.90684774312943
25,368,Return to MYTown,['Brazz Tree'],3.825348171061349,70.0,134.0,55.89520890263681
25,3490,One Less Year,['ee'],3.818785242645317,69.0,134.0,55.89127114558719
25,5942,Beautiful,['Zu'],3.8161500459512347,65.0,134.0,55.889690027570744
25,6185,Young Rich Kid (feat. Sky Balla),['Sky Balla'],4.465611160433115,72.0,133.0,55.87936669625987
25,1116,A Hollow Daze,['Anna Waronker'],3.7855753715048017,66.0,134.0,55.87134522290288
25,1987,Christmas Time Is Here,['John Legend'],4.436429965994322,68.0,133.0,55.86185797959659
25,1262,Sun,['The Velmas'],4.4125644061785385,74.0,133.0,55.847538643707125
25,3465,Big Steppin,['DRE-B'],3.7433874568569663,65.0,134.0,55.84603247411418
25,6187,In My Hood (feat. The Factors),['The Factors'],3.741640720901191,67.0,134.0,55.84498443254071
25,4558,Hurdy Gurdy Man,"['Gibson Haynes', 'Paul Walthall', 'Jeffrey Coffey', 'Jeffrey Pinkus']",3.7340405255530467,68.0,134.0,55.84042431533183
25,3478,As You Were,['Alkaline Trio'],4.398939280446892,72.0,133.0,55.83936356826814
25,7131,Don't Break My Heart Again,['Danger Danger'],3.723470419293845,68.0,134.0,55.834082251576305
25,1780,CHING CHING CHING,['Farid Bang'],4.374499595552252,70.0,133.0,55.82469975733135
25,709,Peddi Max (DJ Karaoke Remix),"['Henrik the Artist', 'DJ Karaoke']",5.040679885749494,74.0,132.0,55.8244079314497
25,5635,Danger On the Track,['Europe'],3.6996360838152973,67.0,134.0,55.81978165028918
25,1673,The Story,"[""Caedmon's Call""]",3.699460262556208,68.0,134.0,55.81967615753373
25,2059,Disko Und Bett,['duo505'],3.68550672682957,66.0,134.0,55.811304036097745
25,4574,Vexations,['The Red Krayola'],3.6831799901732913,65.0,134.0,55.80990799410397
25,208,Rats and Black Widows,['Polkadot Cadaver'],3.0153945661028083,61.0,135.0,55.809236739661685
25,6258,THE LASTING DOSE,['Crowbar'],3.005967247802956,61.0,135.0,55.80358034868178
25,1786,Maghreb Gang (feat. French Montana & Khaled),"['Farid Bang', 'French Montana', 'Khaled']",3.67257934059675,64.0,134.0,55.80354760435805
25,4827,Puerto Rico,['Eddie Palmieri'],4.33048714921317,72.0,133.0,55.79829228952791
25,1981,Christmas In New Orleans,['John Legend'],3.6612386803576706,65.0,134.0,55.7967432082146
25,3848,Yek Nazar (A Single Glance),['Niyaz'],4.317023955134136,68.0,133.0,55.79021437308049
25,3752,Paperback Writer,['The Nashville Superpickers'],4.311034744586721,69.0,133.0,55.78662084675204
25,7429,Passeggeri Distratti,['Raf'],4.307479330326044,71.0,133.0,55.78448759819563
25,3450,Jazz Fingers,"['Busdriver', 'Aceyalone', 'D-Styles']",4.305510233617814,70.0,133.0,55.783306140170694
25,7288,Tied To Blue,['DAVID DISALLE'],3.6298202534507475,65.0,134.0,55.77789215207045
25,7724,Hey America,['Headnoise'],3.570846861644783,63.0,134.0,55.74250811698687
25,589,Northwest Airlines,['Wesley Willis'],3.565138548528277,63.0,134.0,55.73908312911697
25,7056,It's A Shame,['The Novaks'],4.222091238744243,72.0,133.0,55.73325474324655
25,7594,Luxus,['Rias 64'],2.8868963498979157,58.0,135.0,55.73213780993875
25,1020,Defiance (O Fortuna),['Patrizia'],4.880280960846661,75.0,132.0,55.728168576508
25,6629,Young - KO:YU Remix,"['The Chainsmokers', 'KO:YU']",5.544097642457829,78.0,131.0,55.7264585854747
25,1252,You Don't Know What It's Like,['Tal Bachman'],6.867616404833884,85.0,129.0,55.72056984290033
25,7103,Keep Dropping The Beat,"['KrispyLife Kidd', 'Lil Yachty']",3.4699527731271864,63.0,134.0,55.68197166387631
25,714,Peddi Max (Aid Kid Remix),"['Henrik the Artist', 'Aid Kid']",3.467016554850991,63.0,134.0,55.68020993291059
25,3098,Profil,['Paris Combo'],3.465261140570046,63.0,134.0,55.67915668434203
25,7063,See Her Again,['The Kinsey Report'],4.124917477617121,69.0,133.0,55.674950486570275
25,4629,Really Something,['Ritual'],4.105233072985186,70.0,133.0,55.663139843791114
25,1088,Who Is Him (feat. Pooh Shiesty),"['Gucci Mane', 'Pooh Shiesty']",4.100031018227121,68.0,133.0,55.66001861093628
25,1078,Im a Dog (feat. DG Yola),"['Gucci Mane', 'DG Yola']",6.066250856023349,81.0,130.0,55.63975051361401
25,4484,Neck Uv Da Woods featuring Outkast,['Mystikal'],4.045207395443665,70.0,133.0,55.627124437266204
25,6639,Life Without Music,"['N2DEEP', 'Jay Tee']",5.367812654587425,75.0,131.0,55.62068759275246
25,1247,Darker Side Of Blue,['Tal Bachman'],3.350594289902352,62.0,134.0,55.61035657394141
25,5710,A Toast,['The Lawrence Arms'],3.335966469676212,64.0,134.0,55.601579881805726
25,1626,Secrets,['Neuropa'],4.657082795282874,70.0,132.0,55.59424967716973
25,6640,Blaze,"['N2DEEP', 'TL']",3.985600090160584,67.0,133.0,55.591360054096356
25,6948,Si Quieras Amar,['Jerry Rivera'],4.644156596293415,75.0,132.0,55.58649395777606
25,2728,El Barquito De Nuez,['Aurelio Voltaire'],5.296919893011488,78.0,131.0,55.5781519358069
25,2712,…About A Girl,['Aurelio Voltaire'],3.958563681341149,68.0,133.0,55.575138208804695
25,8021,Once A Day,['Martina McBride'],3.948269104390868,68.0,133.0,55.568961462634526
25,2690,Cookies & Milk,"['Saigon', 'A.P.', 'Young Boombaya']",4.609889439702257,71.0,132.0,55.565933663821355
25,743,I Know They Lie,['The Five Americans'],3.942258562345979,67.0,133.0,55.56535513740759
25,7890,The Art Of Love,['Toni Braxton'],3.9355866361172476,69.0,133.0,55.56135198167035
25,1810,The People,['Tarwater'],3.261257385279392,61.0,134.0,55.55675443116763
25,692,Swaggin' On Em,['Bub Bizzle'],4.594184951536015,73.0,132.0,55.556510970921615
25,5108,Hell Of A Saint,['The Cardinal Sin'],4.593307800896954,71.0,132.0,55.555984680538174
25,2428,Don't Need To Worry Bout Me,['Dave Moisan'],4.584123491466275,73.0,132.0,55.55047409487977
25,4412,Just Can't Talk To You,['Clarendon Hills'],3.916332135526459,69.0,133.0,55.54979928131588
25,4437,Witches' Hill,['Kathleen Wilhoite'],4.5770459756496775,75.0,132.0,55.54622758538981
25,3515,"Lo Pasado, Pasado - Revisitado",['José José'],5.243583373329886,78.0,131.0,55.54615002399794
25,65,Let Me Be The One,['Johnny Mathis'],3.9064288379654286,66.0,133.0,55.54385730277926
25,3477,Product Of My Environment,['DreiBoogy'],5.237008189753944,77.0,131.0,55.54220491385237
25,5702,100 Resolutions,['The Lawrence Arms'],3.2254829129197393,63.0,134.0,55.53528974775185
25,3959,Loud Control,['Zoo Brazil'],2.5476857739322734,58.0,135.0,55.528611464359365
25,4212,The Way the World Will Fall,['Seepeoples'],3.198415045702939,65.0,134.0,55.519049027421765
25,7398,Barely Knew You,['Dylan Rice'],4.530039936270627,70.0,132.0,55.51802396176238
25,4947,Summer Fling,['Anny Celsi'],4.520570153568808,70.0,132.0,55.51234209214129
25,1022,Just Dance,"['Pegboard Nerds', 'Tia Simone']",3.1836837317329665,61.0,134.0,55.51021023903978
25,6861,What I'd Be Without Me,['The Paper Chase'],3.845522721644045,69.0,133.0,55.50731363298643
25,4193,Robot Man,['Scorpions'],4.496793563859758,72.0,132.0,55.49807613831586
25,6224,Freak Flag,['Open Mike Eagle'],3.156220152932041,61.0,134.0,55.49373209175923
25,6891,Show,['Live'],3.1430170496330496,62.0,134.0,55.48581022977983
25,3092,Shadows of the Sun,['Not Breathing'],3.1401372699385317,62.0,134.0,55.48408236196312
25,2431,Down To The Felt,['Dave Moisan'],3.7931974921792557,67.0,133.0,55.47591849530755
25,1634,Edge Of Now,['Neuropa'],4.458780790927762,70.0,132.0,55.475268474556664
25,5436,Wrinkles,['Diamond Rio'],3.7862580787501914,64.0,133.0,55.47175484725012
25,5908,Seamstress at Night,['Brando'],3.7522152679638165,67.0,133.0,55.45132916077829
25,4203,Longing For Fire,['Scorpions'],3.080951739681983,62.0,134.0,55.44857104380919
25,1416,Villified,['Galactic'],3.7419579863651005,67.0,133.0,55.44517479181906
25,5232,Startin' Over Blues,['Joe Diffie'],4.407575673256281,71.0,132.0,55.444545403953775
25,6367,Life: 101,['Cannata'],4.403705880932343,72.0,132.0,55.44222352855941
25,2370,Summer,['Sweet Cheater'],3.726210517271206,69.0,133.0,55.435726310362725
25,2442,In Quietness,['Andy Warren'],4.389233749143066,71.0,132.0,55.433540249485844
25,7282,LAX,"['L. Supreme', 'Jasonmakesgoodbeats']",4.3777772564864215,71.0,132.0,55.42666635389186
25,5321,Azo Tle Nelli in Tlalticpac?,['The Mountain Goats'],4.37648051928267,70.0,132.0,55.42588831156961
25,3350,"Momma's Groove - Jimpster's Hip Replacement Mix, Mixed",['Osunlade'],4.372504711263893,71.0,132.0,55.42350282675834
25,5567,Alibi,['The Mountain Goats'],3.700197389033984,68.0,133.0,55.42011843342039
25,4284,Nature Of The Experiment,['Tokyo Police Club'],5.022625675313627,76.0,131.0,55.41357540518818
25,575,Outburst,['Wesley Willis'],3.6874204583733,65.0,133.0,55.41245227502398
25,3108,One Ton Skank - Robot Riddims Remix,"['Pitch Black', 'Robot Riddims']",3.6845346709037,64.0,133.0,55.41072080254222
25,5227,Bandstand Boogie,['The Hit Crew'],3.0080987238618033,61.0,134.0,55.40485923431709
25,7325,Every Time It Rains,['Charlotte Martin'],3.6704751484868403,66.0,133.0,55.4022850890921
25,5387,From the Same Fire,['Rebecca Folsom'],2.9978735168530313,60.0,134.0,55.39872411011182
25,1469,Mr. Nothin,['The Guess Who'],4.994403019744734,75.0,131.0,55.39664181184685
25,944,Sweep Da Flo',"['Unk', 'Ying Yang Twins']",4.323487788380205,69.0,132.0,55.394092673028126
25,6024,Maniac,['Evergreen Terrace'],4.320818347195251,68.0,132.0,55.39249100831716
25,733,Missing Home,['flora cash'],3.634221095595253,62.0,133.0,55.38053265735716
25,1972,No Condimentz,['Metamatics'],4.2934733724204825,71.0,132.0,55.37608402345229
25,5865,Grand Opening,['The Minor Leagues'],4.281132381742762,72.0,132.0,55.36867942904566
25,2156,Celebrate,['New World Generation'],3.6113783076569588,65.0,133.0,55.36682698459418
25,2276,Something Stupid,['Global.Kryner'],4.272681953444684,71.0,132.0,55.363609172066816
25,8232,Todo Varon,"[""Juan D'Arienzo y su Orquesta Típica""]",4.268216924510036,69.0,132.0,55.360930154706026
25,6733,The Dream of the Past,['Domain of Dreams'],4.266554966267633,69.0,132.0,55.359932979760586
25,8075,When You Love Me,['Martina McBride'],4.256178552162083,70.0,132.0,55.353707131297256
25,1214,Living Right,['B.G.'],3.5828817630337095,66.0,133.0,55.34972905782023
25,2412,Where Would I Be?,['Andy Abraham'],3.572067416721169,65.0,133.0,55.3432404500327
25,3979,There's A War Going On,['Wale Oyejide'],4.8788781416846625,79.0,131.0,55.327326885010805
25,1654,Sunny Day,['Leah Andreone'],4.872887209981447,75.0,131.0,55.32373232598887
25,3341,Bathroom Floor,['Bullets And Octane'],3.4996513952044945,65.0,133.0,55.2997908371227
25,940,Beat Dat Azz,"['Unk', 'Princess Of Crime Mob', 'Mannish Man', 'Dub', 'Loko']",6.163537057788972,80.0,129.0,55.298122234673386
25,3602,Southern States,['The Essex Green'],4.817664415852562,75.0,131.0,55.290598649511544
25,5430,Sweet Summer,['Diamond Rio'],4.1413841677580905,68.0,132.0,55.284830500654856
25,2970,The Drop (feat. Maimon) (Clean),['Frank Marina'],4.797755176386022,75.0,131.0,55.278653105831616
25,4048,Rest My Head Against The Wall,['Heatmiser'],3.4621725385702566,61.0,133.0,55.27730352314216
25,2088,If We Are The Body,['Casting Crowns'],4.793173851788045,74.0,131.0,55.275904311072836
25,6631,In Demand,"['N2DEEP', 'Rob G', 'Potna Deuce', 'Baby Bash']",4.731986076195793,73.0,131.0,55.23919164571748
25,4400,Long Way Home,['National Pastime'],4.064146055334613,72.0,132.0,55.23848763320077
25,4762,Baby What Do You Want Me to Do,['The Chains'],3.3725830895767595,62.0,133.0,55.22354985374606
25,8251,Chaparron,"[""Juan D'Arienzo y su Orquesta Típica""]",4.029154622100993,68.0,132.0,55.2174927732606
25,8140,Don Pacifico,"[""Juan D'Arienzo y su Orquesta Típica""]",4.021059606837362,71.0,132.0,55.21263576410242
25,3531,Give a Little Bit,['The Knickerbockers'],4.68055799561681,71.0,131.0,55.20833479737009
25,2317,Vermisst,['Sero'],5.340673252232077,76.0,130.0,55.204403951339245
25,4675,I Like It (But I Don't Need It),['Vivian Green'],4.6480680087085195,70.0,131.0,55.18884080522512
25,7802,Walking In My Shoes,['Love Inc.'],4.607086681991193,71.0,131.0,55.16425200919472
25,7214,Humboldt County,['The Weary Boys'],3.270569182085375,61.0,133.0,55.16234150925123
25,2284,Funky Town,['Global.Kryner'],3.2302467665018826,64.0,133.0,55.138148059901134
25,7449,Play Your Part - Leading Role Radio,"['Deborah Cox', 'Mike Rizzo']",3.85150242316243,66.0,132.0,55.11090145389746
25,1418,My Mind Is Hazy,['Galactic'],3.8478264990975815,69.0,132.0,55.10869589945855
25,7354,Ich kann die Glocken läuten hör'n,['Die Prinzen'],5.166648381382892,76.0,130.0,55.09998902882973
25,2701,Future Ex Girlfriend,['Aurelio Voltaire'],3.166537795372937,61.0,133.0,55.099922677223766
25,2609,Piccolissima Descarga,['The Pinker Tones'],3.163896170071821,65.0,133.0,55.098337702043096
25,5006,How Your Love Makes Me Feel,['Diamond Rio'],3.827909726937075,67.0,132.0,55.09674583616225
25,7390,C'est La Vie (You Never Can Tell),['Chely Wright'],3.156299364484396,65.0,133.0,55.09377961869064
25,6170,Angel Face (Glitter Band),['World Dominatrix'],5.151689791218859,75.0,130.0,55.09101387473132
25,4554,If You Don't Love Me (I'll Kill Myself),['Pete Droge'],4.473157611881418,72.0,131.0,55.08389456712886
25,7891,Speaking In Tongues,['Toni Braxton'],3.138943743033857,61.0,133.0,55.083366245820315
25,91,100 km Ouluun,['Scandinavian Music Group'],3.8013674511527182,70.0,132.0,55.080820470691634
25,1961,Sommarens vattenspridare,['Ulf Lundell'],4.458844142364562,68.0,131.0,55.07530648541874
25,3606,Chartiers,['The Essex Green'],3.7825312533103546,67.0,132.0,55.069518751986216
25,7769,Cjs,['billy woods'],5.113947985603055,73.0,130.0,55.068368791361834
25,316,Behind Your Back,['Eric Brace & Peter Cooper'],3.766753106948309,67.0,132.0,55.06005186416899
25,4551,The Ballad Of Peter Pumpkinhead (feat. Ellen Reid),"['Crash Test Dummies', 'Ellen Reid']",3.098580652622182,64.0,133.0,55.05914839157331
25,7271,Complicated,['Carolyn Dawn Johnson'],3.7582622947405633,64.0,132.0,55.05495737684434
25,749,Don't Blame Me,['The Five Americans'],2.423822104527346,53.0,134.0,55.054293262716406
25,3502,Voltaire's Fable,['Desa'],4.417476034137611,72.0,131.0,55.050485620482576
25,7888,I'm Still Breathing,['Toni Braxton'],4.415558633373561,68.0,131.0,55.049335180024144
25,4374,Supa Ninjaz,['Cappadonna'],3.0804851516758345,59.0,133.0,55.0482910910055
25,5559,Smoke,"['J Flow', 'Trippy Troy']",3.739650832563847,64.0,132.0,55.04379049953831
25,2975,Hudson Jump (feat. A Butta) (Clean),['Frank Marina'],3.728503051007391,66.0,132.0,55.03710183060444
25,2589,Something's Been Making Me Blue,['Smokie'],3.720339321700904,65.0,132.0,55.03220359302055
25,6370,Reprise: Kali Allah,['Cannata'],2.382015523268996,54.0,134.0,55.0292093139614
25,825,Mississippi Delta Blues,['Moonshine'],5.041596527980649,74.0,130.0,55.02495791678839
25,1030,Am I the Only One (Who's Ever Felt This Way) - Live - 2003,['The Chicks'],3.01978694182494,61.0,133.0,55.011872165094964
25,5097,Eye-Opener,['The Cardinal Sin'],3.676835995772585,65.0,132.0,55.006101597463555
25,4818,Portrait (He Knew),['Kansas'],3.6712070863255706,65.0,132.0,55.00272425179535
25,6932,Back Of A Car,['Gin Blossoms'],3.66725636792064,67.0,132.0,55.00035382075239
25,3524,I Can Do It Better,['The Knickerbockers'],3.6550218072664236,66.0,132.0,54.99301308435986
25,4835,Man Hamrer Løs På En Åben Dør,['Peter Sommer'],2.3105390984322054,52.0,134.0,54.98632345905933
25,31,Wastin' Time,['Decay'],2.9743142806300136,60.0,133.0,54.98458856837801
25,3895,Barricades & Garrisons,['Cities'],4.301739845162259,72.0,131.0,54.98104390709736
25,3585,Your Next Baby's Daddy,['The Kilborn Alley Blues Band'],4.295304354820853,70.0,131.0,54.97718261289252
25,202,Last Call in Jonestown,['Polkadot Cadaver'],3.628316206305694,66.0,132.0,54.97698972378342
25,4884,Heartbreak Highway,['Sawyer Brown'],4.280755061710262,70.0,131.0,54.968453037026165
25,3608,The Boo Hoo Boy,['The Essex Green'],2.9395253857369834,59.0,133.0,54.963715231442194
25,450,Quittin' Time,['Keith Whitley'],3.6047092895994677,65.0,132.0,54.96282557375969
25,618,Join Us (Edit),['KatzKab (formerly Katzenjammer Kabarett)'],4.26856704037471,68.0,131.0,54.961140224224835
25,2602,A Stranger with You,"['Chris Norman', 'Suzi Quatro']",2.914538043285947,56.0,133.0,54.94872282597157
25,7272,I Don't Want You To Go - Country Version,['Carolyn Dawn Johnson'],3.562540913876459,64.0,132.0,54.93752454832588
25,5931,Blusher,['The Citizens'],4.21847149367214,70.0,131.0,54.93108289620329
25,8008,White Rabbit,['Collide'],3.5332518417054866,63.0,132.0,54.919951105023294
25,5025,Tire Swing,['Dylan Galvin'],4.181945852828551,68.0,131.0,54.909167511697135
25,3459,Black Lives Matter,"['DRE-B', 'Ladyboss']",4.162772439288399,69.0,131.0,54.897663463573046
25,8152,Malas Mañas,"[""Juan D'Arienzo y su Orquesta Típica""]",2.1125158634683245,55.0,134.0,54.86750951808099
25,963,Get Off Your Ass and Jam,['Funkadelic'],4.109043771222506,69.0,131.0,54.86542626273351
25,830,Mamas Kitchen Brew,['Moonshine'],2.759515376092351,57.0,133.0,54.85570922565541
25,3906,Gone,['Kilowatts & Vanek'],4.717359562190954,71.0,130.0,54.830415737314574
25,1062,Garland of Grace,['Smalltown Poets'],2.7107362630763245,62.0,133.0,54.8264417578458
25,7755,Party Was You,['Tim Finn'],3.356091211774997,62.0,132.0,54.813654727065
25,7733,Garras,['Aníbal Troilo Y Su Orquesta Típica'],5.347504060212556,75.0,129.0,54.80850243612753
25,108,Burning Bridges,['Luck Of Aleia'],3.3328786134744703,66.0,132.0,54.79972716808469
25,6414,Mistress Of Disguise,['Anjali'],1.9256614805399948,50.0,134.0,54.755396888324
25,1230,Caroline,['Paul Brill'],4.584659626022524,72.0,130.0,54.75079577561351
25,4602,Mother You've Been Gone for Much Too Long,['Ritual'],3.2216727399123775,62.0,132.0,54.73300364394743
25,2966,341 Blitz,['Frank Marina'],4.553208209781731,73.0,130.0,54.73192492586904
25,2560,Christmastime,['Blackfrosty'],3.8806253384102054,64.0,131.0,54.72837520304613
25,1524,Casting Long Shadows,['Penance'],3.2119336366774696,60.0,132.0,54.727160182006486
25,1266,Your Everything,['The Velmas'],2.5431799814904483,58.0,133.0,54.72590798889427
25,6118,Crashed,['David J'],3.8739035663771686,65.0,131.0,54.724342139826305
25,8236,Y Siempre La Misma Historia,"[""Juan D'Arienzo y su Orquesta Típica""]",2.5303063630430014,58.0,133.0,54.7181838178258
25,1027,Long Time Gone - Live - 2003,['The Chicks'],3.8556161060363694,71.0,131.0,54.713369663621826
25,7262,Trip on Azid - Live,['Frankie Bones'],3.854172541842735,67.0,131.0,54.712503525105646
25,885,Don't Change Your Love - Buddha Remastered 2001,"['The Five Stairsteps', 'Cubie Burke']",4.520000538569117,70.0,130.0,54.71200032314147
25,2152,One of a Kind,['New World Generation'],5.171265306770453,74.0,129.0,54.70275918406227
25,7501,Worries,['Cella Dwellas'],3.16852017980808,63.0,132.0,54.70111210788485
25,5394,Will of a Woman,['Rebecca Folsom'],3.817570791672647,68.0,131.0,54.690542475003596
25,4864,Average Man,['Dag Nasty'],3.1369855948215153,62.0,132.0,54.682191356892915
25,2462,Mean Flower,['Joe Henry'],4.466046740565426,69.0,130.0,54.67962804433925
25,1723,...Know When to Fold Em,['Bloodlined Calligraphy'],3.0987682808051025,63.0,132.0,54.65926096848307
25,5765,Brand New Beau,['Amanda Marshall'],3.095172751692285,57.0,132.0,54.657103651015376
25,1842,That's The Way My Heart Goes - Radio Version,['Marie Serneholt'],3.745433338386046,68.0,131.0,54.64726000303163
25,2766,Disfuncion,['Los Enemigos'],3.0699245039810847,62.0,132.0,54.64195470238865
25,3504,Another Disco Party,['Tuesday'],4.402998161008473,70.0,130.0,54.64179889660508
25,29,Gummi,['Apocalypse Hoboken'],4.394040173430351,70.0,130.0,54.63642410405821
25,4622,Do You Want to See the Sun,['Ritual'],3.038980726841468,62.0,132.0,54.62338843610488
25,3962,The Girl Room,['Zoo Brazil'],3.0328671482375755,60.0,132.0,54.61972028894255
25,4060,Log Bomb,['Bob Log III'],3.6882115555429347,64.0,131.0,54.61292693332577
25,2400,Heave Ho !,['Huong Thanh'],2.3440431780415634,51.0,133.0,54.60642590682494
25,1718,Demonstrating My Style,['Bloodlined Calligraphy'],3.6522560703843947,65.0,131.0,54.591353642230644
25,7381,Back of the Bottom Drawer,['Chely Wright'],3.640229483870952,66.0,131.0,54.58413769032258
25,5056,Marching Backwords,['Suicide City'],4.30561642725638,72.0,130.0,54.583369856353826
25,2377,Romina,['Sweet Cheater'],3.638784222037652,66.0,131.0,54.583270533222596
25,5310,Go Now,['Antje Duvekot'],2.9712275087215216,59.0,132.0,54.582736505232916
25,4347,Aye Que Rico,['Sero'],4.970202732384628,74.0,129.0,54.58212163943078
25,7400,One Pure Thing,['Dylan Rice'],3.6018085504108823,66.0,131.0,54.56108513024653
25,6153,Yellow Black and Rectangle,['Negativland'],3.5966073754988814,64.0,131.0,54.55796442529933
25,3814,Tyyny,['Iiwanajulma'],4.26082673201253,67.0,130.0,54.556496039207516
25,2927,Forms & Shapes,['Sascha Funke'],2.8826139343552493,60.0,132.0,54.529568360613155
25,3349,"Butterfly - Phil Asher's restless soul Vocal Mix, Mixed",['Osunlade'],3.5332116234978046,64.0,131.0,54.51992697409869
25,3810,Kujanjuoksu,['Iiwanajulma'],4.190761308745243,70.0,130.0,54.51445678524715
25,6278,Felicidad,['Gloria Estefan'],4.182396626331782,69.0,130.0,54.50943797579907
25,4553,Insomniac,"['Echobelly', 'Simon Vinestock']",3.506206180066418,64.0,131.0,54.50372370803986
25,2326,Untergehen,['Sero'],3.5023737984302055,63.0,131.0,54.50142427905813
25,1545,Cover To Cover,['Shoplifting'],2.8256493618845058,57.0,132.0,54.495389617130705
25,3471,Non Stop,['DreiBoogy'],4.158583313340157,67.0,130.0,54.495149988004094
25,7300,Put Your Arms Down,['United States Three'],3.4914639647404515,63.0,131.0,54.49487837884428
25,7041,Don't Listen to the Radio - Live,['Granger Smith'],4.810300474287476,73.0,129.0,54.486180284572484
25,6684,Gerek Yok,['Atmxca'],4.125931248327209,66.0,130.0,54.47555874899633
25,624,The Haunted Phonograph,['Thoushaltnot'],3.4534040964011337,63.0,131.0,54.472042457840686
25,4338,Happily Ever After,['Seraphim Shock'],3.4424198485965287,63.0,131.0,54.46545190915792
25,7503,Good Dwellas (Pt. 2),['Cella Dwellas'],3.417332739261226,63.0,131.0,54.45039964355674
25,958,You Can't Miss What You Can't Measure,['Funkadelic'],3.382950025037771,62.0,131.0,54.42977001502267
25,3006,Bloodline,['Slayer'],3.3756267574445116,63.0,131.0,54.42537605446671
25,2655,Just Fine,['ciaO!'],5.349438017650496,75.0,128.0,54.4096628105903
25,5156,Mama Weer All Crazee Now,['Quiet Riot'],5.308954780184415,75.0,128.0,54.38537286811065
25,3206,Breathe,['Kitchie Nadal'],4.6309648711000335,71.0,129.0,54.37857892266002
25,7309,1 x,['Die Prinzen'],4.630202840097157,71.0,129.0,54.378121704058294
25,2509,Frank,['Marie Key Band'],3.9412093704677935,71.0,130.0,54.36472562228067
25,3642,Rider of the Astral Fire,['Luca Turilli'],3.9318294027628085,67.0,130.0,54.359097641657684
25,7446,Absolutely Not - Radio Edit,['Deborah Cox'],3.9001864364120533,68.0,130.0,54.340111861847234
25,2683,Oxagon,['Oval'],1.8959436217701175,48.0,133.0,54.33756617306207
25,2657,Father Christmas,['Pinkston'],4.550583915500421,74.0,129.0,54.330350349300254
25,5408,Going To Monaco,['The Mountain Goats'],3.847032048636704,64.0,130.0,54.30821922918202
25,6200,Holy Is Our King,"['Tru-Serva', 'Dijohn']",3.1767637529410364,64.0,131.0,54.306058251764625
25,6122,Estranged,['David J'],3.1567583120969247,60.0,131.0,54.29405498725816
25,4547,Until the Time Is Through - International Version,['Five'],2.4679590962926437,54.0,132.0,54.28077545777559
25,3644,The Age of Mystic Ice,['Luca Turilli'],3.1333716721715064,64.0,131.0,54.28002300330291
25,3983,Upwards,['Wale Oyejide'],4.461611837616695,67.0,129.0,54.27696710257002
25,8016,I'll Be There,['Martina McBride'],4.460076683405966,69.0,129.0,54.27604601004358
25,2749,They Know Me,['Aurelio Voltaire'],3.7912244107848245,68.0,130.0,54.2747346464709
25,6266,SUFFERING BRINGS WISDOM,['Crowbar'],3.7886827756511536,68.0,130.0,54.273209665390695
25,1218,Fuck Em,['B.G.'],5.121518591552672,76.0,128.0,54.272911154931606
25,1108,Beautiful,['Anna Waronker'],3.7837127069892547,63.0,130.0,54.27022762419355
25,59,Let Your Heart Remember,['Johnny Mathis'],3.776078613196178,65.0,130.0,54.265647167917706
25,3190,Motivator,['U.K. Subs'],4.430365749058721,72.0,129.0,54.25821944943523
25,345,Sky City - Original,['Jondi & Spesh'],3.760755910034638,65.0,130.0,54.25645354602078
25,1404,The Art of Excess,['I:Scintilla'],3.090196158438951,57.0,131.0,54.25411769506338
25,305,One Step Closer,['Nelson Rangell'],3.7537204391134047,69.0,130.0,54.252232263468045
25,5652,Hvem Er Din Drøm,['Søs Fenger'],4.412140021404177,68.0,129.0,54.247284012842506
25,7355,Was soll ich ihr schenken ?,"['Die Prinzen', 'Graham Laybourne']",3.7447174455893384,63.0,130.0,54.246830467353604
25,3499,"One Time, Two Times",['40 Winks'],3.063703026876831,61.0,131.0,54.23822181612611
25,7971,Invade My Body - Titans Remix,['Leæther Strip'],3.0598719760391107,59.0,131.0,54.23592318562347
25,7651,Count The Rings,['Godzuki'],3.0588484471093103,58.0,131.0,54.23530906826559
25,8260,El Porto,"[""Juan D'Arienzo y su Orquesta Típica""]",3.712863919460494,63.0,130.0,54.227718351676295
25,6474,King of the World,['Bastard Sons of Johnny Cash'],4.374910919106681,71.0,129.0,54.22494655146401
25,5841,The Fuck You Garage,['Numbers'],3.7011810944241814,64.0,130.0,54.22070865665451
25,5893,Weave in Your Hair,['Brando'],2.354095814094611,54.0,132.0,54.21245748845677
25,4856,Minority Of One,['Dag Nasty'],3.0124730559034383,61.0,131.0,54.20748383354207
25,8245,Me Gusta Bailar Milonga,"[""Juan D'Arienzo y su Orquesta Típica""]",2.99484211278643,60.0,131.0,54.196905267671866
25,1224,It Don't Stop,['B.G.'],4.323968034164657,70.0,129.0,54.19438082049879
25,580,Vampire Bat,['Wesley Willis'],4.985837830688473,73.0,128.0,54.19150269841309
25,5582,Song of the Universe,['20/20'],2.979705729643657,60.0,131.0,54.1878234377862
25,4487,Petey Pablo Snippets - Edited,['Mystikal'],2.974620126928528,61.0,131.0,54.184772076157124
25,3586,Tales From the Alley,['The Kilborn Alley Blues Band'],3.635666792569511,64.0,130.0,54.18140007554171
25,8037,Wrong Again,['Martina McBride'],2.9610813918303633,58.0,131.0,54.17664883509822
25,5948,First To Go,['Zu'],4.277215133453491,69.0,129.0,54.166329080072096
25,527,Shirts Off,['Armitage Shanks'],3.607767779144339,66.0,130.0,54.1646606674866
25,1783,TEUER TEUER,['Farid Bang'],3.6064567558818754,65.0,130.0,54.16387405352913
25,2238,C'mon Let's Spawn,['The Make-Up'],4.248469295998815,70.0,129.0,54.14908157759929
25,7353,Der Weihnachtsmann ist schuld daran,['Die Prinzen'],4.8953814456394324,73.0,128.0,54.13722886738366
25,6382,City Folks Call Us Poor,"['Larry Sparks', 'Sharon White Skaggs', 'Cheryl White']",2.887029346758831,58.0,131.0,54.132217608055306
25,7937,Glittering Dream,['The Minders'],2.863783546995754,60.0,131.0,54.11827012819746
25,955,"You and Your Folks, Me and My Folks",['Funkadelic'],4.17913857159922,69.0,129.0,54.10748314295953
25,7953,Ten-Cent Dynamite,['Five Horse Johnson'],2.8450936808223255,59.0,131.0,54.107056208493404
25,4182,Marker In The Sand,['Pearl Jam'],3.480187455221292,65.0,130.0,54.088112473132774
25,3364,In Her Eyes (feat. Andre Espeut) - Mixed,"['Ilija Rudman', 'Andre Espeut']",4.139704702926204,68.0,129.0,54.083822821755724
25,7569,Blue Christmas,['Sawyer Brown'],2.8000360159375344,57.0,131.0,54.08002160956253
25,1790,Animals Parody,['Bart Baker'],3.4014235270781232,66.0,130.0,54.04085411624688
25,2040,Her Love Is Innocence,['The Devotchkas'],6.019034710766284,80.0,126.0,54.011420826459776
25,1026,There's Your Trouble - Live - 2003,['The Chicks'],2.6855353342665715,57.0,131.0,54.01132120055995
25,1939,Loving Sickness/Burning Fuel,['Solace'],4.67477811977418,75.0,128.0,54.00486687186451
25,6389,Sharecropper's Son,"['Larry Sparks', 'Ricky Skaggs', 'Ralph Stanley']",2.6657051878155116,59.0,131.0,53.999423112689314
25,4402,Cocaine Ska,['Warren Li Young'],5.317623086597745,80.0,127.0,53.99057385195865
25,6945,Me Estoy Enamorando,['Jerry Rivera'],3.9383138077061464,67.0,129.0,53.96298828462369
25,404,Ramiro's Theme,['Buscemi'],3.9365623213144865,68.0,129.0,53.96193739278869
25,6357,Memories Through Photographs,['Papermoon'],3.268630314554664,63.0,130.0,53.961178188732795
25,572,Rock N Roll McDonalds,['Wesley Willis'],1.9291408630721836,50.0,132.0,53.95748451784331
25,620,Black Iron Road (2011 version - Barry Adamson mix),['Unextraordinary Gentlemen'],3.2534080808373367,62.0,130.0,53.9520448485024
25,4926,Not Lonely Anymore,['Smog'],4.575179838869522,72.0,128.0,53.94510790332171
25,5993,Wargasm 2005,"['Drywall', 'Stan Ridgway']",3.905848651684534,67.0,129.0,53.94350919101072
25,6477,No Easy Road,['Bastard Sons of Johnny Cash'],3.2295527491601583,66.0,130.0,53.937731649496094
25,2070,Old Simon Stimson,['Peter Mulvey'],3.1937344780047194,59.0,130.0,53.91624068680283
25,7032,Summer Nights,['Keenon Rush'],2.526462527854502,55.0,131.0,53.915877516712705
25,1531,Feel Us Shaking,['The Samples'],3.186405440226381,63.0,130.0,53.911843264135825
25,107,Spark,['Luck Of Aleia'],2.5137816389647423,56.0,131.0,53.90826898337885
25,7440,Just Be Good to Me,['Deborah Cox'],3.1785469572847633,60.0,130.0,53.90712817437086
25,5637,Cherokee,['Europe'],2.5113305553012566,54.0,131.0,53.90679833318076
25,1479,Master of the Sea,['John Called Mark'],3.83310810804273,70.0,129.0,53.89986486482564
25,6270,Tres Deseos (Three Wishes),"['ITA - CACHAO', 'Gloria Estefan']",2.4996715900109043,54.0,131.0,53.899802954006546
25,4422,Saturday,['Wack Trucks'],3.1608133213060734,64.0,130.0,53.89648799278364
25,5382,Going to Kansas,['The Mountain Goats'],3.8268711925755903,64.0,129.0,53.89612271554535
25,4394,Mala Memoria,['Julieta Venegas'],4.48712612294441,70.0,128.0,53.89227567376665
25,5212,Ballin',['Galaxy Rebel'],3.813906716087659,66.0,129.0,53.8883440296526
25,1441,Everything Sucks (Again),['Pitchshifter'],3.803674747487807,68.0,129.0,53.882204848492684
25,101,Kun kuolen,['Scandinavian Music Group'],3.799428948965789,70.0,129.0,53.87965736937947
25,7710,Matter of Time,['CIRRUS'],2.451336691562709,55.0,131.0,53.87080201493763
25,7500,Line 4 Line,['Cella Dwellas'],3.774593665084831,67.0,129.0,53.8647561990509
25,2720,Anastasia,['Aurelio Voltaire'],3.7743108039757254,63.0,129.0,53.864586482385434
25,7046,As It is in Texas - Live,['Granger Smith'],3.770108098978141,68.0,129.0,53.862064859386884
25,2585,Living Next Door to Alice,['Smokie'],3.7620918321016874,64.0,129.0,53.85725509926101
25,1656,Bow Down,['Leah Andreone'],2.4256782827050674,54.0,131.0,53.85540696962305
25,324,Drinking From a Swimming Pool,['Eric Brace & Peter Cooper'],2.415067758389181,54.0,131.0,53.84904065503351
25,4502,It Yearns,['Mystikal'],3.74391418842458,67.0,129.0,53.84634851305475
25,4790,Child of God,['Rachel Harrington'],3.0761584744749477,58.0,130.0,53.84569508468497
25,6794,"Pity in the Summer (feat. Cam'ron, Rain, Fred the Godson & Marc Scibilia)","['Jim Jones', 'Cam’ron', 'Rain', 'Fred the Godson', 'Marc Scibilia']",3.736498664931926,64.0,129.0,53.841899198959155
25,5763,Love Is My Witness,['Amanda Marshall'],4.400653824861002,68.0,128.0,53.840392294916604
25,3491,Challenging Me,['Mike Park'],3.719512238173936,64.0,129.0,53.831707342904366
25,5663,I Had A Secret,['Johanna and the Dusty Floor'],3.708499937449856,63.0,129.0,53.82509996246991
25,442,Hard Livin',['Keith Whitley'],3.0389243718294536,60.0,130.0,53.82335462309767
25,1437,Like Kaos,['The Angel'],3.7043000689789136,61.0,129.0,53.82258004138735
25,5095,The Deep,['Creek'],3.032333185417963,58.0,130.0,53.81939991125078
25,4424,Murder In The Dark,['A Cast of Thousands'],3.6965066735548326,66.0,129.0,53.8179040041329
25,2627,Stronger,['The JT Blues Band'],5.026711059422113,74.0,127.0,53.81602663565327
25,6821,Devil In Disguise,['Coptic Rain'],2.3594090757842614,53.0,131.0,53.815645445470565
25,6591,Mozartbique,"['Wolfgang Amadeus Mozart', 'Klazz Brothers', 'Cuba Percussion']",3.6898110173910674,63.0,129.0,53.81388661043464
25,7770,Pit & the Pendulum F/ Vordul,['billy woods/vordul'],3.686215709269628,65.0,129.0,53.81172942556178
25,2153,I'm Feelin' Fine,['New World Generation'],4.347197865184185,68.0,128.0,53.80831871911052
25,2151,Dreamland,['New World Generation'],2.3444179394031996,53.0,131.0,53.806650763641926
25,2145,Unleash the Troll,['Rumpelstiltskin Grinder'],3.6759880925778545,64.0,129.0,53.80559285554671
25,1093,Comme nous sommes,['Jeanne Mas'],2.33681979341525,50.0,131.0,53.802091876049154
25,4669,Wish We Could Go Back,['Vivian Green'],4.330212304058837,68.0,128.0,53.798127382435304
25,4949,It Hurts/My Heart/To Hear/Your Voice,['Anny Celsi'],2.9962059449328335,60.0,130.0,53.797723566959704
25,7725,Dirtraveingravepa,['Headnoise'],4.320189831156159,70.0,128.0,53.7921138986937
25,6561,Mono On Mono,['John Tejada'],2.982406950280975,59.0,130.0,53.789444170168586
25,1711,Would?,['Alice In Chains'],2.9823436834255497,59.0,130.0,53.78940621005533
25,3338,Signed In Alcohol,['Bullets And Octane'],2.980040356915564,60.0,130.0,53.78802421414934
25,5587,Watching the Headlights Burn,['20/20'],2.3008034209567576,51.0,131.0,53.78048205257406
25,3968,I Never Really Loved You At All,['Benny Mardones'],4.283973724864496,69.0,128.0,53.7703842349187
25,5283,A Not so Silent Night,['Ty Herndon'],3.612019610557602,64.0,129.0,53.76721176633456
25,2185,Deuce and a Quarter,['Kevin Gordon'],2.9441008617680393,58.0,130.0,53.76646051706082
25,2039,Gone Crazy,['The Devotchkas'],3.6068330202874126,66.0,129.0,53.76409981217245
25,8165,Mano Brava,['Aníbal Troilo Y Su Orquesta Típica'],2.9301025545062322,61.0,130.0,53.75806153270374
25,3175,BIC,['U.K. Subs'],2.9112433407628813,60.0,130.0,53.74674600445773
25,4137,Limb To Limb,['Mellowdrone'],2.910165884442985,56.0,130.0,53.74609953066579
25,5581,So Many Reasons,['20/20'],3.571453883688014,65.0,129.0,53.74287233021281
25,6189,No Trouble (feat. The D.B.'z & E-40),"['E-40', ""The DB'z""]",4.233509019188638,73.0,128.0,53.740105411513184
25,8044,Here in My Heart,['Martina McBride'],2.891985621274431,59.0,130.0,53.73519137276466
25,4285,Citizens Of Tomorrow,['Tokyo Police Club'],4.192204958103581,69.0,128.0,53.715322974862154
25,7202,Jumpin' Jolie,['The Weary Boys'],4.190885573430399,68.0,128.0,53.714531344058244
25,6564,In C,['Treepeople'],2.8547537105329623,59.0,130.0,53.712852226319775
25,2146,Grinder,['Rumpelstiltskin Grinder'],2.8542118883574874,60.0,130.0,53.71252713301449
25,3963,Murder,['Zoo Brazil'],2.8495406536195578,58.0,130.0,53.709724392171736
25,4766,It's Not the End,['The Chains'],3.5153126128570173,62.0,129.0,53.70918756771421
25,3373,El Bodeguero,['Orquesta Aragón'],2.8434613401612787,56.0,130.0,53.70607680409677
25,2751,Snakes,['Aurelio Voltaire'],3.500931617156126,64.0,129.0,53.70055897029368
25,7747,I'll Never Know,['Tim Finn'],3.4812089908229797,64.0,129.0,53.68872539449379
25,7467,Scions - Original Mix,['Fayte'],4.794033433802343,73.0,127.0,53.67642006028141
25,3352,"La Mezcla (feat. Totó La Momposina) - Charles Webster's Club Mix, Mixed","['Michel Cleis', 'Totó La Momposina']",4.100302429406932,68.0,128.0,53.660181457644164
25,2647,Fuselage-(It's Starting to Look Like Christmas Once Again),['Centro-matic'],5.358787162761739,77.0,126.0,53.61527229765705
25,2033,Negative Reaction,['The Devotchkas'],2.6686303927438355,61.0,130.0,53.6011782356463
25,3016,Blind World,['Flybanger'],1.9773352988856934,50.0,131.0,53.586401179331425
25,8141,Esta Noche Me Emborracho,"[""Juan D'Arienzo y su Orquesta Típica"", 'Alberto Echagüe']",3.9249873611496593,64.0,128.0,53.5549924166898
25,8191,Don Orlando,"[""Juan D'Arienzo y su Orquesta Típica""]",3.2375806846205326,62.0,129.0,53.54254841077232
25,7551,Undone ( reprise),['Christine Havrilla'],3.2324119291770486,59.0,129.0,53.53944715750623
25,4337,Prey,['Seraphim Shock'],1.8735799145822896,50.0,131.0,53.52414794874938
25,4759,Look the Other Way,['The Chains'],3.8706781820333043,69.0,128.0,53.52240690921999
25,6026,Plowed,['Evergreen Terrace'],1.8569508242507458,49.0,131.0,53.514170494550456
25,3484,Innocent,['The Peacocks'],1.8489603264924384,50.0,131.0,53.50937619589547
25,2103,Killing On Empty,['The Acacia Strain'],1.8458872062376783,50.0,131.0,53.50753232374261
25,6032,Dying Degree,['Evergreen Terrace'],3.177887386994525,62.0,129.0,53.50673243219671
25,1784,Casanova (feat. SSIO),"['Farid Bang', 'SSIO']",3.8335688006411157,68.0,128.0,53.500141280384675
25,1408,Nothing but Recordings - Bounte Mix,"['I:Scintilla', 'Bounte']",1.820621547001118,48.0,131.0,53.49237292820067
25,7653,I Feel Like Moth,['Godzuki'],3.1377683678414465,62.0,129.0,53.48266102070487
25,6734,The Dream of the End,['Domain of Dreams'],1.800684039760535,48.0,131.0,53.48041042385633
25,6890,Get Ready,['Live'],3.7956220878047535,68.0,128.0,53.47737325268285
25,1215,Kill Or Be Killed,"['B.G.', 'Max B']",2.4576255169316075,53.0,130.0,53.47457531015896
25,8182,Te Odio Y Te Quiero,"[""Juan D'Arienzo y su Orquesta Típica""]",3.786377597489946,66.0,128.0,53.47182655849397
25,7499,Realm 3,['Cella Dwellas'],3.1182530551978926,59.0,129.0,53.47095183311874
25,4270,Alien Intelligence,['Moraz Alban Project'],2.43951270762671,54.0,130.0,53.463707624576024
25,4540,That's What You Told Me,['Five'],4.436959136029376,71.0,127.0,53.46217548161763
25,7358,Es kommt ein Schiff geladen,['Die Prinzen'],3.7583864284349233,63.0,128.0,53.45503185706096
25,5801,My Man,['Diana Ross'],3.089922000453112,58.0,129.0,53.45395320027187
25,1107,I Wish You Well,['Anna Waronker'],3.088789239437111,61.0,129.0,53.45327354366227
25,4608,Breathing,['Ritual'],2.4217360489755304,54.0,130.0,53.45304162938532
25,6508,Badtimes,['Laika'],3.085955562403998,59.0,129.0,53.4515733374424
25,1173,Ska Beat,['Mek Pek'],3.0843743562860704,61.0,129.0,53.450624613771645
25,6590,Son de Mozart,"['Wolfgang Amadeus Mozart', 'Klazz Brothers', 'Cuba Percussion']",3.079208650612745,58.0,129.0,53.44752519036765
25,7571,Jingle Bell Rock,['Bobby Helms'],2.4121218013929324,54.0,130.0,53.44727308083576
25,4407,Life Circus,['Pama International'],2.407541398812679,49.0,130.0,53.44452483928761
25,6798,Mama I Made It (feat. Cam'ron),"['Jim Jones', 'Cam’ron']",4.394546306509019,69.0,127.0,53.43672778390542
25,1894,The Zipper Lips,['Neil Hamburger'],4.39315872201554,69.0,127.0,53.43589523320933
25,5706,Overheated,['The Lawrence Arms'],3.0509799969609435,60.0,129.0,53.43058799817657
25,5929,What's Happening At The Seams,['The Citizens'],2.383885828686488,55.0,130.0,53.430331497211895
25,7582,El Morocho Y El Oriental - Gardel - Razzano,['Aníbal Troilo Y Su Orquesta Típica'],3.711539042772904,67.0,128.0,53.426923425663745
25,6068,Sidemouse Advice,['Mike Watt'],3.0405022311597385,62.0,129.0,53.42430133869584
25,573,Larry Nevers/Walter Budzyn,['Wesley Willis'],3.6991270049228575,64.0,128.0,53.41947620295372
25,6191,Ready to Roll,"['Tru-Serva', 'Dijohn']",3.679546216636366,62.0,128.0,53.40772772998182
25,510,UNHAPPY CLUB,"['Kami-sama, I have noticed']",3.0122738929484294,57.0,129.0,53.40736433576906
25,601,Posible,['Rivermaya'],4.333022815908825,69.0,127.0,53.3998136895453
25,7286,Family Affair,"['L. Supreme', 'Jasonmakesgoodbeats', 'Steam Mag', 'Ruben']",2.9924760521149474,58.0,129.0,53.39548563126897
25,2210,Demon Road - Live,['Yeasayer'],2.986770972129887,58.0,129.0,53.392062583277934
25,3189,I Don't Need Your Love,['U.K. Subs'],2.315882436404605,53.0,130.0,53.38952946184276
25,7389,Wheels,['Chely Wright'],2.299542671659451,52.0,130.0,53.37972560299567
25,8145,El Marne,"[""Juan D'Arienzo y su Orquesta Típica""]",3.631882584164544,64.0,128.0,53.37912955049873
25,7849,Quit Breaking My Heart,['Mandy Moore'],2.96508497910669,59.0,129.0,53.37905098746401
25,6899,Night of Nights,['Live'],4.298376828557464,70.0,127.0,53.379026097134485
25,6405,Wanna Be,['The Verve Pipe'],3.6298018137676777,65.0,128.0,53.37788108826061
25,6031,Sunday Bloody Sunday,['Evergreen Terrace'],3.6274427426051785,62.0,128.0,53.37646564556311
25,3864,100 Suicides,['Dog Fashion Disco'],2.948189199485773,61.0,129.0,53.36891351969147
25,851,Dancing at Sunset,['Karsh Kale'],3.6079185160735,64.0,128.0,53.364751109644104
25,2389,Maybe,['Pushmonkey'],3.6025597687407585,64.0,128.0,53.361535861244455
25,27,Sorry Song,['The Gamits'],3.580948362371721,65.0,128.0,53.34856901742304
25,1988,By Christmas Eve,['John Legend'],2.9119931902967506,58.0,129.0,53.34719591417805
25,7492,Perfect Match,['Cella Dwellas'],2.9107053034207437,58.0,129.0,53.34642318205245
25,1676,I Surrender All,"[""Caedmon's Call""]",2.9055908085550337,59.0,129.0,53.34335448513302
25,3554,My Feet Are Off the Ground,['The Knickerbockers'],2.8882982937441546,59.0,129.0,53.332978976246494
25,4336,Sex Toy,['Seraphim Shock'],2.2186635940814936,52.0,130.0,53.3311981564489
25,7846,Walk Me Home,['Mandy Moore'],4.212854089313591,67.0,127.0,53.32771245358816
25,7550,Every Now & Then,['Christine Havrilla'],4.2057428073167396,69.0,127.0,53.323445684390045
25,6436,Typhoons Decide,['Ritual'],2.201181098300419,52.0,130.0,53.32070865898025
25,5223,Just A Gigolo,['The Hit Crew'],2.858745842645297,58.0,129.0,53.31524750558718
25,7444,Nobody's Supposed to Be Here - Special-Slow To Fast-Version,"['Deborah Cox', 'Hex Hector']",2.837964098841517,59.0,129.0,53.30277845930491
25,949,Make You Move,['Unk'],3.500835256346369,62.0,128.0,53.30050115380782
25,4663,Lovers On Main Street,['Japan'],3.496143671375862,62.0,128.0,53.29768620282552
25,7078,Lunedì,['Samuele Bersani'],4.156999463365095,68.0,127.0,53.29419967801906
25,3210,Huwag Na Huwag Mong Sasabihin,['Kitchie Nadal'],2.821298799634012,58.0,129.0,53.29277927978041
25,1680,Captain Ward,['Tempest'],2.820304085090835,57.0,129.0,53.2921824510545
25,1683,Iron Lady,['Tempest'],2.815585843648017,57.0,129.0,53.28935150618881
25,722,Peddi Max (#Manicured),"['Henrik the Artist', 'Manicure Records']",3.466231238574297,60.0,128.0,53.279738743144584
25,2629,The Battle Of New Orleans,['Johnny Horton'],2.791207934154077,57.0,129.0,53.27472476049245
25,7293,Perfect World,['DAVID DISALLE'],4.123802920985897,69.0,127.0,53.27428175259154
25,3380,Los Tiñosos,['Orquesta Aragón'],2.771885870173314,56.0,129.0,53.26313152210399
25,5278,O Little Town of Bethlehem,['Ty Herndon'],3.4098725299035424,62.0,128.0,53.24592351794213
25,7722,Dues Ex Machina,['Headnoise'],2.7242211477505336,55.0,129.0,53.23453268865032
25,2499,Cubs In Five,['The Mountain Goats'],2.706582276956107,56.0,129.0,53.22394936617366
25,3173,Cid,['U.K. Subs'],1.369597427714736,41.0,131.0,53.22175845662885
25,6324,Delela,['Yanga Chief'],2.694273561717719,56.0,129.0,53.21656413703063
25,8069,She's a Butterfly,['Martina McBride'],2.683026663617804,55.0,129.0,53.20981599817068
25,6155,Christianity Is Stupid,['Negativland'],2.6717865313057207,56.0,129.0,53.203071918783436
25,5013,Night Is Fallin' in My Heart,['Diamond Rio'],2.655155544857701,53.0,129.0,53.19309332691462
25,2032,Wicked Heart,['The Devotchkas'],1.9547565873506305,50.0,130.0,53.17285395241038
25,7129,Goin' Goin' Gone,['Danger Danger'],3.251194477000801,66.0,128.0,53.15071668620048
25,4274,Indoneasian Transition/I Don't Care/María Medley - Black & White Tour Version,['Ricky Martin'],2.5669233131948994,56.0,129.0,53.14015398791694
25,5391,In the Sea,['Rebecca Folsom'],3.2199878463190315,57.0,128.0,53.13199270779142
25,5423,Short Song About The 10 Freeway,['The Mountain Goats'],1.878972252867221,49.0,130.0,53.12738335172033
25,7742,Juan Tango,['Aníbal Troilo Y Su Orquesta Típica'],3.2106642615813756,63.0,128.0,53.12639855694883
25,4421,Lie Awhile,['Commonplace'],2.536991290067106,55.0,129.0,53.12219477404027
25,3208,Deliverance,['Kitchie Nadal'],2.536336267866023,56.0,129.0,53.12180176071961
25,6230,Unapologetic,"['Open Mike Eagle', 'Nocando']",3.20151323063956,61.0,128.0,53.12090793838374
25,4409,Night Crimes,['Scout You Devil'],5.1966621214583855,74.0,125.0,53.11799727287503
25,8150,De Abolengo,"[""Juan D'Arienzo y su Orquesta Típica""]",3.8451130537323706,65.0,127.0,53.10706783223942
25,5829,Seven Times Hotter Than Fire,['T Bone Burnett'],1.8346116639781207,46.0,130.0,53.100766998386874
25,4771,Rollin' and Tumblin',['Jeff Beck'],3.831845842860924,68.0,127.0,53.09910750571656
25,6603,Baby Say Unh!,['Demolition Doll Rods'],3.1617745138909186,61.0,128.0,53.09706470833456
25,5944,Kaleidoscope,['Zu'],2.4612276167839,54.0,129.0,53.07673657007034
25,1499,Look Around da Corna',"['Daforce', 'Nawlage2k5']",3.127679149951144,60.0,128.0,53.07660748997069
25,2353,Menouthis,['E.S. Posthumus'],2.4575404107005543,56.0,129.0,53.07452424642033
25,8179,Mucho Mucho,"[""Juan D'Arienzo y su Orquesta Típica""]",2.4449810100160017,52.0,129.0,53.0669886060096
25,4044,Till You Die,['Candy Butchers'],2.438157477004142,55.0,129.0,53.06289448620249
25,7388,Southside of Lonesome,['Chely Wright'],3.102766638387595,61.0,128.0,53.06165998303256
25,259,Got To Get You Into My Life,['Christy Baron'],4.431729197534181,68.0,126.0,53.05903751852051
25,7132,Good Time,['Danger Danger'],3.743008775503939,66.0,127.0,53.04580526530237
25,7827,I Wanna Be With You,['Mandy Moore'],3.742465238250981,66.0,127.0,53.04547914295059
25,6056,Against the 70's,['Mike Watt'],2.408379379508485,54.0,129.0,53.045027627705096
25,7786,Wedding Song,['The Mountains & The Trees'],2.408345313419357,54.0,129.0,53.04500718805161
25,4479,Family,['Mystikal'],3.741428365383757,67.0,127.0,53.04485701923026
25,4050,Play My Game,['The Donnas'],2.3892769507380223,54.0,129.0,53.03356617044282
25,7791,The Way You Love (Sniffergod Remix),['Electro Spectre'],3.715926659513818,63.0,127.0,53.02955599570829
25,2158,Worry,['New World Generation'],2.3822223698093943,54.0,129.0,53.02933342188564
25,4781,Blink - Def Dee Remix,['Boog Brown'],3.7109574577325954,64.0,127.0,53.02657447463956
25,6315,Khulula,['Yanga Chief'],3.707179183978114,62.0,127.0,53.024307510386876
25,105,Happy Birthday,['Luck Of Aleia'],3.695522971792949,66.0,127.0,53.01731378307577
25,4134,Orange Marmalade,['Mellowdrone'],3.0235645243812606,57.0,128.0,53.01413871462876
25,5309,Dandelion,['Antje Duvekot'],2.3554618327903993,53.0,129.0,53.01327709967424
25,1725,A Variety Of Damage,['Bloodlined Calligraphy'],2.354074827449308,55.0,129.0,53.01244489646959
25,5985,Abandon Ship,"['Drywall', 'Stan Ridgway']",3.0186542991088534,58.0,128.0,53.011192579465316
25,5354,Justa Messenger (Justa Messenger & H.U.R.T.),"['H.U.R.T.', 'Justa Messenger']",3.666912393020553,63.0,127.0,53.00014743581234
25,2628,No Winners (In War),['The JT Blues Band'],2.9939935148695764,58.0,128.0,52.99639610892175
25,8125,Kerosene,['American Longspurs'],2.3269984743441925,51.0,129.0,52.996199084606516
25,6939,Jesus Christ,['Teenage Fanclub'],2.9549013126893304,59.0,128.0,52.9729407876136
25,6820,Regodless,['Sunshine Blind'],2.2872399551293325,50.0,129.0,52.9723439730776
25,3344,On The Edge (feat. Kerrie-Anne) - Mixed,"['Josh Butler', 'Kerrie-Anne']",2.95255666068317,60.0,128.0,52.9715339964099
25,3635,Obey Thou Trembling Creature,['AM Syndicate'],2.2841936523088973,52.0,129.0,52.97051619138534
25,4996,Crimson Moon,['Bert Jansch'],3.6161802907557217,62.0,127.0,52.96970817445344
25,7100,Joe Biden,"['KrispyLife Kidd', 'IceWear Vezzo']",2.94894045782608,58.0,128.0,52.96936427469565
25,4101,Don’t You Go,['Myka 9'],1.599583557722163,40.0,130.0,52.959750134633296
25,3815,Shades of Pale - Reframed,['Metroland'],2.9319258227898297,59.0,128.0,52.9591554936739
25,6718,Coronet,"['Radim Zenkl', 'Leo Chern']",3.5949960720629393,62.0,127.0,52.95699764323777
25,4138,This Is It!,['Melvin Sparks'],2.24231795680744,50.0,129.0,52.945390774084466
25,4877,Farmer Tan,['Sawyer Brown'],2.906857498603265,55.0,128.0,52.94411449916196
25,7958,Feed That Train,['Five Horse Johnson'],2.2378909089983345,49.0,129.0,52.942734545399006
25,5338,Quetzalcoatl Is Born,['The Mountain Goats'],3.5692010630258553,62.0,127.0,52.941520637815515
25,2638,Sleepy-Eyed John,['Johnny Horton'],2.9007736919271627,58.0,128.0,52.940464215156304
25,3212,Run,['Kitchie Nadal'],2.877316781899085,58.0,128.0,52.92639006913945
25,7785,Sun's Low,['The Mountains & The Trees'],2.2073506491241446,49.0,129.0,52.92441038947449
25,3444,Single Cell Ego,"['Busdriver', 'D-Styles']",2.8525963148833973,57.0,128.0,52.91155778893004
25,6394,It's Too Late To Walk The Floor,"['Larry Sparks', 'Chris Jones', 'Don Rigsby']",2.8384027475381157,57.0,128.0,52.90304164852287
25,6735,The Dream of Unity,['Domain of Dreams'],1.4823350807654647,45.0,130.0,52.88940104845928
25,3512,O Tú o Yo - Revisitado,['José José'],2.8118683291936595,56.0,128.0,52.8871209975162
25,30,Progress,['Homeless Wonders'],3.4741804758254493,63.0,127.0,52.88450828549527
25,6430,Locomotive Joe,['Wayne Hancock'],2.7705577160075268,56.0,128.0,52.86233462960452
25,7130,Bang Bang,['Danger Danger'],2.7106557276617984,60.0,128.0,52.82639343659708
25,6131,Atrapado,['Toby Love'],2.0299442035282262,51.0,129.0,52.81796652211694
25,7289,Day After Day,['DAVID DISALLE'],3.336320268657295,60.0,127.0,52.801792161194385
25,7489,Miriñaque,['Aníbal Troilo Y Su Orquesta Típica'],3.321597828097758,61.0,127.0,52.79295869685866
25,5994,Bold Marauder,"['Drywall', 'Stan Ridgway']",2.610831265645378,55.0,128.0,52.76649875938723
25,1793,I Hear the Sound (Of Victory),['Maurette Brown Clark'],1.9401003569015773,50.0,129.0,52.76406021414095
25,2588,Lay Back in the Arms of Someone,['Smokie'],3.270053119714322,65.0,127.0,52.7620318718286
25,5588,Solid Ground,['20/20'],1.921225395328866,45.0,129.0,52.75273523719732
25,7075,Morelli Mirko,['Samuele Bersani'],3.2498775996746176,60.0,127.0,52.74992655980478
25,8225,Amarroto,"[""Juan D'Arienzo y su Orquesta Típica""]",2.5649412003158627,53.0,128.0,52.73896472018952
25,605,Agent Orange,['Rivermaya'],2.552533999415414,58.0,128.0,52.73152039964925
25,6480,Restless Heart,['Bastard Sons of Johnny Cash'],3.8754199544791073,64.0,126.0,52.72525197268747
25,3570,Something Real,"['Rameses B', 'Danyka Nadeau']",2.5332548725138406,51.0,128.0,52.71995292350831
25,3547,Can You Help Me,['The Knickerbockers'],3.1877391093081955,59.0,127.0,52.71264346558492
25,4940,Someday,['Yanni'],3.851691017510451,64.0,126.0,52.711014610506275
25,3441,Mindcrossings,"['Busdriver', 'D-Styles']",3.175730232656532,59.0,127.0,52.70543813959392
25,1542,M. Sally,['Shoplifting'],1.8421843219181682,48.0,129.0,52.705310593150905
25,415,Justboy,['Biffy Clyro'],2.500447754859519,57.0,128.0,52.70026865291572
25,8237,El Pollo Ricardo,"[""Juan D'Arienzo y su Orquesta Típica""]",3.818811879723285,67.0,126.0,52.691287127833974
25,3466,Let Me See,['DRE-B'],2.4721247890019713,54.0,128.0,52.68327487340119
25,4244,Could You (Electro Mix),"['Maarja', 'Steve Brooklyn']",2.4588595645086024,52.0,128.0,52.675315738705166
25,5888,Organize İşler Bunlar,['Nil Karaibrahimgil'],3.7821400264396785,64.0,126.0,52.66928401586381
25,329,Lucky Bones,['Eric Brace & Peter Cooper'],1.7677223381690648,45.0,129.0,52.66063340290144
25,6335,Monkey's Paw,['Smalltown Poets'],3.09867553842225,60.0,127.0,52.65920532305336
25,5563,Dedicated,"['J Flow', 'YK Genre', 'Jay Po', 'Post']",3.0864372331917687,59.0,127.0,52.65186233991506
25,720,Peddi Max (Nvie Motho Remix),"['Henrik the Artist', 'nvie motho']",2.4163354225799965,51.0,128.0,52.649801253548
25,4118,Transcend,['God Module'],3.0798459341995446,62.0,127.0,52.647907560519734
25,7330,Haunted,['Charlotte Martin'],2.410250910665687,53.0,128.0,52.64615054639941
25,6395,Brand New Broken Heart,"['Larry Sparks', 'Russell Moore', 'Ronnie Bowman']",3.743096780849367,62.0,126.0,52.645858068509625
25,8146,El Irresistible,"[""Juan D'Arienzo y su Orquesta Típica""]",2.4072653065398804,54.0,128.0,52.64435918392393
25,4623,Lobby,['Ritual'],2.4017600168674678,52.0,128.0,52.64105601012049
25,5105,Good For Nothing,['The Cardinal Sin'],3.054140991055167,60.0,127.0,52.632484594633105
25,5269,Home,['Joe Diffie'],2.385093625137006,52.0,128.0,52.63105617508221
25,8136,The Belly Dancer,['Ozny'],3.7168558267521945,64.0,126.0,52.63011349605132
25,5762,Sunday Morning After,['Amanda Marshall'],3.71294179717395,63.0,126.0,52.62776507830438
25,2618,TMCR Grand Finale,['The Pinker Tones'],2.376724642376706,54.0,128.0,52.62603478542603
25,5579,Sex,['20/20'],2.363569038801567,52.0,128.0,52.618141423280946
25,3359,Vibes - Mixed,['Kings Of Tomorrow'],2.3491522191222387,51.0,128.0,52.60949133147334
25,739,Love Is In The Small Things,['flora cash'],2.3474901477856314,51.0,128.0,52.60849408867138
25,7874,Anywhere You Go,['Shawn Colvin'],3.013744630991574,58.0,127.0,52.608246778594946
25,1258,I Am Free,['Tal Bachman'],4.34419022656415,68.0,125.0,52.60651413593849
25,4383,Everything Is Everything,['Cappadonna'],3.672806461044187,63.0,126.0,52.60368387662652
25,2005,Reality,['The Five Americans'],2.3323770025636925,53.0,128.0,52.59942620153822
25,705,The One - Version 2,['Jennifer Lopez'],3.6633904888265922,64.0,126.0,52.59803429329596
25,3969,For A Little Ride,['Benny Mardones'],1.6632252724999137,45.0,129.0,52.59793516349995
25,3461,Expectations,['DRE-B'],2.3278313938998094,50.0,128.0,52.59669883633989
25,5727,Don't Give A Fucc - Feat. Snoop Dogg,['Tha Dogg Pound'],2.979805701821052,58.0,127.0,52.587883421092634
25,5925,Hemingway's Shotgun,"['Dee Carstensen', 'Mike Mainieri', 'Tim Hagans', 'Vinnie Zumo']",2.3085246373829182,51.0,128.0,52.585114782429756
25,6732,The Dream of Victory,['Domain of Dreams'],3.637499021610246,65.0,126.0,52.58249941296615
25,5626,Sleeping,['Pet Lions'],2.9653229930898157,58.0,127.0,52.5791937958539
25,6510,Beautiful Day,['Kaito'],2.2856494463727213,53.0,128.0,52.57138966782364
25,2072,The Fly,['Peter Mulvey'],2.9390398344152113,60.0,127.0,52.563423900649134
25,1459,These Eyes,['The Guess Who'],2.2691921408471636,51.0,128.0,52.5615152845083
25,2189,Pueblo Dog,['Kevin Gordon'],3.601231494848628,61.0,126.0,52.560738896909186
25,7542,Imaginary Rope,['The Ohio Weather Band'],4.2624582246510245,67.0,125.0,52.55747493479061
25,708,Peddi Max (Maxo Suplexmix),"['Henrik the Artist', 'Maxo']",2.928076683798752,57.0,127.0,52.55684601027926
25,5096,She Sees Red,['Creek'],2.918609940797991,57.0,127.0,52.5511659644788
25,1941,King Alcohol,['Solace'],2.9179340037436234,58.0,127.0,52.550760402246176
25,279,I Wish I Hadn't Done It My Way,['Jerry Reed'],2.8774108663286757,57.0,127.0,52.52644651979721
25,299,All 'n All,['Nelson Rangell'],4.194079663578167,68.0,125.0,52.5164477981469
25,5224,Begin The Beguine,['The Hit Crew'],2.8601380353610737,56.0,127.0,52.51608282121665
25,6183,Slobber (feat. Mac Mall),['Mac Mall'],3.520999578519321,63.0,126.0,52.5125997471116
25,2375,Holding Out On Love,['Sweet Cheater'],3.518743966041127,61.0,126.0,52.51124637962468
25,3510,Preso - Revisitado,['José José'],2.8447217023944016,56.0,127.0,52.50683302143665
25,3555,They Ran for Their Lives,['The Knickerbockers'],2.8318831934683315,56.0,127.0,52.499129916081
25,1267,Nothing Better To Do,['The Velmas'],2.81916133226135,57.0,127.0,52.49149679935682
25,7035,Sleeping on the Interstate - Live,['Granger Smith'],2.8162426339017044,57.0,127.0,52.48974558034103
25,3141,Open (Space),['Madlib'],3.478391445308192,63.0,126.0,52.48703486718492
25,2676,Robussy,['Oval'],2.7978757084832253,55.0,127.0,52.47872542508994
25,7263,A Dirty Job - Live,['Frankie Bones'],2.7951140172001385,56.0,127.0,52.477068410320086
25,1558,Oneanotherwell,['Run Chico Run'],3.4488616965960484,63.0,126.0,52.469317017957636
25,2879,Who Dat? - 2020,"['Chingo Bling', '5th Ward Weebie', 'Pitbull']",2.7814015477123717,56.0,127.0,52.46884092862743
25,2586,Needles and Pins,['Smokie'],3.4478601759359293,64.0,126.0,52.46871610556156
25,4605,Infinite Justice,['Ritual'],3.428852250527105,63.0,126.0,52.45731135031627
25,576,Chronic Schizophrenia,['Wesley Willis'],2.077319967292487,48.0,128.0,52.446391980375495
25,1251,Strong Enough,['Tal Bachman'],3.3609716816198345,61.0,126.0,52.416583008971905
25,546,Punk Tune,['Armitage Shanks'],1.3283428713431638,39.0,129.0,52.3970057228059
25,8192,Fatal Y Tanguera,"[""Juan D'Arienzo y su Orquesta Típica""]",2.640447356629088,55.0,127.0,52.38426841397746
25,331,Just the Other Side of Nowhere,['Eric Brace & Peter Cooper'],1.9107639961071903,48.0,128.0,52.346458397664314
25,5907,When Fashion Is Turning,['Brando'],3.890791879936484,65.0,125.0,52.33447512796189
25,448,Brotherly Love,"['Keith Whitley', 'Earl Thomas Conley']",3.2193181779721645,59.0,126.0,52.331590906783305
25,1839,Jimmy Cricket,['Starlight Mints'],3.2046792814087075,62.0,126.0,52.32280756884523
25,4120,Transcend - Cut.Rate.Box Mix,"['God Module', 'Cut.Rate.Box']",2.5270073322856277,56.0,127.0,52.31620439937138
25,6636,V-Town Brotha,"['N2DEEP', 'MacLee', 'TL', 'Cameosis', 'Jay Tee']",1.8561637434900022,48.0,128.0,52.313698246094006
25,2260,Frustration,['Tamara Silvera'],3.16308534755453,64.0,126.0,52.29785120853273
25,1519,I'm,['Ex-Boyfriends'],1.8287533726540854,47.0,128.0,52.297252023592456
25,4549,My Song,['Five'],2.4836391621558684,57.0,127.0,52.290183497293526
25,6795,My Era (feat. Maino & DramaB2R),"['Jim Jones', 'Maino', 'DramaB2R']",2.481570179475491,54.0,127.0,52.2889421076853
25,2658,The Christmas Song,['Slowride'],3.804101841953094,62.0,125.0,52.282461105171855
25,723,Peddi Max (Obseen Remix),"['Henrik the Artist', 'Obseen']",2.470150715439303,50.0,127.0,52.28209042926358
25,2001,Big Cities,['The Five Americans'],2.467230666363001,52.0,127.0,52.28033839981781
25,2926,Blütenspass,"['Sylvie Marks', 'Hal9000']",2.4646605846088807,54.0,127.0,52.27879635076533
25,4736,Distance,['Karsh Kale'],1.7819370548055673,45.0,128.0,52.269162232883346
25,6340,Good Heart,['Indigo De Souza'],3.7796570655153725,61.0,125.0,52.267794239309225
25,7600,Halloween 3.5,['Rozwell Kid'],1.7772340211380562,46.0,128.0,52.26634041268284
25,2695,Aye Aye Aye N*gga,['Saigon'],3.7731601809137407,65.0,125.0,52.263896108548245
25,7884,The Heat,['Toni Braxton'],3.770036229455129,65.0,125.0,52.26202173767308
25,5100,Saddest Song,['The Cardinal Sin'],2.432968060544468,55.0,127.0,52.259780836326684
25,4266,Canyon Afternoon,['Moraz Alban Project'],3.0961515522428553,57.0,126.0,52.25769093134572
25,3967,Skyline,['Zoo Brazil'],2.427324985395269,57.0,127.0,52.256394991237165
25,2886,Cleto - 2020,"['Chingo Bling', '5th Ward Weebie']",2.425394192918369,53.0,127.0,52.25523651575102
25,7575,Yira... Yira,['Aníbal Troilo Y Su Orquesta Típica'],3.084214385641767,58.0,126.0,52.250528631385066
25,1436,Destiny Complete (Bittersweet Version),"['The Angel', 'Mystic']",3.0765236807407943,58.0,126.0,52.24591420844448
25,7101,Novembee,['KrispyLife Kidd'],1.743154481707655,47.0,128.0,52.24589268902459
25,6346,The Sun Is Bad,['Indigo De Souza'],2.4076897796211245,51.0,127.0,52.24461386777268
25,698,Dear Ben,['Jennifer Lopez'],3.074159683632457,58.0,126.0,52.24449581017948
25,6635,Doin' It,"['N2DEEP', 'Jay Tee']",2.4062936709242044,55.0,127.0,52.24377620255453
25,8189,La Sonrisa De Mama,"[""Juan D'Arienzo y su Orquesta Típica""]",2.4034436831925667,53.0,127.0,52.24206620991554
25,3473,Quick To Reply,['DreiBoogy'],5.06996081408129,72.0,123.0,52.24197648844878
25,1355,Riddim Supastar (feat. Karen Grant & Navigator),"['60 Channels', 'Karen Grant', 'Navigator']",2.3954072676684186,54.0,127.0,52.23724436060105
25,1124,Sunfalls and Watershine,['This Day Forward'],2.3908698430052513,55.0,127.0,52.234521905803156
25,3607,Whetherman,['The Essex Green'],2.3814588815411173,52.0,127.0,52.22887532892467
25,2574,Sun Sun Sun - 1.1,['Richard Bartz'],2.3791256451057787,54.0,127.0,52.22747538706347
25,8076,In My Daughter's Eyes,['Martina McBride'],3.710413685492359,62.0,125.0,52.22624821129541
25,4438,Ground Zero,['Kathleen Wilhoite'],4.370660723585011,69.0,124.0,52.22239643415101
25,5174,Just Like Tom Thumb's Blues,['Robyn Hitchcock'],3.6987610549065955,63.0,125.0,52.21925663294396
25,322,Omar's Blues,['Eric Brace & Peter Cooper'],3.028723966793078,57.0,126.0,52.21723438007585
25,1509,Him For Me,['Ex-Boyfriends'],3.0257514839496618,61.0,126.0,52.2154508903698
25,4265,Strictly Organic,['Moraz Alban Project'],3.0245194216433156,57.0,126.0,52.214711652986
25,6473,Borderline of the Heart,['Bastard Sons of Johnny Cash'],4.347661141511931,69.0,124.0,52.20859668490716
25,1070,Lemonade,['Gucci Mane'],2.999916259718727,54.0,126.0,52.19994975583124
25,1081,1st Day out Tha Feds,['Gucci Mane'],2.332395379492581,52.0,127.0,52.199437227695554
25,4865,Wasting Away,['Dag Nasty'],2.3309838983322946,52.0,127.0,52.19859033899938
25,5983,Fortune Cookies,"['Drywall', 'Stan Ridgway']",2.9969449066670317,56.0,126.0,52.19816694400023
25,5650,Tænker På Dig Nu,['Søs Fenger'],2.996692452862486,56.0,126.0,52.1980154717175
25,2222,Voices in Winter / In the Realms of the Divine,['Pure Reason Revolution'],2.9872478703874914,58.0,126.0,52.1923487222325
25,3657,Lo Que Me Quisiste,['Leonel García'],2.318900716071999,50.0,127.0,52.191340429643205
25,444,When You Say Nothing at All,['Keith Whitley'],2.976093120667912,58.0,126.0,52.18565587240075
25,5939,Tell Me Something I Don't Know,['The Citizens'],2.9719713613155982,57.0,126.0,52.18318281678936
25,1655,Swallow Me,['Leah Andreone'],2.3031332624484735,53.0,127.0,52.181879957469086
25,2235,Born On The Floor,['The Make-Up'],2.9646409501686324,57.0,126.0,52.178784570101186
25,427,Fragile,['Norken'],3.6311130058628382,65.0,125.0,52.178667803517705
25,1927,a feast is a feast,['Mu-Seum'],2.2824893433107682,53.0,127.0,52.16949360598647
25,1726,"I May Have Been Born Yesterday, But I Stayed Up All Night",['Bloodlined Calligraphy'],2.2799236854854703,53.0,127.0,52.16795421129129
25,5336,Alpha in Tauris,['The Mountain Goats'],2.276694361740358,51.0,127.0,52.16601661704422
25,5875,Different Planet,['The Minor Leagues'],2.941747380024162,56.0,126.0,52.1650484280145
25,1105,La mort du loup,['Jeanne Mas'],2.272149155170021,51.0,127.0,52.16328949310201
25,5927,This Time Around,"['Dee Carstensen', 'Shawn Pelton', 'Vinnie Zumo', 'Dawn Andrews', 'Mino Cinelu', 'Mark Egan']",2.924494665761443,58.0,126.0,52.15469679945687
25,6352,Remember Me,['Papermoon'],2.9118477769289846,59.0,126.0,52.14710866615739
25,8206,Santa Milonguita,"[""Juan D'Arienzo y su Orquesta Típica""]",3.5739210568094575,63.0,125.0,52.14435263408568
25,277,Blindsided Me,['Jerry Reed'],2.2305830691303,51.0,127.0,52.13834984147818
25,6387,Tennessee 1949,"['Larry Sparks', 'Kevin Denney', 'Carl Jackson', 'Larry Cordle']",2.884754922310762,56.0,126.0,52.130852953386466
25,238,Sweet Home Chicago,"['Eric Clapton, Robbie Robertson, Bonnie Raitt And The Rock Hall Jam Band']",2.8776248830375204,59.0,126.0,52.12657492982252
25,5873,Hitch Em Up,['The Minor Leagues'],2.20153823665452,50.0,127.0,52.12092294199272
25,5832,I'm Going On a Long Journey Never to Return,['T Bone Burnett'],2.8446643045935343,57.0,126.0,52.10679858275613
25,690,That's My Baby,"['Bub Bizzle', 'HD Myusik']",2.8443147617329365,55.0,126.0,52.10658885703977
25,1647,Evolution's Mistake,['Azrael'],2.8342065764450233,55.0,126.0,52.10052394586702
25,7135,I Still Think About You,['Danger Danger'],2.163204029781814,50.0,127.0,52.09792241786909
25,4907,Pierre En Espagne,['duo505'],0.8267217562147005,32.0,129.0,52.096033053728824
25,7318,Was gut ist,['Die Prinzen'],3.466605529536987,62.0,125.0,52.07996331772219
25,1221,I Ain't Got Nothing,['B.G.'],2.7937240256022244,57.0,126.0,52.07623441536134
25,2081,The Fix is On,['Peter Mulvey'],2.1103021635975074,48.0,127.0,52.06618129815851
25,1346,Gifts of Love,['Archer Prewitt'],1.4374921110896222,44.0,128.0,52.06249526665378
25,4733,The Hurt Game,['The Script'],2.761693165243228,55.0,126.0,52.057015899145945
25,3348,"Hiding In Your Love (feat. Coco Street) - TP's Deep Dancin Dub Mix, Mixed","['Terrence Parker', 'Coco Street']",2.7433580585834325,55.0,126.0,52.04601483515007
25,1468,I Need Your Company,['The Guess Who'],2.729946251696235,54.0,126.0,52.037967751017746
25,592,Stabbing Westward,['Wesley Willis'],2.7287985969279207,55.0,126.0,52.03727915815676
25,2882,5th Wheel - 2020,"['Chingo Bling', 'Ratcheton', 'Fade Dogg']",3.3721200269644744,61.0,125.0,52.02327201617869
25,622,Bad Man,['Adrian H and The Wounds'],3.366473754648153,62.0,125.0,52.01988425278889
25,1710,Angry Chair,['Alice In Chains'],1.3649630978028355,43.0,128.0,52.0189778586817
25,7209,Baby's Got A Hold On Me,['The Weary Boys'],2.6766349075751004,56.0,126.0,52.005980944545065
25,5028,Butter Teeth,['The Mountain Goats'],2.6724514267743915,56.0,126.0,52.00347085606464
25,1724,Saturday Night In Dixie,['Bloodlined Calligraphy'],1.3381600899193462,41.0,128.0,52.00289605395161
25,1536,All Tears Fall,['The Samples'],3.3074886305972186,66.0,125.0,51.98449317835833
25,2611,Pink Freud,['The Pinker Tones'],1.2963094501959476,38.0,128.0,51.97778567011757
25,2969,Clean 'Em Up,['Frank Marina'],1.9596744920705917,50.0,127.0,51.97580469524236
25,7347,Bald ist Weihnachten,['Die Prinzen'],2.6253886925539875,54.0,126.0,51.9752332155324
25,8052,The Horse Used To Wear A Crown,['Frog Eyes'],1.2602587362631883,39.0,128.0,51.95615524175791
25,8090,Superficial_Generation - Live In Toronto,['Croc Shop'],2.5902973964275136,57.0,126.0,51.95417843785651
25,7089,Blame It On the Booze,['American Dog'],2.5808024408256762,56.0,126.0,51.94848146449541
25,2637,Sink the Bismark,['Johnny Horton'],1.243132392803348,38.0,128.0,51.94587943568201
25,3775,MHB's,['Quasimoto'],3.8899947161553166,69.0,124.0,51.93399682969319
25,3467,Distance,['DRE-B'],1.889059373122239,47.0,127.0,51.93343562387335
25,3600,Our Lady In Havana,['The Essex Green'],2.5409676994154498,54.0,126.0,51.92458061964928
25,8045,One Day You Will,['Martina McBride'],1.8733483884386202,46.0,127.0,51.92400903306318
25,4837,Livets Gang I Virkelyst,['Peter Sommer'],2.5329361999682933,53.0,126.0,51.91976171998098
25,6176,"Bull Shit (feat. Tha Hoodstarz, Turf Talk & E-40)","['E-40', 'Turf Talk', 'Tha Hoodstarz']",4.53246827476213,74.0,123.0,51.91948096485728
25,5279,Little Drummer Boy,['Ty Herndon'],3.8482741633829356,63.0,124.0,51.90896449802976
25,7529,I'm Thinking That All That Drinking I Did Last Night Was a Bad Idea,['American Longspurs'],1.8291660857917829,47.0,127.0,51.89749965147507
25,438,Ten Feet Away,['Keith Whitley'],3.158006158066045,58.0,125.0,51.894803694839624
25,8103,Down Home Girl,['Swingadelic'],2.4870166269241185,54.0,126.0,51.892209976154476
25,433,The Visit,['Norken'],1.809258941075027,49.0,127.0,51.88555536464502
25,2430,Mexico,['Dave Moisan'],1.8017508092223198,46.0,127.0,51.88105048553339
25,5263,Texas Size Heartache,['Joe Diffie'],1.8005875135246363,47.0,127.0,51.88035250811478
25,3176,Down On The Farm,['U.K. Subs'],1.7758496785791305,47.0,127.0,51.86550980714748
25,2933,Lt Replay,['Feadz'],2.4408754829508075,56.0,126.0,51.86452528977049
25,5404,Early Spring,['The Mountain Goats'],2.435426344473133,51.0,126.0,51.861255806683886
25,3517,La Nave del Olvido - Revisitado,['José José'],3.0998424395021673,61.0,125.0,51.8599054637013
25,8242,No Nos Veremos Nunca,"[""Juan D'Arienzo y su Orquesta Típica""]",3.0887120215253647,57.0,125.0,51.85322721291522
25,8187,Canzoneta,"[""Juan D'Arienzo y su Orquesta Típica""]",2.417576651021863,51.0,126.0,51.85054599061312
25,2117,Eight Day Wait,['Paul Newman'],3.741956970942069,67.0,124.0,51.845174182565245
25,1176,I Nat,['Mek Pek'],2.407989556981844,54.0,126.0,51.84479373418911
25,2780,Money Gone,['C.E. Ugly Brotha'],3.7397391299587084,65.0,124.0,51.84384347797523
25,803,Take Time For Little Children,"['Junior Sisk', 'Ramblers Choice']",2.4033900143693128,51.0,126.0,51.842034008621596
25,7083,Replay,['Samuele Bersani'],3.064240567822531,57.0,125.0,51.83854434069352
25,5180,Rock And Roll Bones,['Lonnie Mack'],3.052789148884036,56.0,125.0,51.83167348933042
25,6192,Oh Yeah,"['Tru-Serva', 'Dijohn']",3.0498511132329496,59.0,125.0,51.82991066793977
25,5779,I Fell,['Chris Thayer'],3.045273036922845,58.0,125.0,51.82716382215371
25,7768,Get Out the Kitchen F/ Priviledge,['billy woods/priviledge'],3.0393469097590464,56.0,125.0,51.82360814585543
25,4349,Dirty White Trash,['Sero'],2.372380572621477,54.0,126.0,51.82342834357289
25,7380,It's the Song,['Chely Wright'],2.370784793659304,49.0,126.0,51.82247087619559
25,5222,Route 66 (Get Your Kicks On),['The Hit Crew'],3.697181627192114,61.0,124.0,51.81830897631527
25,5807,Belle De Jour,['De Phaz'],3.6962775510019577,65.0,124.0,51.817766530601176
25,6934,Ballad Of El Goodo,['Matthew Sweet'],3.02684932016664,59.0,125.0,51.816109592099984
25,6255,Euphoria Minus One,['Crowbar'],2.3547429586954713,51.0,126.0,51.81284577521729
25,4105,Quiet As a Mouse,"[""Margot & The Nuclear So And So's""]",3.0086211304893857,58.0,125.0,51.80517267829363
25,8181,Joaquina,"[""Juan D'Arienzo y su Orquesta Típica""]",3.6671870335997085,63.0,124.0,51.800312220159825
25,2279,Like A Virgin,['Global.Kryner'],2.9930559916710218,61.0,125.0,51.79583359500261
25,850,Manifest,['Karsh Kale'],2.9890125839879365,58.0,125.0,51.793407550392764
25,5226,"Sing, Sing, Sing, Sing",['The Hit Crew'],2.317660027543577,52.0,126.0,51.79059601652615
25,2696,Copping Pleas,['Saigon'],3.6466486208090356,63.0,124.0,51.787989172485425
25,7307,Gabi und Klaus,['Die Prinzen'],1.6442950217999825,42.0,127.0,51.78657701307999
25,7269,I'll Think Of You That Way,['Carolyn Dawn Johnson'],2.9768732334656525,57.0,125.0,51.78612394007939
25,203,Phantasmagoria,['Polkadot Cadaver'],3.64180618428121,62.0,124.0,51.78508371056873
25,1547,Illegalists,['Shoplifting'],2.3062772201774377,51.0,126.0,51.78376633210647
25,3747,Intro: Banjos Prepare for Battle / Bluegrass Breakdown,"['Wynn Osborne', 'IT IS I']",3.6267291746146153,66.0,124.0,51.77603750476877
25,2931,Do You Wanna Funk,['Housemeister'],3.61796664110264,63.0,124.0,51.77077998466159
25,7760,High Treason,['billy woods'],3.609288188541167,61.0,124.0,51.7655729131247
25,7959,Keep Your Prize,['Five Horse Johnson'],2.942237348174992,58.0,125.0,51.76534240890499
25,1501,One Day,"['Daforce', 'Elle Madison']",2.9403293597832336,57.0,125.0,51.76419761586994
25,6876,Wait Until I Get My Hands On You,['The Paper Chase'],2.263102400142049,50.0,126.0,51.757861440085236
25,7605,Birthday Sombrero,['Rozwell Kid'],2.2578506833023155,51.0,126.0,51.75471040998139
25,2473,360 °Heimat,['Thorsten Wingenfelder'],4.254000670545247,70.0,123.0,51.752400402327154
25,5764,Dizzy,['Amanda Marshall'],2.915601930886018,60.0,125.0,51.74936115853161
25,962,Let's Take It to the Stage,['Funkadelic'],2.2271240730761157,51.0,126.0,51.73627444384567
25,7064,Can't Stop Thinking About You,['The Kinsey Report'],4.222209131368043,67.0,123.0,51.73332547882083
25,5597,Blow Me (One Last Kiss),['P!nk'],2.220883499103505,51.0,126.0,51.73253009946211
25,4058,Never Give Up,['The Sweethearts'],2.21981660448077,50.0,126.0,51.73188996268847
25,212,Transistors of Mercy,['Polkadot Cadaver'],2.219208386421909,51.0,126.0,51.73152503185315
25,1074,Both Sides (feat. Lil Baby),"['Gucci Mane', 'Lil Baby']",2.2094793375439763,50.0,126.0,51.72568760252639
25,1957,Angels Dreaming,['Solace'],2.870640240695228,57.0,125.0,51.722384144417134
25,6332,Who You Are,['Smalltown Poets'],2.1974388096141952,50.0,126.0,51.71846328576852
25,7590,Erst komm ich! - Single Mix,"['Rias 64', 'Diana']",2.1916975789287294,49.0,126.0,51.715018547357246
25,5209,CATCH UP,['Galaxy Rebel'],2.189564965523803,50.0,126.0,51.713738979314286
25,3498,Such a Foolish Man,['Coquettish'],2.183927748937524,51.0,126.0,51.710356649362524
25,3361,"Living In Brooklyn - Roach Motel Dub, Mixed",['Product Of Da Neighbourhood'],2.8476730178007106,57.0,125.0,51.70860381068043
25,3452,Wrong Route,['Busdriver'],2.8349670003226,56.0,125.0,51.70098020019356
25,1396,Boxing Glove,['I:Scintilla'],2.827199030908524,54.0,125.0,51.696319418545116
25,5434,You're Gone,['Diamond Rio'],3.4877770080545623,61.0,124.0,51.69266620483274
25,5425,Song For Dana Plato,['The Mountain Goats'],2.80964279805555,57.0,125.0,51.68578567883333
25,8132,Open Eye Lullaby,['Ozny'],3.4703483829696107,63.0,124.0,51.68220902978177
25,827,The Devil's Road,['Moonshine'],2.1356844167686235,49.0,126.0,51.68141065006118
25,2256,Trust Your Soul,['Tamara Silvera'],2.772674219041467,55.0,125.0,51.66360453142488
25,7739,Ya Estamos Iguales,['Aníbal Troilo Y Su Orquesta Típica'],3.4243605414869553,60.0,124.0,51.654616324892174
25,7313,Uns sind die Sterne egal,['Die Prinzen'],3.40391740489105,62.0,124.0,51.64235044293463
25,1259,I've Been Thinkin',['The Velmas'],2.0028391877695784,52.0,126.0,51.60170351266175
25,296,Hole Lot Of Weed,['Project Pat'],3.3217575992228547,60.0,124.0,51.59305455953371
25,5146,Our Last Escape,['Aaron Booth'],3.306470132445413,58.0,124.0,51.58388207946725
25,106,Finally,['Luck Of Aleia'],4.615078875881393,71.0,122.0,51.56904732552884
25,3974,If You Loved Me,['Benny Mardones'],3.279805430542957,57.0,124.0,51.56788325832578
25,4860,Incinerate,['Dag Nasty'],1.924680713993021,49.0,126.0,51.554808428395816
25,6991,Before We Arrive,['The Meligrove Band'],2.5791091583202057,53.0,125.0,51.547465494992124
25,730,Electricity,['flora cash'],2.559602076926234,52.0,125.0,51.535761246155744
25,8110,Castle Rock,['Swingadelic'],3.2262522154912845,56.0,124.0,51.53575132929477
25,6028,Knowledge,['Evergreen Terrace'],2.543353371498683,58.0,125.0,51.52601202289921
25,5589,For All Our Time,['20/20'],2.535264648875605,56.0,125.0,51.52115878932536
25,2446,Ladybug,['Andy Warren'],1.863620875022172,47.0,126.0,51.518172525013306
25,7067,River's Invitation,['The Kinsey Report'],1.1640832677675834,36.0,127.0,51.49844996066055
25,8124,Love Song,['American Longspurs'],2.496911556083872,51.0,125.0,51.498146933650325
25,6132,Rum And Coke,"['Toby Love', 'B Haze']",2.4797463732473,53.0,125.0,51.48784782394838
25,5367,Happy,['Well'],1.7942964947143663,44.0,126.0,51.47657789682862
25,8105,Don't Do It,['Swingadelic'],3.126747138503313,58.0,124.0,51.47604828310199
25,4256,Don't O.D.,['The Movement'],1.7926080253825094,46.0,126.0,51.47556481522951
25,99,Elena,['Scandinavian Music Group'],4.458642990358607,70.0,122.0,51.47518579421517
25,8039,Still Holding On (with Martina McBride),"['Clint Black', 'Martina McBride']",2.432917793486801,49.0,125.0,51.45975067609208
25,5790,Push,['Lusine'],1.7589126914634516,45.0,126.0,51.45534761487808
25,399,Spooky Samba,['Buscemi'],1.7312481964475295,46.0,126.0,51.43874891786852
25,5704,"Hey, What Time is ""Pensacola: Wings of Gold"" On Anyway?",['The Lawrence Arms'],2.3966329834390443,55.0,125.0,51.43797979006342
25,4027,Constantly Burning,['Scorpion Jack'],1.7284882221810118,45.0,126.0,51.43709293330861
25,4129,Beautiful Day,['Mellowdrone'],2.390064947305973,55.0,125.0,51.43403896838358
25,3214,Fire,['Kitchie Nadal'],3.7199940205514785,63.0,123.0,51.43199641233089
25,7409,Stand By Your Side,['Céline Dion'],2.382617865387184,52.0,125.0,51.42957071923231
25,1677,We Give Thanks,"[""Caedmon's Call""]",1.7135639396067142,45.0,126.0,51.428138363764035
25,8233,Yapeyu,"[""Juan D'Arienzo y su Orquesta Típica""]",3.7082363885844614,65.0,123.0,51.42494183315068
25,1425,Sweet Leaf,['Galactic'],2.368578159232224,52.0,125.0,51.42114689553934
25,2653,"You're A Mean One, Mr. Grinch",['Viva Maxitone'],3.699685654905724,63.0,123.0,51.41981139294344
25,4678,Perfect Decision,['Vivian Green'],3.021683346383186,58.0,124.0,51.41301000782991
25,6265,IT POURS FROM ME,['Crowbar'],2.350829898362474,52.0,125.0,51.41049793901748
25,7754,Waiting For Your Moment,['Tim Finn'],3.016346355234861,61.0,124.0,51.409807813140915
25,1086,I Don't Love Her (feat. Rocko & Webbie),"['Gucci Mane', 'Rocko', 'Webbie']",2.344662044357542,52.0,125.0,51.40679722661452
25,8194,La Payanca,"[""Juan D'Arienzo y su Orquesta Típica""]",2.3411922591839094,50.0,125.0,51.40471535551035
25,3476,Switch Lives,['DreiBoogy'],1.6741718204303782,43.0,126.0,51.40450309225823
25,3529,Please Don't Fight It,['The Knickerbockers'],3.0007348070673117,58.0,124.0,51.40044088424039
25,2934,Numb,['Tomas Andersson'],3.000685432376307,59.0,124.0,51.40041125942579
25,6237,Go Home,"['Open Mike Eagle', 'Swim Team']",2.323166193201324,52.0,125.0,51.393899715920796
25,2319,Wegen Dir,['Sero'],2.9848678083255558,56.0,124.0,51.390920684995336
25,578,Skrew,['Wesley Willis'],2.314797689249291,50.0,125.0,51.38887861354957
25,5930,A Thing For You,['The Citizens'],2.3136266354901958,51.0,125.0,51.38817598129412
25,1470,Very Far From Near,['The Guess Who'],2.3135495979714626,51.0,125.0,51.38812975878288
25,7576,Confesión,['Aníbal Troilo Y Su Orquesta Típica'],2.965691193361702,56.0,124.0,51.379414716017024
25,5698,Messenger,"['Arian Leviste, John Tejada']",2.294333867194519,51.0,125.0,51.37660032031671
25,3976,Close To The Flame,['Benny Mardones'],2.2933119629590335,49.0,125.0,51.37598717777542
25,2282,Sex Bomb,['Global.Kryner'],2.9554224981197774,57.0,124.0,51.37325349887187
25,6400,Honest,['The Verve Pipe'],2.282226565423779,49.0,125.0,51.36933593925427
25,5132,Free Your Mind - Morten Trust Dub,"['Mikkel Wendelboe', 'Sensual Soul', 'J-Sun', 'Morten Trust']",2.281661023274756,53.0,125.0,51.36899661396485
25,1179,Klappekonkurrencen,"['Mek Pek', 'The Allrights']",2.9482044436850563,57.0,124.0,51.368922666211034
25,1240,One Part Love,['Jeffrey Foucault'],0.9467588318160971,32.0,127.0,51.36805529908966
25,6731,The Dream of You,['Domain of Dreams'],2.9395890833094884,57.0,124.0,51.363753449985694
25,2556,Cuddle S.Z.N.,['Blackfrosty'],2.268300522929822,50.0,125.0,51.36098031375789
25,1371,That Old Feeling,['Jerry Jeff Walker'],2.2591980685174002,51.0,125.0,51.35551884111044
25,2435,Lemonade,['Dave Moisan'],2.247837598116692,50.0,125.0,51.348702558870016
25,3863,The Hitchiker,['Dog Fashion Disco'],2.246249057770783,51.0,125.0,51.34774943466247
25,6997,A Different Ship,['The Meligrove Band'],2.9083098702179173,55.0,124.0,51.34498592213075
25,1991,Please Come Home For Christmas,['John Legend'],2.241242923750616,50.0,125.0,51.34474575425037
25,1516,"It's Not Me, It's You",['Ex-Boyfriends'],3.572074616178856,64.0,123.0,51.34324476970732
25,588,Aftab Noorani,['Wesley Willis'],2.234946071614908,49.0,125.0,51.34096764296895
25,4375,MCF,['Cappadonna'],2.2312757032400015,51.0,125.0,51.338765421944004
25,5185,Buffalo Woman,['Lonnie Mack'],2.8944081417575065,55.0,124.0,51.336644885054504
25,1715,Heaven Beside You,['Alice In Chains'],2.217599343651233,51.0,125.0,51.33055960619074
25,2822,Shadowdance,"['Shadowfax', 'G.E. Stinson']",2.186373368149444,49.0,125.0,51.31182402088967
25,4416,Break Up Break Down,['The DSC Project'],2.8477337422683155,57.0,124.0,51.30864024536099
25,904,Me & My Piano,['Baxendale'],2.841977007314391,57.0,124.0,51.30518620438863
25,3107,One Ton Skank - Tor.ma in Dub Remix,"['Pitch Black', 'Tor.Ma In DuB']",2.1750620382983246,49.0,125.0,51.305037222978996
25,2142,Orange & Black Attack,['Rumpelstiltskin Grinder'],2.167568595893515,50.0,125.0,51.30054115753611
25,1122,Isomorphism,['This Day Forward'],3.486309225274563,61.0,123.0,51.29178553516474
25,1512,Meghan,['Ex-Boyfriends'],2.80871800601593,57.0,124.0,51.28523080360956
25,7099,Woah,['KrispyLife Kidd'],2.8041192647591644,57.0,124.0,51.2824715588555
25,6073,121,['Mannella'],2.135844412675196,48.0,125.0,51.28150664760512
25,5724,My Coopdeville,['Tha Dogg Pound'],3.464891937771834,63.0,123.0,51.2789351626631
25,1238,One For Sorrow,['Jeffrey Foucault'],2.782281148406301,55.0,124.0,51.26936868904378
25,5153,Cum on Feel the Noize,['Quiet Riot'],2.7820781434391404,56.0,124.0,51.269246886063485
25,7068,Get Outta Here,['The Kinsey Report'],2.771586967898069,56.0,124.0,51.26295218073884
25,1021,I Won't Stop Believin',['Patrizia'],2.0966209868026597,48.0,125.0,51.25797259208159
25,6072,The Dark Breeze,['Mannella'],1.41397333683427,40.0,126.0,51.248384002100565
25,4458,Untitled No.5,['Askeleton'],2.0720464853313034,47.0,125.0,51.243227891198785
25,5759,Colleen (I Saw Him First),['Amanda Marshall'],2.061415266247033,47.0,125.0,51.23684915974822
25,2515,Per,['Marie Key Band'],2.0526122596518355,46.0,125.0,51.2315673557911
25,4441,Safari Song,['Kathleen Wilhoite'],4.05124066227965,66.0,122.0,51.23074439736779
25,320,I Wish We Had Our Time Again,['Eric Brace & Peter Cooper'],2.7115569827118926,54.0,124.0,51.22693418962714
25,2387,Limitless,['Pushmonkey'],2.695281693767513,56.0,124.0,51.217169016260506
25,206,Sheer Madness,['Polkadot Cadaver'],1.3436733589711016,42.0,126.0,51.20620401538267
25,1720,Not Another Teen Love Song,['Bloodlined Calligraphy'],1.3271975783050844,42.0,126.0,51.19631854698306
25,6509,Knowing Too Little,['Laika'],3.3094952397084736,61.0,123.0,51.18569714382509
25,6135,Sex With My X,"['Toby Love', 'Magic Juan']",1.9231976404775675,50.0,125.0,51.153918584286544
25,1685,Wicked Spring,['Tempest'],1.9107060981355417,50.0,125.0,51.146423658881325
25,1498,Can't Stop Wi,"['Daforce', 'Junior Cat']",1.2437216398935251,37.0,126.0,51.14623298393612
25,7328,Madman,['Charlotte Martin'],3.2163927027928905,59.0,123.0,51.12983562167574
25,7127,Don't Walk Away,['Danger Danger'],2.543868069290649,58.0,124.0,51.12632084157439
25,6190,The Dummy (feat. The D.B.'z & Stress-Matic),"['Stres', ""The DB'z""]",1.8751809308245828,48.0,125.0,51.12510855849475
25,2626,Sentenced to Life,['The JT Blues Band'],1.8731330847409409,45.0,125.0,51.12387985084457
25,7885,Spanish Guitar,['Toni Braxton'],1.870072310493943,44.0,125.0,51.12204338629637
25,3530,She Said Goodbye,['The Knickerbockers'],1.8628699443379055,50.0,125.0,51.117721966602744
25,7942,Down From Dover,['Kate Campbell'],2.5249895361449424,52.0,124.0,51.114993721686965
25,7818,The Very Thought of You,['Lisa Stansfield'],1.8547591538901622,45.0,125.0,51.1128554923341
25,500,Solution,['Jacinta'],3.1753152234160065,56.0,123.0,51.10518913404961
25,2622,All That Time,['The JT Blues Band'],2.5086263716324178,51.0,124.0,51.105175822979454
25,4957,No Time Like Now,['Anny Celsi'],3.167204933857143,60.0,123.0,51.10032296031429
25,731,Honey Go Home,['flora cash'],3.806578870625369,63.0,122.0,51.083947322375224
25,4659,Transmission,['Japan'],2.4637147826115937,56.0,124.0,51.078228869566956
25,7438,It Could've Been You - Mass Avenue Hip Hop Remix,['Deborah Cox'],3.127161364041819,59.0,123.0,51.07629681842509
25,7562,Little Drummer Boy,"['Hank Williams, Jr.']",1.7910254332340096,44.0,125.0,51.07461525994041
25,3978,Theme Music,['Wale Oyejide'],1.7860532482954592,46.0,125.0,51.07163194897728
25,732,I Wasted You,['flora cash'],2.4489049176174538,53.0,124.0,51.06934295057047
25,879,You Don't Love Me - Buddha Remastered 2001,['The Five Stairsteps'],2.4425366933125434,52.0,124.0,51.065522015987526
25,5578,Julie,['20/20'],3.101398603058461,56.0,123.0,51.06083916183508
25,4062,Yakety Sax,"['Richie Cole', 'Boots Randolph']",2.4227244580169134,51.0,124.0,51.05363467481015
25,3897,End of Time,['Kilowatts & Vanek'],3.0869003779904696,58.0,123.0,51.052140226794286
25,2600,Will You Love Me,['Smokie'],1.7477768741775719,46.0,125.0,51.048666124506546
25,5758,The Gypsy,['Amanda Marshall'],1.744196230343685,43.0,125.0,51.04651773820621
25,4573,Greasy Street,['The Red Krayola'],1.7399733117767764,44.0,125.0,51.04398398706606
25,892,Hanging Out With Her,['Baxendale'],2.3985541154475234,51.0,124.0,51.039132469268516
25,7705,Straight Laid Out,['CIRRUS'],2.396771591444544,54.0,124.0,51.03806295486673
25,3010,One Step Closer,['Linkin Park'],2.3964658913078227,51.0,124.0,51.03787953478469
25,5656,Witch Shoes,['Johanna and the Dusty Floor'],2.37137481081134,53.0,124.0,51.0228248864868
25,7833,Walk Me Home,['Mandy Moore'],2.3697680289761416,49.0,124.0,51.02186081738569
25,1958,Suspicious Tower,['Solace'],3.0343325483875354,57.0,123.0,51.02059952903252
25,2694,Rusty Gunz,"['Saigon', 'Lil Fame From M.o.p.']",3.0317675633889114,60.0,123.0,51.01906053803335
25,4563,Get Ready,['The Proclaimers'],1.6927250262795024,43.0,125.0,51.0156350157677
25,2038,Transparent Creed,['The Devotchkas'],2.3581734081327657,51.0,124.0,51.014904044879664
25,3209,Drained,['Kitchie Nadal'],3.0229794790435967,55.0,123.0,51.01378768742616
25,2237,White Belts,['The Make-Up'],2.3516013393563684,53.0,124.0,51.01096080361382
25,5010,Norma Jean Riley,['Diamond Rio'],3.0152822268145494,58.0,123.0,51.00916933608873
25,3472,Outta Chances,['DreiBoogy'],2.340253550986339,49.0,124.0,51.004152130591805
25,340,The Sway - Original,['Jondi & Spesh'],2.329910266106495,53.0,124.0,50.9979461596639
25,7749,Say It Is So,['Tim Finn'],2.3163526647856445,50.0,124.0,50.98981159887139
25,7396,Truer Days,['Dylan Rice'],2.98119076392856,58.0,123.0,50.98871445835714
25,1806,Seven Of Nine,['Tarwater'],2.3092837005174394,53.0,124.0,50.985570220310464
25,1036,Truth No. 2 - Live - 2003,['The Chicks'],2.3091186977750366,52.0,124.0,50.985471218665026
25,94,Huomisen sää,['Scandinavian Music Group'],2.971820397907327,57.0,123.0,50.9830922387444
25,7261,House Nation - Live,['Frankie Bones'],0.9599765721160727,36.0,126.0,50.97598594326965
25,1952,Man Dog,['Solace'],3.6180603794789064,62.0,122.0,50.97083622768735
25,3479,Quincentuple Your Money,['The Lawrence Arms'],2.2825883266760245,50.0,124.0,50.96955299600562
25,8180,Peringundín,"[""Juan D'Arienzo y su Orquesta Típica""]",2.274106486248351,54.0,124.0,50.96446389174901
25,1557,Little Hairs a Curling,['Run Chico Run'],2.2522335983914448,51.0,124.0,50.95134015903487
25,2668,Resonance,['Ewigkeit'],2.250416493736783,49.0,124.0,50.95024989624207
25,2195,Some Say I'm Not,['Mason Jennings'],2.89901490063435,58.0,123.0,50.939408940380616
25,7703,Long Journey North,['Lightning Strikes Across the Sky'],4.214860897762907,67.0,121.0,50.92891653865775
25,6800,Sports Cars (feat. Curren$y),"['Jim Jones', 'Curren$y']",2.2146684483935517,50.0,124.0,50.92880106903613
25,2520,One of These Days - Acoustic,['Whitesnake'],1.5463074133628467,40.0,125.0,50.92778444801771
25,3246,One of These Days - Acoustic,['Whitesnake'],1.5463074133628467,40.0,125.0,50.92778444801771
25,7299,Over the Line,['United States Three'],0.8757125227713464,32.0,126.0,50.92542751366281
25,6783,"Bad Boyz (feat. Axel Leon, Nino Man & Fred The Godson)","['Jim Jones', 'Axel Leon', 'Nino Man', 'Fred the Godson']",2.197207897853014,49.0,124.0,50.91832473871181
25,1111,All For You,['Anna Waronker'],2.8421259031834585,54.0,123.0,50.90527554191008
25,3375,Señor Juez,['Orquesta Aragón'],2.1747880493102922,48.0,124.0,50.904872829586175
25,5405,Historiography,['The Mountain Goats'],3.501403537859381,61.0,122.0,50.90084212271563
25,323,Down to the Well,['Eric Brace & Peter Cooper'],1.4971693479815067,41.0,125.0,50.898301608788906
25,2150,Curious Soul,['New World Generation'],2.8288520766701337,57.0,123.0,50.89731124600208
25,6349,Mercury is Clearly Opposing Neptune,['Papermoon'],2.8275068262941265,58.0,123.0,50.89650409577648
25,4485,I'm Throwed Off,['Mystikal'],2.1293555966000586,49.0,124.0,50.87761335796004
25,4892,Speaking My Language,['Leslie Tucker'],2.0972893855264596,48.0,124.0,50.85837363131588
25,127,The Oak Tree,['The Osborne Brothers'],1.4202633097033797,41.0,125.0,50.852157985822025
25,2417,If You Ever Go Away,['Andy Abraham'],2.7340817011289595,56.0,123.0,50.840449020677376
25,4606,On,['Ritual'],1.3889923396187278,37.0,125.0,50.833395403771235
25,1704,Oh Boy,"[""Youssou N'Dour""]",1.383443595982535,37.0,125.0,50.83006615758952
25,1906,Vandring för ingenting,['Ulf Lundell'],3.3573019997846023,59.0,122.0,50.814381199870766
25,833,Fade Away,['Moonshine'],1.3428593381807303,38.0,125.0,50.805715602908435
25,4706,So Alive,['Pain Station'],2.672829158648811,54.0,123.0,50.80369749518929
25,2558,Lil Drummer Boy,['Blackfrosty'],2.6531386450638568,53.0,123.0,50.791883187038316
25,2393,Bird Soul - Funk'n'SloCuts Remix,"['Pitch Black', ""Funk'n'slocuts""]",1.27817444852715,38.0,125.0,50.76690466911629
25,2508,Mormor,['Marie Key Band'],2.6057119759983918,52.0,123.0,50.763427185599035
25,3086,Thoth Breath,['Rusuden'],1.9164245333660739,47.0,124.0,50.74985472001965
25,2714,Caught A Light Sneeze (Tori Amos cover),['Aurelio Voltaire'],1.9043840818338837,48.0,124.0,50.74263044910033
25,28,This Amp Goes to 11,['The Fairlanes'],1.900465143833158,49.0,124.0,50.74027908629989
25,670,A Nationally-Known Comedian,['Neil Hamburger'],4.562656722893481,71.0,120.0,50.73759403373609
25,8148,Viento Sur,"[""Juan D'Arienzo y su Orquesta Típica""]",1.894805789300357,48.0,124.0,50.736883473580214
25,7096,Bomber,['American Dog'],1.8904725691566102,49.0,124.0,50.734283541493966
25,2566,It Must Be Wrong - 1.1,['Richard Bartz'],1.2236212200396746,36.0,125.0,50.73417273202381
25,1831,Goldstar,['Starlight Mints'],1.8829029560928139,45.0,124.0,50.72974177365569
25,1380,Time After Time,['Jerry Jeff Walker'],1.2120788989325912,38.0,125.0,50.72724733935956
25,587,I'm Sorry That I Got Fat (With The Wesley Willis Fiasco),['Wesley Willis'],1.871134143346481,46.0,124.0,50.72268048600789
25,6898,You Are Not Alone,['Live'],1.8626286132168484,46.0,124.0,50.71757716793011
25,4279,Somos la Semilla - Black & White Tour Version,['Ricky Martin'],3.1872552693555654,63.0,122.0,50.71235316161334
25,4490,13 Years,['Mystikal'],1.850530263011363,44.0,124.0,50.71031815780682
25,6879,The Most Important Part Of Your Body,['The Paper Chase'],1.8441984317233966,48.0,124.0,50.706519059034036
25,1309,Makin' Whoopee,['Lucy Ann Polk'],1.8400886110785215,44.0,124.0,50.704053166647114
25,8160,Yo Soy El Tango,['Aníbal Troilo Y Su Orquesta Típica'],1.8307538851317653,48.0,124.0,50.69845233107906
25,2598,No One Could Ever Love You More,['Smokie'],1.8290150848765574,45.0,124.0,50.697409050925934
25,7058,Off My Mind,['The Novaks'],2.4882328686602473,55.0,123.0,50.692939721196154
25,1395,Carmena Saturna,['I:Scintilla'],1.8007054761730554,43.0,124.0,50.68042328570383
25,3334,Save Me Sorrow,['Bullets And Octane'],1.7966199533797227,46.0,124.0,50.677971972027834
25,4245,Could You (Instrumental),"['Maarja', 'Steve Brooklyn']",1.7730804865899583,47.0,124.0,50.663848291953975
25,2599,Goin' Tomorrow,['Smokie'],2.438809225981456,53.0,123.0,50.66328553558888
25,7528,Scarlet’s Letter,['Scarlet Jei Saoirse'],1.7647795918839155,43.0,124.0,50.65886775513035
25,619,Song for the Old Man,['Spiritual Front'],1.7645311278104934,44.0,124.0,50.6587186766863
25,6064,E-Ticket Ride,['Mike Watt'],1.7637172686595877,45.0,124.0,50.658230361195756
25,3961,Reflections,['Zoo Brazil'],2.4295516449394525,55.0,123.0,50.65773098696367
25,643,Be Be Your Love,['Rachael Yamagata'],3.090218429664291,57.0,122.0,50.65413105779858
25,1175,Lille Frk. Himmelblå,['Mek Pek'],2.415937786426828,52.0,123.0,50.6495626718561
25,1697,How You Are (No Mele),"[""Youssou N'Dour""]",1.745344834682874,45.0,124.0,50.64720690080973
25,5615,Hangin' On A Cloud,['Marshmallow Coast'],3.078613557665029,57.0,122.0,50.64716813459902
25,7757,Killtro/ Go-go Dub Plate,['billy woods'],3.0781289716052305,61.0,122.0,50.64687738296314
25,7677,Shum - Live,['Sprawl'],1.7447622681798667,45.0,124.0,50.64685736090792
25,6669,Gaudete (Rejoice),['Katie McMahon'],3.730065545105657,62.0,121.0,50.638039327063396
25,7975,It's Who I Am - E-Craft Remix,['Leæther Strip'],1.7256052328692877,45.0,124.0,50.635363139721576
25,1055,Gloria,['Smalltown Poets'],2.3907396270843266,51.0,123.0,50.6344437762506
25,7614,Rosicler,['Aníbal Troilo Y Su Orquesta Típica'],3.057331831505965,58.0,122.0,50.634399098903586
25,1349,Behind Your Sun,['Archer Prewitt'],3.0539393657869907,58.0,122.0,50.6323636194722
25,5237,Just A Regular Joe,['Joe Diffie'],1.7167327226470448,45.0,124.0,50.630039633588225
25,370,Anthem,['Brazz Tree'],2.3760714619592886,50.0,123.0,50.62564287717558
25,4773,Loose Cannon,['Jeff Beck'],3.0426131815865345,60.0,122.0,50.62556790895192
25,8205,De Antaño,"[""Juan D'Arienzo y su Orquesta Típica""]",2.3754076828216686,51.0,123.0,50.625244609693006
25,8155,Guapo Y Querendon,"[""Juan D'Arienzo y su Orquesta Típica""]",2.366193955960856,51.0,123.0,50.619716373576516
25,374,The Fundamentalist - Original Mix,['Cantrip People'],1.0037264299440025,38.0,125.0,50.6022358579664
25,3890,OOC,['Cities'],1.6674640258917175,44.0,124.0,50.60047841553503
25,3078,El diablo en botas negras,['Doormouse'],2.999717697120087,60.0,122.0,50.59983061827206
25,3603,Julia,['The Essex Green'],2.9930602389763457,56.0,122.0,50.59583614338581
25,6327,"Prophet, Priest and King",['Smalltown Poets'],1.6564721900032422,44.0,124.0,50.59388331400195
25,1816,Unseen In The Disco,['Tarwater'],2.32112938264721,50.0,123.0,50.59267762958833
25,3766,Basic Instinct,['Quasimoto'],2.309220307513896,51.0,123.0,50.58553218450834
25,6231,Pissy Transmissions,['Open Mike Eagle'],2.9730983769899226,57.0,122.0,50.583859026193956
25,4820,Lightning's Hand,['Kansas'],2.289931234695558,52.0,123.0,50.57395874081734
25,3896,Lies,['Kilowatts & Vanek'],2.2876354697393286,50.0,123.0,50.5725812818436
25,7817,The Line,['Lisa Stansfield'],2.9515902395233637,56.0,122.0,50.57095414371402
25,1776,GENKIDAMA,['Farid Bang'],2.9481734935707467,58.0,122.0,50.568904096142454
25,7545,Ruby Red,['Christine Havrilla'],2.2738174915843867,50.0,123.0,50.56429049495063
25,7839,Dread - Original Mix,['L3MMY DUBZ'],3.6042263943784794,63.0,121.0,50.56253583662709
25,5991,Rain On Down,"['Drywall', 'Stan Ridgway']",2.932198818248846,55.0,122.0,50.55931929094931
25,6429,Cold Lonesome Wind,['Wayne Hancock'],1.5984103080273604,42.0,124.0,50.55904618481642
25,4186,Gone,['Pearl Jam'],2.2607311303837054,52.0,123.0,50.55643867823023
25,6179,Back in Effect (feat. Money Gang),['Money Gang'],2.9229969545263472,56.0,122.0,50.553798172715815
25,4140,Heavy Fallin' Out,['Melvin Sparks'],2.920818431932641,56.0,122.0,50.552491059159586
25,2476,Totgeburt der Stunde,['Thorsten Wingenfelder'],2.2524405888458365,52.0,123.0,50.5514643533075
25,4056,Rollergirl,['The Addictions'],2.885114105999841,57.0,122.0,50.53106846359991
25,3579,Morning Sun,['Dot Allison'],3.54011504411187,65.0,121.0,50.524069026467124
25,2758,Dentro,['Los Enemigos'],2.8693430124870916,56.0,122.0,50.52160580749226
25,5168,Desolation Row,['Robyn Hitchcock'],2.1999531706459408,49.0,123.0,50.51997190238757
25,3418,The Seeress Prophecy (Daydreaming),['Achillea'],2.199362585148656,49.0,123.0,50.5196175510892
25,2214,Tightrope - Live,['Yeasayer'],3.514679174736247,62.0,121.0,50.508807504841755
25,6166,Dyna-Mite (Mud),['Eagle'],2.8456364931609093,56.0,122.0,50.50738189589655
25,6359,Kali Allah,['Cannata'],2.1789214023218983,51.0,123.0,50.50735284139314
25,5877,"Love Theme From 'Pestilence,' Pt. 2",['The Minor Leagues'],2.1616884781953556,50.0,123.0,50.497013086917214
25,8244,El Paisanito,"[""Juan D'Arienzo y su Orquesta Típica""]",1.4887421260310774,39.0,124.0,50.49324527561865
25,2233,The Prophet,['The Make-Up'],3.4380664888627837,62.0,121.0,50.46283989331768
25,1061,Quasar,['Smalltown Poets'],2.7711124839285697,55.0,122.0,50.46266749035715
25,4238,Untitled,['Various Artists'],2.0918017379680887,49.0,123.0,50.455081042780854
25,724,Peddi Max (DJ Tuco XTC Remix),"['Henrik the Artist', 'DJ Tuco']",2.7539965003459725,56.0,122.0,50.452397900207586
25,7607,Que Me Van A Hablar De Amor,['Aníbal Troilo Y Su Orquesta Típica'],1.410963265811058,40.0,124.0,50.44657795948664
25,2562,Atomic Dog,['Richard Bartz'],1.361344668403492,41.0,124.0,50.4168068010421
25,8188,Sentimiento De Calavera,"[""Juan D'Arienzo y su Orquesta Típica""]",1.983126515200426,47.0,123.0,50.389875909120256
25,332,Yesterdays and Used to Be's,['Eric Brace & Peter Cooper'],0.637628083491461,26.0,125.0,50.38257685009488
25,808,Finger Filibuster,['Clark Terry'],1.2925300138019715,39.0,124.0,50.37551800828118
25,2008,Lovin' Is Livin',['The Five Americans'],1.9244545072010255,45.0,123.0,50.35467270432062
25,6325,Ngubani Lo. (feat. Thabsie),"['Yanga Chief', 'Thabsie']",3.256187039948306,57.0,121.0,50.35371222396899
25,4677,Gotta Go Gotta Leave (Tired),['Vivian Green'],1.248179979065951,38.0,124.0,50.348907987439574
25,8198,Meta Fierro,"[""Juan D'Arienzo y su Orquesta Típica""]",1.9050338801779,45.0,123.0,50.343020328106746
25,7788,The Times,['The Mountains & The Trees'],1.8775462152270523,45.0,123.0,50.32652772913623
25,8151,Pero Te Sigo Queriendo,"[""Juan D'Arienzo y su Orquesta Típica""]",2.5426810914872844,50.0,122.0,50.32560865489238
25,3457,Bags,['DRE-B'],1.8636162047757923,47.0,123.0,50.31816972286548
25,881,The Girl I Love - Buddha Remastered 2001,['The Five Stairsteps'],2.499660200648317,51.0,122.0,50.299796120389
25,2922,Baby I'm Electric,"['Sylvie Marks', 'Hal9000']",1.814211912697235,47.0,123.0,50.288527147618346
25,3158,Friends (Foes),['Madlib'],2.476243571911809,54.0,122.0,50.28574614314709
25,6113,Mess Up,['David J'],3.8071469128006012,63.0,120.0,50.28428814768036
25,1334,Motorcycles,['Archer Prewitt'],1.795543375617321,45.0,123.0,50.27732602537039
25,4557,Where I Find My Heaven,['Gigolo Aunts'],2.459432696173665,56.0,122.0,50.2756596177042
25,6263,Counting Daze,['Crowbar'],1.7909008845946772,45.0,123.0,50.27454053075681
25,650,Meet Me By the Water,['Rachael Yamagata'],1.7885228024748419,44.0,123.0,50.27311368148491
25,4282,Tu Recuerdo (feat. La Mari De Chambao) - Black & White Tour Version,"['Ricky Martin', 'Lamari']",2.4431268742446948,52.0,122.0,50.26587612454682
25,950,I'll Bet You,['Funkadelic'],1.7692886434144526,43.0,123.0,50.26157318604867
25,1042,Ready to Run - Live - 2003,['The Chicks'],1.7688645305867987,45.0,123.0,50.26131871835208
25,400,Calling All Drama Queens,['Buscemi'],1.7555814400352219,47.0,123.0,50.253348864021135
25,5876,The World Is Mine,['The Minor Leagues'],1.7465097036498785,44.0,123.0,50.24790582218993
25,1400,Pieces,['I:Scintilla'],1.7440689742646667,42.0,123.0,50.2464413845588
25,6793,State of the Union (feat. Rick Ross & Marc Scibilia),"['Jim Jones', 'Rick Ross', 'Marc Scibilia']",1.7340665521379743,44.0,123.0,50.240439931282786
25,6915,Stephen Hawking,['The Year Of'],1.731301663673052,44.0,123.0,50.238780998203836
25,3353,"When The Morning Comes - Main Vocal Mix, Mixed","['Alton Miller', 'Amp Fiddler']",1.7302663608841593,44.0,123.0,50.2381598165305
25,5424,"No, I Can't. - Alternate Version",['The Mountain Goats'],2.3903955723681056,50.0,122.0,50.234237343420865
25,5374,Alabama Nova,['The Mountain Goats'],1.7162470463298125,46.0,123.0,50.22974822779789
25,1250,(You Love) Like Nobody Loves Me,['Tal Bachman'],1.7107401358064471,45.0,123.0,50.22644408148387
25,3957,Drink Me,['Zoo Brazil'],2.368307560848499,52.0,122.0,50.22098453650911
25,2334,Consume,['Scars Of Tomorrow'],1.6984967193175624,44.0,123.0,50.21909803159054
25,2722,Underground,['Aurelio Voltaire'],3.696073585775295,66.0,120.0,50.21764415146518
25,7266,One Night on 7 Kings Road - Live,['Frankie Bones'],1.690838143618477,44.0,123.0,50.21450288617109
25,1060,New Man,['Smalltown Poets'],1.6773787207274267,44.0,123.0,50.20642723243646
25,2055,Facing It - Duo 505 Version,['duo505'],2.3433194138956637,52.0,122.0,50.2059916483374
25,1182,Hva' Ska' Vi Med Kvinder,"['Mek Pek', 'The Allrights']",1.0094967353534194,33.0,124.0,50.20569804121205
25,2710,BRAINS! (from the Cartoon Network's GRIM AND EVIL),['Aurelio Voltaire'],2.341546880499138,52.0,122.0,50.204928128299485
25,903,Better Teeth,['Baxendale'],2.3377415788509124,50.0,122.0,50.20264494731055
25,7479,Desvelo - De Flor En Flor,['Aníbal Troilo Y Su Orquesta Típica'],1.6587112538087692,43.0,123.0,50.195226752285265
25,696,I'm Glad,['Jennifer Lopez'],2.3183589282234847,50.0,122.0,50.191015356934095
25,7734,La Noche Que Te Fuiste,['Aníbal Troilo Y Su Orquesta Típica'],2.3160059056156235,50.0,122.0,50.18960354336938
25,2568,While the City Sleeps,['Richard Bartz'],1.6468769432383417,44.0,123.0,50.18812616594301
25,4036,MYSTERY DANCE,['Elvis Costello'],2.308098925105444,50.0,122.0,50.18485935506327
25,7960,Three Hearts,['Five Horse Johnson'],2.30390451316774,51.0,122.0,50.182342707900645
25,3849,Man Haramam (I Am a Sin),['Niyaz'],0.9639806569742877,34.0,124.0,50.17838839418457
25,5016,It's All in Your Head,['Diamond Rio'],1.6259175054036001,42.0,123.0,50.175550503242164
25,7098,D-n-d,['American Dog'],2.957549313186411,56.0,121.0,50.17452958791185
25,856,Innocence and Power,['Karsh Kale'],1.6194176413921857,43.0,123.0,50.17165058483531
25,2787,What The Bird Says,['Huong Thanh'],3.61583443480037,61.0,120.0,50.169500660880225
25,880,Behind Curtains - Buddha Remastered 2001,['The Five Stairsteps'],2.945621340494111,55.0,121.0,50.16737280429647
25,1674,The Fountain,"[""Caedmon's Call""]",2.2778815053480193,50.0,122.0,50.16672890320881
25,3966,Sacrifice,['Zoo Brazil'],2.2723011248604585,52.0,122.0,50.16338067491628
25,235,Cry To Me,['Solomon Burke'],0.9321530050451128,34.0,124.0,50.15929180302707
25,1970,Repeater,['Metamatics'],0.9132349132349132,35.0,124.0,50.14794094794095
25,3527,I Must Be Doing Something Right,['The Knickerbockers'],2.237429749720577,50.0,122.0,50.14245784983235
25,5629,Trinidad,['Pet Lions'],2.2358901149971113,51.0,122.0,50.14153406899827
25,6124,Estranged,['David J'],2.234235003434025,49.0,122.0,50.14054100206042
25,6184,"Go Ignat (feat. E-40, The Mossie, Turf Talk, & the Federation)","['E-40', 'The Mossie', 'Turf Talk', 'The Federation']",2.226817241829356,50.0,122.0,50.13609034509762
25,6819,Queen of Heaven,['The Razor Skyline'],2.8845875959702783,57.0,121.0,50.13075255758217
25,4628,Into the Heat,['Ritual'],2.215712219794362,52.0,122.0,50.12942733187662
25,6829,Down,['Android Lust'],2.215131705197388,49.0,122.0,50.129079023118436
25,4761,Nothing Left Behind,['The Chains'],2.2043751356994576,50.0,122.0,50.12262508141968
25,7224,Secrets,['Anastacia'],2.1958111144120194,50.0,122.0,50.11748666864722
25,3778,Green Power,['Quasimoto'],2.1945938163957157,49.0,122.0,50.11675628983743
25,6645,Lovey (feat. Makwa),"['Yanga Chief', 'Makwa']",0.8543182316297329,32.0,124.0,50.11259093897784
25,710,Peddi Max (DZZ & Nightcorey Remix),"['Henrik the Artist', 'DZZ', 'Nightcorey']",2.844610203744317,54.0,121.0,50.1067661222466
25,3481,Letter to Celeste,['Link 80'],2.8395290213978206,54.0,121.0,50.1037174128387
25,5219,Barflies At The Beach,['The Hit Crew'],2.8030332157823543,57.0,121.0,50.08181992946942
25,6350,Sno-Globe,['Papermoon'],2.13530331107168,49.0,122.0,50.08118198664301
25,3293,It's Only Love,['Sharon Cuneta'],2.1326975309877048,49.0,122.0,50.079618518592625
25,286,Ballers,['Project Pat'],2.7948507597924865,55.0,121.0,50.0769104558755
25,408,Our Girl In Havana,['Buscemi'],2.7901585384227103,56.0,121.0,50.07409512305363
25,7820,I Cried My Last Tear Last Night,['Lisa Stansfield'],2.100865313182485,47.0,122.0,50.06051918790949
25,1657,Starstruck Bastard,['Leah Andreone'],2.0675328884021003,50.0,122.0,50.040519733041265
25,6197,T4M Cypher,"['Tru-Serva', 'Dijohn']",1.3903097076448567,38.0,123.0,50.03418582458691
25,7632,Alhucema,['Aníbal Troilo Y Su Orquesta Típica'],1.352804695210287,40.0,123.0,50.01168281712617
25,511,TOKIO LIAR,"['Kami-sama, I have noticed']",2.006926827476726,49.0,122.0,50.00415609648604
25,2563,Zero Eight Nine - 1.1,['Richard Bartz'],1.326854158626224,38.0,123.0,49.99611249517574
25,8113,Lonesome Train,['Swingadelic'],2.6570073333292354,52.0,121.0,49.99420439999755
25,799,I'm Not Listening Anymore,"['Junior Sisk', 'Ramblers Choice']",1.3230121093982237,41.0,123.0,49.993807265638935
25,6442,You Can Never Tell,['Ritual'],1.3167380483381368,38.0,123.0,49.99004282900289
25,2231,They Live By Night,['The Make-Up'],1.3092358435799547,40.0,123.0,49.985541506147975
25,8195,El Internado,"[""Juan D'Arienzo y su Orquesta Típica""]",1.2955214695781578,39.0,123.0,49.9773128817469
25,5272,Hurt Me All The Time,['Joe Diffie'],1.2927444372742807,38.0,123.0,49.97564666236457
25,3904,Waiting Room,['Kilowatts & Vanek'],1.2758018698045763,38.0,123.0,49.965481121882746
25,3724,Nasty,['Dee'],1.2701563402916944,37.0,123.0,49.96209380417502
25,2369,All Fired Up,['Sweet Cheater'],1.2671105169882386,40.0,123.0,49.96026631019295
25,2000,Sympathy,['The Five Americans'],1.2635155809666725,37.0,123.0,49.95810934858001
25,1058,The Gospel is Peace,['Smalltown Poets'],1.9287808805991948,50.0,122.0,49.95726852835952
25,5140,Fall Over Me Satellite,['Aaron Booth'],1.9169058976125588,47.0,122.0,49.95014353856754
25,3808,Mitä en näe,['Iiwanajulma'],1.248629251497205,39.0,123.0,49.94917755089833
25,946,You're The One,"['Unk', 'D Angel', 'Sean Kingston']",0.579209262333667,26.0,124.0,49.947525557400205
25,2745,Ex Lover's Lover,['Aurelio Voltaire'],1.2301509416750551,38.0,123.0,49.938090565005034
25,5187,Back On The Road Again,['Lonnie Mack'],1.2295537043748026,37.0,123.0,49.93773222262489
25,8253,El Penado 14,"[""Juan D'Arienzo y su Orquesta Típica""]",1.8952762773271579,44.0,122.0,49.9371657663963
25,285,Shake That Ass,['Project Pat'],1.2215106289205289,38.0,123.0,49.93290637735232
25,7469,Swashbucklers - Original Mix,['MAD DUBZ'],1.8569289250623728,44.0,122.0,49.914157355037425
25,1933,eden,['Mu-Seum'],1.177147403261028,37.0,123.0,49.90628844195662
25,7840,Genetics - Original Mix,['L3MMY DUBZ'],1.841421416772246,45.0,122.0,49.90485285006335
25,680,Emotions,"['Bub Bizzle', 'Tadric Jermaine']",2.504954763911231,53.0,121.0,49.90297285834674
25,1393,Wilderness,['Archer Prewitt'],1.8367839892992281,44.0,122.0,49.90207039357954
25,7277,Room With A View,['Carolyn Dawn Johnson'],1.8317941033093121,43.0,122.0,49.899076461985594
25,5718,Fire,['Tha Dogg Pound'],1.8304909550378632,44.0,122.0,49.898294573022724
25,875,Playgirl's Love - Buddha Remastered 2001,['The Five Stairsteps'],1.8253845354772111,48.0,122.0,49.89523072128633
25,716,Peddi Max (in the blue shirt Remix),"['Henrik the Artist', 'In The Blue Shirt']",1.8039601519630415,43.0,122.0,49.88237609117783
25,7376,Was soll ich Ihr schenken ?,"['Die Prinzen', 'Graham Laybourne']",1.8027735625000552,44.0,122.0,49.88166413750004
25,7635,Nebula,"['Mr FijiWiji', 'Soulero']",1.7937075476946525,44.0,122.0,49.876224528616795
25,5989,That Big Weird Thing,"['Drywall', 'Stan Ridgway']",2.459874510881783,52.0,121.0,49.87592470652908
25,477,Long Beach (It's a Miracle),['Gus Black'],1.77679904966412,42.0,122.0,49.866079429798475
25,2523,Easier Said Than Done - Acoustic,['Whitesnake'],2.4383459212790486,49.0,121.0,49.863007552767435
25,3249,Easier Said Than Done - Acoustic,['Whitesnake'],2.4383459212790486,49.0,121.0,49.863007552767435
25,8256,El Raje,"[""Juan D'Arienzo y su Orquesta Típica""]",1.0921779834271648,33.0,123.0,49.855306790056304
25,2480,Geboren für dich,['Thorsten Wingenfelder'],1.7571105632270372,44.0,122.0,49.854266337936224
25,2213,Blue Paper - Live,['Yeasayer'],1.7560066059279258,45.0,122.0,49.85360396355676
25,3786,Discipline 99 Pt. 1,"['Quasimoto', 'Wildchild']",1.7458406676452898,43.0,122.0,49.84750440058718
25,130,When I Stop Dreaming,['The Osborne Brothers'],1.7359184816268014,45.0,122.0,49.84155108897608
25,2216,Folk Hero Schtick - Live,['Yeasayer'],1.735712550278118,45.0,122.0,49.841427530166875
25,6375,Black Matter,['Jay Gatz'],1.7351842504165962,42.0,122.0,49.841110550249965
25,3376,Los Fantasmas,['Orquesta Aragón'],1.7347737317516605,44.0,122.0,49.840864239051
25,7938,Guns of August,['The Minders'],2.400735771714113,52.0,121.0,49.840441463028476
25,2759,Esta Mañana He Vuelto Al Barrio,['Los Enemigos'],3.065091164601694,60.0,120.0,49.83905469876102
25,3187,I Robot,['U.K. Subs'],1.7233562295836806,43.0,122.0,49.83401373775021
25,5780,Running,['Chris Thayer'],1.7112896744711026,43.0,122.0,49.82677380468267
25,5172,I Don't Believe You,['Robyn Hitchcock'],3.699412664190365,63.0,119.0,49.81964759851422
25,6381,Georgia Peaches,"['Larry Sparks', 'Andy Griggs']",2.365868178635052,51.0,121.0,49.81952090718104
25,5395,Don't You Worry,['Rebecca Folsom'],1.6985890253664362,44.0,122.0,49.819153415219866
25,6171,Roll Away the Stone (Mott the Hoople),['Velocette'],3.0313122350811663,58.0,120.0,49.8187873410487
25,512,破滅のオレンジ,"['Kami-sama, I have noticed']",3.6973936100950655,63.0,119.0,49.81843616605704
25,3532,We Got a Good Thing Goin',['The Knickerbockers'],2.364032807021124,52.0,121.0,49.81841968421268
25,5601,How Come You're Not Here,['P!nk'],1.693549263272124,43.0,122.0,49.81612955796328
25,7265,Magic Seat - Live,['Frankie Bones'],2.3584120977527334,51.0,121.0,49.815047258651646
25,1084,Chicken Talk,['Gucci Mane'],1.00783399904416,33.0,123.0,49.8047003994265
25,5707,Necrotism: Decanting the Insalubrious (Cyborg Midnight) Party 7,['The Lawrence Arms'],2.328514941315901,50.0,121.0,49.797108964789544
25,4219,Sleeping Soul,['Seepeoples'],0.993349121985474,32.0,123.0,49.79600947319129
25,5177,Ballad of a Thin Man,['Robyn Hitchcock'],2.982708672205353,56.0,120.0,49.78962520332321
25,5505,Pinata! Pinata!,['The Firesign Theatre'],2.3130923048267613,50.0,121.0,49.78785538289606
25,5141,Wrong Idea,['Aaron Booth'],3.637603212058077,61.0,119.0,49.782561927234845
25,1123,Allegory of the Cave,['This Day Forward'],2.2986574073488755,49.0,121.0,49.77919444440933
25,5242,Mr. Christmas,['Joe Diffie'],1.6319052244714893,42.0,122.0,49.7791431346829
25,2285,Stardust,['Global.Kryner'],2.2911737777724115,49.0,121.0,49.774704266663456
25,413,"Toys Toys Toys Choke, Toys Toys Toys",['Biffy Clyro'],2.290304668390116,52.0,121.0,49.77418280103407
25,2155,Mystical Planet,['New World Generation'],2.285620340062755,50.0,121.0,49.77137220403766
25,256,She's Not There,['Christy Baron'],2.2777845579145906,51.0,121.0,49.76667073474876
25,7251,Rewinder - Live,['Frankie Bones'],1.6062612340422155,43.0,122.0,49.763756740425336
25,2887,Boom Boom,"['Chingo Bling', 'Ratcheton', 'Dirt Bag']",3.603189833027415,64.0,119.0,49.76191389981645
25,7407,In His Touch,['Céline Dion'],2.930681487747139,56.0,120.0,49.75840889264828
25,5860,Everybody Loves A Cocksucker,['Black Lips'],2.262187419830876,49.0,121.0,49.75731245189853
25,2337,Laying Stars To Sleep,['Scars Of Tomorrow'],2.261094222303615,51.0,121.0,49.75665653338218
25,1257,You're My Everything,['Tal Bachman'],2.919132021735135,55.0,120.0,49.75147921304108
25,1917,Easy Does It,['Highpersonic Whomen'],0.9184795672190631,32.0,123.0,49.75108774033144
25,890,(I've Blown It) Big Time,['Baxendale'],2.9183542754787304,57.0,120.0,49.75101256528724
25,92,Helsinkiin,['Scandinavian Music Group'],2.2507240789766785,48.0,121.0,49.75043444738601
25,3740,Proud Mary,"[""Pickin' On Series""]",2.240273291210724,49.0,121.0,49.74416397472644
25,7310,Ich will dich haben,['Die Prinzen'],1.5673622731282142,42.0,122.0,49.74041736387693
25,1212,What I Need,"['B.G.', 'Max B']",0.8900709287806062,32.0,123.0,49.73404255726837
25,7727,Trainwreck 555,['Headnoise'],2.8653925391880684,56.0,120.0,49.71923552351284
25,8072,How Far,['Martina McBride'],2.190335089583232,48.0,121.0,49.714201053749946
25,4260,Don't O.D. On XTC,['The Movement'],2.189682778314123,50.0,121.0,49.71380966698848
25,1210,Real Nigga,"['B.G.', 'Hell Rell']",2.8332463150098155,55.0,120.0,49.69994778900589
25,6286,Sweets & Love,['SCSI-9'],2.158385422869179,50.0,121.0,49.69503125372151
25,1442,Kerosene,['Pitchshifter'],1.48595256225478,41.0,122.0,49.69157153735287
25,1537,Water Under the Bridge,['The Samples'],2.127336642645162,49.0,121.0,49.676401985587106
25,6092,Jack Pastrami (Flower Bun),['Negativland'],1.4549892985617978,39.0,122.0,49.672993579137085
25,3378,Calculadora,['Orquesta Aragón'],1.4354862412381817,39.0,122.0,49.66129174474291
25,4948,Day After Tomorrow,['Anny Celsi'],1.4350337293908393,40.0,122.0,49.66102023763451
25,6994,"Really, Really, Really",['The Meligrove Band'],2.757652621080658,54.0,120.0,49.65459157264839
25,7128,Dead Drunk And Wasted,['Danger Danger'],1.423464622352575,43.0,122.0,49.65407877341155
25,5102,I'll Confess,['The Cardinal Sin'],1.4154902290782334,43.0,122.0,49.649294137446944
25,1227,Maybelline,['Paul Brill'],2.0687297425719464,46.0,121.0,49.64123784554317
25,563,The College Groves,['Sean Potts'],1.3926677321193641,42.0,122.0,49.63560063927162
25,2248,Steel,['Sam Baker'],1.390143227300292,39.0,122.0,49.63408593638018
25,2163,Curious Soul - Alternate Mix,['New World Generation'],1.3847487931342748,42.0,122.0,49.63084927588057
25,6425,Ain't Nobody's Blues But My Own,['Wayne Hancock'],1.37840249049367,41.0,122.0,49.62704149429621
25,344,Up. Down. Float. - Original,['Jondi & Spesh'],2.7112009471043064,62.0,120.0,49.626720568262584
25,2036,Travel in Packs,['The Devotchkas'],1.3722007006770236,41.0,122.0,49.623320420406216
25,6989,Now Look What You've Done,['The Meligrove Band'],1.3718202629718306,39.0,122.0,49.623092157783105
25,8174,Guapeando,['Aníbal Troilo Y Su Orquesta Típica'],1.3681450639424864,39.0,122.0,49.620887038365495
25,3151,Pyramids (Change),['Madlib'],1.366916100277495,38.0,122.0,49.620149660166504
25,3270,"All I Want All I Need - Live in New York, NY, 10/4/2008",['Whitesnake'],2.0256749448808273,46.0,121.0,49.6154049669285
25,7932,Jenny,['The Minders'],1.349381268514776,39.0,122.0,49.60962876110887
25,1249,If You Sleep,['Tal Bachman'],2.671744966898179,54.0,120.0,49.603046980138906
25,338,We Are Connected - Active Love,['Jondi & Spesh'],1.3370670015897277,38.0,122.0,49.602240200953844
25,3149,Gold Jungle (Tribe),['Madlib'],1.308965308410761,37.0,122.0,49.58537918504646
25,5870,Expatriates,['The Minor Leagues'],1.3070150915744103,39.0,122.0,49.58420905494465
25,2408,When A Man Loves A Woman,['Andy Abraham'],1.3030545576183126,39.0,122.0,49.581832734570995
25,6435,The Way of Things,['Ritual'],1.2928184069150601,38.0,122.0,49.57569104414904
25,5439,In God We Still Trust,['Diamond Rio'],1.2855101591290439,36.0,122.0,49.57130609547743
25,1651,Chaos,['Azrael'],1.2842614956358127,40.0,122.0,49.57055689738149
25,6632,Unemployed,"['N2DEEP', 'Jay Tee']",1.9506526282362757,46.0,121.0,49.57039157694177
25,628,Como en Vietnam,['Kip Hanrahan'],1.9469090750166642,44.0,121.0,49.56814544501
25,5275,Go Tell It on the Mountain,['Ty Herndon'],0.6089181277733892,26.0,123.0,49.565350876664034
25,5403,Going To Cleveland,['The Mountain Goats'],1.937165757328282,46.0,121.0,49.56229945439698
25,4033,Ulster Cycle,['Scorpion Jack'],1.9328088343459553,45.0,121.0,49.559685300607576
25,4259,Jump! - Funky Hipno Remix,"['The Movement', 'Walter ""Kandor"" Kahn']",1.9317667327304893,46.0,121.0,49.5590600396383
25,4031,Apple Bomb,['Scorpion Jack'],1.92719124683297,46.0,121.0,49.55631474809979
25,1717,Shall We Dance,['Bloodlined Calligraphy'],1.2432957454115272,38.0,122.0,49.54597744724692
25,577,Urge Overkill,['Wesley Willis'],1.900537876897067,44.0,121.0,49.54032272613824
25,5915,Indigenous Groove,"['Indigenous People', 'Marc Cary']",1.2127691210354192,37.0,122.0,49.527661472621254
25,7136,Naughty Naughty,['Danger Danger'],2.544796509372647,58.0,120.0,49.526877905623586
25,5723,Bang Dat - Feat. Snoop Dogg,['Tha Dogg Pound'],2.5183917915060707,51.0,120.0,49.511035074903646
25,8228,No Llores Madre,"[""Juan D'Arienzo y su Orquesta Típica""]",1.8478763614267963,43.0,121.0,49.508725816856085
25,6943,Esa Niña,['Jerry Rivera'],1.8391394538368422,45.0,121.0,49.50348367230211
25,3332,Going Blind,['Bullets And Octane'],1.8326828286347598,42.0,121.0,49.49960969718086
25,7663,Sunday Man,['Godzuki'],1.8293398153579972,47.0,121.0,49.4976038892148
25,3449,Unplanned Parenthood,['Busdriver'],1.8270679153406832,45.0,121.0,49.49624074920442
25,5145,Slow Fire Burning Bright,['Aaron Booth'],1.8254950571505733,44.0,121.0,49.49529703429035
25,4215,Butchers,['Seepeoples'],2.48463669992452,54.0,120.0,49.490782019954715
25,6396,New Highway,['Larry Sparks'],1.7915582044281657,45.0,121.0,49.47493492265691
25,8163,El Bulín De La Calle Ayacucho,['Aníbal Troilo Y Su Orquesta Típica'],1.7777220142350942,43.0,121.0,49.46663320854106
25,1967,Dope For The Robot,['Metamatics'],1.7735458372701607,46.0,121.0,49.4641275023621
25,818,Nocturnal Fear,['Dimmu Borgir'],1.7669661326445005,47.0,121.0,49.46017967958671
25,1232,Dry Ice,['Paul Brill'],2.4260136939286863,50.0,120.0,49.45560821635721
25,5005,Singing The Blues,['Bert Jansch'],2.421609460077792,50.0,120.0,49.452965676046674
25,1426,Make It Betta (No Cuss Version),"['The Angel', 'Tre Hardson']",2.420125748217575,53.0,120.0,49.45207544893054
25,3174,I Live In A Car,['U.K. Subs'],1.7530941605753492,45.0,121.0,49.451856496345215
25,7108,Inna Way,"['KrispyLife Kidd', 'RiskTaker D-boy']",1.7405600498374312,43.0,121.0,49.444336029902466
25,5701,Quincentuple Your Money,['The Lawrence Arms'],2.3983132271235936,49.0,120.0,49.43898793627416
25,1378,But Not For Me,['Jerry Jeff Walker'],1.7305456402536519,43.0,121.0,49.438327384152196
25,1174,Pigen Og Trompeten,"['Mek Pek', 'The Allrights']",2.3899932939849835,50.0,120.0,49.43399597639099
25,3342,All Hail Halo,['Bullets And Octane'],1.718906536151027,45.0,121.0,49.43134392169062
25,213,Epilogue,['Polkadot Cadaver'],1.7187060891299897,45.0,121.0,49.431223653478
25,4271,Mumbai-Mantra,['Moraz Alban Project'],2.373519300369102,54.0,120.0,49.424111580221464
25,2265,Consume,['Scars Of Tomorrow'],1.7033395975838481,46.0,121.0,49.42200375855032
25,2132,Distance,['Ignite'],2.35421686743229,52.0,120.0,49.41253012045937
25,1931,the law,['Mu-Seum'],1.6862320274101383,44.0,121.0,49.41173921644609
25,391,Consejos del Abuelo - En Vivo,['Attaque 77'],1.6860366458214793,45.0,121.0,49.41162198749289
25,7573,Romance De Barrio,['Aníbal Troilo Y Su Orquesta Típica'],3.019257831069019,56.0,119.0,49.41155469864141
25,1779,Guerilla (feat. Samra & Capital Bra),"['Farid Bang', 'Samra', 'Capital Bra']",1.680417866783058,42.0,121.0,49.40825072006984
25,4179,World Wide Suicide,['Pearl Jam'],1.6757321567973344,44.0,121.0,49.405439294078406
25,466,Distant Skies,['Suspyre'],1.6396041096659477,44.0,121.0,49.38376246579958
25,5173,Baby Let Me Follow You Down,['Robyn Hitchcock'],2.9608891669026134,60.0,119.0,49.37653350014157
25,4237,Untitled,['Various Artists'],2.292640191088263,51.0,120.0,49.37558411465296
25,6377,Nothing Like Home,['Jay Gatz'],1.6224115101993983,41.0,121.0,49.373446906119646
25,1948,Sled Heavy,['Solace'],2.283168454488777,49.0,120.0,49.36990107269327
25,5217,It Don't Mean A Thing (If It Ain't Got That Swing),['The Hit Crew'],0.9447525093598548,33.0,122.0,49.36685150561592
25,1431,In the Realms of the Groove,['The Angel'],2.2780252160854806,49.0,120.0,49.366815129651286
25,564,Maire Ni Mhongain,"[""Liam O'Flynn""]",2.2748879340427743,49.0,120.0,49.36493276042567
25,1652,Demons,['Azrael'],2.2745345991867607,48.0,120.0,49.36472075951205
25,7809,Come On (It's Only Love) - clubmix,['Love Inc.'],2.263196218953864,50.0,120.0,49.35791773137232
25,5429,One More Day,['Diamond Rio'],0.925999778176056,33.0,122.0,49.355599866905635
25,5638,Time Has Come,['Europe'],2.2479317906772285,51.0,120.0,49.34875907440634
25,3856,Silent Film,['Dog Fashion Disco'],0.914419904236734,34.0,122.0,49.34865194254205
25,8252,Desde Aquella Noche,"[""Juan D'Arienzo y su Orquesta Típica""]",1.5739059327947904,41.0,121.0,49.34434355967688
25,8161,Toda Mi Vida,['Aníbal Troilo Y Su Orquesta Típica'],0.9065854609027549,33.0,122.0,49.34395127654166
25,328,I Know Better Now,['Eric Brace & Peter Cooper'],2.2363032776348635,50.0,120.0,49.34178196658092
25,3898,Kaleidoscopean Eyes,['Kilowatts & Vanek'],2.8694288815822344,56.0,119.0,49.32165732894934
25,604,Slap Vs. Freak,['Rivermaya'],2.8603418673418264,57.0,119.0,49.316205120405094
25,2037,What Happened?,['The Devotchkas'],2.8451286571752523,56.0,119.0,49.30707719430515
25,5943,Sweet Water,['Zu'],2.8066144505023356,57.0,119.0,49.283968670301405
25,1709,Rooster,['Alice In Chains'],2.8039660713576477,57.0,119.0,49.28237964281459
25,2376,I've Got You,['Sweet Cheater'],2.7802799547977592,55.0,119.0,49.26816797287866
25,5210,SOLAR,['Galaxy Rebel'],1.4446655435022255,40.0,121.0,49.26679932610134
25,2407,Me And Mrs Jones,['Andy Abraham'],2.106028892218189,49.0,120.0,49.26361733533091
25,5766,Marry Me,['Amanda Marshall'],1.4218381082485707,38.0,121.0,49.25310286494915
25,6964,Plus fort que nous,['Annie Villeneuve'],1.4138954407405535,38.0,121.0,49.24833726444434
25,7972,Turmoil - Autodafeh Remix,['Leæther Strip'],1.4138175608378811,44.0,121.0,49.248290536502736
25,7669,Tractor Driver,['Godzuki'],1.3973521880984463,42.0,121.0,49.23841131285907
25,1350,No Defense,['Archer Prewitt'],2.7230674758287265,55.0,119.0,49.23384048549724
25,4955,Wicked Little Heart,['Anny Celsi'],1.3878551584720271,38.0,121.0,49.23271309508322
25,325,The Man Who Loves to Hate,['Eric Brace & Peter Cooper'],1.3814414317828283,37.0,121.0,49.2288648590697
25,5152,Know You (Acoustic),['emaé'],2.0437040655613066,44.0,120.0,49.22622243933679
25,593,Richard Speck,['Wesley Willis'],1.3730789967636514,38.0,121.0,49.2238473980582
25,6730,The Dream of Power,['Domain of Dreams'],1.3487483993325264,39.0,121.0,49.20924903959952
25,7316,Besoffen vor Glück,['Die Prinzen'],2.681317454858707,54.0,119.0,49.208790472915226
25,1337,Southern Wall,['Archer Prewitt'],1.3462854058461318,39.0,121.0,49.207771243507686
25,4404,The Things,['9miles2go'],1.337703444627487,40.0,121.0,49.2026220667765
25,1974,Blue Water,['Metamatics'],1.3225684709555676,40.0,121.0,49.19354108257335
25,7391,What If I Can't Say No Again,['Chely Wright'],1.310920701157208,40.0,121.0,49.18655242069433
25,4679,All About Us,['Vivian Green'],1.3068111567130134,39.0,121.0,49.18408669402781
25,1935,flowers and dust,['Mu-Seum'],1.306430199671049,38.0,121.0,49.183858119802636
25,4124,Interference - Collapsed Mix by Grendel,"['God Module', 'Grendel']",1.2951066643666262,39.0,121.0,49.17706399861998
25,469,Last of the Survivors,['Suspyre'],0.6281156926347163,30.0,122.0,49.17686941558083
25,5287,The Beach Gets Cold,['Michael Leviton'],1.2923290150205484,39.0,121.0,49.175397409012334
25,2286,That's How The Yodel Was Born,['Global.Kryner'],1.2921456900136434,39.0,121.0,49.17528741400819
25,4825,"Sparks of the Tempest - Live at Pine Knob, Clarkston, MI - July 1978",['Kansas'],1.287239699379283,39.0,121.0,49.17234381962758
25,4560,The Bear Song,['Green Jelly'],1.2843951998742307,38.0,121.0,49.17063711992454
25,2251,Sink Or Swim,['Tamara Silvera'],1.2729171685388336,37.0,121.0,49.16375030112331
25,5565,Truth,"['J Flow', 'Trippy Troy', 'La Vie', 'Malc B']",1.934596952943291,47.0,120.0,49.16075817176598
25,6329,Everything I Hate,['Smalltown Poets'],1.267052017143476,39.0,121.0,49.16023121028609
25,1837,Jack In the Squares,['Starlight Mints'],1.2670269472118603,38.0,121.0,49.160216168327125
25,8167,Tabernero,['Aníbal Troilo Y Su Orquesta Típica'],1.9256682201700055,48.0,120.0,49.155400932102005
25,2482,Introduct,['Tim Koch'],1.2573817643600576,39.0,121.0,49.15442905861604
25,6867,Your Ankles to Your Earlobes,['The Paper Chase'],1.2473533689833831,38.0,121.0,49.14841202139004
25,1986,Merry Christmas Baby / Give Love on Christmas Day,['John Legend'],1.2410534175099024,37.0,121.0,49.14463205050595
25,2219,Apprentice of the Universe,['Pure Reason Revolution'],1.2396469945965072,39.0,121.0,49.14378819675791
25,4334,Halloween Girl,['Seraphim Shock'],1.90509049441022,44.0,120.0,49.143054296646135
25,6789,Love of the Hustle (feat. Trav),"['Jim Jones', 'Trav']",1.2371643068611458,37.0,121.0,49.142298584116695
25,3485,Buy Our Stuff,['King Apparatus'],1.89030378237079,49.0,120.0,49.134182269422475
25,3384,Ay José,['Orquesta Aragón'],1.2188210537008153,36.0,121.0,49.13129263222049
25,860,City Lights,['Karsh Kale'],0.5423048364576187,25.0,122.0,49.12538290187457
25,5846,Crows,['Numbers'],3.8738316275495586,66.0,117.0,49.12429897652974
25,361,Whiskers in the Jar (Parody: Whiskey in the Jar),"[""Marc Gunn & the Dubliners' Tabby Cats""]",1.1982506045383934,36.0,121.0,49.11895036272304
25,8184,El Entrerriano,"[""Juan D'Arienzo y su Orquesta Típica""]",2.5151005975721072,51.0,119.0,49.10906035854327
25,1513,"Well, William",['Ex-Boyfriends'],1.842365347011862,45.0,120.0,49.10541920820712
25,6062,Sexual Military Dynamics,['Mike Watt'],1.8393078746906093,47.0,120.0,49.10358472481437
25,7205,Baby Have No Fun,['The Weary Boys'],1.8219127790285155,44.0,120.0,49.09314766741711
25,7954,Call Me Down,['Five Horse Johnson'],1.821305215588613,47.0,120.0,49.092783129353165
25,6178,On the Radio (feat. Bavgate),['Bavgate'],1.8185897348941191,47.0,120.0,49.09115384093647
25,5171,Tell Me Mama,['Robyn Hitchcock'],3.1385075733294876,62.0,118.0,49.08310454399769
25,3431,Tonight,['The Kilborn Alley Blues Band'],1.7999482268938174,47.0,120.0,49.07996893613629
25,3982,"One Day, Everything Changed",['Wale Oyejide'],2.4612522409688804,50.0,119.0,49.07675134458133
25,4403,Regrets,['Division'],2.4601888102324967,56.0,119.0,49.0761132861395
25,104,Sunken Eyes,['Luck Of Aleia'],2.459039516512908,54.0,119.0,49.075423709907746
25,3259,"Love Ain't No Stranger - Live in Tokyo, Japan, 5/7/1997; Remix",['Whitesnake'],1.7882322520488432,43.0,120.0,49.07293935122931
25,4419,Go Lucky!,['Dead Letter Dept.'],2.4457072694000477,53.0,119.0,49.06742436164003
25,4405,At The Seams,['Las Cabriolas'],2.439277574573826,50.0,119.0,49.0635665447443
25,7362,Ja Ja (Wenn Weinhnachten ist),['Die Prinzen'],2.438574825026152,50.0,119.0,49.06314489501569
25,7613,Camino Del Tucumán,['Aníbal Troilo Y Su Orquesta Típica'],1.7712817643891823,44.0,120.0,49.062769058633506
25,1973,Dope Robots Revenge,['Metamatics'],1.7661766202345541,46.0,120.0,49.05970597214073
25,701,Again,['Jennifer Lopez'],1.0978538513149705,35.0,121.0,49.05871231078899
25,1517,Ollie,['Ex-Boyfriends'],1.7627107408961347,47.0,120.0,49.05762644453768
25,5640,On the Loose,['Europe'],1.7576656203719652,44.0,120.0,49.05459937222318
25,436,Some Old Side Road - Remastered Single Version,['Keith Whitley'],1.7517846015791445,44.0,120.0,49.05107076094749
25,5149,Talk (Acoustic),['emaé'],2.4175182415882333,52.0,119.0,49.05051094495294
25,3366,Hope - Mixed,['Guti'],1.748202398097844,43.0,120.0,49.048921438858706
25,236,We Will Rock You,['Queen'],1.744953131505237,46.0,120.0,49.04697187890314
25,6454,Satellite (Show Me The Worth Of The World),['Tabla Beat Science'],1.740139455852878,45.0,120.0,49.04408367351173
25,953,I Wanna Know If It's Good to You,['Funkadelic'],2.4045964489051275,51.0,119.0,49.04275786934308
25,447,Lucky Dog - Single Version,['Keith Whitley'],1.736200801480764,45.0,120.0,49.04172048088846
25,4857,Bottle This,['Dag Nasty'],1.733072672492927,43.0,120.0,49.039843603495754
25,342,Life of Glitter - Original,['Jondi & Spesh'],1.729175670718552,46.0,120.0,49.03750540243113
25,1945,Forever My Queen,['Solace'],1.72780347323047,45.0,120.0,49.03668208393828
25,7033,They Know,['Keenon Rush'],1.7255117783866811,44.0,120.0,49.03530706703201
25,3745,Fortunate Son,"[""Pickin' On Series""]",1.7214408982564355,45.0,120.0,49.03286453895386
25,2198,If You Need A Reason,['Mason Jennings'],1.053006665080347,33.0,121.0,49.031803999048215
25,6310,I'm Still Here If U Looking 4 Me,['Bethan Mane'],2.3783536785606483,51.0,119.0,49.02701220713639
25,1256,Looks Like Rain,['Tal Bachman'],1.7106537336095895,45.0,120.0,49.026392240165755
25,7721,Imperial Supremacy,['Headnoise'],1.7074878877994768,46.0,120.0,49.02449273267968
25,5632,The Final Countdown,['Europe'],2.3681039717527423,50.0,119.0,49.02086238305165
25,7583,Y Dicen Que No Te Quiero,['Aníbal Troilo Y Su Orquesta Típica'],2.36810148635897,50.0,119.0,49.02086089181538
25,4869,Bread,['On! Air! Library!'],2.367651875835846,54.0,119.0,49.02059112550151
25,1067,Make The Trap Say Aye (feat. OJ da Juiceman),"['Gucci Mane', 'OJ Da Juiceman']",1.6981281967933104,43.0,120.0,49.01887691807599
25,1521,The Innocent,['Penance'],1.6929656165642297,45.0,120.0,49.015779369938535
25,6607,Lil' Naked,['Demolition Doll Rods'],1.6881719822252939,43.0,120.0,49.01290318933518
25,2935,Stadtkind,['Ellen Allien'],1.6873377750095282,44.0,120.0,49.012402665005716
25,5161,Don't Wanna Be Your Fool,['Quiet Riot'],2.3464553994370307,50.0,119.0,49.00787323966222
25,2747,Parade,['Aurelio Voltaire'],1.679425043601257,44.0,120.0,49.007655026160755
25,5941,Are We There Yet?,['The Citizens'],2.332947984442292,53.0,119.0,48.99976879066538
25,3619,From the Mountains of Tangier,['Trial of the Bow'],2.332861788638619,53.0,119.0,48.99971707318317
25,2283,Night & Day,['Global.Kryner'],1.664858615091726,44.0,120.0,48.99891516905504
25,5380,Going to Bogotá,['The Mountain Goats'],2.3231682327339422,50.0,119.0,48.99390093964037
25,6281,Eclair De Lune,['SCSI-9'],1.652532265994467,44.0,120.0,48.99151935959668
25,288,Don't Turn Around,['Project Pat'],2.314489912496735,51.0,119.0,48.98869394749804
25,4731,Same Time,['The Script'],1.6357445676027684,42.0,120.0,48.98144674056166
25,530,Bernard Manning,['Armitage Shanks'],2.299824025656368,53.0,119.0,48.97989441539382
25,6936,You Get What You Deserve,['Idle Wilds'],2.2925065298439566,49.0,119.0,48.97550391790637
25,6328,If You'll Let Me Love You,['Smalltown Poets'],0.9574913108424654,32.0,121.0,48.97449478650549
25,1778,Hadouken (feat. Haftbefehl),"['Farid Bang', 'Haftbefehl']",2.2891392880023833,52.0,119.0,48.973483572801435
25,2619,Wicked Blues,['The JT Blues Band'],2.952551505158608,57.0,118.0,48.971530903095164
25,7435,Mondi Paralleli,['Raf'],2.278521811676913,49.0,119.0,48.96711308700615
25,2019,Just For Tonight - Vocal,['Henry Mancini'],2.2776442287866763,52.0,119.0,48.96658653727201
25,4836,Hvorom Alting Er,['Peter Sommer'],2.275209539707573,51.0,119.0,48.96512572382454
25,5220,In The Mood,['The Hit Crew'],0.9393513026566702,30.0,121.0,48.96361078159401
25,6004,Best Friends,['Thom Rotella'],2.2598067093636676,51.0,119.0,48.955884025618204
25,3523,Just One Girl,['The Knickerbockers'],0.9237822343135618,31.0,121.0,48.95426934058814
25,8235,Y Suma Y Sigue,"[""Juan D'Arienzo y su Orquesta Típica""]",1.5729869489532715,40.0,120.0,48.94379216937196
25,4445,Stone Cold Alone,['Kathleen Wilhoite'],2.232317213517396,48.0,119.0,48.93939032811044
25,6076,12am In Istanbul,['Jennifer Berezan'],1.563398295201498,41.0,120.0,48.9380389771209
25,4789,Hush the Wild Horses,['Rachel Harrington'],0.8945958338699265,32.0,121.0,48.93675750032196
25,734,In A Little Bubble,['flora cash'],0.894154434624239,32.0,121.0,48.93649266077455
25,4795,Susanna,['Rachel Harrington'],0.8820293363820738,31.0,121.0,48.92921760182925
25,1722,Hammer To Nail,['Bloodlined Calligraphy'],0.8751202908921707,33.0,121.0,48.92507217453531
25,1464,The Key,['The Guess Who'],0.8556771195631784,30.0,121.0,48.91340627173791
25,2739,"Violin Partita No. 1 in B Minor, BWV 1002: VII. Tempo di Borea","['Johann Sebastian Bach', 'Lucy van Dael']",2.8552936060382,56.0,118.0,48.91317616362292
25,938,Wet Wet,"['Unk', 'Blazed', 'Project Pat', 'Three 6 Mafia']",0.8454805485712763,31.0,121.0,48.90728832914277
25,1584,Blinded By Science,['Flux of Pink Indians'],2.827294047542407,57.0,118.0,48.89637642852545
25,1675,Be Merciful To Me,"[""Caedmon's Call""]",0.819938103308243,31.0,121.0,48.89196286198495
25,2988,Cold Front,['Freeways'],2.1514465397554425,49.0,119.0,48.890867923853264
25,6321,Manelo,['Yanga Chief'],1.4607166617039185,38.0,120.0,48.87642999702235
25,7226,I Dreamed You,['Anastacia'],1.4524205241914796,39.0,120.0,48.87145231451489
25,1586,"Some Of Us Scream, Some Of Us Shout",['Flux of Pink Indians'],2.117016807275082,49.0,119.0,48.87021008436505
25,3329,Ninas Song,['Jonas Bering'],1.425501594577225,43.0,120.0,48.85530095674633
25,6995,The Day after Margaret,['The Meligrove Band'],2.738948016520689,55.0,118.0,48.84336880991242
25,7618,En Carne Propia,['Aníbal Troilo Y Su Orquesta Típica'],1.3973007015423635,40.0,120.0,48.83838042092542
25,8218,Bien Pulenta,"[""Juan D'Arienzo y su Orquesta Típica""]",2.0627434514138514,47.0,119.0,48.837646070848315
25,3436,New Aquarium,['Busdriver'],1.3947108753215258,38.0,120.0,48.83682652519292
25,4192,Pictured Life,['Scorpions'],1.3805926766576255,39.0,120.0,48.828355605994574
25,4470,Ready To Rumble,['Mystikal'],1.3765440788115966,39.0,120.0,48.82592644728696
25,2684,Piqqo,['Oval'],2.7088278312422407,55.0,118.0,48.82529669874535
25,381,Nuestros Años Felices - En Vivo,['Attaque 77'],1.3675621054959084,42.0,120.0,48.820537263297545
25,3382,Yo Tengo Una Muñeca,['Orquesta Aragón'],1.3487207500490235,40.0,120.0,48.80923245002941
25,5561,Move,"['J Flow', 'YK Genre', 'Trippy Troy']",1.3435040401994378,38.0,120.0,48.806102424119665
25,1701,Love One Another (Beuguente),"[""Youssou N'Dour""]",1.3402767160474387,37.0,120.0,48.80416602962846
25,1253,I Wonder,['Tal Bachman'],1.3377245749726838,37.0,120.0,48.802634744983614
25,6017,One Bee at a Time,['Negativland'],2.640767608649689,51.0,118.0,48.78446056518982
25,6338,How I Get Myself Killed,['Indigo De Souza'],1.3039666222246276,37.0,120.0,48.78237997333478
25,1495,"Underground Blackout, Pt. 2",['Daforce'],1.2954419117061196,38.0,120.0,48.77726514702367
25,2937,When Will I Be Famous,['Sascha Funke'],1.294989241194535,38.0,120.0,48.776993544716724
25,8162,Con Toda La Voz Que Tengo,['Aníbal Troilo Y Su Orquesta Típica'],1.289892650071231,39.0,120.0,48.77393559004274
25,4103,Skeleton Key,"[""Margot & The Nuclear So And So's""]",1.2887638781213908,38.0,120.0,48.773258326872835
25,1465,Minstrel Boy,['The Guess Who'],1.9454012039673056,44.0,119.0,48.767240722380386
25,272,You're Looking Good,['Jerry Reed'],1.2774131871081629,37.0,120.0,48.766447912264894
25,3181,Ambition,['U.K. Subs'],0.6069429238902899,28.0,121.0,48.76416575433418
25,3833,Time to Ring Some Changes,['Jim Henry & Brooks Williams'],0.5990915588855176,26.0,121.0,48.75945493533131
25,6151,Car Bomb,['Negativland'],1.2578822547893311,38.0,120.0,48.754729352873596
25,4571,It Will Be (Delivered),['The Red Krayola'],1.2574070507165893,38.0,120.0,48.754444230429954
25,4042,The Method Pt. 2,['The Greyboy Allstars'],0.5899076948031122,26.0,121.0,48.753944616881874
25,5316,Pearls,['Antje Duvekot'],1.9167730045314908,45.0,119.0,48.7500638027189
25,3847,Eyvallah Shahim 'New Rendition' (Truth),['Niyaz'],1.9138144726133208,44.0,119.0,48.74828868356799
25,7826,People Hold On - Dirty Radio Mix,"['Lisa Stansfield', 'Dirty Rotten Scoundrels', 'Dan Bewick', 'Matt Frost']",1.2460369703219052,36.0,120.0,48.74762218219314
25,1219,Ain't No Bitch,['B.G.'],1.898387115126573,47.0,119.0,48.73903226907594
25,3150,Offbeat (Groove),['Madlib'],0.5590664050143811,24.0,121.0,48.735439843008635
25,5386,Going to Scotland,['The Mountain Goats'],1.2218755973082804,37.0,120.0,48.73312535838497
25,4810,Mystical Chants,['Saafi Brothers'],0.5519887649621169,26.0,121.0,48.73119325897728
25,486,Fire Escape,['Gus Black'],0.5501666791989372,25.0,121.0,48.73010000751937
25,1695,Mame Bamba,"[""Youssou N'Dour""]",1.2071881173083006,36.0,120.0,48.72431287038498
25,3474,24hrs,['DreiBoogy'],1.188505001211257,36.0,120.0,48.713103000726754
25,959,Cosmic Slop,['Funkadelic'],1.8523888636073071,43.0,119.0,48.71143331816439
25,6776,MMTC (feat. Vado & Rain),"['Jim Jones', 'Vado', 'Rain']",1.8380819096761412,42.0,119.0,48.702849145805686
25,6592,Ham and Figo,"['Wolfgang Amadeus Mozart', 'Klazz Brothers', 'Cuba Percussion']",1.835395895469357,45.0,119.0,48.701237537281614
25,2930,Sehnsucht,['Ellen Allien'],2.5003697140788335,51.0,118.0,48.700221828447305
25,859,Louder Than Bombs,['Karsh Kale'],1.83241000099075,44.0,119.0,48.69944600059445
25,4198,Dark Lady,['Scorpions'],2.4884534161547758,52.0,118.0,48.693072049692866
25,3780,24-7,"['Quasimoto', 'MED']",1.7961098043428458,45.0,119.0,48.67766588260571
25,2007,See-Saw Man,['The Five Americans'],1.785469186137382,43.0,119.0,48.67128151168243
25,6097,Perfect Little Cookies,['Negativland'],1.7834680141548767,47.0,119.0,48.670080808492926
25,4043,Drifting Along,['Jamiroquai'],1.7736514104215315,46.0,119.0,48.66419084625292
25,2330,Far Too Long,['The Cassettes'],1.7726548079428364,43.0,119.0,48.663592884765706
25,7738,Equipaje,['Aníbal Troilo Y Su Orquesta Típica'],2.4381411085201696,53.0,118.0,48.6628846651121
25,4028,Error 404,['Scorpion Jack'],1.1027055152593785,33.0,120.0,48.66162330915563
25,5143,How Long,['Aaron Booth'],2.430093597594187,51.0,118.0,48.65805615855651
25,5889,Bu Mudur - Akustik Versiyon,['Nil Karaibrahimgil'],1.0920900398446372,35.0,120.0,48.655254023906785
25,6331,Anymore,['Smalltown Poets'],1.7503590531815219,44.0,119.0,48.65021543190891
25,3308,Love for Sale,['Vincent Herring'],1.7434863653278674,43.0,119.0,48.64609181919672
25,6780,Everything (feat. Marc Scibilia),"['Jim Jones', 'Marc Scibilia']",1.7418934775517607,44.0,119.0,48.64513608653106
25,630,The Savage Dawn in Her Glance,['Kip Hanrahan'],1.7377449462266985,46.0,119.0,48.64264696773602
25,5574,What Do You Feel,['20/20'],1.0682995143456153,34.0,120.0,48.64097970860737
25,3217,Pangarap Ko,['Kitchie Nadal'],2.4014594103441524,50.0,118.0,48.640875646206496
25,7943,Funny Face,['Kate Campbell'],1.7240551845935141,44.0,119.0,48.63443311075611
25,4866,100 Punks Rule,['Dag Nasty'],1.7228004364512344,44.0,119.0,48.633680261870744
25,3761,Foggy Mountain Breakdown,['Wynn Osborne'],1.7163485290378937,43.0,119.0,48.62980911742274
25,2799,The Wild Colonial Boy,['Hair of the Dog'],1.7075932489044425,42.0,119.0,48.624555949342664
25,7387,Between a Mother and a Child,['Chely Wright'],1.6987679183746416,42.0,119.0,48.61926075102479
25,3460,Goin In,['DRE-B'],2.3606937346609627,50.0,118.0,48.61641624079658
25,1809,Tv Blood,['Tarwater'],3.0166091836508864,57.0,117.0,48.609965510190534
25,7267,Georgia,['Carolyn Dawn Johnson'],1.6707785211624944,44.0,119.0,48.6024671126975
25,3501,L.S.D.,['Nicotine'],2.3359021322073943,51.0,118.0,48.60154127932444
25,4493,Ghetto Child (feat. Master P & Silkk 'The Shocker'),"['Mystikal', 'Master P', 'Silkk The Shocker']",0.9939430409711848,34.0,120.0,48.59636582458271
25,5646,I De Tider,['Søs Fenger'],1.6523459785947172,43.0,119.0,48.59140758715683
25,307,Then I Knew,['Nelson Rangell'],2.318498371526538,51.0,118.0,48.59109902291593
25,1311,Sittin' And A'Rockin',['Lucy Ann Polk'],1.647002442774049,42.0,119.0,48.58820146566443
25,1714,Grind,['Alice In Chains'],1.639322215946443,44.0,119.0,48.58359332956787
25,4798,Get out While You Still Can,['Rachel Harrington'],0.9669747100361452,31.0,120.0,48.580184826021686
25,6214,Joc,"['Manuel Blancafort', 'Anna Alàs i Jové', 'Miquel Villalba']",0.9597068531324614,30.0,120.0,48.57582411187948
25,948,Main Attraction,['Unk'],2.287527157300589,51.0,118.0,48.57251629438036
25,326,The First in Line,['Eric Brace & Peter Cooper'],0.9518294968180094,32.0,120.0,48.5710976980908
25,7751,Sawdust And Splinters,['Tim Finn'],0.9382928245336719,33.0,120.0,48.5629756947202
25,1410,Island - Diamond Eye Version,"['I:Scintilla', 'DiamonD EyE']",2.2603259915065292,51.0,118.0,48.55619559490392
25,5416,Alpha Double Negative: Going To Catalina,['The Mountain Goats'],2.2555533183174585,50.0,118.0,48.55333199099048
25,2197,Jackson Square,['Mason Jennings'],2.2479370590082164,50.0,118.0,48.54876223540493
25,5162,Sign of the Times,['Quiet Riot'],2.2472015867220043,51.0,118.0,48.54832095203321
25,8143,Pampa,"[""Juan D'Arienzo y su Orquesta Típica""]",0.913462746691998,32.0,120.0,48.5480776480152
25,2494,Kilteroff,['Tim Koch'],0.9044964941316738,32.0,120.0,48.542697896479005
25,5314,Helpless Kiss,['Antje Duvekot'],0.9033326380810952,31.0,120.0,48.54199958284866
25,6920,Ronnie Hawkins,['The Year Of'],2.2340521931947936,49.0,118.0,48.54043131591688
25,302,The Gathering,['Nelson Rangell'],2.2290865481090396,50.0,118.0,48.53745192886543
25,5018,She Misses Him On Sunday The Most,['Diamond Rio'],1.561204818809752,42.0,119.0,48.536722891285855
25,7061,Big Time,['The Kinsey Report'],0.8910473889129275,33.0,120.0,48.534628433347756
25,1812,Jackie,['Tarwater'],2.208771102812367,51.0,118.0,48.52526266168742
25,7454,You Oughta' Been There,['Ricky Dillard & New G (New Generation Chorale)'],2.866393926941763,55.0,117.0,48.519836356165065
25,7650,Love Crown,['Godzuki'],2.1759400540264924,48.0,118.0,48.5055640324159
25,6630,Young - Midnight Kids Remix,"['The Chainsmokers', 'Midnight Kids']",0.8249278022473898,32.0,120.0,48.494956681348434
25,8183,El Torito,"[""Juan D'Arienzo y su Orquesta Típica""]",0.8171585601563595,31.0,120.0,48.49029513609381
25,560,The Bee's Wing,['Joseph McLaughlin'],1.4771260386158411,43.0,119.0,48.486275623169504
25,1587,Tapioca Sunrise,['Flux of Pink Indians'],0.8051121575196931,30.0,120.0,48.48306729451181
25,2341,The Setting Sun,['Scars Of Tomorrow'],2.781569747874399,54.0,117.0,48.46894184872465
25,7748,Subway Dreaming,['Tim Finn'],1.442018766604737,41.0,119.0,48.46521125996284
25,7451,Something Happened on the Way to Heaven,['Deborah Cox'],1.4279733367062446,43.0,119.0,48.456784002023745
25,6736,The Dream of Despair,['Domain of Dreams'],2.7518211901448306,56.0,117.0,48.451092714086904
25,5151,Why It Sings (Acoustic),['emaé'],1.4115526506043097,38.0,119.0,48.44693159036259
25,7543,Don't Dig a Grave,['The Ohio Weather Band'],1.399720310595814,38.0,119.0,48.43983218635749
25,1148,Shashamani,['Bill Laswell'],1.376400898501725,42.0,119.0,48.42584053910104
25,2802,Sweet Caroline,['Hair of the Dog'],1.3546184098691885,40.0,119.0,48.41277104592152
25,5898,Seine to the Rhine,['Brando'],1.3429375571946516,37.0,119.0,48.40576253431679
25,1520,Gemini,['Penance'],1.336804375483435,40.0,119.0,48.40208262529006
25,1177,Rapperkonen - Remix,"['Mek Pek Party Band', 'Jack Nuber']",1.3355802709798654,37.0,119.0,48.40134816258792
25,7612,Así Es Ninón,['Aníbal Troilo Y Su Orquesta Típica'],1.326984917200628,38.0,119.0,48.39619095032038
25,6410,Space Lust (In The Space Dust),['Anjali'],1.3267458119671172,40.0,119.0,48.39604748718027
25,6397,Pretty For You,['The Verve Pipe'],1.3195389893682115,40.0,119.0,48.39172339362093
25,2554,Cuddle Season,['Blackfrosty'],1.3180508759727174,36.0,119.0,48.39083052558363
25,1686,Old Man Flint,['Tempest'],1.315337649365608,40.0,119.0,48.389202589619366
25,102,Juokseva mies,['Scandinavian Music Group'],1.9648767652734813,46.0,118.0,48.378926059164094
25,3179,Plan Of Action,['U.K. Subs'],1.2879724768261787,39.0,119.0,48.372783486095706
25,7531,Make a Hand,['American Longspurs'],0.6185436277387669,25.0,120.0,48.37112617664326
25,831,Southern Blood,['Moonshine'],0.6182773272875414,25.0,120.0,48.37096639637252
25,2074,You and Me and the Ten Thousand Things,['Peter Mulvey'],0.6152602952602952,28.0,120.0,48.36915617715618
25,1113,Fortunes Of Misfortune,['Anna Waronker'],1.2645347467406776,36.0,119.0,48.358720848044406
25,7990,Paz Suite 4,['Delarosa And Asora'],0.59511368549239,26.0,120.0,48.357068211295434
25,7497,Good Dwellas,['Cella Dwellas'],1.2457961151056554,36.0,119.0,48.347477669063395
25,7088,Barely Half Alive,['American Dog'],1.9123873024634794,48.0,118.0,48.34743238147809
25,7106,A Lil Turnt,['KrispyLife Kidd'],0.5725002660167878,24.0,120.0,48.34350015961007
25,6186,Meet the Dealers (feat. Big Rich & Ya Boy),"['Ya Boy', 'Big Rich']",1.2368393574776981,38.0,119.0,48.34210361448662
25,2324,Still Bloaond Freestyle,['Sero'],1.233985953973957,38.0,119.0,48.34039157238438
25,7592,Puppentanz,['Rias 64'],1.2324928637818733,36.0,119.0,48.33949571826913
25,4728,Run Through Walls,['The Script'],1.2305485024800809,38.0,119.0,48.33832910148805
25,5592,Dilaudid,['The Mountain Goats'],1.8859108924410486,44.0,118.0,48.33154653546463
25,5267,Poor Me,['Joe Diffie'],1.882611882160992,47.0,118.0,48.3295671292966
25,1523,Regret,['Penance'],1.2112544943634604,37.0,119.0,48.32675269661808
25,6505,Widow's Weed,['Laika'],1.1987238920120458,36.0,119.0,48.31923433520723
25,6506,Glory Cloud,['Laika'],1.1836768807856837,37.0,119.0,48.310206128471414
25,6606,We Will Ride,['Demolition Doll Rods'],1.1824300386509368,36.0,119.0,48.309458023190565
25,2372,Money's Tough,['Sweet Cheater'],1.8472818735627845,47.0,118.0,48.30836912413768
25,4599,Humble Decision,['Ritual'],1.1734124632055807,37.0,119.0,48.30404747792335
25,4788,Marinate - Has-Lo Remix,['Boog Brown'],2.485985595038091,53.0,117.0,48.29159135702286
25,378,Cuanta Cerveza - En Vivo,['Attaque 77'],1.8134161274222365,45.0,118.0,48.28804967645335
25,4239,Untitled,['Various Artists'],1.8125385274693575,43.0,118.0,48.287523116481616
25,6356,I've Done It Wrong Again,['Papermoon'],1.1435921537701963,36.0,119.0,48.286155292262116
25,3500,Burn It Down,['The Fairlanes'],1.8017064587735645,45.0,118.0,48.28102387526414
25,891,The Future...,['Baxendale'],2.45830003297639,50.0,117.0,48.274980019785836
25,6228,Mistakes,"['Open Mike Eagle', 'Alpha MC']",1.7862575050757865,43.0,118.0,48.27175450304547
25,295,Choose You,['Project Pat'],1.778911624620157,44.0,118.0,48.267346974772096
25,8190,Ché Existencialista,"[""Juan D'Arienzo y su Orquesta Típica""]",1.7737577766078594,44.0,118.0,48.26425466596472
25,5917,Last Hurrah,['Bebe Rexha'],1.772939685582534,44.0,118.0,48.26376381134952
25,6676,crutch,['Rabbit Junk'],1.7707730808155728,43.0,118.0,48.26246384848935
25,3536,Like Little Children,['The Knickerbockers'],1.096942250209325,33.0,119.0,48.258165350125594
25,7112,KrispyBoat [Bonus Track],"['KrispyLife Kidd', 'Lil Yachty']",2.428760337040322,54.0,117.0,48.2572562022242
25,1390,Cheap Rhyme,['Archer Prewitt'],3.7594362726250665,64.0,115.0,48.25566176357504
25,7212,Bet My Life,['The Weary Boys'],1.7372640705713538,44.0,118.0,48.24235844234281
25,6622,Greasy Heart,['Jefferson Airplane'],2.401456904983613,51.0,117.0,48.24087414299017
25,5776,She's Imagined,['Chris Thayer'],1.0535282057578197,35.0,119.0,48.23211692345469
25,7713,Hit The Decks,['CIRRUS'],2.381376757957456,52.0,117.0,48.22882605477448
25,5437,I Believe,['Diamond Rio'],1.711816463389105,47.0,118.0,48.22708987803347
25,5155,Slick Black Cadillac,['Quiet Riot'],1.6932845815188728,45.0,118.0,48.215970748911325
25,611,Pers lab,['Rivermaya'],2.353568814792415,50.0,117.0,48.21214128887545
25,7777,Vacationland F/ Thrill Gates,['billy woods/thrill gates'],2.346090943155757,49.0,117.0,48.207654565893456
25,5794,A Paris,['Polo'],1.6725780522617515,44.0,118.0,48.20354683135705
25,8121,The Truth,['American Longspurs'],0.3368595185233555,20.0,120.0,48.20211571111401
25,6990,Check Your Messages,['The Meligrove Band'],1.6676220195243703,44.0,118.0,48.20057321171463
25,893,Switzerland,['Baxendale'],0.9994355587533638,32.0,119.0,48.19966133525202
25,4890,One Step At A Time,['Leslie Tucker'],0.9990006418974919,32.0,119.0,48.199400385138496
25,1916,Never-Ending - Fock It Mix,['Esion Jim'],2.3322207108232993,52.0,117.0,48.19933242649398
25,3584,Message Personnel - Arab Strap Remix,"['Dot Allison', 'Arab Strap']",1.6630110611989697,43.0,118.0,48.197806636719385
25,6081,Aurora Borealis Sky,['Jennifer Berezan'],1.6578643720489326,42.0,118.0,48.19471862322936
25,7443,We Can't Be Friends (with R.L.),"['Deborah Cox', 'R.L.']",2.986525170059139,55.0,116.0,48.19191510203549
25,7085,Another Lost Weekend,['American Dog'],0.9857549308459252,36.0,119.0,48.191452958507554
25,5813,Une Epitaphe,['Marcel Kanche'],2.317099151725172,51.0,117.0,48.19025949103511
25,5033,What Else Can I Do?,['Johnny Otis'],1.6487930124357233,43.0,118.0,48.189275807461435
25,6355,The History of Punctuation,['Papermoon'],1.6479304148994696,44.0,118.0,48.188758248939685
25,1090,Curve (feat. The Weeknd),"['Gucci Mane', 'The Weeknd']",1.6461371439442423,39.0,118.0,48.187682286366545
25,2335,Extinction,['Scars Of Tomorrow'],1.639466190455441,43.0,118.0,48.18367971427327
25,947,Round & Round,"['Unk', 'Blazed']",0.9652031836497794,32.0,119.0,48.17912191018987
25,6566,Ballard Bitter,['Treepeople'],0.9236293453606326,31.0,119.0,48.15417760721638
25,5012,Love a Little Stronger,['Diamond Rio'],0.9137222916300494,31.0,119.0,48.148233374978034
25,704,Baby I Love U!,['Jennifer Lopez'],2.2433137791883073,52.0,117.0,48.14598826751299
25,853,New Born Star,['Karsh Kale'],0.9078528416690811,32.0,119.0,48.14471170500145
25,6019,Destroying Anything,['Negativland'],0.9039680478578582,32.0,119.0,48.142380828714714
25,8062,Picture Framing - pre-FE track from unreleased 2nd Blue Pine album,['Blue Pine'],2.2310346913677903,50.0,117.0,48.138620814820676
25,5919,Before You,"['Dee Carstensen', 'Mike Mainieri', 'Shawn Pelton', 'Glen Burtnik', 'Vinnie Zumo', 'Mark Egan']",0.8968929101684218,32.0,119.0,48.13813574610106
25,7077,Non Portarmi Via Il Nome,['Samuele Bersani'],2.2291410759821564,49.0,117.0,48.137484645589296
25,7892,Maybe,['Toni Braxton'],1.5564921595753778,40.0,118.0,48.133895295745226
25,6353,Pancake Bay Weather Station,['Papermoon'],0.8819173699644777,33.0,119.0,48.129150421978686
25,4570,Psy Ops,['The Red Krayola'],0.8761651324995683,31.0,119.0,48.12569907949974
25,7141,"Keyboard Sonata in D Major, Op. 5, No. 2, W. A2: III. Minuetto","['Johann Christian Bach', 'Sophie Yates']",0.8712664493380079,32.0,119.0,48.12275986960281
25,8172,Cordón De Oro,['Aníbal Troilo Y Su Orquesta Típica'],2.2028929454038684,48.0,117.0,48.12173576724233
25,7514,Haggard,['Lightning Strikes Across the Sky'],0.8607997894899614,30.0,119.0,48.116479873693976
25,7740,La Embriaguez Del Tango - La Borrachera Del Tango,['Aníbal Troilo Y Su Orquesta Típica'],1.5214227879801647,40.0,118.0,48.1128536727881
25,6807,Cellophane,['Davidovitch'],0.8508713576027099,32.0,119.0,48.11052281456163
25,6399,Victoria,['The Verve Pipe'],2.8498063750745213,56.0,116.0,48.10988382504472
25,2479,Zimmer 308,['Thorsten Wingenfelder'],0.8258028959941727,32.0,119.0,48.09548173759651
25,8134,Bottom,['Ozny'],0.8118638396830048,30.0,119.0,48.0871183038098
25,5809,Mes Deux Amants,['Ute Lemper'],1.4745554417810842,38.0,118.0,48.08473326506866
25,2746,Anniversary,['Aurelio Voltaire'],2.1130689323867617,48.0,117.0,48.06784135943206
25,4660,The Unconventional,['Japan'],1.4407789156253632,38.0,118.0,48.06446734937522
25,5364,Bring It On,['Well'],2.75576328274945,56.0,116.0,48.05345796964968
25,5600,True Love (feat. Lily Allen),"['P!nk', 'Lily Allen']",1.4201276782027386,41.0,118.0,48.052076606921645
25,5693,Eiserne Menschen,['Kreuzweg Ost'],2.7463246892869044,56.0,116.0,48.047794813572146
25,5358,Here We Go,"['H.U.R.T.', 'Justa Messenger']",1.4102844598271667,38.0,118.0,48.046170675896306
25,529,Icon Schmicon,['Armitage Shanks'],1.3980341471652222,41.0,118.0,48.03882048829914
25,1316,Leave It Gone,['Archer Prewitt'],1.393878704804665,38.0,118.0,48.036327222882804
25,5624,Slow Wave,['Pet Lions'],1.392586116934082,41.0,118.0,48.03555167016045
25,6965,Une fois de plus,['Annie Villeneuve'],1.3785179287863574,38.0,118.0,48.027110757271814
25,707,Peddi Max (Tomggg Remix),"['Henrik the Artist', 'Tomggg']",1.3783017409803218,39.0,118.0,48.0269810445882
25,5411,Going To Santiago,['The Mountain Goats'],1.378168944349034,38.0,118.0,48.02690136660942
25,6314,Touch the Sky,['Yanga Chief'],1.376593098999922,39.0,118.0,48.02595585939996
25,376,Perfección - En Vivo,['Attaque 77'],1.3746793151611278,42.0,118.0,48.02480758909668
25,1239,Train to Jackson,['Jeffrey Foucault'],0.698525317481329,27.0,119.0,48.0191151904888
25,4435,"FRANCHISE (feat. Future, Young Thug & M.I.A.) - REMIX","['Travis Scott', 'Future', 'Young Thug', 'M.I.A.']",1.3651538273486319,39.0,118.0,48.019092296409184
25,4264,Jungle Aliens,['Moraz Alban Project'],1.364458875919381,39.0,118.0,48.018675325551634
25,5352,Concrete,"['H.U.R.T.', 'Justa Messenger']",1.363873785526406,37.0,118.0,48.01832427131585
25,5357,Running,"['H.U.R.T.', 'Justa Messenger']",1.3626644595055357,37.0,118.0,48.017598675703326
25,2591,Talking Her 'Round,['Smokie'],1.3526827101492487,37.0,118.0,48.01160962608955
25,1731,Nino Brown,['Bloody Sunday'],1.3512844589640334,42.0,118.0,48.010770675378424
25,4475,Big Truck Boys,['Mystikal'],1.3342777284353637,38.0,118.0,48.00056663706122
25,8023,I Don't Hurt Anymore,['Martina McBride'],2.000009883833428,46.0,117.0,48.00000593030006
25,1918,Chaine A Chaine,['Gaudi'],1.321902013410191,40.0,118.0,47.99314120804612
25,2223,Bullitts Dominae,['Pure Reason Revolution'],1.3211539843627944,40.0,118.0,47.99269239061768
25,5630,Southern Arms,['Pet Lions'],1.3051603141968426,39.0,118.0,47.98309618851811
25,8214,Milonga Del Ochenta Y Tres,"[""Juan D'Arienzo y su Orquesta Típica""]",0.6344421961017706,27.0,119.0,47.980665317661064
25,3120,Everything You Do,['Marc Anthony'],2.6290818279875268,51.0,116.0,47.97744909679252
25,8266,9 De Julio - Nueve De Julio,"[""Juan D'Arienzo y su Orquesta Típica""]",1.2918107304526405,37.0,118.0,47.97508643827159
25,1940,Indolence,['Solace'],1.2881315087405132,37.0,118.0,47.97287890524431
25,7658,Sew My Hand,['Godzuki'],1.951607463955964,45.0,117.0,47.97096447837358
25,1954,Followed,['Solace'],1.279745993634689,37.0,118.0,47.96784759618082
25,3880,Song For Cleomenes,['The Mountain Goats'],0.6087874138699972,26.0,119.0,47.965272448322
25,5246,Let It Snow! Let It Snow! Let It Snow!,['Joe Diffie'],0.608264628772243,27.0,119.0,47.96495877726335
25,4544,Satisfied,"['Five', 'Steve Mac', 'Tim Laws']",1.2748439152731914,39.0,118.0,47.96490634916392
25,3435,Tough Times,['The Kilborn Alley Blues Band'],0.6078754070152484,26.0,119.0,47.96472524420915
25,2693,"F**k Me, F**k You","['Saigon', 'Quan', 'Ransom']",1.257697284794059,38.0,118.0,47.95461837087644
25,5583,Stone Cold,['20/20'],0.5799165597735704,27.0,119.0,47.947949935864145
25,301,Reasons,['Nelson Rangell'],1.2448358185775272,37.0,118.0,47.94690149114652
25,3534,The Pad and How to Use It,['The Knickerbockers'],1.9057945477619755,42.0,117.0,47.94347672865719
25,7764,Drinks F/ Vast Aire & Karneige,['billy woods/Vast Aire/Karneige'],1.899417040897117,46.0,117.0,47.939650224538276
25,6440,Dependence Day,['Ritual'],1.2315281184011928,38.0,118.0,47.93891687104072
25,5164,Tangled Up In Blue,['Robyn Hitchcock'],1.2311602644988175,37.0,118.0,47.938696158699294
25,7493,Medina Style,['Cella Dwellas'],0.5586522894068593,26.0,119.0,47.935191373644116
25,8130,Deffect,['Ozny'],0.5576717400246811,27.0,119.0,47.93460304401481
25,4333,All Better,['Seraphim Shock'],1.2223053155497519,37.0,118.0,47.93338318932985
25,2510,Kleptoman,['Marie Key Band'],0.5470816411538061,26.0,119.0,47.92824898469229
25,5440,Star Chaser,['Frost-Raven'],1.873138574878701,44.0,117.0,47.923883144927224
25,4814,The Deep (Pt. 2),['Saafi Brothers'],0.5232270473667997,25.0,119.0,47.913936228420084
25,1387,"Judy, Judy",['Archer Prewitt'],2.5225870761491875,51.0,116.0,47.913552245689516
25,7383,The River,['Chely Wright'],1.8428223207480032,42.0,117.0,47.9056933924488
25,7741,Me Quedé Mirándola,['Aníbal Troilo Y Su Orquesta Típica'],1.8304452985666775,42.0,117.0,47.898267179140014
25,8111,Wake and Bake,['Swingadelic'],1.823117405025263,42.0,117.0,47.89387044301516
25,8238,Viejo Smoking,"[""Juan D'Arienzo y su Orquesta Típica""]",1.804639640051091,42.0,117.0,47.88278378403066
25,2573,Nightbird - 1.1,['Richard Bartz'],1.799329689398677,44.0,117.0,47.87959781363921
25,5897,Natural Is Natural,['Brando'],2.459079822533176,49.0,116.0,47.87544789351991
25,434,Motor Breeze,['Norken'],1.780201807920789,45.0,117.0,47.86812108475248
25,6860,One Day He Went Out for Milk and Never Came Home,['The Paper Chase'],1.7787931060253448,46.0,117.0,47.86727586361521
25,8043,Some Say I'm Running,['Martina McBride'],2.4446391036317254,51.0,116.0,47.86678346217904
25,5910,Into Wishing,"['Indigenous People', 'Marc Cary']",1.775393721870299,46.0,117.0,47.86523623312218
25,1392,Without You,['Archer Prewitt'],2.4375114688128283,49.0,116.0,47.8625068812877
25,5709,Faintly Falling Ashes,['The Lawrence Arms'],1.7531475280793127,44.0,117.0,47.851888516847595
25,2567,Rave to the Maximum,['Richard Bartz'],1.750927527634689,43.0,117.0,47.850556516580816
25,6083,The Whole World Is Burning,['Jennifer Berezan'],1.7481902639964702,44.0,117.0,47.84891415839789
25,3177,Endangered Species,['U.K. Subs'],1.73126259243655,44.0,117.0,47.83875755546193
25,2516,Fem Sekunder,['Marie Key Band'],1.0481658025241858,32.0,118.0,47.82889948151451
25,3438,Along Came a Biter,['Busdriver'],2.3796389218825174,51.0,116.0,47.82778335312952
25,2298,Jess,['Tstewart'],1.7099126061974272,42.0,117.0,47.82594756371846
25,6605,Let Yourself Go,['Demolition Doll Rods'],0.3732944076214605,20.0,119.0,47.82397664457288
25,5777,Long Blonde Hairs,['Chris Thayer'],1.036166489975673,33.0,118.0,47.821699893985404
25,4131,Whatever The Deal,['Mellowdrone'],1.0290497082540482,33.0,118.0,47.817429824952434
25,4290,Kitchen Song,['Ultralash'],1.0286725349559338,32.0,118.0,47.817203520973564
25,2453,Rattlebone,['Robbie Robertson'],1.026675611307156,34.0,118.0,47.816005366784296
25,6865,"Now, We Just Slowly Circle the Draining Fish Bowl",['The Paper Chase'],1.6920360040051865,45.0,117.0,47.81522160240311
25,7281,$lave Whip$,"['L. Supreme', 'Jasonmakesgoodbeats']",1.0236730584851192,34.0,118.0,47.81420383509107
25,3292,Don't Forget Me,['Sharon Cuneta'],1.0137683294530744,33.0,118.0,47.808260997671844
25,2073,Girl in the Hi-Tops,['Peter Mulvey'],1.675581414587759,43.0,117.0,47.80534884875266
25,4476,"I Rock, I Roll",['Mystikal'],2.3363470190317113,52.0,116.0,47.80180821141903
25,8087,World - Out Out Remix,['Croc Shop'],2.323387037917927,50.0,116.0,47.794032222750765
25,2083,Kids with Issues,['Tzu'],0.9829403692059224,34.0,118.0,47.789764221523555
25,4191,Steamrock Fever,['Scorpions'],1.6418229143333003,43.0,117.0,47.785093748599984
25,4436,FRANCHISE (feat. Young Thug & M.I.A.),"['Travis Scott', 'Young Thug', 'M.I.A.']",2.3064351191797403,51.0,116.0,47.78386107150785
25,900,Electric Trains,['Baxendale'],1.6275601420662944,42.0,117.0,47.77653608523978
25,343,Beam Me Up - Original,['Jondi & Spesh'],0.9592886003492893,35.0,118.0,47.775573160209575
25,5057,Diemonds,['Suicide City'],0.957500528680941,33.0,118.0,47.77450031720857
25,2229,Hey! Orpheus,['The Make-Up'],1.616467054486989,43.0,117.0,47.769880232692195
25,6345,Ghost,['Indigo De Souza'],0.9475906164122678,34.0,118.0,47.768554369847365
25,2633,The Jim Bridger Story,['Johnny Horton'],0.9347235128001437,32.0,118.0,47.76083410768009
25,7622,Palomita Blanca,['Aníbal Troilo Y Su Orquesta Típica'],0.9293296794118925,31.0,118.0,47.75759780764714
25,6282,The Line Of Nine,['SCSI-9'],0.9121011470186691,33.0,118.0,47.747260688211206
25,4145,The Light Is On,['Melvin Sparks'],0.9096699988909563,32.0,118.0,47.745801999334574
25,1999,If I Could,['The Five Americans'],0.9019115592311469,32.0,118.0,47.741146935538694
25,2138,Family,['Ignite'],0.8959402033763575,32.0,118.0,47.737564122025816
25,5282,Oh Holy Night,['Ty Herndon'],0.876380921783213,31.0,118.0,47.72582855306993
25,2679,Impecco,['Oval'],0.8746655894458302,32.0,118.0,47.7247993536675
25,649,Under My Skin,['Rachael Yamagata'],2.204092674616038,50.0,116.0,47.72245560476963
25,669,Music of the Night,['Neil Hamburger'],2.2027991148659094,48.0,116.0,47.721679468919554
25,4180,Comatose,['Pearl Jam'],2.201815048081149,48.0,116.0,47.721089028848695
25,1932,and now,['Mu-Seum'],0.8505413146068063,32.0,118.0,47.71032478876408
25,1849,Oxygen,['Marie Serneholt'],1.5159005709062248,38.0,117.0,47.70954034254374
25,3865,Adultery,['Dog Fashion Disco'],2.16742720280543,48.0,116.0,47.70045632168326
25,7815,"Never, Never Gonna Give You Up",['Lisa Stansfield'],0.8330920927682052,31.0,118.0,47.69985525566093
25,4929,Aria,['Yanni'],0.8077758977091906,31.0,118.0,47.68466553862552
25,7072,Stay for a While,['Burning Paper'],2.109649171543472,48.0,116.0,47.66578950292609
25,5264,Ships Thats Don't Come In,['Joe Diffie'],1.435551210642125,39.0,117.0,47.66133072638528
25,2678,Pushhh,['Oval'],2.0900916714251903,48.0,116.0,47.65405500285512
25,1814,In A Single Place,['Tarwater'],1.4079374575857109,39.0,117.0,47.64476247455143
25,796,Money (Will Not Save You),"['Junior Sisk', 'Ramblers Choice']",1.3971658198185324,38.0,117.0,47.638299491891125
25,1787,Scarface (feat. Capo & Rick Ross),"['Farid Bang', 'Capo', 'Rick Ross']",1.371110325016559,38.0,117.0,47.62266619500994
25,3992,Wasting Time,['Wale Oyejide'],1.359954997305982,41.0,117.0,47.61597299838359
25,3294,Careless Whisper,['Sharon Cuneta'],1.3464663319998986,36.0,117.0,47.60787979919994
25,2990,Stand Up Tall,['Dizzee Rascal'],1.335891457261409,39.0,117.0,47.60153487435685
25,5719,If U Want Me 2 Stay - Feat. Snoop Dogg & Uncle Chucc,['Tha Dogg Pound'],1.3287089719946388,39.0,117.0,47.597225383196786
25,1245,Appeline,['Jeffrey Foucault'],1.3170047814119805,36.0,117.0,47.59020286884719
25,6029,Mad World,['Evergreen Terrace'],1.2874796157581745,39.0,117.0,47.57248776945491
25,3753,Dear Old Dixie,['Wynn Osborne'],1.2792055185355635,39.0,117.0,47.56752331112134
25,5850,Throw It Away,['Black Lips'],1.272216884878753,37.0,117.0,47.563330130927255
25,3140,Face The Sun (Africa),['Madlib'],0.6013779308249354,27.0,118.0,47.56082675849496
25,5890,Pırlanta - Ozinga Remix,['Nil Karaibrahimgil'],1.2674085272573774,37.0,117.0,47.56044511635443
25,276,The Bird,['Jerry Reed'],1.2665917270318172,37.0,117.0,47.559955036219094
25,806,Sugar Blues,['Clark Terry'],0.5885089670876027,26.0,118.0,47.55310538025257
25,1592,Tapioca Sunrise,['Flux of Pink Indians'],1.2492212917310597,37.0,117.0,47.54953277503864
25,6555,Saturday And Sunday,['Kaito'],1.2456984504960795,36.0,117.0,47.54741907029765
25,1964,Klockorna,['Ulf Lundell'],0.5677438317936521,25.0,118.0,47.540646299076194
25,5324,Sinaloon Milk Snake Song,['The Mountain Goats'],1.8944561669627469,44.0,116.0,47.53667370017765
25,6406,Out Like A Lamb,['The Verve Pipe'],0.559836811552666,25.0,118.0,47.5359020869316
25,8144,Homero,"[""Juan D'Arienzo y su Orquesta Típica""]",1.891382355989202,44.0,116.0,47.53482941359353
25,7946,Boulder To Birmingham,['Kate Campbell'],1.8876100572248227,45.0,116.0,47.5325660343349
25,2924,Wish,['Ellen Allien'],0.5468748494976834,24.0,118.0,47.52812490969861
25,6443,Big Black Secret,['Ritual'],1.2060147758509518,36.0,117.0,47.523608865510575
25,2878,QVO,['Chingo Bling'],1.8588792754850696,45.0,116.0,47.515327565291045
25,5621,Phreak Phantasy,['Marshmallow Coast'],1.1819919216095534,37.0,117.0,47.50919515296574
25,2474,Wir werden sterben,['Thorsten Wingenfelder'],0.5055502510773545,24.0,118.0,47.50333015064641
25,3809,Ehkä huomenna on toisin,['Iiwanajulma'],0.5034800958157098,24.0,118.0,47.50208805748943
25,3645,Prince of the Starlight,['Luca Turilli'],1.8226069218755536,47.0,116.0,47.49356415312534
25,468,The Breath of Gloria,['Suspyre'],1.7879664392417158,44.0,116.0,47.472779863545036
25,5023,When Hearts Approach the Great Divide,['Dylan Galvin'],1.1205925129900225,33.0,117.0,47.47235550779402
25,7392,Distant Planet,['Dylan Rice'],1.7777642291182558,43.0,116.0,47.46665853747096
25,4681,Outro (Family & Friends),['Vivian Green'],1.763734160494837,42.0,116.0,47.45824049629691
25,1929,with love,['Mu-Seum'],1.7633464402042733,44.0,116.0,47.45800786412257
25,1530,Starshine/Dawn of a New Day,['Penance'],2.404971778017193,50.0,115.0,47.442983066810314
25,1087,Wake Up in the Sky,"['Gucci Mane', 'Bruno Mars', 'Kodak Black']",1.0666616044743673,33.0,117.0,47.439996962684624
25,2262,Burning Spark,['Tamara Silvera'],1.714195124776511,43.0,116.0,47.428517074865916
25,3806,Helvetti on muut ihmiset,['Iiwanajulma'],1.7131168721028547,44.0,116.0,47.42787012326172
25,7459,No Condemnation,['Ricky Dillard & New G (New Generation Chorale)'],1.7125145128608519,44.0,116.0,47.42750870771652
25,7955,... Of Ditch Diggers And Drowning Men,['Five Horse Johnson'],1.7119000897613992,44.0,116.0,47.427140053856846
25,1705,Silence (Tongo),"[""Youssou N'Dour""]",1.0410111480300108,34.0,117.0,47.42460668881801
25,7097,Last of a Dying Breed,['American Dog'],1.7018477454952001,43.0,116.0,47.421108647297125
25,2281,Over The Rainbow,['Global.Kryner'],1.0250957480476357,34.0,117.0,47.415057448828584
25,6479,Under Your Spell,['Bastard Sons of Johnny Cash'],1.0172569220676133,33.0,117.0,47.410354153240576
25,7973,Slow - Psy’Aviah Remix,['Leæther Strip'],1.6815546948188433,44.0,116.0,47.40893281689131
25,6421,Poor Boy Blues,['Wayne Hancock'],1.0092841160832964,33.0,117.0,47.40557046964998
25,3000,Blessings Over Clout,['Disciple DT & Tizzle Tarantino'],1.0042957798724403,32.0,117.0,47.40257746792347
25,6235,Garbage Man,['Open Mike Eagle'],1.667077137720171,42.0,116.0,47.40024628263211
25,1525,Longsuffering,['Penance'],1.6664577578117847,43.0,116.0,47.399874654687075
25,4867,Faultered Ego,['On! Air! Library!'],2.332859874212777,53.0,115.0,47.39971592452767
25,2757,Alegria,['Los Enemigos'],2.9927958330702014,59.0,114.0,47.39567749984212
25,7317,Blaue Augen,['Die Prinzen'],0.9893156879562904,33.0,117.0,47.39358941277378
25,728,Born In The Slumber,"['flora cash', 'Death Stranding: Timefall']",0.32082743626462074,18.0,118.0,47.392496461758775
25,5427,God Only Cries,['Diamond Rio'],0.31095370565179103,20.0,118.0,47.38657222339108
25,2227,Save Yourself,['The Make-Up'],0.9741819086723902,35.0,117.0,47.38450914520344
25,207,Impure Thoughts,['Polkadot Cadaver'],1.6314088862866147,42.0,116.0,47.37884533177198
25,7133,Monkey Business,['Danger Danger'],0.960243916950566,34.0,117.0,47.376146350170345
25,3180,Living Dead,['U.K. Subs'],0.9436230245715147,32.0,117.0,47.366173814742915
25,7403,Intangible,['Dylan Rice'],2.2683269727464737,51.0,115.0,47.360996183647885
25,2698,For Some P*ssy (remix),"['Saigon', 'OJ Da Juiceman']",0.9341116910141075,35.0,117.0,47.36046701460847
25,6609,Where My Baby Be,['Demolition Doll Rods'],2.2609581483181507,50.0,115.0,47.35657488899089
25,1721,Sundress,['Bloodlined Calligraphy'],0.9199163629859479,34.0,117.0,47.35194981779157
25,4472,Jump,['Mystikal'],0.9163055492467258,33.0,117.0,47.34978332954804
25,6767,Sin Bin,['Terranova'],2.245673939443253,50.0,115.0,47.34740436366595
25,7799,Come On (It's Only Love),['Love Inc.'],0.9110956233779609,30.0,117.0,47.34665737402678
25,945,You Can Do It,['Unk'],0.9105599856133768,33.0,117.0,47.34633599136803
25,490,You Are My Sunshine,['Gus Black'],0.9104596430366607,31.0,117.0,47.346275785822
25,1693,Old Man (Gorgui),"[""Youssou N'Dour""]",0.9076415509948437,32.0,117.0,47.34458493059691
25,385,Estrellas - En Vivo,['Attaque 77'],2.2364219330936894,50.0,115.0,47.341853159856214
25,6644,WYS,['Yanga Chief'],0.9004076000791217,32.0,117.0,47.34024456004748
25,3765,Microphone Mathematics,['Quasimoto'],0.8901607125823142,32.0,117.0,47.33409642754939
25,2798,Black and Tan,['Hair of the Dog'],0.8885770774777612,30.0,117.0,47.33314624648666
25,7712,Ghettoblaster,['CIRRUS'],0.8809742288168685,33.0,117.0,47.328584537290126
25,5611,Run,['P!nk'],2.212762610686755,50.0,115.0,47.32765756641205
25,7655,Rock 4 / Rock 5,['Godzuki'],0.8740877562154157,31.0,117.0,47.32445265372925
25,7448,The Morning After,['Deborah Cox'],0.8689234633700591,32.0,117.0,47.32135407802204
25,7707,Half a Cell,['CIRRUS'],0.8592777292110222,31.0,117.0,47.315566637526615
25,6089,Basketball Plant,['Negativland'],0.8548732448065377,31.0,117.0,47.31292394688393
25,2418,No One Could Love You Half As Much As Me,['Andy Abraham'],0.8426179170645128,32.0,117.0,47.305570750238715
25,6709,When They See Us,['José James'],1.4969927639861997,38.0,116.0,47.29819565839173
25,7416,I Know What Love Is,['Céline Dion'],2.156614608721812,48.0,115.0,47.29396876523309
25,8178,Toma Estas Monedas,"[""Juan D'Arienzo y su Orquesta Típica""]",1.4745738190996065,37.0,116.0,47.284744291459766
25,1989,Purple Snowflakes,['John Legend'],1.3943466023722966,39.0,116.0,47.23660796142338
25,1510,Relationship,['Ex-Boyfriends'],1.3758954177196574,41.0,116.0,47.2255372506318
25,7813,I'm Leavin',['Lisa Stansfield'],1.3704380862444787,37.0,116.0,47.22226285174669
25,4951,Empty Hangers,['Anny Celsi'],1.3581863211473193,38.0,116.0,47.2149117926884
25,6883,...And All The Candy You Can Eat,['The Paper Chase'],1.3505765187844532,42.0,116.0,47.21034591127068
25,1938,Just Because I Can,['Lissie'],0.683490105185532,27.0,117.0,47.21009406311132
25,3886,A Theme,['Cities'],1.3456127663629107,38.0,116.0,47.20736765981775
25,2162,Sunshine - Alternate Mix,['New World Generation'],1.3222797681657399,38.0,116.0,47.19336786089945
25,6061,Tuff Gnarl,['Mike Watt'],1.316435987059651,37.0,116.0,47.18986159223579
25,2965,Snap It (feat. A Butta),['Frank Marina'],1.3111972748409468,37.0,116.0,47.18671836490457
25,1458,Time Of The Season,['The Guess Who'],0.6435399969543371,25.0,117.0,47.186123998172604
25,6100,Omnipotent Struggle,['Negativland'],1.306103860703975,37.0,116.0,47.18366231642239
25,5959,The Sunny Side,['Shelley Short'],0.6277543806486329,25.0,117.0,47.176652628389185
25,388,Angeles Caídos - En Vivo,['Attaque 77'],1.289638677188489,40.0,116.0,47.1737832063131
25,2129,You,['Ignite'],1.2890241876511328,40.0,116.0,47.17341451259068
25,4136,Bone Marrow,['Mellowdrone'],1.282350074657593,37.0,116.0,47.16941004479456
25,3548,Please Don't Love Him,['The Knickerbockers'],1.2759250741224366,37.0,116.0,47.165555044473464
25,8231,N.P.,"[""Juan D'Arienzo y su Orquesta Típica""]",0.6089438976720112,27.0,117.0,47.165366338603214
25,706,Peddi Max,['Henrik the Artist'],0.6044984975225417,27.0,117.0,47.16269909851353
25,7487,Una Lágrima Tuya,['Aníbal Troilo Y Su Orquesta Típica'],1.9376716122858482,45.0,115.0,47.16260296737151
25,422,Dat Dere,['Inga Swearingen'],0.5994782062515327,24.0,117.0,47.159686923750925
25,4032,Run,['Scorpion Jack'],1.2647004058984614,38.0,116.0,47.15882024353908
25,4133,And Repeat,['Mellowdrone'],1.929819482574356,44.0,115.0,47.15789168954461
25,2035,"Live Fast, Die Young (The Violators)",['The Devotchkas'],1.262305957328937,38.0,116.0,47.157383574397365
25,4408,Dear Kawashima,['The Skyflakes'],1.2492422134930732,38.0,116.0,47.14954532809585
25,7495,Cella Dwellas,['Cella Dwellas'],0.5783684541087234,24.0,117.0,47.147021072465236
25,2459,Alguém,['Bebel Gilberto'],1.9076269516025752,44.0,115.0,47.14457617096154
25,740,I See the Light,['The Five Americans'],1.2338919905418353,38.0,116.0,47.140335194325104
25,2689,For Some P*ssy,['Saigon'],1.2336494737028794,38.0,116.0,47.14018968422173
25,5284,Oh Come All Ye Faithful (a Capella),['Ty Herndon'],1.233090726893702,37.0,116.0,47.139854436136226
25,6646,Jumpas,['Yanga Chief'],1.86951938020119,44.0,115.0,47.121711628120714
25,3675,Army of the Black Rectangles,['Bryan Beller'],1.1941961267281576,37.0,116.0,47.1165176760369
25,1930,to have or to be,['Mu-Seum'],0.5272696022585406,25.0,117.0,47.11636176135513
25,3162,Two Timer (The Pimp),['Madlib'],0.5270292434496286,24.0,117.0,47.116217546069784
25,3674,As Advertised,['Bryan Beller'],0.5231492118253207,25.0,117.0,47.113889527095196
25,878,Don't Waste Your Time - Buddha Remastered 2001,['The Five Stairsteps'],0.5202947567896021,24.0,117.0,47.112176854073766
25,4391,Algo Está Cambiando,['Julieta Venegas'],1.8530445018820587,44.0,115.0,47.11182670112923
25,7945,Honey In His Hands,['Kate Campbell'],2.517216918289734,50.0,114.0,47.110330150973844
25,7597,Weirdo,['Rozwell Kid'],1.8469250266398867,47.0,115.0,47.10815501598393
25,1335,Final Season,['Archer Prewitt'],1.845824756088176,43.0,115.0,47.1074948536529
25,1915,Halcyon Daze,['Esion Jim'],1.1613107739904298,36.0,116.0,47.09678646439426
25,3516,Lo Dudo - Revisitado,['José José'],1.8216557273005705,44.0,115.0,47.09299343638034
25,8207,La Cicatriz,"[""Juan D'Arienzo y su Orquesta Típica""]",1.8204361873876378,43.0,115.0,47.09226171243258
25,7125,Grind,['Danger Danger'],1.8163236117551569,47.0,115.0,47.08979416705309
25,7589,Carnaval,['Aníbal Troilo Y Su Orquesta Típica'],1.8130882557843935,44.0,115.0,47.08785295347064
25,4119,Transcend - Liquid Club Mix by Parallel,"['God Module', 'The Parallel Project']",1.8079750500965464,44.0,115.0,47.08478503005793
25,1518,Elements Of Withdrawal,['Ex-Boyfriends'],1.7889002151835303,44.0,115.0,47.07334012911012
25,8107,'deed I Do,['Swingadelic'],1.787667987287942,45.0,115.0,47.07260079237277
25,1438,Make It Betta,"['The Angel', 'Tre Hardson']",1.7865650487304046,44.0,115.0,47.071939029238244
25,3456,Touche',['DRE-B'],1.7715510169661628,43.0,115.0,47.0629306101797
25,5053,F*ck Your Dreams,['Suicide City'],1.7483906766059665,43.0,115.0,47.04903440596358
25,156,"The Love For Three Oranges, Op. 33 (Sung in English): Act IV Scene 2: Would you be Ninetta? (Eccentrics, Prince, Courtiers, King, Truffaldino, Clarissa, Leandro, Pantaloon)","['Sergei Prokofiev', 'Bruce Martin', 'John Mac Master', 'Deborah Humble', 'Teddy Tahu Rhodes', 'William Ferguson', 'Warwick Fyfe', 'Jud Arthur', 'Elizabeth Whitehouse', 'Wendy Dawn Thompson', 'Sally-Anne Russell', 'Ali McGregor', 'Arend Baumann', 'Richard Alexander', 'Catherine Carby', 'Graeme Macfarlane', 'Tim DuFore', 'Opera Australia Chorus', 'Australian Opera and Ballet Orchestra', 'Richard Hickox']",1.7471509474998874,43.0,115.0,47.04829056849993
25,7878,Roger Wilco,['Shawn Colvin'],2.383291609619037,48.0,114.0,47.02997496577142
25,7654,Apple Gate,['Godzuki'],1.7144722369898557,42.0,115.0,47.028683342193915
25,5178,Like A Rolling Stone,['Robyn Hitchcock'],1.7094421044207428,44.0,115.0,47.025665262652446
25,2681,Improg,['Oval'],1.7069364246125507,43.0,115.0,47.02416185476753
25,244,The Akhian Press,['Frog Eyes'],1.7021712231307284,42.0,115.0,47.021302733878436
25,1304,Sitting In The Sun,['Lucy Ann Polk'],1.0015444365733774,31.0,116.0,47.000926661944035
25,1643,Apologies,['Azrael'],2.3317074268058597,50.0,114.0,46.99902445608352
25,6602,Booty Call,['Demolition Doll Rods'],1.650520975373311,42.0,115.0,46.99031258522399
25,5041,Got To Get You Into My Life,['Christy Baron'],0.9820660509709396,33.0,116.0,46.98923963058257
25,5720,Stay'd Out All Night Long - Feat. Uncle Red,['Tha Dogg Pound'],1.6439287082270055,42.0,115.0,46.98635722493621
25,6481,The Pride of Abilene,['Bastard Sons of Johnny Cash'],0.9744304528666112,33.0,116.0,46.98465827171997
25,6659,Christmas Day & Christmas Eve Tunes,['Katie McMahon'],0.9688373339025931,35.0,116.0,46.98130240034156
25,304,A Soft Place To Fall,['Nelson Rangell'],0.9685909879864669,31.0,116.0,46.98115459279189
25,2002,Sound of Love,['The Five Americans'],0.9616970893057885,30.0,116.0,46.97701825358348
25,4630,Mothersong,['Ritual'],2.2901304598329917,52.0,114.0,46.9740782758998
25,204,Painkiller,['Polkadot Cadaver'],1.6219705876297814,42.0,115.0,46.97318235257787
25,1801,Even In the Rain,['Maurette Brown Clark'],0.9545006346798994,33.0,116.0,46.97270038080794
25,7763,Damage,['billy woods'],0.9543771831923277,32.0,116.0,46.972626309915405
25,6296,Oprah Cake,['Jakk Jo'],0.9464454606015313,33.0,116.0,46.96786727636093
25,3737,Bad Moon Risin',"[""Pickin' On Series""]",0.9413239529189344,31.0,116.0,46.96479437175137
25,1606,1970s Have Been Made In Hong Kong,['Flux of Pink Indians'],0.9324031273045214,31.0,116.0,46.95944187638272
25,8239,El Romantico,"[""Juan D'Arienzo y su Orquesta Típica""]",0.9322122775519448,33.0,116.0,46.95932736653117
25,3964,Protect Me,['Zoo Brazil'],0.9312933261844702,31.0,116.0,46.95877599571069
25,8108,Gonna Build Me a Playhouse,['Swingadelic'],0.9264866017178923,32.0,116.0,46.955891961030744
25,3774,Boom Music,['Quasimoto'],0.9189528052116123,33.0,116.0,46.95137168312697
25,5604,Beam Me Up,['P!nk'],0.9161217493863381,32.0,116.0,46.949673049631805
25,5828,Palestine Texas,['T Bone Burnett'],0.9053182656718869,32.0,116.0,46.94319095940314
25,7483,A La Parrilla,['Aníbal Troilo Y Su Orquesta Típica'],2.2363032776348635,50.0,114.0,46.94178196658092
25,2125,Ash Return,['Ignite'],0.9027500179804442,33.0,116.0,46.94165001078827
25,1756,Super Dan,"['Phil Johnson', 'Roadside Attraction']",0.897675225258368,32.0,116.0,46.93860513515503
25,3718,Fall on Me,"[""Pickin' On Series""]",0.8912229419073303,32.0,116.0,46.9347337651444
25,5029,Snakeheads,['The Mountain Goats'],0.8832867367971733,32.0,116.0,46.92997204207831
25,2338,True In Friendship,['Scars Of Tomorrow'],0.8773637174634847,33.0,116.0,46.9264182304781
25,1590,Take Heed,['Flux of Pink Indians'],0.8764023396600016,33.0,116.0,46.92584140379601
25,4708,Slaughterhouse,['Pain Station'],2.205250567558058,50.0,114.0,46.92315034053484
25,954,Hit It and Quit It,['Funkadelic'],0.8612956459348211,31.0,116.0,46.9167773875609
25,4998,October Song,['Bert Jansch'],0.8561038581648106,31.0,116.0,46.91366231489889
25,2885,Texas,"['Chingo Bling', 'GT Garza', 'Krystal Poppin', 'Sinryu', 'Dat Boi T']",0.8507771273020365,31.0,116.0,46.91046627638123
25,4503,Gangstas (feat. Snoop Doggy Dogg & Master P),"['Mystikal', 'Snoop Dogg', 'Master P']",2.180339085753683,48.0,114.0,46.90820345145221
25,5636,Ninja,['Europe'],0.8356490837509637,31.0,116.0,46.90138945025058
25,6313,Ndiyabanika,['Yanga Chief'],1.498430688597558,38.0,115.0,46.899058413158535
25,8248,Don Alfonso,"[""Juan D'Arienzo y su Orquesta Típica""]",1.4937130462531738,39.0,115.0,46.89622782775191
25,7978,Your God Has Left You Tonight - Suessenborn Sinessence Remix,['Leæther Strip'],0.8239596022515192,31.0,116.0,46.894375761350915
25,3425,Ntohin' Left To Stimulate,['The Kilborn Alley Blues Band'],0.8197873683362356,31.0,116.0,46.89187242100175
25,7203,Lost Bayou Ramble,['The Weary Boys'],0.14586894586894586,14.0,117.0,46.88752136752137
25,6729,The Dream of Revenge,['Domain of Dreams'],0.1380952380952381,13.0,117.0,46.88285714285715
25,3648,New Century's Tarantella,['Luca Turilli'],2.1363518890530475,48.0,114.0,46.88181113343183
25,729,You Love Me,['flora cash'],1.4589485734197165,39.0,115.0,46.87536914405183
25,6456,Trajic,['Tabla Beat Science'],2.78862245205457,55.0,113.0,46.87317347123275
25,600,"Umaaraw, Umuulan",['Rivermaya'],2.116819898891571,48.0,114.0,46.87009193933494
25,2639,I'm Coming Home,['Johnny Horton'],2.1160065326078232,48.0,114.0,46.869603919564696
25,2713,Let It Go,['Aurelio Voltaire'],1.4452499906328822,38.0,115.0,46.86714999437973
25,3883,Going To Maryland,['The Mountain Goats'],1.4299052334758269,39.0,115.0,46.857943140085496
25,7331,Parade On,['Charlotte Martin'],1.4289457126771692,40.0,115.0,46.8573674276063
25,4199,The Sails Of Charon,['Scorpions'],1.3878375074644056,38.0,115.0,46.83270250447865
25,4420,You Crew,['Resident Weirdo'],2.7194216045180255,54.0,113.0,46.83165296271082
25,2439,Those Three,['Andy Warren'],1.385161393783039,37.0,115.0,46.83109683626982
25,8210,Ay Aurora,"[""Juan D'Arienzo y su Orquesta Típica""]",1.365480227204909,38.0,115.0,46.819288136322946
25,3733,Might,['Dee'],0.6954439442302401,26.0,116.0,46.81726636653815
25,5328,Orange Ball of Love,['The Mountain Goats'],1.3484965341941197,38.0,115.0,46.80909792051647
25,1367,Scorched Earth (feat. Rain Phoenix),"['60 Channels', 'Rain Phoenix']",1.3443383010307246,38.0,115.0,46.806602980618436
25,3605,Sorry River,['The Essex Green'],2.006076244353031,44.0,114.0,46.80364574661182
25,2876,If It Were The Last Day,['Mad At The World'],0.6689344519335243,25.0,116.0,46.80136067116012
25,1434,Dark Days (Inner Power),"['The Angel', 'Navigator']",1.326528397812964,36.0,115.0,46.795917038687776
25,5009,Mama Don't Forget to Pray for Me,['Diamond Rio'],1.3167395840867795,37.0,115.0,46.79004375045207
25,1457,White Room,['The Guess Who'],1.3130795177962267,38.0,115.0,46.78784771067774
25,4741,One Step Beyond,['Karsh Kale'],0.6281156926347163,30.0,116.0,46.77686941558083
25,5103,Light Years Behind,['The Cardinal Sin'],0.6041155156292503,28.0,116.0,46.76246930937756
25,2769,Madrileko Negua,['Los Enemigos'],1.2673329591433047,39.0,115.0,46.760399775485986
25,550,Who Chucked Who?,['Armitage Shanks'],1.2656759473731474,37.0,115.0,46.75940556842389
25,2058,Nochwas,['duo505'],1.2431327266775383,37.0,115.0,46.74587963600652
25,2471,Sheets,"['B.M.R.', 'Big City Tha Don', 'Killa Kiesha']",1.2399775080853639,36.0,115.0,46.74398650485122
25,6420,Juke Joint Jumping,['Wayne Hancock'],0.5731523587286936,24.0,116.0,46.74389141523722
25,2659,Five Minutes Of Snow,['Pleasant Grove'],0.567703691215602,25.0,116.0,46.74062221472937
25,7227,Overdue Goodbye - Reprise,['Anastacia'],0.5633261510124127,25.0,116.0,46.737995690607455
25,8250,Pan Comido,"[""Juan D'Arienzo y su Orquesta Típica""]",1.891794920687577,42.0,114.0,46.73507695241255
25,4168,Three Weeks,['Perpetual Groove'],1.2212923272377625,36.0,115.0,46.73277539634266
25,7110,This a Blassic,['KrispyLife Kidd'],1.884312316319567,45.0,114.0,46.730587389791744
25,2645,Don't Stop,['ackzz'],0.5459929007705376,25.0,116.0,46.72759574046233
25,6562,Chorgs,['John Tejada'],1.8768070493665532,44.0,114.0,46.726084229619936
25,3749,Maryville Breakdown,['Pinnacle Boys'],0.5420731009432911,25.0,116.0,46.72524386056598
25,3823,Walking Wounded,['Museum Of Fear'],1.204539268188731,36.0,115.0,46.72272356091324
25,7841,Paranoia - Original Mix,['L3MMY DUBZ'],1.1965375902122262,37.0,115.0,46.717922554127334
25,5869,French Canadia,['The Minor Leagues'],0.5238043253443995,25.0,116.0,46.71428259520665
25,377,Cambios - En Vivo,['Attaque 77'],1.1902157102677104,37.0,115.0,46.714129426160625
25,6682,millennial pow,['Rabbit Junk'],1.856162115002038,46.0,114.0,46.71369726900122
25,3211,You're Worthy,['Kitchie Nadal'],1.8536957035742183,43.0,114.0,46.71221742214453
25,4315,Ontario,['The Mountain Goats'],0.517630763604779,24.0,116.0,46.71057845816287
25,516,Endpoint - Instrumenal,"['Kami-sama, I have noticed']",0.5117138665810715,24.0,116.0,46.70702831994865
25,6747,Fuzz Face,['Zillatron'],0.50434586682539,24.0,116.0,46.70260752009524
25,5878,Lost in St. Leon,['The Minor Leagues'],1.1632619554852965,36.0,115.0,46.69795717329118
25,7273,You Are,['Carolyn Dawn Johnson'],1.818273073013817,42.0,114.0,46.69096384380829
25,4273,"Intro / Pégate / Raza de Mil Colores / Por Arriba, por Abajo Medley - Black & White Tour Version",['Ricky Martin'],1.8078704810267379,44.0,114.0,46.684722288616044
25,6953,Ese,['Jerry Rivera'],1.7939203410978797,42.0,114.0,46.67635220465873
25,287,Chicken Heads,['Project Pat'],1.7909160339055685,45.0,114.0,46.67454962034334
25,3363,Here's to Friday (feat. Cynthia Amoah) - Mixed,"['Demuir', 'Cynthia Amoah']",1.7796211206407806,44.0,114.0,46.66777267238447
25,2328,Fliegen (feat. ALMILA),"['Sero', 'ALMILA']",1.7728842807313403,43.0,114.0,46.66373056843881
25,5169,Dignity,['Robyn Hitchcock'],1.1024954186793647,34.0,115.0,46.66149725120762
25,4185,Big Wave,['Pearl Jam'],1.7665256993320253,43.0,114.0,46.659915419599216
25,1409,Pieces - Al1ce Mix,"['I:Scintilla', 'AL1CE']",1.0950437756792348,34.0,115.0,46.65702626540754
25,1109,Nothing Personal,['Anna Waronker'],1.7512268287314763,43.0,114.0,46.650736097238884
25,267,Happy Together,['Christy Baron'],1.746459643890738,42.0,114.0,46.647875786334446
25,748,I'm So Glad,['The Five Americans'],1.7362309236633986,44.0,114.0,46.64173855419804
25,3216,Huwag Na Huwag Mong Sasabihin ( Unplugged ),['Kitchie Nadal'],1.7353800617603263,43.0,114.0,46.641228037056194
25,4443,On My Couch,['Kathleen Wilhoite'],2.3911756754577382,50.0,113.0,46.634705405274644
25,1094,Paul et le paradis,['Jeanne Mas'],1.0452604060969835,32.0,115.0,46.62715624365819
25,7731,María,['Aníbal Troilo Y Su Orquesta Típica'],1.7086454294735396,42.0,114.0,46.625187257684125
25,2888,Máscara,['Chingo Bling'],1.0418981885957248,35.0,115.0,46.625138913157436
25,7264,Take It Higher - Live,['Frankie Bones'],0.3671819544826146,21.0,116.0,46.62030917268957
25,4331,Welcome to Heaven,['Seraphim Shock'],1.6891132020927206,44.0,114.0,46.61346792125563
25,5842,Desert Life,['Numbers'],1.6889896692220354,44.0,114.0,46.61339380153322
25,4756,Her Name Is Love,['The Chains'],1.6884215479869515,44.0,114.0,46.61305292879217
25,2295,Camp Lejune,['Tstewart'],0.35485911443358253,22.0,116.0,46.612915468660155
25,7498,Hold U Down,['Cella Dwellas'],0.3509128414729945,19.0,116.0,46.6105477048838
25,5810,Jolies Momes De Mon Quartier,['Maurice Chevalier'],1.6792738646659549,43.0,114.0,46.607564318799575
25,873,Danger! She's A Stranger - Buddha Remastered 2001,['The Five Stairsteps'],1.0119269555784067,32.0,115.0,46.60715617334704
25,7593,Erst komm ich! - Extension,"['Rias 64', 'Diana']",0.34237399021504156,19.0,116.0,46.60542439412903
25,5236,Ships That Don't Come In,['Joe Diffie'],1.0047173692211742,32.0,115.0,46.6028304215327
25,2869,Floating Down A River,['Mad At The World'],0.9996769146896498,32.0,115.0,46.59980614881379
25,63,Like No One In The World,['Johnny Mathis'],0.327103213593796,19.0,116.0,46.59626192815628
25,1649,Ignorance,['Azrael'],1.659800735031985,42.0,114.0,46.59588044101919
25,4371,Pillage,['Cappadonna'],0.9700851887216758,34.0,115.0,46.58205111323301
25,392,Tres Pájaros Negros - En Vivo,['Attaque 77'],0.9604313845427113,36.0,115.0,46.57625883072563
25,6271,Más Allá - Beyond,['Gloria Estefan'],0.9589422886615946,34.0,115.0,46.57536537319696
25,6746,Bugg Lite,['Zillatron'],2.292059568504946,50.0,113.0,46.57523574110297
25,6241,U Can't Touch This,['Wayne Krantz'],0.9532174443175226,31.0,115.0,46.571930466590516
25,5111,Austerity,['The Ocean'],1.6190961332612201,43.0,114.0,46.57145767995674
25,6864,"Ready, Willing, Cain and Able",['The Paper Chase'],1.6175023673555524,43.0,114.0,46.570501420413336
25,2332,You Were Different In My Dreams,['Scars Of Tomorrow'],2.2825767779644046,50.0,113.0,46.56954606677864
25,570,The Old Bush / The Braes of Busby,['Ronan Browne'],0.9406932599241025,32.0,115.0,46.56441595595446
25,7218,You'll Never Be Alone,['Anastacia'],1.6051585880007129,42.0,114.0,46.56309515280043
25,2768,Cancion De Cuna,['Los Enemigos'],0.9291037608246883,30.0,115.0,46.557462256494816
25,8025,'Til I Can Make It On My Own,['Martina McBride'],0.9261580518951766,31.0,115.0,46.5556948311371
25,4666,Adolescent Sex,['Japan'],0.9235999647235206,31.0,115.0,46.554159978834114
25,3188,Flesh Wound,['U.K. Subs'],0.9177147160634624,32.0,115.0,46.55062882963808
25,5301,200,['OOIOO'],0.9056684183796841,31.0,115.0,46.54340105102781
25,3138,The Comeback (Madlib),['Madlib'],0.8906558147734618,31.0,115.0,46.534393488864076
25,5580,New Thing,['20/20'],0.887711702857221,33.0,115.0,46.53262702171433
25,4254,Jump!,['The Movement'],0.884381836712336,31.0,115.0,46.530629102027405
25,2775,Pull It,['C.E. Ugly Brotha'],0.8710115476500208,32.0,115.0,46.522606928590015
25,2358,Cronin's Slippery Jig,['Brendan Begley & Caoimhín Ó Raghallaigh'],0.8389793525520127,30.0,115.0,46.50338761153121
25,4258,B.I.N.G.O.,['The Movement'],0.15734806629834253,14.0,116.0,46.49440883977901
25,1017,Rage (Queen of the Night),['Patrizia'],0.8239807206285115,30.0,115.0,46.49438843237711
25,5774,Impossible,['Chris Thayer'],0.8225396824291024,30.0,115.0,46.493523809457464
25,5444,Dark Wood,['Frost-Raven'],0.8199628092411597,31.0,115.0,46.4919776855447
25,1384,Leaders,['Archer Prewitt'],1.4458710674457822,37.0,114.0,46.46752264046747
25,3647,Demonheart,['Luca Turilli'],2.1050017054960053,48.0,113.0,46.46300102329761
25,1352,Sister Ice,['Archer Prewitt'],1.430317711718773,39.0,114.0,46.458190627031264
25,394,Vacaciones Permanentes - En Vivo,['Attaque 77'],1.4136761065147767,38.0,114.0,46.448205663908865
25,2090,Who Am I,['Casting Crowns'],1.4112815934880554,40.0,114.0,46.44676895609283
25,401,First Flight To London,['Buscemi'],1.4091963425707998,39.0,114.0,46.44551780554248
25,371,Fool For A Night - Original Mix,['Cantrip People'],1.3652610430680916,36.0,114.0,46.419156625840856
25,6472,California Sky,['Bastard Sons of Johnny Cash'],0.6936591319021159,27.0,115.0,46.41619547914127
25,5363,Mindreader,['Well'],0.6911479074498452,26.0,115.0,46.414688744469906
25,5894,Abby Laine,['Brando'],1.3565051660563783,37.0,114.0,46.41390309963383
25,5158,Condition Critical,['Quiet Riot'],1.3539079298781347,37.0,114.0,46.41234475792688
25,6236,Mole In Your Ministry,['Open Mike Eagle'],1.353692809704437,38.0,114.0,46.412215685822666
25,2164,Listen to Your Soul,['New World Generation'],0.6810454945318323,26.0,115.0,46.4086272967191
25,6169,Can the Can (Suzi Quatro),['Switchblade Kittens'],1.3368603333726976,38.0,114.0,46.40211620002362
25,3258,"The Deeper the Love - Live in Tokyo, Japan, 5/7/1997; Remix",['Whitesnake'],1.9980374056430448,45.0,113.0,46.39882244338583
25,8278,Corazon De Artista,"[""Juan D'Arienzo y su Orquesta Típica""]",1.3291078986910916,37.0,114.0,46.397464739214655
25,3875,Lieberflusse,['Love Spirals Downwards'],1.3216399182674776,39.0,114.0,46.392983950960485
25,4399,And Then The Lights Went Out,['Laydig'],1.319566550949948,41.0,114.0,46.39173993056997
25,5398,Woman's Truth,['Rebecca Folsom'],0.6495015670073496,26.0,115.0,46.389700940204406
25,428,Eve,['Norken'],0.6459707149126687,27.0,115.0,46.3875824289476
25,6333,Scenario,['Smalltown Poets'],0.6421046494983627,28.0,115.0,46.38526278969902
25,3245,Love Is Blind - 2018 Remaster,['Whitesnake'],0.6366999630305404,25.0,115.0,46.382019977818324
25,2519,Love Is Blind - 2018 Remaster,['Whitesnake'],0.6366999630305404,25.0,115.0,46.382019977818324
25,1687,Villemann,['Tempest'],1.292331622976496,39.0,114.0,46.3753989737859
25,6959,C'est ça la vie,['Annie Villeneuve'],1.9499869501585678,45.0,113.0,46.369992170095145
25,1452,El Regalo,['Locarno'],1.9420562747306667,46.0,113.0,46.3652337648384
25,549,You're Here I'm Hooked You're Gone,['Armitage Shanks'],1.2733674412530238,37.0,114.0,46.36402046475182
25,1901,Hög blå himmel,['Ulf Lundell'],0.6062401552481629,25.0,115.0,46.363744093148895
25,5770,Frayed,['Chris Thayer'],1.2716284570627707,37.0,114.0,46.36297707423766
25,667,Pickle Potato,['Neil Hamburger'],1.2677921679176454,37.0,114.0,46.360675300750586
25,7824,Footsteps,['Lisa Stansfield'],0.5980525199294014,26.0,115.0,46.35883151195764
25,7150,"Keyboard Sonata in C Minor, Op. 5, No. 6, W. A6: II. Allegro moderato","['Johann Christian Bach', 'Sophie Yates']",0.5934527532213508,25.0,115.0,46.35607165193281
25,8176,Pájaro Ciego,['Aníbal Troilo Y Su Orquesta Típica'],1.2586666661896686,36.0,114.0,46.355199999713804
25,5247,Wrap Me In Your Love,['Joe Diffie'],0.587080420183949,25.0,115.0,46.35224825211037
25,2921,Luv Sikk,['Kiki'],1.2503445953161323,39.0,114.0,46.35020675718968
25,3182,Fear Of Girls,['U.K. Subs'],0.5795548895590374,26.0,115.0,46.34773293373542
25,4822,Sparks of the Tempest,['Kansas'],1.2362803867174164,36.0,114.0,46.341768232030454
25,5586,State of Grace,['20/20'],1.2344253453856537,37.0,114.0,46.34065520723139
25,1968,Piece It Together,['Metamatics'],0.5668223193200019,27.0,115.0,46.340093391592
25,1857,"Ctrl, Alt, Del",['LEOTARD BUTA & YAGI HIGHLEG'],0.563003690479045,26.0,115.0,46.33780221428743
25,8170,Cachirulo,['Aníbal Troilo Y Su Orquesta Típica'],1.2218995267576398,36.0,114.0,46.33313971605458
25,4112,Talking In Code,"[""Margot & The Nuclear So And So's""]",0.5545314180291241,25.0,115.0,46.33271885081747
25,2139,50 & A Month,['Ignite'],0.5532038557587639,24.0,115.0,46.33192231345526
25,6368,French,['Cannata'],0.5507496948337733,25.0,115.0,46.33044981690026
25,6492,"A Full, Frontal Christmas (feat. Jason Danieley, Denis Jones, Annie Golden, Marcus Neville, Emily Skinner & Patrick Wilson)","['The Broadway Cast Of ""The Full Monty""', 'Jason Danieley', 'Denis Jones', 'Annie Golden', 'Marcus Neville', 'Emily Skinner', 'Patrick Wilson']",0.5496689140770775,24.0,115.0,46.329801348446246
25,6119,If Anything Should Ever Happen To You,['David J'],0.545677109855921,24.0,115.0,46.32740626591355
25,5213,UNYOGA STEP,['Galaxy Rebel'],0.5297279658021178,24.0,115.0,46.31783677948127
25,7348,Les Anges Dans Nos Campagnes (Gloria In Excelsis Deo),['Die Prinzen'],1.8597193720877525,43.0,113.0,46.315831623252656
25,6403,Bullies On Vacation,['The Verve Pipe'],0.5232270473667997,25.0,115.0,46.31393622842008
25,2221,The Exact Colour,['Pure Reason Revolution'],1.1815476317055906,36.0,114.0,46.30892857902336
25,4139,Bambu,['Melvin Sparks'],0.5144990728202076,24.0,115.0,46.30869944369213
25,1265,Listen,['The Velmas'],0.5015405718310881,24.0,115.0,46.30092434309865
25,5786,Draw the Line,['Eli Conley'],0.4982823496444,24.0,115.0,46.29896940978664
25,96,Nimikirjaimet,['Scandinavian Music Group'],1.8238259391000877,44.0,113.0,46.294295563460054
25,4778,Shine - Nick Tha 1Da Remix,['Boog Brown'],1.8114829362604734,45.0,113.0,46.286889761756285
25,2661,Little Drum n' Bass Boy,['The Falcon Project'],1.8111641219045085,46.0,113.0,46.28669847314271
25,5949,Balloon,['Zu'],2.4746886944011255,50.0,112.0,46.28481321664068
25,1836,Zillion Eyes,['Starlight Mints'],1.1412549236918663,34.0,114.0,46.28475295421512
25,6148,Nesbitt's Lime Soda Song,['Negativland'],1.804934958462781,42.0,113.0,46.28296097507767
25,5901,Lemon-Lime,['Brando'],1.8042767985713075,44.0,113.0,46.28256607914279
25,3207,Same Ground,['Kitchie Nadal'],1.7750345968311532,42.0,113.0,46.26502075809869
25,1073,Bricks (feat. OJ & Yo Gotti),"['Gucci Mane', 'OJ Da Juiceman', 'Yo Gotti']",1.770709586397482,42.0,113.0,46.26242575183849
25,5712,Another Boring Story,['The Lawrence Arms'],1.7381551471948076,45.0,113.0,46.24289308831689
25,726,Peddi Max (Morgan Hislop Remix),"['Henrik the Artist', 'Morgan Hislop']",1.068918633119921,33.0,114.0,46.241351179871955
25,4672,Damn,['Vivian Green'],0.39453226976069616,22.0,115.0,46.236719361856416
25,8209,Que Dios Te Ayude,"[""Juan D'Arienzo y su Orquesta Típica""]",2.383375563285009,48.0,112.0,46.23002533797101
25,8142,El Tarta,"[""Juan D'Arienzo y su Orquesta Típica""]",0.3740530828909759,18.0,115.0,46.224431849734586
25,6966,Lève les yeux,['Annie Villeneuve'],0.3716182652720355,19.0,115.0,46.22297095916322
25,1474,LOTW (radio),['John Called Mark'],1.6821333117202324,44.0,113.0,46.20927998703214
25,7633,Con Permiso,['Aníbal Troilo Y Su Orquesta Típica'],1.011380806356618,31.0,114.0,46.20682848381397
25,7934,Saturday Morning,['The Minders'],0.3401052075850833,19.0,115.0,46.20406312455105
25,1910,Solen och vinden,['Ulf Lundell'],0.33787246864796616,19.0,115.0,46.20272348118878
25,2994,Stand Up Tall - Acapella,['Dizzee Rascal'],1.0012899078315045,34.0,114.0,46.2007739446989
25,5039,So Fine,['Johnny Otis'],0.3301611107263302,18.0,115.0,46.198096666435795
25,648,1963,['Rachael Yamagata'],0.9915750169067681,31.0,114.0,46.19494501014406
25,1808,Babylonian Tower,['Tarwater'],0.3181279501141711,20.0,115.0,46.190876770068506
25,1699,Tourista,"[""Youssou N'Dour""]",0.3170270764880586,18.0,115.0,46.190216245892834
25,6428,Tag Along,['Wayne Hancock'],0.31491070571628554,18.0,115.0,46.18894642342977
25,2345,Tikal,['E.S. Posthumus'],1.648041278622665,43.0,113.0,46.1888247671736
25,103,Negare,['Ufell'],0.9606883162335736,30.0,114.0,46.17641298974014
25,5175,Leopard-Skin Pillbox Hat,['Robyn Hitchcock'],2.2918927342882913,52.0,112.0,46.17513564057298
25,745,She's-a-My Own,['The Five Americans'],0.9434990777859054,32.0,114.0,46.166099446671545
25,3508,Si Me Dejas Ahora - Revisitado,['José José'],2.2712881817083668,49.0,112.0,46.16277290902502
25,5575,Cool White Laura,['20/20'],0.9361332748525506,31.0,114.0,46.161679964911535
25,542,Thank You,['Armitage Shanks'],0.9357758344005715,35.0,114.0,46.16146550064035
25,4373,Blood on Blood War,['Cappadonna'],0.9337355834578169,33.0,114.0,46.16024135007469
25,5665,Gone and Dusted Away,['Johanna and the Dusty Floor'],0.9323207031005813,32.0,114.0,46.15939242186035
25,4183,Parachutes,['Pearl Jam'],0.9295898616600624,32.0,114.0,46.157753916996036
25,3872,Delta,['Love Spirals Downwards'],0.9284384138147448,31.0,114.0,46.15706304828885
25,3819,Always Goodbye,['Museum Of Fear'],0.9265619918146956,31.0,114.0,46.15593719508882
25,4868,Fell To Earth,['On! Air! Library!'],0.9134911293345983,30.0,114.0,46.14809467760076
25,3783,Astro Travellin,['Quasimoto'],0.9129003705494327,30.0,114.0,46.14774022232966
25,7439,Where Do We Go from Here,['Deborah Cox'],0.9107899426296165,30.0,114.0,46.14647396557777
25,4117,Perception - Dismantled Mix,"['God Module', 'Dismantled']",0.9095887467824159,31.0,114.0,46.145753248069454
25,4178,Life Wasted,['Pearl Jam'],0.9090550947069141,34.0,114.0,46.14543305682415
25,1025,Some Days You Gotta Dance - Live - 2003,['The Chicks'],0.9060930201875008,33.0,114.0,46.1436558121125
25,736,They Own This Town,['flora cash'],0.9057291075721876,33.0,114.0,46.14343746454331
25,383,Soy Rebelde - En Vivo,['Attaque 77'],0.8992524804813116,34.0,114.0,46.13955148828879
25,2122,Hampton Kicks,['Paul Newman'],0.8948212383773158,32.0,114.0,46.136892743026394
25,7320,Ich brauch Dich gar nicht mehr,['Die Prinzen'],0.8867042720158634,30.0,114.0,46.13202256320952
25,3291,Overjoyed,['Sharon Cuneta'],0.8827043814447653,30.0,114.0,46.12962262886686
25,4627,Coming Home,['Ritual'],2.2154597274574708,50.0,112.0,46.129275836474484
25,255,Russian Berries But You're Quiet Tonight,['Frog Eyes'],2.2085684987296403,49.0,112.0,46.12514109923779
25,4791,I Meant to Go to Memphis,['Rachel Harrington'],0.8698920738867902,31.0,114.0,46.12193524433208
25,5641,Love Chaser,['Europe'],0.8609773327984164,30.0,114.0,46.11658639967905
25,887,We Must Be In Love,"['The Five Stairsteps', 'Cubie Burke']",0.8591906946884941,31.0,114.0,46.1155144168131
25,2559,Winter Wonderland,['Blackfrosty'],0.8576499795357134,31.0,114.0,46.11458998772143
25,7670,Auto-Haze,['Godzuki'],0.8444733142154363,31.0,114.0,46.10668398852926
25,7941,Would You Lay With Me In A Field Of Stone,['Kate Campbell'],0.8327356720065352,30.0,114.0,46.099641403203925
25,6376,Make It out Alive,"['Jay Gatz', 'Lamar Hall']",0.830445331258882,30.0,114.0,46.09826719875533
25,2643,I'm Ready If You're Willing,['Johnny Horton'],0.1420753742901394,12.0,115.0,46.08524522457408
25,1670,Draw Me Nearer,"[""Caedmon's Call""]",0.8059251445894019,31.0,114.0,46.08355508675364
25,2603,Señoras Y Señores,['The Pinker Tones'],2.794174060789697,56.0,111.0,46.076504436473826
25,6342,Sick in the Head,['Indigo De Souza'],1.454946653732515,38.0,113.0,46.07296799223951
25,5793,Excess,['Lusine'],0.7824877231305528,30.0,114.0,46.06949263387833
25,8196,Pero... Pobre De Ellos,"[""Juan D'Arienzo y su Orquesta Típica""]",1.4027477451602826,38.0,113.0,46.041648647096174
25,602,Alab Ng Puso,['Rivermaya'],1.3728570249379641,40.0,113.0,46.02371421496278
25,7496,Wussdaplan,['Cella Dwellas'],0.7021440737121318,27.0,114.0,46.02128644422728
25,6058,Piss-Bottle Man,['Mike Watt'],1.3669126353784435,43.0,113.0,46.02014758122707
25,8186,El Choclo,"[""Juan D'Arienzo y su Orquesta Típica""]",1.3444780311384352,36.0,113.0,46.006686818683065
25,2687,Fatherhood (rayne Dior),"['Saigon', 'Lokz']",1.3256795573752451,37.0,113.0,45.99540773442515
25,4950,All I'm Gonna Say,['Anny Celsi'],0.6587077788740371,25.0,114.0,45.99522466732442
25,7659,The Leap,['Godzuki'],1.3213461712791337,38.0,113.0,45.992807702767486
25,3159,Toe Fat (Ghettozone),['Madlib'],1.3195095543417066,37.0,113.0,45.99170573260503
25,7547,So Far Away,['Christine Havrilla'],1.318280335565361,36.0,113.0,45.99096820133922
25,347,We Are Connected - Overdrive,['Jondi & Spesh'],1.3067399098163366,38.0,113.0,45.9840439458898
25,4439,Back Home,['Kathleen Wilhoite'],1.3040290046331486,37.0,113.0,45.982417402779895
25,7667,Old Number 7,['Godzuki'],1.2946865078899212,39.0,113.0,45.97681190473396
25,3762,I've Got a Woman,['Wynn Osborne'],1.2946865078899212,39.0,113.0,45.97681190473396
25,7295,Down,['DAVID DISALLE'],1.2936930481742215,38.0,113.0,45.976215828904536
25,3483,Nice,['Polsics'],1.2908999287984693,38.0,113.0,45.974539957279084
25,3170,Whutkanido (Can Do It),['Madlib'],1.2790084755432278,38.0,113.0,45.967405085325936
25,8223,Don Juan,"[""Juan D'Arienzo y su Orquesta Típica""]",0.611352836589102,26.0,114.0,45.96681170195346
25,7417,Et je t'aime encore,['Céline Dion'],1.2757393168118183,36.0,113.0,45.96544359008709
25,1185,"Hey, Hey!",['Mek Pek'],1.2751431817544492,36.0,113.0,45.965085909052675
25,3333,My Disease,['Bullets And Octane'],1.9418001895369774,47.0,112.0,45.96508011372219
25,2278,Honesty,['Global.Kryner'],1.272859243490454,37.0,113.0,45.96371554609428
25,3746,Lookin' Out My Backdoor,"[""Pickin' On Series""]",0.6025070438732678,25.0,114.0,45.96150422632396
25,4656,Strikes Twice,['Larry Carlton'],0.5995081314380434,27.0,114.0,45.95970487886283
25,4092,Mind Right,['Myka 9'],0.599424069053246,27.0,114.0,45.95965444143195
25,5320,Alpha Incipiens,['The Mountain Goats'],1.2657183811883124,37.0,113.0,45.95943102871299
25,6232,Original Butterscotch Confection,"['Open Mike Eagle', 'Busdriver']",0.5966423324479169,24.0,114.0,45.957985399468754
25,1369,How Long Has This Been Going On,['Jerry Jeff Walker'],1.262627277063788,37.0,113.0,45.95757636623828
25,6488,Don’t Let Christmas Pass You By,['The Broadway Cast of “Kiss Me Kate”'],1.262475721346031,36.0,113.0,45.95748543280762
25,6790,Make No Issues of It,['Jim Jones'],0.5947061463950376,25.0,114.0,45.95682368783702
25,6439,Life Has Just Begun,['Ritual'],0.59305675703955,26.0,114.0,45.95583405422373
25,424,Speak Low,['Inga Swearingen'],0.5915825210484646,24.0,114.0,45.95494951262908
25,3303,Athlolete,"['Vincent Herring', 'Jeremy Pelt']",0.5841842389845946,25.0,114.0,45.950510543390756
25,5415,The Bad Doctor,['The Mountain Goats'],0.5806640474488682,25.0,114.0,45.948398428469325
25,581,Elvis Presley,['Wesley Willis'],0.5739080737862076,24.0,114.0,45.944344844271725
25,1500,The Streets Like a Girl,"['Div 1', 'Daforce', 'Kayla Doll', 'Spoilt Child', 'Curtis Dayne']",0.5723591887962813,25.0,114.0,45.94341551327777
25,5657,Northern Lights,['Johanna and the Dusty Floor'],1.2159307382935627,36.0,113.0,45.92955844297614
25,7102,THHL,['KrispyLife Kidd'],0.5489822894764556,26.0,114.0,45.92938937368587
25,402,The Salon Section,['Buscemi'],1.2108521042888012,36.0,113.0,45.926511262573285
25,355,When the Dairy Farm Caught Fire (Parody: Old Dun Cow),"[""Marc Gunn & the Dubliners' Tabby Cats""]",0.5415319356698103,25.0,114.0,45.92491916140189
25,1041,Landslide - Live - 2003,['The Chicks'],1.2076122062039694,37.0,113.0,45.924567323722385
25,3271,"Lay Down Your Love - Live in New York, NY, 10/4/2008",['Whitesnake'],0.5401240661356268,25.0,114.0,45.92407443968138
25,5054,Give Me Your Pity,['Suicide City'],1.2036015096734334,37.0,113.0,45.92216090580406
25,2939,What About Me,['Smash TV'],1.1957097733221087,36.0,113.0,45.917425863993266
25,1065,I Get the Bag (feat. Migos),"['Gucci Mane', 'Migos']",0.5210661283131313,25.0,114.0,45.91263967698788
25,4661,Wish You Were Black,['Japan'],0.5145488450470468,24.0,114.0,45.90872930702823
25,6601,On the Way To School,['Demolition Doll Rods'],1.1744029964899374,37.0,113.0,45.904641797893966
25,6180,Show Me the Deer Foot (feat. P.S.D. & Keak Da Sneak),"['Keak Da Sneak', 'P.S.D.']",1.8016105379479168,43.0,112.0,45.88096632276876
25,6391,Listening To The Wind,"['Larry Sparks', 'Paul Williams']",1.1314321432299081,34.0,113.0,45.87885928593795
25,6667,In Dulci Jubilo,['Katie McMahon'],1.780441553207153,45.0,112.0,45.868264931924294
25,6822,Fucked Up Generation,['Death Ride 69'],2.44639705346785,56.0,111.0,45.867838232080715
25,6674,the big push,['Rabbit Junk'],1.0940463093295703,35.0,113.0,45.856427785597745
25,7095,I'll Drink to That,['American Dog'],1.7413527133384232,45.0,112.0,45.84481162800306
25,7709,Intermission,['CIRRUS'],2.4052648844786093,53.0,111.0,45.843158930687174
25,1566,Holy,['My Morning Jacket'],1.069675164503254,32.0,113.0,45.841805098701954
25,2318,Regen im Sommer,['Sero'],1.0538296846702888,33.0,113.0,45.832297810802174
25,6961,Emmène-moi,['Annie Villeneuve'],0.3866257135765699,19.0,114.0,45.831975428145945
25,3677,Angles & Exits,['Bryan Beller'],0.3774311205943852,19.0,114.0,45.82645867235663
25,1228,Bad Medicine Night,['Paul Brill'],1.042754537129537,34.0,113.0,45.825652722277724
25,2608,Sonido Total,['The Pinker Tones'],1.7056124078165396,44.0,112.0,45.82336744468993
25,2287,Hey Jude,['Global.Kryner'],1.0380647864867014,33.0,113.0,45.822838871892024
25,7350,Blaue Augen,"['Die Prinzen', 'Graham Laybourne']",1.0339044290324115,34.0,113.0,45.82034265741945
25,365,Kiss Me,['Brazz Tree'],1.7000967922222732,43.0,112.0,45.82005807533337
25,5716,"We Da West - Feat. Snoop Dogg, Bad Lucc, Damani, Problem, & Soopafly",['Tha Dogg Pound'],2.3664159753990424,51.0,111.0,45.81984958523943
25,6385,1-800-Do-U-Care,"['Larry Sparks', 'Rhonda Vincent']",1.0326634921347497,32.0,113.0,45.81959809528085
25,6628,Young - K?D Remix,"['The Chainsmokers', 'k?d']",1.6911977600199233,43.0,112.0,45.814718656011955
25,1735,Virginia,['Bloody Sunday'],1.6730520867949439,44.0,112.0,45.80383125207697
25,3884,Seeing Daylight,['The Mountain Goats'],0.32191063987949686,18.0,114.0,45.7931463839277
25,7587,Yo Te Bendigo,['Aníbal Troilo Y Su Orquesta Típica'],2.3216057447001637,48.0,111.0,45.7929634468201
25,4104,Vampires In Blue Dresses,"[""Margot & The Nuclear So And So's""]",0.986099835541584,33.0,113.0,45.791659901324955
25,393,Espadas y Serpientes - En Vivo,['Attaque 77'],0.3150810014727541,19.0,114.0,45.78904860088365
25,2448,This Planet,['Andy Warren'],0.9797759659327945,33.0,113.0,45.78786557955968
25,3893,Lounge Act,['Cities'],0.30316007012368795,18.0,114.0,45.781896042074216
25,3183,Lie Down And Die,['U.K. Subs'],0.9664632874426367,33.0,113.0,45.779877972465584
25,417,Unsubtle,['Biffy Clyro'],0.9636810256515675,33.0,113.0,45.778208615390945
25,5564,Stay With Me,"['J Flow', 'Trippy Troy', 'Post', 'Jay Po']",0.9620299182334413,32.0,113.0,45.77721795094007
25,4233,Jeswa's Wet Majestic,['Various Artists'],0.9555257010373036,30.0,113.0,45.77331542062238
25,3253,'Till the End of Time - 2018 Remaster,['Whitesnake'],0.9310073671097379,30.0,113.0,45.75860442026585
25,2527,'Till the End of Time - 2018 Remaster,['Whitesnake'],0.9310073671097379,30.0,113.0,45.75860442026585
25,2006,Now That It's Over,['The Five Americans'],0.9237034241279238,32.0,113.0,45.754222054476756
25,7505,Land of the Lost,['Cella Dwellas'],0.9176642072248923,31.0,113.0,45.75059852433494
25,4413,Landslide Defeat,['The Critics'],0.9136527958563394,34.0,113.0,45.74819167751381
25,3377,Sabrosona,['Orquesta Aragón'],0.9067652368203836,32.0,113.0,45.74405914209223
25,7028,Honesty,['Keenon Rush'],0.8981863776622434,31.0,113.0,45.73891182659735
25,6174,Wig-Wam Bam (The Sweet),['The Donnas'],0.8976595037970474,32.0,113.0,45.73859570227823
25,3192,Fascist Regime,['U.K. Subs'],0.8930486133692174,31.0,113.0,45.73582916802153
25,6075,Interleave,['Mannella'],0.8927381177941106,30.0,113.0,45.73564287067647
25,6182,Get Busy (feat. The D.B.'z),"[""The DB'z""]",0.8900426330253377,30.0,113.0,45.7340255798152
25,1370,It's Always You,['Jerry Jeff Walker'],0.21279761904761904,15.0,114.0,45.72767857142857
25,2414,Unforgettable,['Andy Abraham'],0.8791073147996052,31.0,113.0,45.72746438887977
25,5733,Way Home From School,['Sawako'],0.8782044191568078,32.0,113.0,45.726922651494085
25,8173,El Cuarteador,['Aníbal Troilo Y Su Orquesta Típica'],0.8768639100201834,32.0,113.0,45.726118346012115
25,7256,Energy Rush - Live,['Frankie Bones'],0.8762995967452494,33.0,113.0,45.72577975804715
25,3965,Last Days,['Zoo Brazil'],0.8660730397018166,31.0,113.0,45.719643823821094
25,6853,Anon,"['Alias', 'Tarsier']",2.195731969866504,48.0,111.0,45.71743918191991
25,294,Don't Bite The D,['Project Pat'],0.8541756903834505,31.0,113.0,45.71250541423007
25,6763,Open Naked Eye,['Terranova'],0.8530894254861227,30.0,113.0,45.71185365529168
25,403,La Musica De Ayer Con El Sonido De Hoy,['Buscemi'],2.850244425786882,57.0,110.0,45.71014665547213
25,3868,Sideways Forest,['Love Spirals Downwards'],0.849667865638719,30.0,113.0,45.70980071938323
25,5618,Scathom,['Marshmallow Coast'],0.8478411245014418,30.0,113.0,45.70870467470087
25,5655,Stille,['Søs Fenger'],0.8455673329368041,32.0,113.0,45.70734039976209
25,7595,Erst komm ich! - Karaoke,['Rias 64'],0.8311544799113022,31.0,113.0,45.69869268794678
25,2495,X To M,['Tim Koch'],2.162314101140969,49.0,111.0,45.697388460684586
25,3852,Shir Ali Mardan (Song of a Warrior),['Niyaz'],0.8250121697200554,30.0,113.0,45.695007301832035
25,6140,Interlude WLUV (MITI MITI),['Toby Love'],0.8116093402338306,30.0,113.0,45.6869656041403
25,6766,Kutmasta Kurt Remix Of 'Turn Around',"['Terranova', 'Cath Coffey']",0.8000701407129703,30.0,113.0,45.68004208442778
25,1342,Tear Me All Away,['Archer Prewitt'],0.7991146149189368,30.0,113.0,45.67946876895137
25,98,Kaikkeen kyllästyy,['Scandinavian Music Group'],2.1215256342267925,48.0,111.0,45.67291538053608
25,4953,So Many Bad Dreams,['Anny Celsi'],1.4114429253584129,38.0,112.0,45.64686575521505
25,3117,Do You Believe In Loneliness,['Marc Anthony'],1.399291297785498,36.0,112.0,45.6395747786713
25,1909,Tomt rum,['Ulf Lundell'],1.385663086073633,38.0,112.0,45.63139785164418
25,3263,"Is This Love - Live in Tokyo, Japan, 5/7/1997; Remix",['Whitesnake'],1.3442672620185494,37.0,112.0,45.60656035721114
25,2224,The Twyncyn / Trembling Willows,['Pure Reason Revolution'],1.3370174933479062,36.0,112.0,45.602210496008745
25,3261,"Give Me All Your Love - Live in Tokyo, Japan, 5/7/1997; Remix",['Whitesnake'],0.6689344519335243,25.0,113.0,45.601360671160116
25,7024,Good God,['Keenon Rush'],1.3178255738253046,36.0,112.0,45.590695344295185
25,857,Hole in the Sky,['Karsh Kale'],1.3142571744278588,38.0,112.0,45.58855430465672
25,6437,A Little More Like Me,['Ritual'],0.6436347145509008,26.0,113.0,45.58618082873054
25,373,It Went On For Days - Original Mix,['Cantrip People'],0.6411026898054796,26.0,113.0,45.58466161388329
25,384,Chicos y Perros - En Vivo,['Attaque 77'],1.30517965960925,37.0,112.0,45.58310779576556
25,6254,Things You Can't Understand,['Crowbar'],1.300202711369049,37.0,112.0,45.58012162682143
25,5699,Observer,"['Arian Leviste, John Tejada']",0.6300477355811354,26.0,113.0,45.57802864134868
25,4110,Barfight Revolution,"[""Margot & The Nuclear So And So's""]",1.295335090831685,38.0,112.0,45.577201054499014
25,478,Trillion Things,['Gus Black'],1.2871631980891582,38.0,112.0,45.5722979188535
25,719,Peddi Max (Lolica Tonica Remix),"['Henrik the Artist', 'Lolica Tonica']",1.2857805797709814,38.0,112.0,45.57146834786259
25,4376,Splish Splash,['Cappadonna'],1.278940094758374,37.0,112.0,45.56736405685503
25,2593,The Loser,['Smokie'],0.6086202355895891,26.0,113.0,45.565172141353756
25,2062,Please Ask That Clown To Stop Crying,['Neil Hamburger'],0.6058174237740575,24.0,113.0,45.56349045426444
25,2617,Maybe Next Saturday,['The Pinker Tones'],0.6057324418037695,25.0,113.0,45.56343946508226
25,2218,Goshens Remains,['Pure Reason Revolution'],1.2704430018054702,37.0,112.0,45.562265801083285
25,4275,Vuelve - Black & White Tour Version,['Ricky Martin'],0.6017932632404766,26.0,113.0,45.56107595794429
25,8019,Today I Started Loving You Again,['Martina McBride'],1.261407855173225,37.0,112.0,45.55684471310394
25,2067,Garden Party II,['Neil Hamburger'],0.5946687695316792,26.0,113.0,45.55680126171901
25,8083,World - Dubok Remix,['Croc Shop'],1.26130397525924,37.0,112.0,45.55678238515555
25,4772,Nadia,['Jeff Beck'],1.2612926585718363,37.0,112.0,45.55677559514311
25,6663,Good King Wenceslaus,['Katie McMahon'],1.2590867856021097,36.0,112.0,45.55545207136127
25,5616,Please Don't,['Marshmallow Coast'],1.2558546108545783,37.0,112.0,45.55351276651275
25,61,Every Beat Of My Heart,['Johnny Mathis'],0.584967094151021,24.0,113.0,45.55098025649062
25,4811,Degravitating,['Saafi Brothers'],0.5825885922108303,25.0,113.0,45.5495531553265
25,4954,He's Always Looking At The Sky,['Anny Celsi'],0.5779706906883084,26.0,113.0,45.54678241441299
25,3339,Queen Mirage,['Bullets And Octane'],0.5713228342538688,26.0,113.0,45.54279370055232
25,226,Thing Called Love - with Melissa Etheridge And Bruce Hornsby,['Bonnie Raitt'],0.5686273892358521,25.0,113.0,45.541176433541516
25,951,"I Got a Thing, You Got a Thing, Everybody's Got a Thing",['Funkadelic'],0.5673609650045586,26.0,113.0,45.54041657900274
25,7911,"Concerto Grosso in C Major, Op. 1, No. 10: IV. Vivace","['Pietro Locatelli', 'Capella Istropolitana', 'Jaroslav Krcek']",0.5666329164136912,25.0,113.0,45.539979749848214
25,4320,Song for the Julian Calendar,['The Mountain Goats'],0.5665710094382144,24.0,113.0,45.53994260566293
25,2253,Everything,['Tamara Silvera'],1.2320774789807831,37.0,112.0,45.539246487388475
25,1696,7 Seconds (feat. Neneh Cherry),"[""Youssou N'Dour"", 'Neneh Cherry']",0.5604976806055872,25.0,113.0,45.53629860836335
25,2748,The Man Upstairs,['Aurelio Voltaire'],0.5552953456590114,25.0,113.0,45.53317720739541
25,2068,Zipper Lips Rides Again,['Neil Hamburger'],0.540102056923528,25.0,113.0,45.52406123415412
25,751,What'd I Say,['The Five Americans'],1.2057775011700536,36.0,112.0,45.523466500702035
25,3260,"Can't Go On - Live in Tokyo, Japan, 5/7/1997; Remix",['Whitesnake'],0.53692238039589,24.0,113.0,45.52215342823754
25,1914,Sapphire Eyes,['Tristan'],1.1937135303231021,36.0,112.0,45.516228118193865
25,473,The City Under Sands,['Suspyre'],1.1902157102677104,37.0,112.0,45.51412942616063
25,1106,Love Story,['Anna Waronker'],0.5179302389207556,24.0,113.0,45.510758143352454
25,5843,Funny But Sad,['Numbers'],1.8495979283277433,48.0,111.0,45.50975875699665
25,1984,Happy Xmas (War Is Over),['John Legend'],1.1743805427450886,37.0,112.0,45.504628325647055
25,395,Dame el Fuego de Tu Amor - En Vivo,['Attaque 77'],0.506392948722741,24.0,113.0,45.503835769233646
25,5899,Designed for Operations,['Brando'],1.825082578562366,43.0,111.0,45.49504954713743
25,3327,Mustang 1966,['Jonas Bering'],1.8119027377850911,47.0,111.0,45.48714164267106
25,7631,Me Están Sobrando Las Penas,['Aníbal Troilo Y Su Orquesta Típica'],1.0973360656630282,32.0,112.0,45.45840163939782
25,243,The Fence Feels Its Post,['Frog Eyes'],1.7618730228363921,44.0,111.0,45.45712381370184
25,1912,Humanise,['Contraband'],1.7556101201578447,42.0,111.0,45.45336607209471
25,2182,Marina Takes Her Aim,['Kevin Gordon'],1.7528476174711396,45.0,111.0,45.45170857048269
25,6013,Certain Men,['Negativland'],1.7445004728179736,43.0,111.0,45.44670028369079
25,5017,Holdin',['Diamond Rio'],1.0756543871961668,32.0,112.0,45.445392632317706
25,2057,Wenig,['duo505'],1.7366106440918327,45.0,111.0,45.44196638645511
25,353,"Big Strong Cat (My Puddy Tat, Sylvester) (Parody: My Brother Syl","[""Marc Gunn & the Dubliners' Tabby Cats""]",0.3810163995594459,22.0,113.0,45.42860983973567
25,1341,Over the Line,['Archer Prewitt'],1.7136342007025067,43.0,111.0,45.428180520421506
25,1514,"Stop, Drop, Rock 'n Roll",['Ex-Boyfriends'],1.7049640236353933,44.0,111.0,45.422978414181244
25,6851,Last Nail,"['Alias', 'Tarsier']",0.36174403543865297,20.0,113.0,45.417046421263194
25,737,For A While,['flora cash'],0.3611280024323502,20.0,113.0,45.41667680145941
25,3903,Tumblin Down,['Kilowatts & Vanek'],1.010816059167277,31.0,112.0,45.40648963550037
25,5225,Stompin' At The Savoy,['The Hit Crew'],1.6751466278076397,42.0,111.0,45.40508797668459
25,7961,The Ballad Of Sister Ruth,['Five Horse Johnson'],0.3350483488414523,20.0,113.0,45.40102900930487
25,5504,More Undermutter Mutterances,['The Firesign Theatre'],0.33355769870302626,18.0,113.0,45.40013461922182
25,4455,Your Big Mouth Will Get You In Trouble,['Askeleton'],0.9966502520093667,32.0,112.0,45.397990151205626
25,5619,Sara's Song,['Marshmallow Coast'],0.3298505272489913,19.0,113.0,45.397910316349396
25,3993,Give It Up,['Wale Oyejide'],0.9958353508268416,31.0,112.0,45.39750121049611
25,5107,Swarm,['The Cardinal Sin'],0.3291006407045113,18.0,113.0,45.39746038442271
25,3007,Metro,['System Of A Down'],0.9926048612483382,34.0,112.0,45.39556291674901
25,543,Top International Celebrities,['Armitage Shanks'],1.657908983307025,42.0,111.0,45.39474538998422
25,7929,Crest of the Hill,['The Minders'],0.32191063987949686,18.0,113.0,45.3931463839277
25,1119,Goodbye,['Anna Waronker'],0.3164460171392988,18.0,113.0,45.38986761028358
25,7621,Naranjo En Flor,['Aníbal Troilo Y Su Orquesta Típica'],0.9762044785060972,30.0,112.0,45.385722687103666
25,5815,If You Love Me (Really Love Me),['Brenda Lee'],0.3093335551332198,18.0,113.0,45.38560013307993
25,7776,Shinin',['billy woods'],0.3087378247036138,19.0,113.0,45.38524269482217
25,1488,Big Leauge - Street Hustle Mix,"['Daforce', 'Curtis Dayne', 'Allan Radu']",0.3064429250323623,18.0,113.0,45.38386575501942
25,2472,Die Unperfekten,['Thorsten Wingenfelder'],0.3017605967883489,19.0,113.0,45.38105635807301
25,4195,Hell Cat,['Scorpions'],0.967423767388593,34.0,112.0,45.38045426043316
25,2923,Steinbeisser,['Paul Kalkbrenner'],0.2980781141631851,18.0,113.0,45.37884686849792
25,1237,I Dream An Old Lover,['Jeffrey Foucault'],0.9544015711791467,31.0,112.0,45.37264094270749
25,3881,Sendero Luminoso Verdadero,['The Mountain Goats'],0.953934207454153,32.0,112.0,45.3723605244725
25,3788,Cherokee - Live at the Jazz Standard,['Frank Morgan'],0.9499576517203318,30.0,112.0,45.369974591032204
25,1315,Looking At You,['Lucy Ann Polk'],0.27989874438133755,18.0,113.0,45.36793924662881
25,3544,She's Gotten to Me,['The Knickerbockers'],0.9302313778452831,32.0,112.0,45.358138826707176
25,3240,Flight,['Autumn Tears'],0.9199165884164695,31.0,112.0,45.35194995304989
25,8078,God's Will,['Martina McBride'],0.9025885293198816,32.0,112.0,45.341553117591936
25,629,No Baby (1),"['Kip Hanrahan', 'Brandon Ross', 'Don Byron']",0.9009265029510976,32.0,112.0,45.340555901770664
25,554,Jenny's Wedding / The Pure Drop,['Robbie Hannan'],0.8955866576112521,32.0,112.0,45.33735199456675
25,1734,Through His Blood,['Bloody Sunday'],0.8952783125727175,34.0,112.0,45.33716698754363
25,1979,My Favorite Things,['John Legend'],0.8893728118281211,31.0,112.0,45.333623687096875
25,3958,Pleasure,['Zoo Brazil'],0.8862426385974413,31.0,112.0,45.33174558315847
25,2467,Life,"['B.M.R.', '$incityy', 'Killa Kiesha']",0.8846303403489577,32.0,112.0,45.33077820420938
25,4994,Caledonia,['Bert Jansch'],0.8812373190450813,31.0,112.0,45.328742391427056
25,1317,Good Man,['Archer Prewitt'],0.8784548692308396,31.0,112.0,45.32707292153851
25,7023,Aspects of the Mind,['Keenon Rush'],0.8733785822021115,31.0,112.0,45.324027149321275
25,7665,"Orange Red, Bright Blue",['Godzuki'],0.8724068204765536,31.0,112.0,45.32344409228594
25,4999,Looking For Love,['Bert Jansch'],0.8691618029828871,32.0,112.0,45.32149708178974
25,2475,Die größte Liebe auf dieser Welt,['Thorsten Wingenfelder'],0.8594294613984816,30.0,112.0,45.315657676839095
25,4474,Come See About Me featuring Da Brat & Petey Pablo,['Mystikal'],0.8591054682668714,30.0,112.0,45.315463280960124
25,7796,The Way You Love (Yves Cutting Longer Cologne Mix),['Electro Spectre'],0.8539179802059143,30.0,112.0,45.31235078812355
25,5233,I Just Don't Know,['Joe Diffie'],0.848203434795051,31.0,112.0,45.30892206087704
25,7652,He'd Turn Us Up,['Godzuki'],0.844564357720631,32.0,112.0,45.30673861463238
25,5323,That Black Ice Cream Song,['The Mountain Goats'],1.5013263414279012,39.0,111.0,45.30079580485675
25,3960,Do Not Erase,['Zoo Brazil'],0.8130531063565389,31.0,112.0,45.28783186381393
25,2601,You Took Me by Surprise,['Smokie'],0.1375369458128079,12.0,113.0,45.282522167487684
25,398,Numancia - En Vivo,['Attaque 77'],0.8007091975157727,30.0,112.0,45.28042551850947
25,7431,Onde,['Raf'],1.458968240935381,36.0,111.0,45.275380944561235
25,6642,Nangomso,['Yanga Chief'],1.4558238352039556,37.0,111.0,45.273494301122376
25,358,Kitty Martin (Parody: Henry Martin),"[""Marc Gunn & the Dubliners' Tabby Cats""]",0.7807718686350141,30.0,112.0,45.268463121181014
25,3518,El Triste - Revisitado,['José José'],1.4446656052437499,39.0,111.0,45.266799363146255
25,5229,Fever,['The Hit Crew'],1.4330709622818703,38.0,111.0,45.25984257736913
25,1348,Atmosphere,['Archer Prewitt'],1.4223634491066142,39.0,111.0,45.253418069463976
25,7951,Twang On A Wire,['Kate Campbell'],0.7259066743770892,28.0,112.0,45.235544004626256
25,4208,This Is My Song,['Scorpions'],1.3887944175443465,40.0,111.0,45.23327665052661
25,2805,The Orange and the Green,['Hair of the Dog'],0.04487179487179487,7.0,113.0,45.22692307692308
25,1650,Our New World,['Azrael'],0.6973781067320122,30.0,112.0,45.21842686403921
25,5001,The River Bank,['Bert Jansch'],0.6845273387254517,26.0,112.0,45.210716403235274
25,4159,Scene 12: Unaware of its Taboos,['Philip Glass'],1.2924498224939294,36.0,111.0,45.17546989349636
25,4430,Ravi@11,['Obliminal'],1.2900459018106076,40.0,111.0,45.17402754108637
25,5300,In O,['OOIOO'],0.619468351362265,25.0,112.0,45.171681010817366
25,5796,Les Yeux Pour Pleurer,['Nana Mouskouri'],0.6144308837159549,25.0,112.0,45.16865853022958
25,5896,Guarded Theives,['Brando'],1.9438288051971073,43.0,110.0,45.16629728311826
25,2296,Become an Eagle Returning to Korea '34,['Tstewart'],0.5968625581259174,25.0,112.0,45.15811753487556
25,5495,The Undermutter Moment,['The Firesign Theatre'],0.5935754868539634,26.0,112.0,45.156145292112384
25,1082,Trap House 3,['Gucci Mane'],0.5929349162385066,24.0,112.0,45.15576094974311
25,6077,Take Me To The Mountain,['Jennifer Berezan'],0.5895979999341402,24.0,112.0,45.153758799960485
25,6768,X-Files,"['Terranova', 'Rasco']",0.5875576668924071,26.0,112.0,45.152534600135446
25,6451,Nafeken,['Tabla Beat Science'],0.5873062484759187,26.0,112.0,45.15238374908556
25,1475,Prodigal One (radio),['John Called Mark'],0.585528509032145,26.0,112.0,45.15131710541929
25,5389,Welcome Home,['Rebecca Folsom'],0.5847461142045396,25.0,112.0,45.15084766852273
25,2351,Nineveh,['E.S. Posthumus'],0.5828049418411662,25.0,112.0,45.1496829651047
25,7453,The Holy Place,['Ricky Dillard & New G (New Generation Chorale)'],1.2481035762786854,38.0,111.0,45.14886214576722
25,4040,Some Jingle Jangle Morning,['Mary Lou Lord'],0.5787010307741443,26.0,112.0,45.14722061846449
25,2806,Drunken Sailor,['Hair of the Dog'],0.574702559340615,25.0,112.0,45.14482153560437
25,8215,Flor De Mal,"[""Juan D'Arienzo y su Orquesta Típica""]",0.573317198140424,24.0,112.0,45.143990318884256
25,1223,Face Up,['B.G.'],1.9042401668590776,45.0,110.0,45.142544100115444
25,6577,Calypso facile,"['Wolfgang Amadeus Mozart', 'Klazz Brothers', 'Cuba Percussion']",0.5677514846463534,25.0,112.0,45.14065089078782
25,2929,Wasp,"['Kiki', 'Silversurfer']",0.5657161579512726,24.0,112.0,45.13942969477077
25,409,My Suitor,['Buscemi'],1.2213658225027775,36.0,111.0,45.13281949350167
25,4566,Cruise Boat,['The Red Krayola'],1.2206393859385478,36.0,111.0,45.13238363156314
25,1345,I'm Coming Over,['Archer Prewitt'],1.2076172585034475,36.0,111.0,45.12457035510207
25,3445,Somethingness,"['Busdriver', 'Radioinactive', 'Rhetoric']",0.5378989602696671,25.0,112.0,45.1227393761618
25,2252,I'm Only Dreaming,['Tamara Silvera'],1.2034516603549645,37.0,111.0,45.12207099621298
25,7956,Gin Clear,['Five Horse Johnson'],0.5353483858638498,25.0,112.0,45.12120903151831
25,233,Sweet Emotion,['Aerosmith With Kid Rock'],1.2012426969539263,37.0,111.0,45.120745618172364
25,1043,Wide Open Spaces - Live - 2003,['The Chicks'],1.1902832079770471,36.0,111.0,45.11416992478623
25,3860,Private Eye,['Dog Fashion Disco'],0.5199782258700516,24.0,112.0,45.11198693552203
25,2258,Share,['Tamara Silvera'],0.5176314090651226,24.0,112.0,45.11057884543908
25,3487,Capricious,['Softball'],0.506392948722741,24.0,112.0,45.10383576923365
25,4855,Ghosts,['Dag Nasty'],1.1697898493432708,36.0,111.0,45.10187390960597
25,8131,Total Chaos,['Ozny'],1.145651179164843,36.0,111.0,45.08739070749891
25,5694,Zum Appell,['Kreuzweg Ost'],1.1378336730566816,36.0,111.0,45.082700203834015
25,3894,Lancer,['Cities'],1.7569194376984298,44.0,110.0,45.054151662619056
25,2704,Where's The Girl?,['Aurelio Voltaire'],1.08537005686176,34.0,111.0,45.05122203411706
25,1844,Beyond tonight,['Marie Serneholt'],1.0797355598408698,33.0,111.0,45.04784133590453
25,1385,"O, Ky",['Archer Prewitt'],1.0764083285740802,32.0,111.0,45.04584499714446
25,5696,Leu Der Lüfte,['Kreuzweg Ost'],1.7186297729674214,45.0,110.0,45.03117786378045
25,5019,Imagine That,['Diamond Rio'],0.3808172043010753,19.0,112.0,45.02849032258065
25,1033,White Trash Wedding - Live - 2003,['The Chicks'],1.7009183350790422,43.0,110.0,45.02055100104742
25,6411,Arabian Queen,['Anjali'],0.3652616487455197,19.0,112.0,45.019156989247314
25,1386,Go Away,['Archer Prewitt'],1.0122317423814624,30.0,111.0,45.007339045428886
25,4339,One and Only,['Sero'],1.0112054348055441,31.0,111.0,45.006723260883334
25,1443,Un-United Kingdom (Fuzz Townsend Mix),['Pitchshifter'],0.3352878856240372,19.0,112.0,45.001172731374425
25,309,Like No Tomorrow,['Nelson Rangell'],1.663777562319679,44.0,110.0,44.99826653739181
25,364,We Get,['Brazz Tree'],0.9958353508268416,31.0,111.0,44.99750121049611
25,224,How Sweet It Is [To Be Loved By You],['James Taylor And The Rock Hall Jam Band'],0.32647503854934196,20.0,112.0,44.99588502312961
25,4197,In Trance,['Scorpions'],0.32143482703255,18.0,112.0,44.99286089621953
25,7029,Still Chasin,"['Keenon Rush', 'Antuan Grier']",0.31825576985440013,19.0,112.0,44.990953461912646
25,4491,Unpredictable,['Mystikal'],0.31612924019015387,19.0,112.0,44.989677544114095
25,4787,Understanding - Audible Doctor Remix,['Boog Brown'],0.31036306783054307,18.0,112.0,44.98621784069833
25,526,The Party's Over,['Willie Nelson'],0.3002718930553982,19.0,112.0,44.980163135833244
25,1069,I Might Be (feat. Shawnna and The Game),"['Gucci Mane', 'Shawnna', 'The Game']",0.29980221094432774,18.0,112.0,44.9798813265666
25,2514,Er Det Nu,['Marie Key Band'],0.28701120638741656,18.0,112.0,44.97220672383246
25,6675,to all good night,['Rabbit Junk'],0.27693756868491287,18.0,112.0,44.96616254121095
25,426,Painting,['Norken'],0.938911716065066,32.0,111.0,44.963347029639046
25,8203,Castigo,"[""Juan D'Arienzo y su Orquesta Típica""]",0.9381885633433328,31.0,111.0,44.96291313800601
25,8264,Joaquina,"[""Juan D'Arienzo y su Orquesta Típica""]",0.9369540585375243,31.0,111.0,44.96217243512252
25,2160,How Do You Feel,['New World Generation'],0.9251554517588673,30.0,111.0,44.955093271055325
25,2952,Lady Delay,"['Anton Kubikov', 'Maxim Miyutenko']",0.9200847354169794,33.0,111.0,44.95205084125019
25,5811,Pour Vous Aimer,['Juliette Gréco'],1.5780772146458666,39.0,110.0,44.94684632878752
25,5508,"Hal Stark Is ""Off the Road""",['The Firesign Theatre'],0.9077363405802431,33.0,111.0,44.94464180434815
25,2928,Queer Fellow,['Paul Kalkbrenner'],0.9033729266909057,31.0,111.0,44.94202375601455
25,2249,Angels,['Sam Baker'],0.9027433562712665,30.0,111.0,44.941646013762764
25,5406,"No, I Can't.",['The Mountain Goats'],0.9015560194166713,31.0,111.0,44.94093361165001
25,7462,If We Faint Not,['Ricky Dillard & New G (New Generation Chorale)'],2.224912049223306,50.0,109.0,44.93494722953398
25,1959,Heavy Birth/2 Fisted,['Solace'],0.8793273222309522,31.0,111.0,44.927596393338575
25,4665,Suburban Love,['Japan'],0.8783038334318392,33.0,111.0,44.92698230005911
25,1453,Bailando Bajo El Sol,['Locarno'],0.8722286420988025,30.0,111.0,44.923337185259285
25,2764,Sr. Correcto,['Los Enemigos'],0.8686611019129262,32.0,111.0,44.92119666114776
25,4933,Swept Away,['Yanni'],0.8592777292110221,31.0,111.0,44.91556663752662
25,888,O-o-h Child,['The Five Stairsteps'],0.8503163345442565,31.0,111.0,44.910189800726556
25,2385,Ashtray Red,['Pushmonkey'],0.8430517621812502,30.0,111.0,44.90583105730875
25,8060,One Considers Sailing On - pre-FE track from unreleased 2nd Blue Pine album,['Blue Pine'],0.8299838511635936,30.0,111.0,44.89799031069816
25,1708,Them Bones,['Alice In Chains'],0.8275831082858256,31.0,111.0,44.896549864971504
25,4255,Shake That,['The Movement'],0.8274749752564767,30.0,111.0,44.89648498515389
25,3468,Hold the Torch,"['DRE-B', 'IYF Peezy']",0.1526565143824027,13.0,112.0,44.891593908629446
25,5250,Praise And Alleluia To The Savior,['Joe Diffie'],0.8164013241522741,30.0,111.0,44.88984079449137
25,4175,Waking in Place,['Perpetual Groove'],1.478411875355323,38.0,110.0,44.88704712521319
25,2079,Brady Street Stroll,['Peter Mulvey'],0.14224770963004407,12.0,112.0,44.88534862577803
25,8185,Tu Boca Mintió - No Me Mires,"[""Juan D'Arienzo y su Orquesta Típica""]",1.4750295311803767,39.0,110.0,44.88501771870823
25,3732,Stand,['Dee'],0.1414506183354342,12.0,112.0,44.88487037100126
25,4146,Hot Barbeque,['Melvin Sparks'],0.13833306042246601,12.0,112.0,44.88299983625348
25,4269,The Real Feel,['Moraz Alban Project'],0.13686307267236394,12.0,112.0,44.882117843603424
25,87,"The Humours of Ballyloughlin, Fraher's",['The McCarthys'],0.12948513415518492,12.0,112.0,44.877691080493115
25,746,The Train,['The Five Americans'],0.1283459162663006,12.0,112.0,44.87700754975978
25,4889,Jessie (Going Through),['Leslie Tucker'],0.7839892950273694,30.0,111.0,44.87039357701643
25,6478,Lonely Tonight,['Bastard Sons of Johnny Cash'],0.7715186696553442,28.0,111.0,44.86291120179321
25,3324,Only Mirrors,['Jonas Bering'],1.4376679857475225,37.0,110.0,44.862600791448514
25,646,Paper Doll,['Rachael Yamagata'],1.419032930882788,37.0,110.0,44.85141975852967
25,7311,Ich will ein Baby,['Die Prinzen'],1.3957702677568091,38.0,110.0,44.837462160654084
25,1492,Like It Iz,"['Daforce', 'C-koo Slim']",1.381146771998721,39.0,110.0,44.82868806319923
25,4888,True Gentleman,['Leslie Tucker'],0.7082493108250578,25.0,111.0,44.82494958649504
25,4883,Drive Away,['Sawyer Brown'],0.6989850626127585,26.0,111.0,44.81939103756766
25,6431,No Loving Tonight,['Wayne Hancock'],0.03225806451612903,6.0,112.0,44.81935483870968
25,1220,Yeah Nigga Yeah,['B.G.'],1.3491343885320024,39.0,110.0,44.8094806331192
25,7585,Y La Perdí,['Aníbal Troilo Y Su Orquesta Típica'],0.6694031852881637,25.0,111.0,44.8016419111729
25,3103,Vaille que Vaille,['Paris Combo'],0.6616052456439987,28.0,111.0,44.79696314738641
25,7494,Recognize n Realize,['Cella Dwellas'],1.32298261166254,38.0,110.0,44.793789566997525
25,4296,Barbiewhore,['Ultralash'],0.6355958485929987,25.0,111.0,44.781357509155804
25,4276,Revolución - Black & White Tour Version,['Ricky Martin'],1.3006162018273464,39.0,110.0,44.780369721096406
25,5163,Visions of Johanna,['Robyn Hitchcock'],1.299077743859669,37.0,110.0,44.779446646315805
25,8129,Decause,['Ozny'],0.6286573795678452,24.0,111.0,44.77719442774071
25,3574,Colour Me,['Dot Allison'],1.2939284126342592,38.0,110.0,44.776357047580554
25,3743,Have You Ever Seen The Rain,"[""Pickin' On Series""]",0.6227374160715531,25.0,111.0,44.773642449642935
25,4793,Drinking About You,['Rachel Harrington'],0.6141906514074554,26.0,111.0,44.76851439084448
25,6369,Reason to Live,['Cannata'],0.6140776979843984,26.0,111.0,44.76844661879065
25,2938,The End of the World,['Kiki'],0.6119676677411783,25.0,111.0,44.767180600644714
25,1050,"Not Right, You Know",['Phosphorescent'],0.6086520765781471,27.0,111.0,44.765191245946895
25,5872,Social Club,['The Minor Leagues'],0.6086439564537645,24.0,111.0,44.76518637387226
25,1553,Clockwork Crows,['Run Chico Run'],0.607872474498502,26.0,111.0,44.764723484699104
25,7675,Mold / Path Of The Righteous Gentile - Live,['Sprawl'],0.5981887444898326,28.0,111.0,44.75891324669391
25,6812,The Burning Season,['Bloodaxe'],1.2629032949657375,38.0,110.0,44.757741976979446
25,6813,As Creation Wept,['Bloodaxe'],1.2629032949657375,38.0,110.0,44.757741976979446
25,6226,Rap Protection Prayer,['Open Mike Eagle'],0.5954527465024054,25.0,111.0,44.75727164790145
25,2688,All Around The World,"['Saigon', 'G Martin Soul']",0.5950881639599781,25.0,111.0,44.757052898375996
25,205,Touch You Like Caligula,['Polkadot Cadaver'],1.2586053624553266,39.0,110.0,44.755163217473196
25,3322,Diabolo,['Jonas Bering'],1.2568274027721067,37.0,110.0,44.754096441663265
25,5805,Ni Belle Ni Bonne,['Barbara'],0.5871835974676589,25.0,111.0,44.752310158480604
25,1482,Run to Me (studio),['John Called Mark'],0.5820686066925949,26.0,111.0,44.749241164015565
25,386,Gil - En Vivo,['Attaque 77'],1.2477418162465803,37.0,110.0,44.748645089747946
25,2763,Cancion Nisiquiera Negra,['Los Enemigos'],1.2463282178171764,37.0,110.0,44.747796930690306
25,2873,Living In The Shadows,['Mad At The World'],0.5777428534141116,27.0,111.0,44.746645712048476
25,5622,The English Room,['Pet Lions'],0.573838910871169,24.0,111.0,44.744303346522706
25,6227,Helicopter,['Open Mike Eagle'],0.5678331123371978,24.0,111.0,44.74069986740233
25,4674,Under My Skin,['Vivian Green'],1.8887103623674115,42.0,109.0,44.73322621742045
25,1071,Wasted - Remix,['Gucci Mane'],0.5541292943995932,24.0,111.0,44.73247757663976
25,4116,Perception - Culture Kültur Mix,"['God Module', 'Culture Kultur']",1.2162817095261458,37.0,110.0,44.72976902571569
25,5295,Common Sense,['Michael Leviton'],0.54035529665995,24.0,111.0,44.72421317799598
25,7753,Commonplace,['Tim Finn'],1.8713997904928046,44.0,109.0,44.72283987429569
25,2518,Orange Ensomhed,['Marie Key Band'],0.53637696524083,25.0,111.0,44.7218261791445
25,1515,P.S.,['Ex-Boyfriends'],0.5344270090843137,25.0,111.0,44.720656205450595
25,7204,Drink On It,['The Weary Boys'],0.5306592310250442,24.0,111.0,44.718395538615034
25,1589,Myxomatosis,['Flux of Pink Indians'],1.1962828595462711,37.0,110.0,44.71776971572776
25,6001,The Buddah,['Thom Rotella'],0.5121797890911921,25.0,111.0,44.707307873454724
25,1427,Selector (On Tha Otha Side of Midnite),"['The Angel', ""Cokni O'Dire""]",1.145651179164843,36.0,110.0,44.687390707498906
25,8273,Rawson,"[""Juan D'Arienzo y su Orquesta Típica""]",1.801708102017069,43.0,109.0,44.68102486121024
25,5144,Cool Again,['Aaron Booth'],1.1295104513738439,33.0,110.0,44.67770627082431
25,2106,Sloth Loves Chunk,['The Acacia Strain'],1.7879608097150006,46.0,109.0,44.672776485829004
25,4206,Crying Days,['Scorpions'],1.0851055323155656,35.0,110.0,44.65106331938934
25,6960,Femme canon,['Annie Villeneuve'],0.3887835550716416,19.0,111.0,44.63327013304299
25,451,Til A Tear Becomes A Rose - Single (2002 remaster),"['Lorrie Morgan', 'Keith Whitley']",0.3818064753495217,22.0,111.0,44.62908388520972
25,6181,Smoke Wit Me (feat. the Team),['The Team'],1.0453107202754124,31.0,110.0,44.627186432165246
25,7412,Have You Ever Been In Love,['Céline Dion'],1.0340734947595607,33.0,110.0,44.620444096855735
25,1646,Television Slave,['Azrael'],0.3663579636399129,19.0,111.0,44.61981477818395
25,2874,This Is How We Get To Heaven,['Mad At The World'],0.3624771030012681,21.0,111.0,44.617486261800764
25,3571,Best,['A. Jesus'],0.35793226381461674,20.0,111.0,44.61475935828877
25,1481,All I Know,['John Called Mark'],0.3462520243829542,19.0,111.0,44.60775121462978
25,3666,Everything and Nothing,['Bryan Beller'],0.34253367630136056,18.0,111.0,44.60552020578082
25,4456,$ VS. Entertainment,['Askeleton'],0.3409250454231757,20.0,111.0,44.60455502725391
25,5147,Ramblin Train,['Aaron Booth'],1.0074165754841902,31.0,110.0,44.60444994529051
25,6621,Ice Cream Phoenix,['Jefferson Airplane'],0.3407264130668386,20.0,111.0,44.60443584784011
25,6426,Double A Daddy,['Wayne Hancock'],0.3315036133088153,18.0,111.0,44.598902167985294
25,3264,"Here I Go Again - Live in Tokyo, Japan, 5/7/1997; Remix",['Whitesnake'],0.33065725201915175,18.0,111.0,44.598394351211496
25,5127,One with the Ocean,['The Ocean'],0.9938883712666913,35.0,110.0,44.596333022760014
25,1852,Damals,['Sean McCann'],0.32645827776523934,18.0,111.0,44.595874966659146
25,5011,In a Week or Two,['Diamond Rio'],0.3248718155759215,18.0,111.0,44.594923089345556
25,6210,La llum de Nadal,"['Manuel Blancafort', 'Anna Alàs i Jové', 'Miquel Villalba']",0.3230212892218678,18.0,111.0,44.593812773533124
25,6700,"Winterreise, Op. 89, D. 911: Letzte Hoffnung","['Franz Schubert', 'Roman Trekel', 'Ulrich Eisenlohr']",1.6559048957481093,43.0,109.0,44.593542937448866
25,5280,Silent Night,['Ty Herndon'],0.30197642379166756,18.0,111.0,44.581185854275006
25,6334,There's a Day,['Smalltown Poets'],0.9673485423856103,32.0,110.0,44.580409125431366
25,5399,Precious Moments,['Rebecca Folsom'],0.9623706584707676,31.0,110.0,44.57742239508246
25,2207,O.N.E. - Live,['Yeasayer'],0.9622672398377291,32.0,110.0,44.57736034390264
25,310,Wait a Minute,['Eric Brace & Peter Cooper'],0.9622395488840237,32.0,110.0,44.577343729330416
25,6010,Either Or,['Negativland'],0.28900521251518096,18.0,111.0,44.57340312750912
25,3861,The Darkest Days,['Dog Fashion Disco'],0.28701120638741656,18.0,111.0,44.57220672383246
25,1496,Bala,"['Daforce', 'Spoilt Child', 'Kayla Doll']",0.9480794714425917,32.0,110.0,44.56884768286555
25,3331,Out To Out,['Jonas Bering'],0.2804107480222523,18.0,111.0,44.568246448813355
25,5432,Over You,['Diamond Rio'],0.2794229315343907,18.0,111.0,44.56765375892064
25,721,Peddi Max (Silkersoft Remix),"['Henrik the Artist', 'Silkersoft']",0.9373942185167445,31.0,110.0,44.562436531110045
25,2870,I Need You,['Mad At The World'],0.9288179162609542,31.0,110.0,44.557290749756575
25,3139,The Payback (Gotta),['Madlib'],0.9175809156761615,32.0,110.0,44.5505485494057
25,4691,"White Rabbit - Live at the Fillmore East, New York, NY - May 1968",['Jefferson Airplane'],0.9168462478026781,30.0,110.0,44.550107748681604
25,2650,Christmas Time Is Here,['Chomsky'],2.248704193113212,48.0,108.0,44.54922251586793
25,7333,Beautiful Life,['Charlotte Martin'],0.9112790984952914,31.0,110.0,44.546767459097175
25,637,War News from Inside the City,['Kip Hanrahan'],1.5713600782034112,40.0,109.0,44.54281604692205
25,6772,Rodeo - Crowd Pleaser Remix,"['Und', 'Crowd Pleaser']",0.9006625017671088,32.0,110.0,44.54039750106026
25,2208,Reagan's Skeleton - Live,['Yeasayer'],0.9005887217088894,31.0,110.0,44.540353233025336
25,8063,"""Buttercup"" - pre-FE track from unreleased 2nd Blue Pine album",['Blue Pine'],0.8857217725162285,31.0,110.0,44.53143306350974
25,6168,Moonage Daydream (David Bowie),['Pillbox'],0.8779402976224511,31.0,110.0,44.52676417857347
25,3370,Happiness Pt 2 - Mixed,['Eli Escobar'],0.8761297261857189,30.0,110.0,44.525677835711434
25,3807,Rakkaani,['Iiwanajulma'],0.8755836273748197,31.0,110.0,44.525350176424894
25,2102,Why Is a Raven Like a Writing Desk,['The Acacia Strain'],0.8750826434245778,32.0,110.0,44.52504958605475
25,569,Poll Ha'Penny,['Ronan Browne'],0.8733362540455174,31.0,110.0,44.52400175242731
25,7465,Things Will Work Out For Me,['Ricky Dillard & New G (New Generation Chorale)'],0.1991614255765199,14.0,111.0,44.51949685534592
25,4280,Rave Intro/Drop It On Me/Lola Lola/The Cup Of Life Medley - Black & White Tour Version,['Ricky Martin'],0.8652725853271798,30.0,110.0,44.51916355119631
25,2916,Vux Intruder,['Three Mile Pilot'],0.8644100702331656,30.0,110.0,44.5186460421399
25,7628,"Copas, Amigas Y Besos",['Aníbal Troilo Y Su Orquesta Típica'],0.8628529370554999,30.0,110.0,44.5177117622333
25,1429,No Gravity,['The Angel'],0.8548854198560608,31.0,110.0,44.512931251913635
25,250,The Oscillator's Hum,['Frog Eyes'],0.8532714366415763,31.0,110.0,44.51196286198495
25,4163,Scene 16: He Wrote His Own Name,['Philip Glass'],0.8508489374405537,31.0,110.0,44.51050936246433
25,3803,Huume,['Iiwanajulma'],0.8495777158867447,30.0,110.0,44.509746629532046
25,6306,At the Ocean,['Bethan Mane'],0.17828571428571427,13.0,111.0,44.50697142857143
25,3137,The Lost Sheep,['Rainforce'],0.17194936708860759,12.0,111.0,44.50316962025317
25,6502,T. Street,['Laika'],2.154898808075468,49.0,108.0,44.492939284845285
25,4912,Right Now - Live at CBGB,['Korn'],0.1485762800417973,13.0,111.0,44.48914576802508
25,7512,Limits,['Lightning Strikes Across the Sky'],0.8056085691161256,30.0,110.0,44.483365141469676
25,7442,September - Radio Edit,['Deborah Cox'],1.4619249663088785,39.0,109.0,44.477154979785325
25,1406,Boxing Glove - Iris Mix,"['I:Scintilla', 'Iris']",0.1260545905707196,12.0,111.0,44.475632754342435
25,7488,La Viajera Perdida,['Aníbal Troilo Y Su Orquesta Típica'],0.7370085218781229,27.0,110.0,44.442205113126874
25,7743,Cotorrita De La Suerte,['Aníbal Troilo Y Su Orquesta Típica'],0.735183834567635,26.0,110.0,44.44111030074058
25,5359,So Saved (H.U.R.T & Justa Messenger),"['H.U.R.T.', 'Justa Messenger']",0.7349216227465781,27.0,110.0,44.440952973647946
25,552,Peter Street / The Silver Spear / The Dublin Reel,['Robbie Hannan'],1.4008164878739997,37.0,109.0,44.4404898927244
25,7855,Quit Breaking My Heart (Reprise),['Mandy Moore'],0.037037037037037035,7.0,111.0,44.42222222222223
25,2989,New Drag City,['Freeways'],0.03468208092485549,6.0,111.0,44.42080924855492
25,735,Still Alive,['flora cash'],0.6779994576516315,27.0,110.0,44.40679967459098
25,6096,Pork in the Store,['Negativland'],0.6777090685054924,26.0,110.0,44.406625441103294
25,2761,Estas (Cuando Te Vas),['Los Enemigos'],0.6715652719169068,26.0,110.0,44.402939163150144
25,3257,"Too Many Tears - Live in Tokyo, Japan, 5/7/1997; Remix",['Whitesnake'],0.6700107578720416,28.0,110.0,44.40200645472323
25,8271,Lorenzo,"[""Juan D'Arienzo y su Orquesta Típica""]",0.6698685839656306,27.0,110.0,44.40192115037938
25,5571,Land Of The Free,['20/20'],0.0,0.0,111.0,44.400000000000006
25,4261,B.I.N.G.O. - Tribal Mix,"['The Movement', 'Walter ""Kandor"" Kahn']",0.6413361960442072,24.0,110.0,44.38480171762652
25,5392,Be Your Angel,['Rebecca Folsom'],0.6378297539344404,27.0,110.0,44.382697852360664
25,1244,"Mesa, Arizona",['Jeffrey Foucault'],0.6309917106566196,26.0,110.0,44.378595026393974
25,8249,La Espuela,"[""Juan D'Arienzo y su Orquesta Típica""]",0.6276930234487941,25.0,110.0,44.376615814069275
25,7250,Get This Str-8 - Live,['Frankie Bones'],0.6255622497858055,27.0,110.0,44.37533734987149
25,3755,Heartbreak Mountain,['The Stonemans'],1.274360590870942,39.0,109.0,44.36461635452257
25,6770,Fox in the Box,['Und'],0.5998583474507326,28.0,110.0,44.35991500847044
25,2484,Ellermanstraat,['Tim Koch'],0.5970393739507769,25.0,110.0,44.35822362437047
25,8269,El Flete,"[""Juan D'Arienzo y su Orquesta Típica""]",0.596055430970042,25.0,110.0,44.35763325858203
25,4471,Shake Ya Ass,['Mystikal'],1.262713363792632,37.0,109.0,44.357628018275584
25,7109,Enrgy in my basement,['KrispyLife Kidd'],0.59488444988674,25.0,110.0,44.35693066993204
25,559,The Lark in the Morning,['Joseph McLaughlin'],0.5946542186949945,26.0,110.0,44.356792531216996
25,1859,Tribute to the Greats,['Neil Hamburger'],0.593147439087127,25.0,110.0,44.355888463452274
25,3973,I'll Be Good To You,['Benny Mardones'],0.5898863479414378,25.0,110.0,44.35393180876486
25,6832,The Shepherds Deathline (7 mix),['Aiboforcen'],1.254436381485516,36.0,109.0,44.352661828891314
25,6307,Never Lonely,['Bethan Mane'],0.5844850110152976,26.0,110.0,44.35069100660918
25,5522,"Thanksgiving, or Pass the Indian Please!",['The Firesign Theatre'],1.9170437317777318,44.0,108.0,44.35022623906664
25,2565,Real People - 1.1,['Richard Bartz'],1.914731579052836,44.0,108.0,44.3488389474317
25,4115,Perception - Force Field mix by Infekktion,"['God Module', 'Infekktion']",0.5794004473856587,25.0,110.0,44.3476402684314
25,5715,"Turnstiles (Hidden: Old Mexico Way, Purple Haze, Heaven Help Me)",['The Lawrence Arms'],0.5780630958496127,26.0,110.0,44.34683785750977
25,5035,Why Don't You Do Right?,['Johnny Otis'],0.5721256682673305,25.0,110.0,44.3432754009604
25,1554,Smitten,['Run Chico Run'],0.5703470637343918,24.0,110.0,44.34220823824064
25,6992,Dr. Moon & the Stars,['The Meligrove Band'],0.5660821923375925,24.0,110.0,44.33964931540255
25,2172,A Love Affair,"['Brian Bromberg', 'Vinnie Colaiuta', 'Randy Waldman']",0.5657161579512726,24.0,110.0,44.339429694770764
25,6696,"Winterreise, Op. 89, D. 911: Einsamkeit","['Franz Schubert', 'Roman Trekel', 'Ulrich Eisenlohr']",1.2299929701315355,37.0,109.0,44.33799578207892
25,753,Good Times,['The Five Americans'],1.2287924620267876,36.0,109.0,44.337275477216075
25,6503,Uneasy,['Laika'],0.5620761137536141,25.0,110.0,44.337245668252166
25,5113,Une Saison En Enfer,['The Ocean'],0.5619453810096962,27.0,110.0,44.337167228605814
25,2064,How Can I Still Be Patriotic (When They've Taken Away My Right to Cry),['Neil Hamburger'],0.5613725226244912,25.0,110.0,44.33682351357469
25,6759,Aquasky Remix Of 'Precipice',['Terranova'],0.5570845307689843,26.0,110.0,44.33425071846139
25,5486,"Sister Carrie, Act II: Dear George (Live)","['Robert Aldridge', 'Adriana Zabala', 'Keith Phares', 'Milwaukee Symphony Orchestra', 'William Boggs']",0.5546060246918654,24.0,110.0,44.33276361481512
25,5874,(She Is A) Chemical Reactor,['The Minor Leagues'],0.5514785061032038,25.0,110.0,44.33088710366192
25,2100,The Widowmaker,['The Acacia Strain'],1.2178319960034862,38.0,109.0,44.330699197602094
25,4603,Think Like a Mountain,['Ritual'],0.5469870739731261,25.0,110.0,44.32819224438388
25,5643,Danger On the Track - Live Version,['Europe'],0.5469761041864568,25.0,110.0,44.32818566251187
25,5183,Cincinnati Jail,['Lonnie Mack'],0.5356448349415701,24.0,110.0,44.32138690096494
25,7534,Silent Words,['Craig Padilla'],0.5337140007212471,25.0,110.0,44.32022840043275
25,4196,He's a Woman - She's a Man,['Scorpions'],0.530764463519686,24.0,110.0,44.31845867811181
25,7880,One Small Year,['Shawn Colvin'],0.5303239170832396,24.0,110.0,44.31819435024995
25,3522,Lies,['The Knickerbockers'],0.5298375921598456,24.0,110.0,44.31790255529591
25,411,Ramiro's Theme - Organic Audio Remix,['Buscemi'],0.520378385809569,24.0,110.0,44.31222703148574
25,5584,Nothing At All,['20/20'],0.5157474800264497,24.0,110.0,44.30944848801587
25,5916,Robot,['3OH!3'],0.5150574679512383,24.0,110.0,44.30903448077074
25,6284,Little Leaves Fall,['SCSI-9'],0.5115989681143506,24.0,110.0,44.30695938086861
25,5501,Tips Hotline,['The Firesign Theatre'],1.793580223763239,44.0,108.0,44.276148134257944
25,5497,A St. Nick Dangerous Christmas Eve,['The Firesign Theatre'],1.7736929565440334,43.0,108.0,44.26421577392642
25,5800,Les Vieux Amoureux,['Olivia Ruiz'],1.7528887237437691,42.0,108.0,44.25173323424627
25,8263,De Pura Cepa,"[""Juan D'Arienzo y su Orquesta Típica""]",0.4168072113986624,24.0,110.0,44.2500843268392
25,7737,Cimarrón de Ausencia,['Aníbal Troilo Y Su Orquesta Típica'],0.40131165031836175,19.0,110.0,44.24078699019102
25,7986,Agony,['Delarosa And Asora'],0.39907096171802053,19.0,110.0,44.239442577030815
25,7027,My Child,"['Keenon Rush', 'Poet John Wood']",1.7240035762358397,43.0,108.0,44.234402145741505
25,3164,Black Mozart (Opus II),['Madlib'],0.3878620689655172,19.0,110.0,44.23271724137931
25,6968,I Want to Know what love is,['Annie Villeneuve'],0.38200705228195747,20.0,110.0,44.229204231369174
25,291,Don't Save Her,['Project Pat'],0.364175275032631,18.0,110.0,44.21850516501958
25,3905,Salt,['Kilowatts & Vanek'],0.36157956267590385,18.0,110.0,44.216947737605544
25,536,Orgasm Addict,['Armitage Shanks'],0.3610620536194954,18.0,110.0,44.2166372321717
25,1125,Why,['Arema Arega'],0.3587653651055798,19.0,110.0,44.21525921906335
25,2686,That's Not What's Up,"['Saigon', 'G Martin Soul']",1.69112076955722,42.0,108.0,44.21467246173434
25,7434,Se Passerai Di Qui,['Raf'],0.3549681793239473,19.0,110.0,44.21298090759437
25,5659,Heavy Heart,['Johanna and the Dusty Floor'],0.34807746365663594,19.0,110.0,44.20884647819398
25,97,Onnellinen nainen,['Scandinavian Music Group'],1.008251940322141,32.0,109.0,44.20495116419329
25,6743,the black bedroom,['Mark Mallman'],1.0064431101525633,30.0,109.0,44.20386586609154
25,3772,Come On Feet,['Quasimoto'],0.33638191519773597,18.0,110.0,44.201829149118645
25,2590,Couldn't Live,['Smokie'],0.3335529840013317,19.0,110.0,44.200131790400796
25,5007,Meet In the Middle,['Diamond Rio'],0.33095476488467723,18.0,110.0,44.19857285893081
25,4037,One Dance,['Dan Bern'],0.993640416009081,33.0,109.0,44.19618424960545
25,4325,It's All Here In Brownsville,['The Mountain Goats'],0.32682727643936305,18.0,110.0,44.19609636586362
25,7766,Gourmet,['billy woods'],0.32562697727191414,18.0,110.0,44.19537618636315
25,7676,Big Ass Jewel - Live,['Sprawl'],0.31694946858101813,18.0,110.0,44.19016968114861
25,1484,Prodigal One (studio),['John Called Mark'],0.31576036866359447,18.0,110.0,44.18945622119816
25,382,El Cielo Puede Esperar - En Vivo,['Attaque 77'],0.3150880920832929,19.0,110.0,44.189052855249976
25,3557,High on Love,['The Knickerbockers'],0.3149790733039956,19.0,110.0,44.1889874439824
25,6797,Cocaine Dreamin (feat. Ball Greezy & Dave East),"['Jim Jones', 'Ball Greezy', 'Dave East']",0.3102779857151702,18.0,110.0,44.1861667914291
25,5631,Thieves,['Pet Lions'],0.30733711989022394,19.0,110.0,44.18440227193413
25,390,Canción Inútil - En Vivo,['Attaque 77'],0.30613530260589084,19.0,110.0,44.183681181563536
25,3015,Malice,['Endo'],0.30246916886092146,19.0,110.0,44.181481501316554
25,1994,Merry Merry Christmas,['John Legend'],0.96444867100941,32.0,109.0,44.17866920260565
25,6504,Good Looking Blues,['Laika'],0.2936039414775927,18.0,110.0,44.17616236488656
25,5998,Paradise Island,['Thom Rotella'],0.290484385724756,18.0,110.0,44.17429063143485
25,3892,"Cons, Thieves & Murderers",['Cities'],0.28092825707866076,18.0,110.0,44.168556954247194
25,289,Gel & Weave,['Project Pat'],1.605590101045147,43.0,108.0,44.16335406062709
25,539,Road Fever,['Armitage Shanks'],0.9374931158062936,31.0,109.0,44.16249586948378
25,7091,Got You By a Chain,['American Dog'],0.9328149694642132,34.0,109.0,44.15968898167853
25,3710,Man on the Moon,"[""Pickin' On Series""]",0.9316147016240166,31.0,109.0,44.15896882097441
25,3738,Who'll Stop The Rain,"[""Pickin' On Series""]",0.9314084021084635,30.0,109.0,44.15884504126508
25,4673,Selfish,['Vivian Green'],0.9240407985640268,30.0,109.0,44.15442447913842
25,2524,Fare Thee Well - Acoustic,['Whitesnake'],0.90876154372885,30.0,109.0,44.14525692623731
25,3250,Fare Thee Well - Acoustic,['Whitesnake'],0.90876154372885,30.0,109.0,44.14525692623731
25,3090,Eliminated,['Killa Cosby'],0.9071579400991167,33.0,109.0,44.144294764059474
25,6452,Ap Ke Baras,['Tabla Beat Science'],0.9063774546233201,33.0,109.0,44.143826472773995
25,4450,Untitled No. 4,['Askeleton'],0.8950003241299224,32.0,109.0,44.137000194477956
25,2671,Solar Chamber,['Lycus'],0.8928496286741224,30.0,109.0,44.135709777204475
25,3855,The Sacrafice of Miss Rose Covington,['Dog Fashion Disco'],0.8701702219349279,33.0,109.0,44.12210213316096
25,6247,Equilibrium,['Crowbar'],0.868561472419833,32.0,109.0,44.1211368834519
25,7051,Don't Worry Baby,['The Novaks'],0.8550821803646094,31.0,109.0,44.11304930821877
25,5148,Glass Houses,['Aaron Booth'],0.8508489374405537,31.0,109.0,44.110509362464335
25,7260,Like It Ruff - Live,['Frankie Bones'],0.17161162710698313,13.0,110.0,44.10296697626419
25,2837,"Concerto Grosso in D Major, Op. 1, No. 5: I. Largo","['Pietro Locatelli', 'Capella Istropolitana']",0.8250763772033393,31.0,109.0,44.09504582632201
25,1996,Western Union,['The Five Americans'],0.8241952189346946,30.0,109.0,44.09451713136082
25,4034,Excess,['Scorpion Jack'],0.15492785522132552,14.0,110.0,44.09295671313279
25,4995,Going Home,['Bert Jansch'],0.14881219184222322,12.0,110.0,44.08928731510533
25,5142,A Word,['Aaron Booth'],0.14239258285477063,12.0,110.0,44.08543554971286
25,5835,Baby Don't You Say You Love Me,['T Bone Burnett'],0.1413085216363905,13.0,110.0,44.084785112981834
25,2110,Popcorn,['Paul Newman'],0.13904140928849235,13.0,110.0,44.0834248455731
25,5864,"Love Theme From 'Pestilence,' Pt. 1",['The Minor Leagues'],0.1381497350321344,13.0,110.0,44.08288984101928
25,3751,Banjo Signal,['Wynn Osborne'],0.13616200578592091,12.0,110.0,44.08169720347155
25,2173,Butterfly,"['Brian Bromberg', 'Vinnie Colaiuta', 'Randy Waldman']",0.13333683989059542,13.0,110.0,44.080002103934355
25,6608,Lil' Piece of Leather,['Demolition Doll Rods'],0.13046946553608887,12.0,110.0,44.078281679321655
25,7258,Next Time - Live,['Frankie Bones'],0.1283459162663006,12.0,110.0,44.07700754975978
25,2388,Loner,['Pushmonkey'],0.12637179913535085,12.0,110.0,44.07582307948121
25,8177,Independencia,"[""Juan D'Arienzo y su Orquesta Típica""]",1.4489979657662877,38.0,108.0,44.069398779459775
25,1075,Both (feat. Drake),"['Gucci Mane', 'Drake']",0.722110910750462,29.0,109.0,44.03326654645028
25,1379,There Will Never Be Another You,['Jerry Jeff Walker'],0.04411764705882353,6.0,110.0,44.02647058823529
25,4189,Come Back,['Pearl Jam'],0.0379746835443038,6.0,110.0,44.02278481012658
25,6643,200,['Yanga Chief'],1.3663008698275705,36.0,108.0,44.01978052189654
25,8211,La Bicoca,"[""Juan D'Arienzo y su Orquesta Típica""]",1.3649713897722116,36.0,108.0,44.01898283386333
25,2397,The Mountain And The Source,['Huong Thanh'],0.685594735529435,26.0,109.0,44.011356841317664
25,6364,Book of Ages,['Cannata'],0.681443147915865,24.0,109.0,44.00886588874952
25,7322,On Your Shore,['Charlotte Martin'],0.6637223333567223,27.0,109.0,43.99823340001404
25,1039,Cowboy Take Me Away - Live - 2003,['The Chicks'],0.6613506897551062,25.0,109.0,43.99681041385306
25,7428,Dimentica,['Raf'],1.3262617123528566,36.0,108.0,43.99575702741172
25,4774,Rosebud,['Jeff Beck'],1.3213368210812573,37.0,108.0,43.99280209264876
25,6511,Air Rider,['Kaito'],0.6333530004670944,25.0,109.0,43.98001180028026
25,1902,Imma på spegeln,['Ulf Lundell'],0.6260688429850133,26.0,109.0,43.97564130579101
25,7609,Sólo Se Quiere Una Vez,['Aníbal Troilo Y Su Orquesta Típica'],0.6242293635530506,25.0,109.0,43.97453761813183
25,2378,Subway Train,['Sweet Cheater'],0.6240284603016889,24.0,109.0,43.97441707618101
25,5160,Empty Promises,['Quiet Riot'],0.6197173403670699,26.0,109.0,43.97183040422024
25,8049,Krull Fire Wedding,['Frog Eyes'],0.6194149791818208,28.0,109.0,43.97164898750909
25,2321,Weirdo,['Sero'],1.2802259224358443,36.0,108.0,43.96813555346151
25,6809,Haunting the Runes,['Bloodaxe'],1.2727755616901368,38.0,108.0,43.963665337014085
25,3889,Writing on the Wall,['Cities'],0.6060722957475968,25.0,109.0,43.96364337744856
25,6441,Seasong for the Moominpappa,['Ritual'],0.6047760048905515,24.0,109.0,43.96286560293433
25,3551,Sweet Green Fields,['The Knickerbockers'],0.600846796993149,25.0,109.0,43.96050807819589
25,6886,We Will Make You One Of Us,['The Paper Chase'],0.5975752072224275,24.0,109.0,43.958545124333455
25,3300,The Promise,['Sharon Cuneta'],1.2590867856021097,36.0,108.0,43.95545207136127
25,4431,It Hurts Here,['30Hz'],1.2579758430030847,38.0,108.0,43.95478550580185
25,1428,Baltimore,"['The Angel', 'Mystic']",0.5896985920097917,24.0,109.0,43.95381915520588
25,5669,Betrayed,['Baku Llama'],0.5856113321735295,25.0,109.0,43.95136679930412
25,2092,Here I Go Again,['Casting Crowns'],0.5803792261349968,25.0,109.0,43.948227535681
25,3185,Divide By 8 X 5,['U.K. Subs'],0.5730073202387402,24.0,109.0,43.94380439214324
25,1755,Here Comes My Baby,"['Phil Johnson', 'Roadside Attraction']",0.5717813465990973,24.0,109.0,43.94306880795946
25,6641,Ciggin',"['N2DEEP', 'Jay Tee', 'TL']",1.9011299410647884,44.0,107.0,43.94067796463888
25,6661,My Dancing Day,['Katie McMahon'],0.5671172638871964,25.0,109.0,43.94027035833232
25,3289,The Eyes of Deception,['Autumn Tears'],0.5625881180581042,25.0,109.0,43.937552870834864
25,5912,Introduction,"['Indigenous People', 'Marc Cary']",0.562497039539528,25.0,109.0,43.937498223723715
25,350,Kitty At the Door,"[""Marc Gunn & the Dubliners' Tabby Cats""]",0.5542998198601967,24.0,109.0,43.93257989191612
25,1559,Famous For Being Famous,['Run Chico Run'],0.5499718063595951,24.0,109.0,43.929983083815756
25,1934,calm,['Mu-Seum'],0.5487635747751355,25.0,109.0,43.92925814486508
25,5176,One Too Many Mornings,['Robyn Hitchcock'],0.5461848374224721,24.0,109.0,43.927710902453484
25,6855,Plane That Draws a White Line,"['Alias', 'Tarsier']",0.545724096781719,24.0,109.0,43.92743445806903
25,4897,KB's Garden,['Leslie Tucker'],1.2110244344438506,36.0,108.0,43.92661466066631
25,6588,Bomba de la noche,"['Wolfgang Amadeus Mozart', 'Klazz Brothers', 'Cuba Percussion']",0.5387698301033852,24.0,109.0,43.92326189806203
25,7140,"Keyboard Sonata in D Major, Op. 5, No. 2, W. A2: II. Andante di molto","['Johann Christian Bach', 'Sophie Yates']",0.5349548228663588,24.0,109.0,43.920972893719814
25,223,Farther On Up The Road - with Robbie Robertson,['Eric Clapton'],0.5306592310250442,24.0,109.0,43.91839553861503
25,349,"Molly Malone, The Cat's Perspective/Planxty Hewlett","[""Marc Gunn & the Dubliners' Tabby Cats""]",0.5303239170832396,24.0,109.0,43.91819435024995
25,7977,Battle Mind - Spark! Remix,['Leæther Strip'],0.5266809666078335,25.0,109.0,43.9160085799647
25,4433,Alldeigh,['Doofgoblin'],0.5260713941110516,25.0,109.0,43.91564283646663
25,2266,Laying Stars To Sleep,['Scars Of Tomorrow'],0.5257797315402183,24.0,109.0,43.91546783892413
25,1268,Red Sky,['The Velmas'],1.1843608565841977,36.0,108.0,43.91061651395052
25,7715,Boomerang (Reprise),['CIRRUS'],0.5110238545058602,24.0,109.0,43.90661431270352
25,234,Tie Your Mother Down,"['Queen', 'Dave Grohl', 'Taylor Hawkins']",0.506392948722741,24.0,109.0,43.903835769233645
25,7093,Hear Me Howlin',['American Dog'],0.506392948722741,24.0,109.0,43.903835769233645
25,5112,Killing the Flies,['The Ocean'],0.5015405718310881,24.0,109.0,43.90092434309865
25,297,This Bitch That Hoe,['Project Pat'],1.770925615712177,43.0,107.0,43.86255536942731
25,231,Love And Happiness,"['Eric Clapton, Robbie Robertson, Bonnie Raitt And The Rock Hall Jam Band']",1.764171324860897,44.0,107.0,43.85850279491654
25,7377,Blaue Augen,"['Die Prinzen', 'Graham Laybourne']",0.41365943776492253,22.0,109.0,43.84819566265895
25,7484,Cuando Volverás,['Aníbal Troilo Y Su Orquesta Típica'],1.0715373197687315,32.0,108.0,43.842922391861244
25,1454,La Bruja,['Locarno'],0.38641295454383756,19.0,109.0,43.831847772726306
25,4945,'Twas Her Hunger Brought Me Down,['Anny Celsi'],1.0485632592605338,33.0,108.0,43.82913795555632
25,1980,"Baby, It's Cold Outside (feat. Kelly Clarkson)","['John Legend', 'Kelly Clarkson']",0.37811678221372225,22.0,109.0,43.82687006932824
25,7876,Another Plane Went Down,['Shawn Colvin'],1.0420927192978477,33.0,108.0,43.82525563157871
25,3526,One Track Mind,['The Knickerbockers'],0.37051290213054916,19.0,109.0,43.82230774127833
25,2411,The Greatest Love Of All,['Andy Abraham'],0.36893275278180937,19.0,109.0,43.821359651669084
25,7511,Oust,['Lightning Strikes Across the Sky'],0.3634701102208129,23.0,109.0,43.81808206613249
25,2827,What Goes Around,['G.E. Stinson'],0.3590467415930173,20.0,109.0,43.81542804495581
25,4108,On a Freezing Chicago Street,"[""Margot & The Nuclear So And So's""]",0.3570669408966407,19.0,109.0,43.814240164537985
25,4886,Hold On,['Sawyer Brown'],0.35687744027372026,19.0,109.0,43.81412646416423
25,2660,Snow Miser,['Crash Vinyl'],0.3558117798726935,19.0,109.0,43.81348706792362
25,2644,North to Alaska,['Johnny Horton'],0.35475409836065575,21.0,109.0,43.8128524590164
25,1785,Santiago Bernabéu (feat. Guè Pequeno & RIM'K),"['Farid Bang', 'Guè Pequeno', ""Rim'K""]",0.34840507601617354,18.0,109.0,43.809043045609705
25,2466,Run it up,"['B.M.R.', 'Big City Tha Don']",0.34594181545862657,18.0,109.0,43.80756508927518
25,5126,Necrobabes.Com,['The Ocean'],0.3442280381416109,19.0,109.0,43.806536822884965
25,7301,Time: Alpha,['United States Three'],0.34099147326802925,21.0,109.0,43.80459488396082
25,3381,No Me Molesto,['Orquesta Aragón'],0.3392071286583086,18.0,109.0,43.80352427719499
25,48,All Is Not Self,['Dødheimsgard'],0.33822770123277734,18.0,109.0,43.802936620739665
25,7259,Beat Control - Live,['Frankie Bones'],0.3350094876660341,18.0,109.0,43.801005692599624
25,4414,Broken Heart,['Ready Steady Go!'],1.6678458440338217,43.0,107.0,43.800707506420295
25,626,Gift,"['Kip Hanrahan', 'Brandon Ross']",0.3298505272489913,19.0,109.0,43.797910316349395
25,7338,Vergammelte Speisen - A-Cappella,['Die Prinzen'],0.3287068762587294,18.0,109.0,43.79722412575524
25,435,Melissa Blend,['Norken'],0.327103213593796,19.0,109.0,43.79626192815628
25,4301,Twenty Four,['Ultralash'],0.32651875264062086,19.0,109.0,43.79591125158437
25,3750,Flint Hill Special,['Wynn Osborne'],0.3261063261063261,20.0,109.0,43.7956637956638
25,7792,The Way You Love (Defiant Machines Remix),['Electro Spectre'],0.32308823834089545,19.0,109.0,43.79385294300454
25,6225,I Rock,['Open Mike Eagle'],0.31694946858101813,18.0,109.0,43.79016968114861
25,3008,Heads Explode,['Monster Magnet'],0.3117857959930712,19.0,109.0,43.787071477595845
25,5999,The Long Walk,['Thom Rotella'],0.31107702640425017,18.0,109.0,43.78664621584255
25,4739,Home,['Karsh Kale'],1.6440577118656992,43.0,107.0,43.78643462711943
25,4226,No One Sees,['Seepeoples'],0.310363067830543,18.0,109.0,43.78621784069833
25,8003,Falling Up,['Collide'],1.6397246089063642,42.0,107.0,43.783834765343826
25,7623,Café De Los Angelitos,['Aníbal Troilo Y Su Orquesta Típica'],0.30495943265779046,18.0,109.0,43.782975659594676
25,1645,Little Man in a Boat,['Azrael'],0.9703303108716257,32.0,108.0,43.782198186522976
25,283,Still Ridin' Clean,['Project Pat'],0.3006502648575401,19.0,109.0,43.78039015891453
25,2669,Krlll,['Ewigkeit'],0.2980781141631851,18.0,109.0,43.778846868497915
25,3124,"Lo Pasado, Pasado",['José José'],0.29441169847261217,19.0,109.0,43.77664701908357
25,574,Rick Sims,['Wesley Willis'],0.28820030630484017,18.0,109.0,43.77292018378291
25,5795,Si Tu M'Aimes Encore,['Nino Ferrer'],0.28701120638741656,18.0,109.0,43.772206723832454
25,2517,Han Er Sød,['Marie Key Band'],0.28601633812779725,18.0,109.0,43.77160980287668
25,2754,All the Way Down,['Aurelio Voltaire'],0.2818653910107186,18.0,109.0,43.769119234606435
25,3002,Parris Chariz,['Disciple DT & Tizzle Tarantino'],0.2818653910107186,18.0,109.0,43.769119234606435
25,8217,Canaro En Paris,"[""Juan D'Arienzo y su Orquesta Típica""]",0.9479080982159119,34.0,108.0,43.76874485892955
25,7290,Hollow,['DAVID DISALLE'],0.9439277710467355,30.0,108.0,43.76635666262804
25,8220,Tucuman,"[""Juan D'Arienzo y su Orquesta Típica""]",0.9260050054731255,31.0,108.0,43.75560300328388
25,4216,Send Me a Line,['Seepeoples'],0.9246754728206024,32.0,108.0,43.75480528369236
25,6055,Big Train,['Mike Watt'],1.5905612758467194,42.0,107.0,43.754336765508036
25,1555,Old Mens Slothes,['Run Chico Run'],0.9226348800315772,30.0,108.0,43.75358092801895
25,2355,Pompeii,['E.S. Posthumus'],2.251882499345499,48.0,106.0,43.7511294996073
25,4735,Empty Hands,['Karsh Kale'],0.913593828247534,30.0,108.0,43.74815629694852
25,6427,Why Don't You Leave Me Alone,['Wayne Hancock'],0.908010364163093,32.0,108.0,43.74480621849786
25,3553,As a Matter of Fact,['The Knickerbockers'],0.8887979675818587,31.0,108.0,43.73327878054912
25,6781,Try Again (feat. DramaB2R & Conway The Machine),"['Jim Jones', 'DramaB2R', 'Conway the Machine']",0.8775494728790704,30.0,108.0,43.72652968372744
25,4267,Jazz in the Night,['Moraz Alban Project'],0.8715663716456454,30.0,108.0,43.72293982298739
25,3080,Dodo Jr.,['Jonas the Plugexpert'],0.8683806973264443,32.0,108.0,43.72102841839587
25,3768,Discipline 99 Pt. 0,"['Quasimoto', 'Mr. Herb']",2.183632516147104,49.0,106.0,43.71017950968827
25,6268,Empty Room,['Crowbar'],0.8455745299790047,32.0,108.0,43.707344717987404
25,2241,Baseball,['Sam Baker'],0.1691762252346194,13.0,109.0,43.70150573514077
25,3888,Lakes,['Cities'],0.8335646949223546,31.0,108.0,43.70013881695341
25,5422,Faithless Bacchant Song,['The Mountain Goats'],0.8286507527076407,30.0,108.0,43.697190451624586
25,4318,Weekend In Western Illinois,['The Mountain Goats'],0.8251728932747732,31.0,108.0,43.695103735964864
25,1700,"Undecided - Japoulo, Album Version","[""Youssou N'Dour""]",0.15691370558375634,12.0,109.0,43.694148223350254
25,1679,Let Me Be,"[""Caedmon's Call""]",0.15648627984028546,12.0,109.0,43.69389176790417
25,7105,Make Sense,"['KrispyLife Kidd', 'Rio Da Young Og']",0.14894038423450187,14.0,109.0,43.689364230540704
25,5937,King Kong,['The Citizens'],0.1450530417839359,12.0,109.0,43.68703182507036
25,1319,You Walk By,['Archer Prewitt'],0.1447811447811448,14.0,109.0,43.686868686868685
25,1213,If U Ain't Gangsta,['B.G.'],0.12637179913535085,12.0,109.0,43.67582307948121
25,7603,Armadillo,['Rozwell Kid'],0.7925944956938995,30.0,108.0,43.67555669741634
25,1376,In The Wee Small Hours,['Jerry Jeff Walker'],0.12568545733713532,12.0,109.0,43.67541127440228
25,1511,Willingly,['Ex-Boyfriends'],0.12276937568684913,12.0,109.0,43.67366162541211
25,7580,Flor De Lino,['Aníbal Troilo Y Su Orquesta Típica'],1.432935212846485,38.0,107.0,43.659761127707895
25,609,Wag Init Ulo Baby,['Rivermaya'],1.414105664222849,37.0,107.0,43.648463398533714
25,7368,Liebe im Fahrstuhl,['Die Prinzen'],0.7203059379978727,27.0,108.0,43.63218356279873
25,3977,Run To You,['Benny Mardones'],0.7113117853044372,25.0,108.0,43.62678707118266
25,8112,Happyland,['Swingadelic'],0.040268456375838924,6.0,109.0,43.624161073825505
25,5721,Real Wit Cha - Feat. Scar & Problem,['Tha Dogg Pound'],0.040268456375838924,6.0,109.0,43.624161073825505
25,2234,The Bells,['The Make-Up'],0.040229885057471264,7.0,109.0,43.62413793103448
25,1506,First Language,['Jason Upton'],1.371164926940817,36.0,107.0,43.62269895616449
25,4072,Barnyard Be-Bop,"['Richie Cole', 'Boots Randolph']",0.03314917127071823,6.0,109.0,43.61988950276243
25,6917,Bees Be,['The Year Of'],0.030927835051546393,6.0,109.0,43.61855670103093
25,3383,El Organillero,['Orquesta Aragón'],0.03076923076923077,6.0,109.0,43.61846153846154
25,3351,"It's Yours (feat. E-Man) - Frankie Feliciano's Reconstruction Mix, Mixed","['Jon Cutler', 'E-man']",0.6714846049427049,25.0,108.0,43.60289076296563
25,874,Come Back - Buddha Remastered 2001,['The Five Stairsteps'],0.6593031169184701,25.0,108.0,43.595581870151086
25,3535,Playgirl,['The Knickerbockers'],1.3163737092731038,38.0,107.0,43.589824225563866
25,8199,Maipo,"[""Juan D'Arienzo y su Orquesta Típica""]",1.3134761050478194,38.0,107.0,43.58808566302869
25,2577,My Friend's Child,['The Blues Mystery'],1.310411032516435,38.0,107.0,43.586246619509865
25,4332,White Trash Satan,['Seraphim Shock'],0.6415431439165618,25.0,108.0,43.58492588634994
25,6963,L'insomnie,['Annie Villeneuve'],0.6203943276929854,26.0,108.0,43.572236596615795
25,5479,"Sister Carrie, Act II: Would Anyone Like to Hear My News? (Live)","['Robert Aldridge', 'Adriana Zabala', 'James Barany', 'Ariana Douglas', 'Nathan Krueger', 'Keith Phares', 'Florentine Opera Chorus', 'Milwaukee Symphony Orchestra', 'William Boggs']",0.6098307581316931,25.0,108.0,43.56589845487902
25,1854,Leotard Buta To Yagi Highleg No Theme,['LEOTARD BUTA & YAGI HIGHLEG'],0.6071623205500518,25.0,108.0,43.56429739233003
25,6833,Revenge,['Waiting for God'],0.6047991241098633,24.0,108.0,43.56287947446592
25,3588,Thousand Miles,['The Kilborn Alley Blues Band'],0.6027058496289069,24.0,108.0,43.56162350977735
25,3713,Me in Honey,"[""Pickin' On Series""]",0.5955714792120322,27.0,108.0,43.55734288752722
25,3410,Dardanus Ballet Suite: IX. Tambourin III - IV,"['Jean-Philippe Rameau', 'European Union Baroque Orchestra', 'Roy Goodman']",0.5955714792120322,27.0,108.0,43.55734288752722
25,6302,Mannie Williams,"['Jakk Jo', 'Jayarson']",0.5933927621449797,25.0,108.0,43.55603565728699
25,3917,"St. Luke Passion, TWV 5:13: Recitative: Da aber sahen, die um ihn waren (Evangelist, Jesus)","['Georg Philipp Telemann', 'Wolfgang Klose', 'Marcus Ullmann', 'Christian Hilz', 'Raimonds Spogis', 'Thilo Dahlmann', 'Kolner Akademie Choir', 'Kölner Akademie', 'Michael Alexander Willens']",0.5921634952617563,24.0,108.0,43.555298097157056
25,4572,Puff,['The Red Krayola'],0.5908058476961543,26.0,108.0,43.55448350861769
25,7627,Marioneta,['Aníbal Troilo Y Su Orquesta Típica'],0.5837265219282475,25.0,108.0,43.55023591315695
25,3776,Put A Curse On You,['Quasimoto'],1.2387264508349045,37.0,107.0,43.54323587050094
25,7996,And A Needle Maybe,['Delarosa And Asora'],0.5711053190704769,25.0,108.0,43.54266319144229
25,6088,It's Not a Critique,['Negativland'],0.5700108778555291,24.0,108.0,43.54200652671332
25,7649,Your Future,['Godzuki'],0.5621013453673636,26.0,108.0,43.53726080722042
25,8234,Luis Alberto,"[""Juan D'Arienzo y su Orquesta Típica""]",0.5604068847126712,25.0,108.0,43.536244130827605
25,7559,Malagueñas,"['Antonio ""El Agujetas""']",0.5510415976735086,24.0,108.0,43.53062495860411
25,1045,Sin Wagon - Live - 2003,['The Chicks'],0.5495875973204835,24.0,108.0,43.529752558392296
25,2438,Ungravity (Part III),['Dave Moisan'],0.5365181957825399,25.0,108.0,43.521910917469526
25,6287,On The Edge,['SCSI-9'],0.5356448349415701,24.0,108.0,43.52138690096494
25,6383,John Deere Tractor,"['Larry Sparks', 'Dan Tyminski', 'Alison Krauss']",0.5303239170832396,24.0,108.0,43.51819435024995
25,1819,Burn & Sell,['Sciflyer'],0.5029132554275192,24.0,108.0,43.50174795325651
25,1306,I'm Just A Lucky So And So,['Lucy Ann Polk'],0.49884184947859905,24.0,108.0,43.499305109687164
25,2434,Grave,['Dave Moisan'],0.3920487680085678,21.0,108.0,43.435229260805144
25,2167,Someday the World Will be as One,['New World Generation'],0.38277141480147986,21.0,108.0,43.42966284888089
25,683,Eatin',"['Bub Bizzle', 'B1ackground']",0.36527895674561345,19.0,108.0,43.41916737404737
25,4488,Born 2 Be A Soldier (feat. Master P & Silkk 'The Shocker'),"['Mystikal', 'Master P', 'Silkk The Shocker']",0.3651192529590198,22.0,108.0,43.41907155177542
25,5827,Zombieland,['T Bone Burnett'],0.3613394164345808,19.0,108.0,43.41680364986075
25,5170,Visions of Johanna,['Robyn Hitchcock'],0.35758887428215597,18.0,108.0,43.4145533245693
25,5188,A Song I Haven't Sung,['Lonnie Mack'],0.3552121054128353,19.0,108.0,43.4131272632477
25,1533,Here And Somewhere Else,['The Samples'],1.0201449244710816,32.0,107.0,43.41208695468265
25,3660,Paloma Negra,['Leonel García'],0.34516531653577964,19.0,108.0,43.40709918992147
25,562,Australian Waters / When Sick Is It Tea You Want?,['Sean Potts'],0.3418703160638645,20.0,108.0,43.40512218963832
25,3971,Into The Night - Re-Recorded In Stereo,['Benny Mardones'],0.3391959589647451,19.0,108.0,43.40351757537885
25,6724,I Had a Dream,"['Radim Zenkl', 'Leo Chern']",0.3381731272119386,19.0,108.0,43.402903876327166
25,1446,Inspirational Speaker,['Neil Hamburger'],0.33636951687891653,19.0,108.0,43.40182171012735
25,3693,Big Homie,"['Dutchieman', 'Freeway']",1.000825465153615,32.0,107.0,43.400495279092176
25,8137,Fantasize,['Ozny'],0.3330900754981331,18.0,108.0,43.39985404529888
25,3667,A Quickening,['Bryan Beller'],0.33250738133091073,18.0,108.0,43.39950442879855
25,2867,On The Stage,['Mad At The World'],0.3310187992722862,18.0,108.0,43.398611279563376
25,2458,The Sheer Weight of Memory,['Bob Holroyd'],0.997536836148461,31.0,107.0,43.39852210168908
25,1467,Hey Jude,['The Guess Who'],0.330474100611492,18.0,108.0,43.398284460366895
25,3899,Move Erratic,['Kilowatts & Vanek'],0.32912678719130334,19.0,108.0,43.39747607231479
25,4685,"She Has Funny Cars - Live at the Fillmore East, New York, NY - May 1968",['Jefferson Airplane'],0.3290911974623315,18.0,108.0,43.3974547184774
25,5737,In Progress,['trentemøller'],0.32815406353027365,18.0,108.0,43.396892438118165
25,7552,Bulerías,['Jose Serrano'],0.32751292491506734,18.0,108.0,43.39650775494904
25,5419,Pure Love,['The Mountain Goats'],0.32651875264062086,19.0,108.0,43.39591125158437
25,4444,You Move Me,['Kathleen Wilhoite'],0.9864330855996557,32.0,107.0,43.3918598513598
25,4916,"Another Brick in the Wall, Pt. 1, 2, 3 - Live at Projekt Revolution",['Korn'],0.3177392481516193,20.0,108.0,43.39064354889098
25,485,3234 (Imbecile),['Gus Black'],0.31303638809431067,18.0,108.0,43.38782183285659
25,6390,Love Please Stay,"['Larry Sparks', 'Rebecca Lynn Howard']",0.9791148592645792,30.0,107.0,43.38746891555875
25,7360,Oh Little Town Of Bethlehem,['Die Prinzen'],0.9763675377020753,31.0,107.0,43.38582052262125
25,582,The Chicken Cow,['Wesley Willis'],0.30348174933593763,18.0,108.0,43.38208904960157
25,2925,Don't Panic,['Modeselektor'],0.2986920225267292,18.0,108.0,43.37921521351604
25,335,Saturn,['Praxis'],0.29544867462474517,19.0,108.0,43.37726920477485
25,1432,Unda Pressure,"['The Angel', 'Navigator']",0.29144936325045484,18.0,108.0,43.374869617950274
25,1472,Run to Me (radio),['John Called Mark'],0.28898190135303536,18.0,108.0,43.373389140811824
25,1110,John & Maria,['Anna Waronker'],0.9365313553445331,31.0,107.0,43.36191881320672
25,7858,Emotionless Face - Original Mix,['Saigga'],0.9285311163914192,31.0,107.0,43.357118669834854
25,7042,I Almost Am - Live,['Granger Smith'],0.9054593462353167,31.0,107.0,43.34327560774119
25,2244,Pony,['Sam Baker'],0.9019503348596883,30.0,107.0,43.34117020091582
25,1491,Music n Scars,"['Daforce', 'Supastition']",0.901539917359374,30.0,107.0,43.34092395041563
25,6522,"Voi che Sapete (Tell me what love is, what can it be) from ""The Marriage of Figaro""","['Wolfgang Amadeus Mozart', 'Charlotte Church', 'Sian Edwards']",0.8774876134063078,31.0,107.0,43.32649256804379
25,528,Kray Twins,['Armitage Shanks'],0.8774445162680456,31.0,107.0,43.32646670976083
25,4604,Moomin Took My Head,['Ritual'],0.1995,14.0,108.0,43.319700000000005
25,1821,Burning Down The House,['Sciflyer'],0.8568305240770827,31.0,107.0,43.314098314446255
25,8138,The Mission,['Ozny'],0.8523775078753071,31.0,107.0,43.31142650472519
25,7626,Nada Más Que Un Corazón,['Aníbal Troilo Y Su Orquesta Típica'],0.18423529411764705,12.0,108.0,43.31054117647059
25,2483,Distantamount,['Tim Koch'],0.848983871960949,30.0,107.0,43.30939032317657
25,2111,Grady No. 101,['Paul Newman'],0.8483142369784943,31.0,107.0,43.3089885421871
25,3017,Sober,['Half Cocked'],0.8453487585050317,32.0,107.0,43.307209255103025
25,2272,Bleak Sky,['Scars Of Tomorrow'],0.8415436358649646,31.0,107.0,43.30492618151898
25,4289,La Ferrassie,['Tokyo Police Club'],0.8339356942798348,30.0,107.0,43.3003614165679
25,7208,Vaya Con Dios,['The Weary Boys'],0.16418466120625466,12.0,108.0,43.298510796723754
25,3409,Dardanus Ballet Suite: VIII. Menuet I - II,"['Jean-Philippe Rameau', 'European Union Baroque Orchestra', 'Roy Goodman']",0.8286507527076407,30.0,107.0,43.29719045162459
25,240,Jaded/The Train Kept A-Rollin',['Aerosmith'],0.8282679966680548,30.0,107.0,43.29696079800084
25,2680,Cozzmo,['Oval'],0.15691370558375634,12.0,108.0,43.294148223350255
25,7104,Hill Billy,['KrispyLife Kidd'],0.1567670387251911,13.0,108.0,43.29406022323512
25,608,Shiver,['Rivermaya'],0.8219015536905325,30.0,107.0,43.29314093221432
25,351,Danny Boy (Parody),"[""Marc Gunn & the Dubliners' Tabby Cats""]",0.1520650813516896,12.0,108.0,43.291239048811015
25,5997,Gonna Love You,['Thom Rotella'],0.15097081734682014,14.0,108.0,43.29058249040809
25,1236,Americans in Corduroys,['Jeffrey Foucault'],0.14531352893831856,12.0,108.0,43.287188117362994
25,2572,Evil Knievel,['Richard Bartz'],0.14046549612086567,12.0,108.0,43.28427929767252
25,6341,Smoke,['Indigo De Souza'],0.139821320149189,13.0,108.0,43.28389279208952
25,590,I Wupped Batman's Ass,['Wesley Willis'],0.13422902671457584,12.0,108.0,43.28053741602875
25,4253,When Santa Spaffed in My Stocking,['Footprints in the Custard'],0.7942815084840714,30.0,107.0,43.27656890509045
25,7126,Under The Gun,['Danger Danger'],0.7934189933900572,30.0,107.0,43.27605139603404
25,5441,The Well,['Frost-Raven'],0.12570958453311395,12.0,108.0,43.27542575071987
25,4707,Aftermath,['Pain Station'],0.7882160373695054,30.0,107.0,43.27292962242171
25,7823,Got Me Missing You,['Lisa Stansfield'],0.7323280742448961,28.0,107.0,43.239396844546945
25,257,Night and Day,['Christy Baron'],0.051094890510948905,7.0,108.0,43.23065693430657
25,3528,Can't You See I'm Tryin',['The Knickerbockers'],0.04487179487179487,7.0,108.0,43.22692307692308
25,4647,Point It Up,['Larry Carlton'],1.3737367580176323,37.0,106.0,43.22424205481059
25,2821,New Electric India,['Shadowfax'],0.035897435897435895,7.0,108.0,43.221538461538465
25,5867,Scene It All Before,['The Minor Leagues'],0.03468208092485549,6.0,108.0,43.220809248554914
25,6422,Thunderstorms and Neon Signs,['Wayne Hancock'],0.030456852791878174,6.0,108.0,43.21827411167513
25,883,The Touch Of You - Buddha Remastered 2001,['The Five Stairsteps'],0.6925826186392223,26.0,107.0,43.21554957118354
25,2215,Devil And The Deed - Live,['Yeasayer'],0.6853394190350712,26.0,107.0,43.211203651421044
25,8227,Este Carnaval,"[""Juan D'Arienzo y su Orquesta Típica""]",0.6716337729683947,26.0,107.0,43.20298026378104
25,7735,Fuegos Artificiales,['Aníbal Troilo Y Su Orquesta Típica'],0.6702113618947094,26.0,107.0,43.20212681713683
25,8275,Lágrimas Y Sonrisas,"[""Juan D'Arienzo y su Orquesta Típica""]",0.6696020412018372,25.0,107.0,43.2017612247211
25,1310,Don Cha Go Way Mad,['Lucy Ann Polk'],0.0,0.0,108.0,43.2
25,7624,Rosa De Tango,['Aníbal Troilo Y Su Orquesta Típica'],1.3295803433450029,40.0,106.0,43.197748206007006
25,1562,Can You See The Hard Helmet On My Head?,['My Morning Jacket'],0.6511005307146247,25.0,107.0,43.190660318428776
25,3379,Al Vaiven De Mi Carreta,['Orquesta Aragón'],0.6503778686287396,25.0,107.0,43.19022672117725
25,1364,Covert Movements,['60 Channels'],0.6466670832031657,26.0,107.0,43.188000249921906
25,505,メルシー,"['Kami-sama, I have noticed']",0.6398718704514271,27.0,107.0,43.18392312227086
25,7944,Til I Can Make It On My Own,['Kate Campbell'],0.6287467597797055,24.0,107.0,43.17724805586783
25,507,20XX,"['Kami-sama, I have noticed']",0.625128743931729,25.0,107.0,43.175077246359045
25,1870,Look What Happened,['Neil Hamburger'],0.6207285334308628,25.0,107.0,43.172437120058525
25,6344,Home Team,['Indigo De Souza'],0.6191728776455948,24.0,107.0,43.17150372658736
25,4561,Take,['The Lupins'],0.618064424308953,25.0,107.0,43.170838654585374
25,2781,Clown,"['C.E. Ugly Brotha', 'Baba D']",0.6178775216332243,25.0,107.0,43.17072651297994
25,2707,Hello Cruel World,['Aurelio Voltaire'],0.6161785926491808,25.0,107.0,43.16970715558951
25,8156,El Chupete,"[""Juan D'Arienzo y su Orquesta Típica""]",1.2708416849840456,37.0,106.0,43.16250501099044
25,8230,El Simpatico,"[""Juan D'Arienzo y su Orquesta Típica""]",0.5915226095641758,24.0,107.0,43.15491356573851
25,7806,Christine,['Love Inc.'],0.5902880120093515,24.0,107.0,43.15417280720561
25,3154,The Rock (Humps),['Madlib'],1.2540875060740473,38.0,106.0,43.15245250364443
25,2264,Perfect Beauty,['Scars Of Tomorrow'],0.5870577951460304,27.0,107.0,43.15223467708762
25,6014,Melt the North Pole,['Negativland'],0.5833466849435375,25.0,107.0,43.150008010966125
25,2374,Dancin' On My Grave,['Sweet Cheater'],0.5791252446516185,25.0,107.0,43.147475146790974
25,4833,Voksende Mennesker,['Peter Sommer'],0.5787364616426304,26.0,107.0,43.14724187698558
25,7026,Coronation,"['Keenon Rush', 'Seiko']",0.5687444022118444,24.0,107.0,43.14124664132711
25,4188,Army Reserve,['Pearl Jam'],0.5665920014629386,25.0,107.0,43.139955200877765
25,258,Not While I'm Around,['Christy Baron'],0.5619478099129677,25.0,107.0,43.137168685947785
25,3878,Itzcuintli-Totzli Days,['The Mountain Goats'],0.5579395939389288,25.0,107.0,43.13476375636336
25,5797,J'Ai Longtemps Contemple,['Alain Bashung'],0.557892074261128,25.0,107.0,43.13473524455668
25,7563,Beautiful Star Of Bethlehem,['The Judds'],0.5561101744918362,24.0,107.0,43.13366610469511
25,3781,The Unseen,['Quasimoto'],0.542215264709311,24.0,107.0,43.12532915882559
25,6330,I'll Give,['Smalltown Poets'],0.542151223977094,24.0,107.0,43.12529073438626
25,5851,Freakout,['Black Lips'],1.2073598397503413,38.0,106.0,43.12441590385021
25,3604,Old Dominion,['The Essex Green'],0.5387698301033852,24.0,107.0,43.12326189806203
25,269,Mercy Street,['Christy Baron'],0.5303239170832396,24.0,107.0,43.11819435024995
25,396,Hacelo Por Mí - En Vivo,['Attaque 77'],0.5266809666078335,25.0,107.0,43.116008579964706
25,80,The Gold Ring,['The McCarthys'],0.5183832630366014,25.0,107.0,43.11102995782196
25,6249,Command Of Myself,['Crowbar'],1.1718488747379174,36.0,106.0,43.103109324842755
25,6551,Release Your Body,['Kaito'],0.4982823496444,24.0,107.0,43.09896940978665
25,3277,The Mirrorstone,['Autumn Tears'],0.4317715649818666,20.0,107.0,43.05906293898912
25,8032,Help Me Make It Through The Night,['Martina McBride'],0.38610759580910115,20.0,107.0,43.03166455748546
25,553,Moll Rua (Red Moll) / An Phis Fhliuch (O'Farrell's Welcome to Limerick),['Robbie Hannan'],0.378786017330909,22.0,107.0,43.02727161039855
25,8009,Wings of Steel,['Collide'],0.3749785740298074,19.0,107.0,43.02498714441789
25,5165,Not Dark Yet,['Robyn Hitchcock'],0.37024107296877695,19.0,107.0,43.02214464378127
25,7949,Help Me Make It Through The Night,['Kate Campbell'],0.36818569721795524,20.0,107.0,43.020911418330776
25,2962,Hoedown,['Frank Marina'],0.3592928259836309,19.0,107.0,43.01557569559018
25,899,Battery Acid,['Baxendale'],0.34665654648956357,18.0,107.0,43.00799392789374
25,8246,Corrientes Y Esmeralda,"[""Juan D'Arienzo y su Orquesta Típica""]",0.34594181545862657,18.0,107.0,43.00756508927518
25,4607,Shamanarama,['Ritual'],1.012197973630831,37.0,106.0,43.0073187841785
25,3769,Low Class Conspiracy,['Quasimoto'],0.3443029272665451,18.0,107.0,43.00658175635993
25,4348,Patent auf mein Laufstil,['Sero'],0.34261071011184696,18.0,107.0,43.00556642606711
25,7745,"Llorarás, Llorarás",['Aníbal Troilo Y Su Orquesta Típica'],0.3409250454231757,20.0,107.0,43.00455502725391
25,2209,Madder Red - Live,['Yeasayer'],0.33432416409295024,19.0,107.0,43.000594498455776
25,2204,Henrietta - Live,['Yeasayer'],0.3273503801882732,18.0,107.0,42.99641022811297
25,6634,Bigg Ship,"['N2DEEP', 'Jay Tee']",0.3229212724190624,19.0,107.0,42.99375276345144
25,7662,No Song,['Godzuki'],0.3187855787476281,18.0,107.0,42.99127134724858
25,5410,Teenage World,['The Mountain Goats'],0.9816216926838055,31.0,106.0,42.98897301561029
25,2507,Lonesome Surprise,['The Mountain Goats'],0.31332424352696775,18.0,107.0,42.987994546116184
25,7565,"Let It Snow, Let It Snow, Let It Snow","['The Osmonds', 'Marie Osmond']",0.310363067830543,18.0,107.0,42.98621784069833
25,4702,Braindead,['Pain Station'],0.3075673362812732,18.0,107.0,42.98454040176877
25,1051,Mrs. Juliette Low,['Phosphorescent'],0.30666698707935824,20.0,107.0,42.98400019224762
25,2750,Oweee,['Aurelio Voltaire'],0.3056867309610908,18.0,107.0,42.98341203857666
25,7038,Oxygen - Live,['Granger Smith'],0.30418140541682065,18.0,107.0,42.982508843250095
25,6556,Breaking The Star,['Kaito'],0.2980781141631851,18.0,107.0,42.97884686849792
25,1936,midwinter,['Mu-Seum'],0.2949615700767269,19.0,107.0,42.97697694204604
25,4114,Perception,['God Module'],1.6236681990856185,42.0,105.0,42.97420091945137
25,5979,The Bomb,['Angelo Badalamenti'],0.28877555889142953,18.0,107.0,42.973265335334865
25,5470,"Sister Carrie, Act I: I Have Only Dreams, Carrie (Live)","['Robert Aldridge', 'Keith Phares', 'Adriana Zabala', 'Milwaukee Symphony Orchestra', 'William Boggs']",0.28749988697091083,18.0,107.0,42.97249993218255
25,2634,When It's Springtime In Alaska (It's Forty Below),['Johnny Horton'],0.28656275303885304,18.0,107.0,42.97193765182332
25,3735,Born On The Bayou,"[""Pickin' On Series""]",0.9402895734443429,31.0,106.0,42.96417374406661
25,1053,Anything Genuine,['Smalltown Poets'],0.9348265392085341,31.0,106.0,42.96089592352513
25,5625,Mexican Cigarettes,['Pet Lions'],0.9294518346315768,34.0,106.0,42.95767110077895
25,8004,Dreamsleep,['Collide'],0.8916372610887779,30.0,106.0,42.93498235665327
25,237,Black Friday,['Steely Dan'],0.8861548863577261,31.0,106.0,42.93169293181464
25,7706,Breakbeat Suckers,['CIRRUS'],0.879950432188847,32.0,106.0,42.92797025931331
25,2592,Train Song,['Smokie'],0.8733362540455174,31.0,106.0,42.924001752427316
25,3011,Avoid The Light,['Pantera'],0.8676792556579349,32.0,106.0,42.92060755339477
25,8080,World - Assemblage 23 Remix,['Croc Shop'],0.8643218195489998,32.0,106.0,42.918593091729406
25,232,Route 66,"['Natalie Cole, Eric Clapton And The Rock Hall Jam Band']",0.8614488942681446,30.0,106.0,42.91686933656089
25,2147,Let the Fools Cheer,['Rumpelstiltskin Grinder'],0.857032461868834,32.0,106.0,42.91421947712131
25,1155,Stardust,['Marilyn Scott'],0.8564532834508237,30.0,106.0,42.9138719700705
25,7856,She's Devil - Original Mix,['Ablaze'],0.8464253705533569,30.0,106.0,42.90785522233202
25,7759,Capture the Flagg,['billy woods'],0.17753623188405798,13.0,107.0,42.90652173913044
25,6872,Dying With Decent Music,['The Paper Chase'],0.8367942962348808,30.0,106.0,42.902076577740935
25,412,Joy.Discovery.Invention,['Biffy Clyro'],0.8343303572027314,30.0,106.0,42.90059821432165
25,4165,Scene 18: From Dargelos,['Philip Glass'],0.8234897992040322,31.0,106.0,42.89409387952242
25,6512,Just Wave Hello,"['Danny Beckerman', 'Charlotte Church', 'Sian Edwards', 'London Symphony Orchestra']",0.15648627984028546,12.0,107.0,42.89389176790417
25,8166,Milongueando En El 40,['Aníbal Troilo Y Su Orquesta Típica'],0.15639725831786377,13.0,107.0,42.89383835499072
25,5451,"Sister Carrie, Act I: You Belong in Places like This (Live)","['Robert Aldridge', 'Matt Morgan', 'Adriana Zabala', 'James Barany', 'Milwaukee Symphony Orchestra', 'William Boggs']",0.14977375565610862,12.0,107.0,42.88986425339367
25,69,"My Love is in America, The Milliner's Daughter",['The McCarthys'],0.812270501548852,31.0,106.0,42.88736230092932
25,3482,Dropping the Ball,['MU330'],0.8094617741387204,30.0,106.0,42.88567706448324
25,607,Evil Crown,['Rivermaya'],0.1415904778333621,12.0,107.0,42.88495428670002
25,3744,Lodi,"[""Pickin' On Series""]",0.13848987108655617,13.0,107.0,42.88309392265194
25,6616,Star Track,['Jefferson Airplane'],0.13686307267236394,12.0,107.0,42.882117843603424
25,6557,Everlasting,['Kaito'],0.13584524718978502,13.0,107.0,42.88150714831387
25,1478,Carry My Load,['John Called Mark'],0.13475935828877006,12.0,107.0,42.880855614973264
25,3770,Return of the Loop Digga,['Quasimoto'],0.1326668749349162,13.0,107.0,42.87960012496095
25,7537,"Patterns of Thought, Pt. 2",['Craig Padilla'],0.1307989307989308,12.0,107.0,42.87847935847936
25,5248,All Because Of A Baby Boy,['Joe Diffie'],0.13008989952406136,12.0,107.0,42.87805393971444
25,4713,Suffocate,['Pain Station'],0.12747252747252746,12.0,107.0,42.87648351648352
25,1732,Friend Was Your Name,['Bloody Sunday'],0.7934189933900572,30.0,106.0,42.87605139603404
25,3143,Sir Bang (Bounce),['Madlib'],0.12568545733713532,12.0,107.0,42.87541127440228
25,6033,Brave Reality,['Evergreen Terrace'],1.4284645174043822,37.0,105.0,42.85707871044263
25,2998,Wanna See,['Disciple DT & Tizzle Tarantino'],0.05,8.0,107.0,42.830000000000005
25,5457,"Sister Carrie, Act I: Try the Bright Ingénue (Live)","['Robert Aldridge', 'Keith Phares', 'Adriana Zabala', 'Matt Morgan', 'Tracy Wildt', 'Brianne Sura', 'Scott Pullen', 'William Johnson', 'Florentine Opera Chorus', 'Milwaukee Symphony Orchestra', 'William Boggs']",0.04666666666666667,7.0,107.0,42.828
25,2824,Another Country,['Shadowfax'],0.0440251572327044,7.0,107.0,42.82641509433963
25,1189,Strandlyster,['Mek Pek'],0.03870967741935484,6.0,107.0,42.82322580645162
25,446,I Wonder Do You Think of Me,['Keith Whitley'],0.03314917127071823,6.0,107.0,42.819889502762436
25,2738,"Violin Partita No. 1 in B Minor, BWV 1002: VI. Double","['Johann Sebastian Bach', 'Lucy van Dael']",0.03314917127071823,6.0,107.0,42.819889502762436
25,2665,Disclosure,['Ewigkeit'],0.03208556149732621,6.0,107.0,42.8192513368984
25,6290,Ne Contsom A Coltsom,['SCSI-9'],0.030927835051546393,6.0,107.0,42.818556701030936
25,6116,Static Cling,['David J'],0.03076923076923077,6.0,107.0,42.81846153846154
25,7604,Droner,['Rozwell Kid'],0.030456852791878174,6.0,107.0,42.81827411167513
25,2737,"Violin Partita No. 1 in B Minor, BWV 1002: V. Sarabande","['Johann Sebastian Bach', 'Lucy van Dael']",0.030456852791878174,6.0,107.0,42.81827411167513
25,2305,You Take Me There,['Skeye'],0.6855649043345117,25.0,106.0,42.81133894260071
25,1208,Breeze in Bisaan,['Simon Shaheen & Qantara'],0.6791329661055897,25.0,106.0,42.80747977966336
25,4776,Blackbird,['Jeff Beck'],0.6680610729348053,27.0,106.0,42.80083664376089
25,6312,FIFA (feat. Langa Mavuso),"['Yanga Chief', 'Langa Mavuso']",0.6633561913941259,24.0,106.0,42.79801371483648
25,1949,Rice Burner,['Solace'],0.6585766718031659,24.0,106.0,42.7951460030819
25,5063,Prelude,['Phil Woods'],0.6513293347127855,25.0,106.0,42.79079760082768
25,6380,My Control,['Jay Gatz'],1.3134674313768815,38.0,105.0,42.78808045882613
25,3671,The Storm,['Bryan Beller'],0.6052417861469057,25.0,106.0,42.76314507168815
25,1552,Broadcaster,['Run Chico Run'],0.5894374855509135,24.0,106.0,42.75366249133055
25,5448,"Sister Carrie, Act I: There Is Music Here, Bill (Live)","['Robert Aldridge', 'Matt Morgan', 'Adriana Zabala', 'Florentine Opera Chorus', 'Milwaukee Symphony Orchestra', 'William Boggs']",0.5841411649437829,24.0,106.0,42.750484698966275
25,1156,Isn't This a Lovely Day,['Marilyn Scott'],0.5830831651123481,24.0,106.0,42.749849899067414
25,5400,Noche Del Guajolote,['The Mountain Goats'],1.2443874713356702,36.0,105.0,42.7466324828014
25,4893,In This Room,['Leslie Tucker'],0.5664552089135432,24.0,106.0,42.73987312534813
25,5503,The Arts of Defense,['The Firesign Theatre'],0.5660821923375925,24.0,106.0,42.73964931540256
25,2557,Hot Chocolate,['Blackfrosty'],1.2316253419191001,36.0,105.0,42.73897520515146
25,7456,None But The Righteous,['Ricky Dillard & New G (New Generation Chorale)'],0.5644916271702927,25.0,106.0,42.738694976302185
25,2760,No Me Caigo Bien (Me Caigo Mal),['Los Enemigos'],0.564297100522795,26.0,106.0,42.73857826031368
25,1193,Black Lotus,['Asana 1'],0.5575359811064734,25.0,106.0,42.73452158866389
25,6449,Taaruf,['Tabla Beat Science'],0.5561260389197948,25.0,106.0,42.733675623351886
25,2976,Snap It (feat. A Butta) (Clean),['Frank Marina'],0.5536105099676656,24.0,106.0,42.732166305980606
25,5913,Indigenous People,"['Indigenous People', 'Marc Cary']",1.2079213499368693,36.0,105.0,42.72475280996212
25,3142,Tape Hiss (Dirty),['Madlib'],0.5349548228663588,24.0,106.0,42.72097289371982
25,1423,Shibuya,['Galactic'],1.1983926535397609,36.0,105.0,42.71903559212386
25,5633,Rock the Night,['Europe'],0.52848898488791,24.0,106.0,42.71709339093275
25,2381,No Dumb Wrong,['Pushmonkey'],1.1926895230412728,36.0,105.0,42.715613713824766
25,5518,Undermutter's Monster Update,['The Firesign Theatre'],0.5232938612546503,24.0,106.0,42.7139763167528
25,2911,Circumcised,['Three Mile Pilot'],0.5157474800264497,24.0,106.0,42.70944848801587
25,7629,Torrente,['Aníbal Troilo Y Su Orquesta Típica'],0.410752697703554,19.0,106.0,42.64645161862214
25,7588,Tu Perro Pekinés,['Aníbal Troilo Y Su Orquesta Típica'],0.410752697703554,19.0,106.0,42.64645161862214
25,2200,Where The Sun Had Been,['Mason Jennings'],0.39844647078689627,20.0,106.0,42.63906788247214
25,1794,Awesome God,['Maurette Brown Clark'],0.3971583103039874,18.0,106.0,42.6382949861824
25,5664,Cloudbusting,['Johanna and the Dusty Floor'],0.3752136444812005,20.0,106.0,42.62512818668873
25,7472,Mi Noche Triste,['Aníbal Troilo Y Su Orquesta Típica'],0.3736502384737679,18.0,106.0,42.62419014308426
25,1430,Act as If (Act II Remix),"['The Angel', 'Divine Styler']",0.3661595907263091,21.0,106.0,42.61969575443579
25,7814,Suzanne,['Lisa Stansfield'],1.028604978203294,32.0,105.0,42.617162986921976
25,3662,Mala,['Leonel García'],0.35941862306339645,20.0,106.0,42.615651173838046
25,6706,"Winterreise, Op. 89, D. 911: Mut","['Franz Schubert', 'Roman Trekel', 'Ulrich Eisenlohr']",0.35920492087804856,19.0,106.0,42.61552295252684
25,7335,Küssen Verboten - A-Cappella,['Die Prinzen'],0.3516130525320145,19.0,106.0,42.61096783151921
25,5594,Collapsing Stars,['The Mountain Goats'],0.35014125063731133,18.0,106.0,42.61008475038239
25,8002,Complicated,['Collide'],1.0157383611243396,30.0,105.0,42.609443016674604
25,3323,Nighthawks,['Jonas Bering'],0.34452886867962185,18.0,106.0,42.60671732120778
25,3981,Third World Anthem,['Wale Oyejide'],0.34422246941045603,18.0,106.0,42.60653348164628
25,7359,Ich wünsche mir zum Weihnachtsfest,['Die Prinzen'],0.3435750977861172,19.0,106.0,42.60614505867168
25,1995,Baklava & Bitches,['Antifuchs'],1.00863621527618,31.0,105.0,42.60518172916571
25,6223,Art Rap Party,['Open Mike Eagle'],0.33787246864796616,19.0,106.0,42.60272348118878
25,1483,LOTW (studio),['John Called Mark'],0.333789579991683,19.0,106.0,42.60027374799502
25,7969,Invade My Body - Kant Kino Remix,['Leæther Strip'],0.3321394686907021,19.0,106.0,42.59928368121443
25,6673,bewating track,['Rabbit Junk'],0.32696223316912976,19.0,106.0,42.59617733990148
25,3172,Outerlimit (Space Ho),['Madlib'],0.3129619347887873,19.0,106.0,42.58777716087328
25,7284,Speak On It,"['L. Supreme', 'Jasonmakesgoodbeats']",0.31036306783054307,18.0,106.0,42.58621784069833
25,7087,Shitkicker,['American Dog'],0.3102882941800468,19.0,106.0,42.58617297650803
25,6924,Lies Will Flow,"['Hector Zazou', 'Caroline Lavelle']",0.3101224468313076,18.0,106.0,42.58607346809879
25,6366,Wanted: Dead or Alive,['Cannata'],0.3055136893467064,18.0,106.0,42.58330821360803
25,1411,Seaglass - S7 Version,['I:Scintilla'],0.9658603787515504,31.0,105.0,42.57951622725093
25,2773,Gotta Get The $,"['C.E. Ugly Brotha', 'Ramonn']",0.9638216315593092,32.0,105.0,42.578292978935586
25,5051,I Thought About You,['Christy Baron'],0.29395733132846535,18.0,106.0,42.576374398797086
25,6678,old heroes young villians,['Rabbit Junk'],0.29183588461938975,19.0,106.0,42.57510153077164
25,4683,Reflection,['Voost'],0.28913744023689797,18.0,106.0,42.573482464142145
25,1066,Big Boy Diamonds (feat. Kodak Black & London on Da Track),"['Gucci Mane', 'Kodak Black', 'London On Da Track']",0.285338570348058,18.0,106.0,42.57120314220884
25,4747,Longing,['Karsh Kale'],0.28092825707866076,18.0,106.0,42.5685569542472
25,7758,Mindcontrol F/ Vordul,['billy woods/vordul'],0.2804107480222523,18.0,106.0,42.568246448813355
25,6288,Albali,['SCSI-9'],0.9176995872042027,30.0,105.0,42.55061975232252
25,2280,Private Dancer,['Global.Kryner'],0.9083124410389364,33.0,105.0,42.54498746462336
25,2932,Atwater Ca. - Apparat Remix,"['Timtim', 'Apparat']",0.883838676241322,33.0,105.0,42.530303205744794
25,8005,Slither Thing,['Collide'],0.8710115476500208,32.0,105.0,42.522606928590015
25,4283,Cheer It On,['Tokyo Police Club'],0.8659492192105245,31.0,105.0,42.519569531526315
25,1993,Waiting for Christmas,['John Legend'],0.1900568702990277,14.0,106.0,42.514034122179424
25,136,"The Love For Three Oranges, Op. 33 (Sung in English): Act I Scene 1: Leandro, please lay on a sort of royal variety show (King, Eccentrics, Leandro, Pantaloon)","['Sergei Prokofiev', 'Bruce Martin', 'John Mac Master', 'Deborah Humble', 'Teddy Tahu Rhodes', 'William Ferguson', 'Warwick Fyfe', 'Jud Arthur', 'Elizabeth Whitehouse', 'Wendy Dawn Thompson', 'Sally-Anne Russell', 'Ali McGregor', 'Arend Baumann', 'Richard Alexander', 'Catherine Carby', 'Graeme Macfarlane', 'Tim DuFore', 'Opera Australia Chorus', 'Australian Opera and Ballet Orchestra', 'Richard Hickox']",0.8564532834508237,30.0,105.0,42.5138719700705
25,7720,Defiled,['Headnoise'],0.8521080856283372,30.0,105.0,42.511264851377
25,6869,Now You're Gonna Get it,['The Paper Chase'],0.8401221000115198,30.0,105.0,42.50407326000691
25,7207,You're The One I Care For,['The Weary Boys'],0.169451871657754,13.0,106.0,42.50167112299466
25,2080,The Knuckleball Suite,['Peter Mulvey'],0.1689451476793249,13.0,106.0,42.5013670886076
25,7280,N the Trenchez,"['L. Supreme', 'Jasonmakesgoodbeats']",0.16877220686932493,12.0,106.0,42.5012633241216
25,742,Goodbye,['The Five Americans'],0.16718331689446245,14.0,106.0,42.500309990136685
25,8082,Generation - Headache Remix,['Croc Shop'],0.8323282052290994,30.0,105.0,42.49939692313746
25,1391,"O, Lord",['Archer Prewitt'],0.8286507527076407,30.0,105.0,42.49719045162458
25,6604,Open Up Your Door (Richard and the Young Lions),['Demolition Doll Rods'],0.15515441763369558,14.0,106.0,42.49309265058022
25,1181,All Right,['Mek Pek'],0.1536195286195286,14.0,106.0,42.49217171717172
25,7491,Mystic Freestyle,['Cella Dwellas'],0.15289058767319635,12.0,106.0,42.49173435260392
25,1507,Lullaby,['Jason Upton'],0.8190715436440118,31.0,105.0,42.49144292618641
25,2973,Hoedown (Clean),['Frank Marina'],0.14990107460138882,12.0,106.0,42.489940644760836
25,312,It Won't Be Me,['Eric Brace & Peter Cooper'],0.14599078341013827,12.0,106.0,42.48759447004609
25,3621,Father of the Flower,['Trial of the Bow'],0.14470803574633026,12.0,106.0,42.486824821447804
25,6586,Tercero de la noche,"['Wolfgang Amadeus Mozart', 'Klazz Brothers', 'Cuba Percussion']",0.14436669998572038,12.0,106.0,42.486620019991435
25,6773,Election (feat. Marc Scibilia & Juelz Santana),"['Jim Jones', 'Marc Scibilia', 'Juelz Santana']",0.14188343302267353,12.0,106.0,42.485130059813606
25,5681,Billy's Blues,['Charlie Rouse'],0.14188343302267353,12.0,106.0,42.485130059813606
25,3759,Earl's Breakdown,['Wynn Osborne'],0.13616200578592091,12.0,106.0,42.481697203471555
25,7044,Colorblind - Live,['Granger Smith'],0.13547546678245767,13.0,106.0,42.48128528006948
25,6067,"Tell 'Em, Boy!",['Mike Watt'],0.13240121580547112,12.0,106.0,42.47944072948329
25,4662,Performance,['Japan'],0.12868725202691048,12.0,106.0,42.47721235121615
25,7704,Boomerang,['CIRRUS'],0.7934189933900572,30.0,105.0,42.47605139603404
25,5695,Rasputin,['Kreuzweg Ost'],0.7934189933900572,30.0,105.0,42.47605139603404
25,6761,Clone,"['Terranova', 'Manuel Goettsching']",0.12339413164155433,12.0,106.0,42.474036478984935
25,86,"The Bank of Ireland, Bonnie Anne",['The McCarthys'],0.7868255867966506,30.0,105.0,42.47209535207799
25,3658,Libro Abierto,"['Leonel García', 'iLe']",0.06474820143884892,9.0,106.0,42.438848920863315
25,6317,BBAF,['Yanga Chief'],0.05555555555555555,7.0,106.0,42.43333333333334
25,1019,Desperation (Vissi D'arte),['Patrizia'],0.051094890510948905,7.0,106.0,42.430656934306576
25,3343,Mine Now,['Bullets And Octane'],0.04519774011299435,8.0,106.0,42.427118644067804
25,6358,Spirit of the Four Winds,['Cannata'],0.0440251572327044,7.0,106.0,42.42641509433963
25,2161,Orison (A Prayer),['New World Generation'],0.043478260869565216,6.0,106.0,42.42608695652174
25,4054,Badass,['Kacy Crowley'],0.040268456375838924,6.0,106.0,42.42416107382551
25,4786,Masterplan - Illastrate Remix,['Boog Brown'],0.040268456375838924,6.0,106.0,42.42416107382551
25,7373,Sicherheitsmann,['Die Prinzen'],0.040229885057471264,7.0,106.0,42.42413793103449
25,6085,Richard Nixon Died Today,['Negativland'],0.0374331550802139,7.0,106.0,42.422459893048135
25,5933,Mussolini's First Crush,['The Citizens'],0.03468208092485549,6.0,106.0,42.42080924855492
25,8208,Pampa,"[""Juan D'Arienzo y su Orquesta Típica""]",0.03208556149732621,6.0,106.0,42.4192513368984
25,2154,New World Generation,['New World Generation'],0.030456852791878174,6.0,106.0,42.41827411167513
25,5067,Finale,['Phil Woods'],0.6783884817798257,26.0,105.0,42.407033089067895
25,3640,Aenigma,['Luca Turilli'],0.6569076245371824,25.0,105.0,42.39414457472231
25,7134,Rock America,['Danger Danger'],0.6240293315589149,28.0,105.0,42.37441759893535
25,8031,Make The World Go Away,['Martina McBride'],0.6215904664440126,25.0,105.0,42.372954279866406
25,2460,Tantos Desejos,['Suba'],0.620906737176094,25.0,105.0,42.372544042305655
25,8241,Amarras,"[""Juan D'Arienzo y su Orquesta Típica""]",1.2790084755432278,38.0,104.0,42.36740508532594
25,7504,Outro,['Cella Dwellas'],0.5988437891222702,24.0,105.0,42.359306273473365
25,6496,That Time of Year,['Labors Of Love'],0.5884267296463235,26.0,105.0,42.353056037787795
25,7379,Schlaflied - A-Cappella,['Die Prinzen'],0.5780742055847387,25.0,105.0,42.346844523350846
25,653,Reason Why,['Rachael Yamagata'],0.5739035501598966,25.0,105.0,42.34434213009594
25,1003,Worry Your Time,['Express Rising'],0.5725717854969556,25.0,105.0,42.34354307129817
25,2791,Crossing The Valley,['Huong Thanh'],0.5643434743548416,24.0,105.0,42.338606084612906
25,2232,I Am Pentagon,['The Make-Up'],0.5637438863656166,25.0,105.0,42.33824633181937
25,1153,Smile,['Marilyn Scott'],0.5619478099129677,25.0,105.0,42.33716868594778
25,7490,Advance to Boardwalk,['Cella Dwellas'],0.5585878281530455,24.0,105.0,42.335152696891825
25,3215,Same Ground (Piano Version),['Kitchie Nadal'],1.2212923272377625,36.0,104.0,42.33277539634266
25,4035,Reassess,['Scorpion Jack'],0.5529426115963412,26.0,105.0,42.331765566957806
25,5390,Rose in the Water,['Rebecca Folsom'],0.54084258111288,24.0,105.0,42.32450554866773
25,4143,Watch Yo' Step,['Melvin Sparks'],0.5349548228663588,24.0,105.0,42.32097289371981
25,8276,Una Lagrima,"[""Juan D'Arienzo y su Orquesta Típica""]",0.5270829647300236,24.0,105.0,42.316249778838014
25,1034,Lil' Jack Slade - Live - 2003,['The Chicks'],1.1843608565841977,36.0,104.0,42.31061651395052
25,1913,Brasil,['Contraband'],0.5110238545058602,24.0,105.0,42.306614312703516
25,2470,We Made It,"['B.M.R.', 'Big City Tha Don', 'Bunnie Da Beast']",0.45009057971014493,21.0,105.0,42.27005434782609
25,4457,Hands,['Askeleton'],0.4383693997222109,21.0,105.0,42.263021639833326
25,2490,Shalike,['Tim Koch'],0.41093929594382334,19.0,105.0,42.24656357756629
25,5728,Blessin' - Bonus Track,['Tha Dogg Pound'],0.410752697703554,19.0,105.0,42.24645161862213
25,5072,Blues for Lopes,['Phil Woods'],0.39891983122362873,19.0,105.0,42.23935189873418
25,5673,This Time,['Baku Llama'],0.39891983122362873,19.0,105.0,42.23935189873418
25,3655,Hermoso Cariño,['Leonel García'],0.39595151240116594,21.0,105.0,42.2375709074407
25,6160,"Rock and Roll, Pt. 2 (Gary Glitter)",['Tube Tops 2000'],1.718901656807039,43.0,103.0,42.23134099408423
25,2203,Fingers Never Bleed - Live,['Yeasayer'],1.0481336780397184,32.0,104.0,42.22888020682383
25,5932,Kaleidoscope (Do You Recall?),['The Citizens'],0.3809344013855813,18.0,105.0,42.22856064083135
25,8164,En Esta Tarde Gris,['Aníbal Troilo Y Su Orquesta Típica'],0.37303127313144613,20.0,105.0,42.22381876387887
25,8213,Rie Payaso,"[""Juan D'Arienzo y su Orquesta Típica""]",0.36298617511520737,18.0,105.0,42.217791705069125
25,7606,Mientras Gime El Bandoneón,['Aníbal Troilo Y Su Orquesta Típica'],1.0261109822438652,31.0,104.0,42.21566658934632
25,315,Circus,['Eric Brace & Peter Cooper'],1.0222584803493766,30.0,104.0,42.213355088209624
25,6756,Mekon Remix Of 'Prozac',['Terranova'],0.3529675310984609,19.0,105.0,42.211780518659076
25,3269,"Can You Hear the Wind Blow - Live in New York, NY, 10/4/2008",['Whitesnake'],0.34840507601617354,18.0,105.0,42.209043045609704
25,2137,Sided,['Ignite'],0.3442089987350144,19.0,105.0,42.20652539924101
25,7822,Somewhere in Time,['Lisa Stansfield'],0.3428167543267578,18.0,105.0,42.205690052596054
25,4351,Trigger (feat. Avelina Boateng),"['Sero', 'Avelina']",1.0086467439586118,30.0,104.0,42.20518804637517
25,6859,Said the Spider to the Fly (MP3),['The Paper Chase'],0.3361671008729832,20.0,105.0,42.20170026052379
25,4316,Down Here,['The Mountain Goats'],0.3350094876660341,18.0,105.0,42.20100569259962
25,6806,Transparenza,"['Michael Mayer', 'Reinhard Voigt']",0.3350094876660341,18.0,105.0,42.20100569259962
25,5590,It Goes On,['20/20'],0.329644438097958,19.0,105.0,42.197786662858775
25,2838,"Concerto Grosso in D Major, Op. 1, No. 5: II. Allegro","['Pietro Locatelli', 'Capella Istropolitana']",0.32847333494573266,19.0,105.0,42.197084000967436
25,7664,Gleason Rocket,['Godzuki'],0.3248718155759215,18.0,105.0,42.19492308934555
25,443,Don't Close Your Eyes,['Keith Whitley'],0.32458396014326446,18.0,105.0,42.194750376085956
25,3012,Ostego Undead,['Static-X'],0.3231523378582202,20.0,105.0,42.19389140271493
25,7239,"Zigeunerliebe: Act II: Duet: Ha ha ha ha! Das fin ich kostlich! (Ilona, Jozsi)","['Franz Lehár', 'Johanna Stojkovic', 'Dagmar Schellenberger', 'Zoran Todorovich', 'Bernhard Schneider', 'Ksenija Lukic', 'Stefan-Alexander Rankl', 'Markus Kohler', 'Raphaela Schulze', 'Andreas Horl', 'Andrej Bielow', 'North German Radio Chorus', 'North German Radio Philharmonic Orchestra', 'Frank Beermann']",0.32191063987949686,18.0,105.0,42.1931463839277
25,7142,"Keyboard Sonata in G Major, Op. 5, No. 3, W. A3: I. Allegro","['Johann Christian Bach', 'Sophie Yates']",0.32191063987949686,18.0,105.0,42.1931463839277
25,4782,"Friction (feat. MarvWon, DJ Soko) - MarvWon Remix","['Boog Brown', 'DJ Soko']",0.3214145188129828,19.0,105.0,42.19284871128779
25,339,Cycle One - Original,['Jondi & Spesh'],0.3164319595246096,18.0,105.0,42.189859175714766
25,419,Caravan,['Inga Swearingen'],0.31303638809431067,18.0,105.0,42.187821832856585
25,6513,"La Pastorella (The Little Shepherdess) from ""Soirées Musicales""","['Gioachino Rossini', 'Charlotte Church', 'Sian Edwards']",0.30984555877413456,18.0,105.0,42.18590733526448
25,7480,A Unos Ojos,['Aníbal Troilo Y Su Orquesta Típica'],0.3079206083542151,18.0,105.0,42.18475236501253
25,6020,Cadillac,['Negativland'],0.972154208158281,30.0,104.0,42.18329252489497
25,858,Some Things Are O.K.,['Karsh Kale'],0.30469340905773545,18.0,105.0,42.18281604543464
25,2089,Voice of Truth,['Casting Crowns'],0.30375627512567765,18.0,105.0,42.18225376507541
25,4142,Give Your Life to G-d,['Melvin Sparks'],0.29544005164420273,18.0,105.0,42.17726403098652
25,1421,Lumpology,['Galactic'],0.29544005164420273,18.0,105.0,42.17726403098652
25,5302,1-2-3-4,['OOIOO'],0.29193197694146455,18.0,105.0,42.175159186164876
25,72,"The Tempest, The Steampacket",['The McCarthys'],0.29100189478116445,18.0,105.0,42.1746011368687
25,5857,Fad,['Black Lips'],0.2884241531664212,18.0,105.0,42.173054491899855
25,1366,2nd Movement,['60 Channels'],0.28794834031947436,18.0,105.0,42.172769004191686
25,6163,Five Years (David Bowie),['Cyclefly'],0.9529338296679898,30.0,104.0,42.171760297800795
25,2225,He Tried to Show Them Magic / Ambassadors Return,['Pure Reason Revolution'],0.28440143641600024,18.0,105.0,42.1706408618496
25,3032,Blue Bonnet's over the Border,"['Traditional', 'M. Retford', 'Coldstream Guards Regimental Band', 'T.L. Sharpe']",0.28092825707866076,18.0,105.0,42.168556954247194
25,762,Why So Serious,['Fushara'],0.2804107480222523,18.0,105.0,42.16824644881335
25,7375,Mein Portemonnaie,['Die Prinzen'],0.94365783066383,30.0,104.0,42.1661946983983
25,2498,Cut Cut,['Tim Koch'],0.9250084418625744,32.0,104.0,42.15500506511754
25,7418,Oh You and I,['Unai'],1.5786576842255435,40.0,103.0,42.14719461053533
25,4824,Hopelessly Human,['Kansas'],0.9054562018149415,30.0,104.0,42.14327372108897
25,2109,Beeline To Mamou,['Paul Newman'],0.9016754883855346,33.0,104.0,42.14100529303132
25,5322,Alpha Sun Hat,['The Mountain Goats'],0.8842069767068038,31.0,104.0,42.13052418602408
25,6497,The Cactus Christmas Tree,"['The Broadway Cast Of ""The Phantom Of The Opera""']",0.8823503841886597,30.0,104.0,42.129410230513194
25,7378,Ich kann nicht rappen,['Die Prinzen'],0.8754108341751061,30.0,104.0,42.125246500505064
25,1971,Meander,['Metamatics'],0.8731012631419395,31.0,104.0,42.12386075788517
25,472,Surpent I am,['Suspyre'],0.8688273365441999,30.0,104.0,42.12129640192652
25,4130,Fuck It Man,['Mellowdrone'],0.1987628384687208,13.0,105.0,42.11925770308123
25,4878,Outskirts Of Town,['Sawyer Brown'],0.1900568702990277,14.0,105.0,42.11403412217942
25,8219,Precio,"[""Juan D'Arienzo y su Orquesta Típica""]",0.17753623188405798,13.0,105.0,42.106521739130436
25,66,Welcome Home,['Johnny Mathis'],0.17716899196156333,13.0,105.0,42.106301395176935
25,134,"The Love For Three Oranges, Op. 33 (Sung in English): Act I Scene 1: Oh, poor boy! Tell me the worst. What are his chances? (King, Doctors, Pantaloon, Eccentrics)","['Sergei Prokofiev', 'Bruce Martin', 'John Mac Master', 'Deborah Humble', 'Teddy Tahu Rhodes', 'William Ferguson', 'Warwick Fyfe', 'Jud Arthur', 'Elizabeth Whitehouse', 'Wendy Dawn Thompson', 'Sally-Anne Russell', 'Ali McGregor', 'Arend Baumann', 'Richard Alexander', 'Catherine Carby', 'Graeme Macfarlane', 'Tim DuFore', 'Opera Australia Chorus', 'Australian Opera and Ballet Orchestra', 'Richard Hickox']",0.1736142238159271,14.0,105.0,42.104168534289556
25,5331,Going to Bristol,['The Mountain Goats'],0.1678014184397163,14.0,105.0,42.10068085106383
25,7401,Lucky to Need You,['Dylan Rice'],0.16758154194850727,14.0,105.0,42.10054892516911
25,79,"The Mountain Top, The Clare Reel",['The McCarthys'],0.16473717146433042,13.0,105.0,42.0988423028786
25,4716,Taint,['Pain Station'],0.15680672268907564,12.0,105.0,42.09408403361345
25,7536,Out of the Blue,['Craig Padilla'],0.15562464265294454,13.0,105.0,42.09337478559177
25,3653,Fallaste Corazón,['Leonel García'],0.15275142314990514,12.0,105.0,42.091650853889945
25,8168,Una Carta,['Aníbal Troilo Y Su Orquesta Típica'],0.14894514767932487,13.0,105.0,42.089367088607595
25,6432,Friday and Saturday Night,['Wayne Hancock'],0.14299312533051295,12.0,105.0,42.08579587519831
25,5327,Quetzalcoatl Eats Plums,['The Mountain Goats'],0.14239258285477063,12.0,105.0,42.08543554971286
25,2130,Epidemic,['Ignite'],0.14172295295651144,13.0,105.0,42.08503377177391
25,7073,Hold On,['Burning Paper'],0.14080107432708588,13.0,105.0,42.084480644596255
25,2877,Intro,"['Chingo Bling', 'Jesus Midnite Castillo']",0.13915966386554623,12.0,105.0,42.083495798319326
25,308,Far Away Day,['Nelson Rangell'],0.13187211303323976,12.0,105.0,42.079123267819945
25,1407,Mercy Screams - Doganov Mix,"['I:Scintilla', 'Doganov']",0.12976385316810848,12.0,105.0,42.07785831190086
25,6754,Stereo MC's Remix Of 'Just Enough',['Terranova'],0.12637179913535085,12.0,105.0,42.07582307948121
25,8041,I Won't Close My Eyes,['Martina McBride'],0.1260267930977452,12.0,105.0,42.07561607585865
25,6658,The Wexford Carol,['Katie McMahon'],0.1260267930977452,12.0,105.0,42.07561607585865
25,2682,Mikk,['Oval'],0.12339413164155433,12.0,105.0,42.07403647898493
25,2531,"Partita in A Major, GWV 149: II. Allemande","['Christoph Graupner', 'Naoko Akutagawa']",0.12339413164155433,12.0,105.0,42.07403647898493
25,4262,Jump! - Headstrong Mix,"['The Movement', 'Walter ""Kandor"" Kahn']",0.12276937568684913,12.0,105.0,42.07366162541211
25,7232,"Zigeunerliebe: Act I: Trio: Zuerst sucht man Gelegenheit (Ilona, Jolan, Kajetan)","['Franz Lehár', 'Johanna Stojkovic', 'Dagmar Schellenberger', 'Zoran Todorovich', 'Bernhard Schneider', 'Ksenija Lukic', 'Stefan-Alexander Rankl', 'Markus Kohler', 'Raphaela Schulze', 'Andreas Horl', 'Andrej Bielow', 'North German Radio Chorus', 'North German Radio Philharmonic Orchestra', 'Frank Beermann']",0.12276937568684913,12.0,105.0,42.07366162541211
25,7461,Why Should I Be Bound,['Ricky Dillard & New G (New Generation Chorale)'],1.4450118806946544,37.0,103.0,42.0670071284168
25,2995,See Thru,['Disciple DT & Tizzle Tarantino'],0.04411764705882353,6.0,105.0,42.02647058823529
25,6786,Gospel,['Jim Jones'],0.0379746835443038,6.0,105.0,42.02278481012658
25,2762,Piel De Pollo,['Los Enemigos'],0.03535353535353535,7.0,105.0,42.02121212121212
25,5488,"Sister Carrie, Act II: Are You Ready? (Live)","['Robert Aldridge', 'Adriana Zabala', 'Alisa Suzanne Jordheim', 'Milwaukee Symphony Orchestra', 'William Boggs']",0.034482758620689655,6.0,105.0,42.02068965517241
25,3756,Bugle Call Rag,['Wynn Osborne'],0.03076923076923077,6.0,105.0,42.01846153846154
25,3633,Hear! Hear!,['AM Syndicate'],0.6915052884967101,26.0,104.0,42.01490317309803
25,1417,I Get Lifted,['Galactic'],0.6798804498151492,26.0,104.0,42.00792826988909
25,1032,Cold Day in July - Live - 2003,['The Chicks'],0.6752080320899287,24.0,104.0,42.00512481925396
25,4084,"Fantasy & Fugue on the Chorale ""Ad nos, ad salutarem undam"", S. 259: Adagio","['Franz Liszt', 'Felix Hell']",0.0,0.0,105.0,42.0
25,8204,Felicia,"[""Juan D'Arienzo y su Orquesta Típica""]",0.0,0.0,105.0,42.0
25,4257,Tell Tú Mama,['The Movement'],0.0,0.0,105.0,42.0
25,2178,Four Brothers,"['Brian Bromberg', 'Vinnie Colaiuta', 'Randy Waldman']",0.651921492601337,25.0,104.0,41.9911528955608
25,5634,Carrie,['Europe'],0.6399139144428698,24.0,104.0,41.98394834866572
25,3306,The Herring Pelt Clause,"['Vincent Herring', 'Jeremy Pelt']",0.6353776314955779,25.0,104.0,41.98122657889735
25,7966,It's the End - Pink Industrial Whores Remix,['Leæther Strip'],1.2945246889758715,39.0,103.0,41.97671481338553
25,6475,Radio Girl,['Bastard Sons of Johnny Cash'],0.6226612412459235,25.0,104.0,41.97359674474755
25,6517,Guide me oh thou great Redeemer (Cwm Rhondda),"['John Hughes', 'Sian Edwards', 'Charlotte Church', 'London Symphony Orchestra', 'London Welsh Male Voice Choir', 'London Symphony Chorus']",0.6169355497005942,25.0,104.0,41.97016132982036
25,3739,Susie Q,"[""Pickin' On Series""]",0.6167937383935345,25.0,104.0,41.970076243036125
25,902,You Know The Rules,['Baxendale'],1.2742685550651736,37.0,103.0,41.964561133039105
25,8073,Reluctant Daughter,['Martina McBride'],0.6070199602607902,26.0,104.0,41.96421197615648
25,1508,Fly,['Jason Upton'],0.6042374931853404,26.0,104.0,41.96254249591121
25,3663,New Eyes,['Adam Lambert'],0.6027058496289069,24.0,104.0,41.96162350977735
25,2228,Every Baby Cries The Same,['The Make-Up'],0.5984302225288942,26.0,104.0,41.95905813351734
25,5435,That's What I Get for Loving You,['Diamond Rio'],0.5971804885536425,25.0,104.0,41.958308293132184
25,1644,They Live,['Azrael'],0.5967208703340637,25.0,104.0,41.95803252220044
25,8175,Maragata,['Aníbal Troilo Y Su Orquesta Típica'],0.5870773556340567,27.0,104.0,41.952246413380436
25,4937,Santorini,['Yanni'],0.5839496965708855,26.0,104.0,41.95036981794253
25,6737,The Dream of Dreams,['Domain of Dreams'],0.5816523561886718,24.0,104.0,41.9489914137132
25,610,Basketbol,['Rivermaya'],1.2461532122361358,36.0,103.0,41.94769192734169
25,109,Grip,['Luck Of Aleia'],1.2441045324991664,39.0,103.0,41.9464627194995
25,1419,Baker's Dozen,['Galactic'],0.5757288252544419,25.0,104.0,41.945437295152665
25,2697,Who Can Get Busy,"['Saigon', 'Grand Puba']",0.565727283469219,25.0,104.0,41.93943637008153
25,5854,I've Got A Knife,['Black Lips'],0.5653702419583476,26.0,104.0,41.93922214517501
25,3543,Love Is a Bird,['The Knickerbockers'],0.56387923923898,24.0,104.0,41.93832754354339
25,7457,The Promise,['Ricky Dillard & New G (New Generation Chorale)'],0.5614512865544734,24.0,104.0,41.93687077193268
25,7957,Rolling Thunder,['Five Horse Johnson'],0.5517798199248417,25.0,104.0,41.9310678919549
25,2239,Waves,['Sam Baker'],0.545720679815178,24.0,104.0,41.92743240788911
25,5131,Free Your Mind,"['Mikkel Wendelboe', 'Sensual Soul', 'J-Sun']",1.2097712179620133,36.0,103.0,41.92586273077721
25,6717,Slovak Dance,"['Radim Zenkl', 'Leo Chern']",0.5384398024896229,25.0,104.0,41.923063881493775
25,4411,All Bad News,['The Swayback'],0.5345803426937706,24.0,104.0,41.92074820561626
25,3599,The Late Great Cassiopia,['The Essex Green'],0.5315048267985827,25.0,104.0,41.91890289607915
25,515,ウォッチドッグス,"['Kami-sama, I have noticed']",0.5273958557271887,24.0,104.0,41.916437513436314
25,5596,Are We All We Are,['P!nk'],0.5206126429993141,24.0,104.0,41.912367585799586
25,6691,"Winterreise, Op. 89, D. 911: Auf dem Flusse","['Franz Schubert', 'Roman Trekel', 'Ulrich Eisenlohr']",0.4982823496444,24.0,104.0,41.898969409786645
25,8257,La Maleva,"[""Juan D'Arienzo y su Orquesta Típica""]",0.4080203197370387,20.0,104.0,41.84481219184222
25,3099,Notre Vie Comme Un Western,['Paris Combo'],0.3990136338694019,19.0,104.0,41.83940818032164
25,7736,Fruta Amarga,['Aníbal Troilo Y Su Orquesta Típica'],0.39174996117409533,19.0,104.0,41.83504997670446
25,2069,The Hulu Maiden,['Neil Hamburger'],0.3793742591043748,19.0,104.0,41.82762455546263
25,603,Faithless,['Rivermaya'],0.3529125374127037,18.0,104.0,41.811747522447625
25,7779,More & More & More,['The Mountains & The Trees'],0.3524367245657568,18.0,104.0,41.811462034739456
25,7420,I Like Your Style,['Unai'],0.34665654648956357,18.0,104.0,41.80799392789374
25,2416,Lately,['Andy Abraham'],0.34609929078014184,20.0,104.0,41.80765957446808
25,4821,Dust in the Wind,['Kansas'],0.3420216726604458,18.0,104.0,41.80521300359627
25,7615,Tango Triste - Mi Tango Triste,['Aníbal Troilo Y Su Orquesta Típica'],0.32815406353027365,18.0,104.0,41.796892438118164
25,6771,Rodeo,['Und'],0.31971782910456253,20.0,104.0,41.791830697462736
25,1688,Battle Mountain Breakdown,['Tempest'],0.31917991729279516,20.0,104.0,41.79150795037568
25,5365,Up On Mars,['Well'],0.3124829673403233,18.0,104.0,41.787489780404194
25,2677,Fluoresso,['Oval'],0.3022362880234353,18.0,104.0,41.78134177281406
25,6856,Luck and Fear,"['Alias', 'Tarsier']",0.30028309578833823,18.0,104.0,41.780169857473005
25,4812,The Deep (Pt. 1),['Saafi Brothers'],0.2986920225267292,18.0,104.0,41.77921521351604
25,3186,IE Age,['U.K. Subs'],0.2984711234711235,18.0,104.0,41.77908267408267
25,7509,Bacterium,['Lightning Strikes Across the Sky'],0.29827394400734386,18.0,104.0,41.77896436640441
25,3369,"The Way U Do It - Jacques Renault Edit, Mixed",['Tito Wun'],0.29496423879725586,18.0,104.0,41.776978543278354
25,1802,He Is Able,['Maurette Brown Clark'],0.2935095958087896,18.0,104.0,41.776105757485276
25,1014,In Silence (Adagio),['Patrizia'],1.6097792742109793,41.0,102.0,41.765867564526594
25,8085,Generation - Flesh Field Remix (Edit),['Croc Shop'],0.9414776222085867,31.0,103.0,41.76488657332516
25,4381,Dart Throwing,['Cappadonna'],0.939328878666197,30.0,103.0,41.76359732719972
25,6482,Never Seen,['The Immediate'],1.5836518658883951,42.0,102.0,41.75019111953304
25,336,Destroyer,['Praxis'],0.8944356693810096,33.0,103.0,41.73666140162861
25,1333,Walking on the Farm,['Archer Prewitt'],0.8810303261117457,30.0,103.0,41.72861819566705
25,5034,Half Steppin' Woman,['Johnny Otis'],0.18303781243324074,14.0,104.0,41.70982268745995
25,4224,Dead Soul Freak,['Seepeoples'],0.18077350200376613,13.0,104.0,41.70846410120226
25,6765,Terranova Remix Of 'Deep Sleep' By Fanatik,['Terranova'],0.1773492415834258,13.0,104.0,41.706409544950056
25,68,Could It Be Love This Time,['Johnny Mathis'],0.1767180925666199,14.0,104.0,41.70603085553997
25,5500,"Beat St. Jack's ""Famous Accountants School""",['The Firesign Theatre'],0.17306707629288273,13.0,104.0,41.70384024577573
25,317,I Flew Over Our House Last Night,['Eric Brace & Peter Cooper'],0.16718331689446245,14.0,104.0,41.70030999013668
25,5528,The Great Man II. - Realisation,['Kriegsfall-U'],0.16658823529411765,12.0,104.0,41.69995294117647
25,3304,Invitation,['Vincent Herring'],0.16378122163579523,14.0,104.0,41.698268732981475
25,5244,Leroy the Redneck Reindeer,['Joe Diffie'],0.1588235294117647,12.0,104.0,41.69529411764706
25,8153,Jueves,"[""Juan D'Arienzo y su Orquesta Típica""]",0.15795626759038753,12.0,104.0,41.694773760554234
25,855,Drive,['Karsh Kale'],0.15336872192731726,12.0,104.0,41.69202123315639
25,2891,Salutation Carol,"['Traditional', 'The Sixteen', 'Harry Christophers']",0.15275142314990514,12.0,104.0,41.691650853889946
25,6012,Discernment,['Negativland'],0.15177154944473825,14.0,104.0,41.69106292966684
25,941,In Yo Face,['Unk'],0.1490081450341566,13.0,104.0,41.689404887020494
25,3742,Travelin' Band,"[""Pickin' On Series""]",0.14599078341013827,12.0,104.0,41.687594470046086
25,7816,Don't Cry For Me,['Lisa Stansfield'],0.1450530417839359,12.0,104.0,41.68703182507036
25,5957,Pullin' Pullin',['Shelley Short'],0.14470803574633026,12.0,104.0,41.6868248214478
25,397,No Me Arrepiento de Este Amor - En Vivo,['Attaque 77'],0.14413390663390663,13.0,104.0,41.68648034398034
25,4263,Holographic Jump!,['The Movement'],0.1441311852704258,12.0,104.0,41.68647871116226
25,6881,You're One of Them Aren't You?,['The Paper Chase'],0.139821320149189,13.0,104.0,41.683892792089516
25,2646,Dance Of The Sugar Plum Fairy,['The Mag Seven'],0.13904140928849235,13.0,104.0,41.6834248455731
25,7636,Voyager,"['Exist Strategy', 'Mr FijiWiji']",0.13832967909109029,12.0,104.0,41.682997807454655
25,8001,Crushed,['Collide'],0.1351043643263757,12.0,104.0,41.681062618595824
25,8056,The Hardest Night To Sleep In The Swamplands,['Frog Eyes'],0.13422902671457584,12.0,104.0,41.68053741602875
25,7060,Midnight Drive,['The Kinsey Report'],0.13414519906323186,12.0,104.0,41.68048711943794
25,6256,Dream Weaver,['Crowbar'],0.8000701407129703,30.0,103.0,41.68004208442778
25,1194,Om Namah Shiva,['Asana 1'],0.13333683989059542,13.0,104.0,41.680002103934356
25,1241,Wild Waste and Welter,['Jeffrey Foucault'],0.130128129775479,12.0,104.0,41.67807687786529
25,2636,All Grown Up,['Johnny Horton'],0.12940355772584583,12.0,104.0,41.67764213463551
25,3836,Minor Swing,['Jim Henry & Brooks Williams'],0.127836804079898,12.0,104.0,41.67670208244794
25,5781,When God Sets His Sights On You,['Eli Conley'],0.12637179913535085,12.0,104.0,41.67582307948121
25,5512,"Beat St. Jack's ""Baghdad Bush Suit""",['The Firesign Theatre'],0.12568545733713532,12.0,104.0,41.67541127440228
25,5004,Neptunes Daughter,['Bert Jansch'],0.051094890510948905,7.0,104.0,41.63065693430657
25,1672,Rest Upon Us,"[""Caedmon's Call""]",0.051094890510948905,7.0,104.0,41.63065693430657
25,5904,Planes by Delta,['Brando'],0.7170268905519335,27.0,103.0,41.630216134331164
25,3840,Angie,['Jim Henry & Brooks Williams'],0.050359712230215826,7.0,104.0,41.630215827338134
25,3148,Painted Pictures (Art),['Madlib'],0.048,6.0,104.0,41.6288
25,7968,Turmoil - Halo in Reverse Remix,['Leæther Strip'],0.04487179487179487,7.0,104.0,41.62692307692308
25,2184,Time For The Sun To Rise,['Kevin Gordon'],0.040268456375838924,6.0,104.0,41.624161073825505
25,1963,Definitivt religion,['Ulf Lundell'],0.03870967741935484,6.0,104.0,41.623225806451615
25,4813,The Witness,['Saafi Brothers'],0.03825136612021858,7.0,104.0,41.622950819672134
25,7426,Exit Wounds,['Unai'],0.0379746835443038,6.0,104.0,41.62278481012658
25,2504,I Know You've Come To Take My Toys Away,['The Mountain Goats'],0.0379746835443038,6.0,104.0,41.62278481012658
25,3696,Baggin It Up,['Dutchieman'],0.03468208092485549,6.0,104.0,41.62080924855491
25,5509,No Jokes About America!,['The Firesign Theatre'],0.03428571428571429,6.0,104.0,41.62057142857143
25,6423,She's My Baby,['Wayne Hancock'],0.03314917127071823,6.0,104.0,41.61988950276243
25,7065,Love's Overdue,['The Kinsey Report'],0.6928857020900314,28.0,103.0,41.61573142125402
25,6199,Lay This Down,"['Tru-Serva', 'Dijohn']",1.335679803261862,38.0,102.0,41.60140788195712
25,2096,Your Love Is Extravagant,['Casting Crowns'],0.0,0.0,104.0,41.6
25,4841,Tænkeboks,['Peter Sommer'],0.6579966627060999,25.0,103.0,41.594797997623665
25,886,Baby Make Me Feel So Good,"['The Five Stairsteps', 'Cubie Burke']",0.6568229686287551,25.0,103.0,41.59409378117726
25,8007,Razor Sharp,['Collide'],0.632200793491116,25.0,103.0,41.57932047609467
25,2506,Stars Fell On Alabama,['The Mountain Goats'],0.622039832998738,24.0,103.0,41.573223899799245
25,2127,Black Light,['Ignite'],0.6100607606072324,24.0,103.0,41.566036456364344
25,2778,Born Black,"['C.E. Ugly Brotha', 'Snug']",0.6046207414364515,25.0,103.0,41.56277244486187
25,567,The Beauty Spot / Farewell to Connacht,['Míchéal Ó Briain'],0.6038822177630429,27.0,103.0,41.56232933065783
25,6796,Nothing Lasts (feat. Fabolous & Marc Scibilia),"['Jim Jones', 'Fabolous', 'Marc Scibilia']",0.602660721971461,24.0,103.0,41.56159643318288
25,4357,Twice Triumph,['Tadd Mullinix'],0.5994782062515327,24.0,103.0,41.559686923750924
25,8084,World - Hellraver Remix,['Croc Shop'],0.5923774610511177,24.0,103.0,41.55542647663067
25,2782,Street Hustler,"['C.E. Ugly Brotha', 'B.C.']",0.5892621002569757,25.0,103.0,41.553557260154186
25,6817,While You Lie Bleeding,['Bloodaxe'],0.5777971396050634,27.0,103.0,41.54667828376304
25,3239,Remember,['Autumn Tears'],0.567703691215602,25.0,103.0,41.54062221472937
25,6494,O Christmas Tree,['Broadway Cast of Beauty and the Beast'],0.545720679815178,24.0,103.0,41.52743240788911
25,4921,Proud,['Korn'],0.5399617024200366,24.0,103.0,41.523977021452026
25,2918,Inner Bishop,['Three Mile Pilot'],0.5390029679607659,24.0,103.0,41.52340178077646
25,1543,Male Gynecology,['Shoplifting'],0.5365181957825399,25.0,103.0,41.521910917469526
25,5128,Swoon,['The Ocean'],0.5356175708213948,25.0,103.0,41.52137054249284
25,6094,Virginia's Trip,['Negativland'],0.5216278977189793,24.0,103.0,41.51297673863139
25,3018,Your Disease,['Saliva'],0.5206126429993141,24.0,103.0,41.512367585799595
25,8040,Whatever You Say,['Martina McBride'],0.520378385809569,24.0,103.0,41.51222703148574
25,769,Filament 1 - 6,"['Sachiko M', 'Yoshihide Otomo']",0.5071676945210873,24.0,103.0,41.504300616712655
25,980,Christmas,['Comedian Bob Marley'],0.506392948722741,24.0,103.0,41.503835769233646
25,5514,S**t Happens!,['The Firesign Theatre'],0.506392948722741,24.0,103.0,41.503835769233646
25,1937,uncorrupted,['Mu-Seum'],0.5029132554275192,24.0,103.0,41.50174795325651
25,3801,Grenoble no 3 / Le 102 29.04.03,"['Martin Tétreault', 'Yoshihide Otomo']",0.5029132554275192,24.0,103.0,41.50174795325651
25,354,Cuddles McGish (Parody: Arthur McBride),"[""Marc Gunn & the Dubliners' Tabby Cats""]",0.4982823496444,24.0,103.0,41.498969409786646
25,359,Harry Potter and the Rising of the Moon,"[""Marc Gunn & the Dubliners' Tabby Cats""]",0.41942534589593417,20.0,103.0,41.45165520753756
25,431,Southern Soul,['Norken'],0.41829078136110565,20.0,103.0,41.45097446881667
25,6362,King of the Mountain,['Cannata'],0.4135175654162996,20.0,103.0,41.44811053924978
25,6112,The Guitar Man,['David J'],0.4102161319073083,21.0,103.0,41.44612967914439
25,2999,"Michael, Emmitt & Snoop","['Disciple DT & Tizzle Tarantino', 'Capodas Parthero']",1.0691952392426574,30.0,102.0,41.441517143545596
25,2205,2080 - Live,['Yeasayer'],0.39282516183584926,20.0,103.0,41.435695097101515
25,3042,Young May Moon,"['Anonymous', 'M. Retford', 'Coldstream Guards Regimental Band', 'T.L. Sharpe']",0.37921008403361345,18.0,103.0,41.42752605042017
25,2786,Dragonfly,['Huong Thanh'],0.3787294197604282,18.0,103.0,41.42723765185626
25,4504,Shine,['Mystikal'],1.043197608658158,32.0,102.0,41.4259185651949
25,7873,Nothing Like You,['Shawn Colvin'],0.36055004997858064,18.0,103.0,41.41633002998715
25,1815,90 Days,['Tarwater'],0.3578271034315965,21.0,103.0,41.41469626205896
25,2525,Summer Rain - Unzipped Version,['Whitesnake'],0.3516130525320145,19.0,103.0,41.41096783151921
25,3251,Summer Rain - Unzipped Version,['Whitesnake'],0.3516130525320145,19.0,103.0,41.41096783151921
25,6407,Senator Speak,['The Verve Pipe'],0.3509033856317093,18.0,103.0,41.41054203137903
25,5940,Clementine,['The Citizens'],0.34609929078014184,20.0,103.0,41.407659574468084
25,149,"The Love For Three Oranges, Op. 33 (Sung in English): Act III Scene 2: Fee-fi-fo-fum! I heard a noise. Where's my ladle? (Cook, Truffaldino, Prince)","['Sergei Prokofiev', 'Bruce Martin', 'John Mac Master', 'Deborah Humble', 'Teddy Tahu Rhodes', 'William Ferguson', 'Warwick Fyfe', 'Jud Arthur', 'Elizabeth Whitehouse', 'Wendy Dawn Thompson', 'Sally-Anne Russell', 'Ali McGregor', 'Arend Baumann', 'Richard Alexander', 'Catherine Carby', 'Graeme Macfarlane', 'Tim DuFore', 'Opera Australia Chorus', 'Australian Opera and Ballet Orchestra', 'Richard Hickox']",0.34594181545862657,18.0,103.0,41.40756508927518
25,6941,Thirteen,['Wilco'],0.3429376855847444,19.0,103.0,41.40576261135085
25,5241,Goodnight Sweetheart,['Joe Diffie'],0.3420216726604458,18.0,103.0,41.40521300359627
25,7692,That I Do,['Wye Oak'],0.339416801150201,18.0,103.0,41.40365008069012
25,7778,Fear Of Ghosts,['The Mountains & The Trees'],0.3341769335725828,18.0,103.0,41.40050616014355
25,7671,12x,['Godzuki'],0.32960585249328156,18.0,103.0,41.397763511495974
25,2896,There Is No Rose,"['Traditional', 'The Sixteen', 'Harry Christophers']",0.32651875264062086,19.0,103.0,41.39591125158437
25,228,Shining Star,"['Earth, Wind & Fire']",0.32446297965697213,19.0,103.0,41.39467778779419
25,3594,Behind My Back,['The Kilborn Alley Blues Band'],0.32262386610212695,20.0,103.0,41.393574319661276
25,1730,Lay Down My Life,['Bloody Sunday'],0.31785991785991785,20.0,103.0,41.39071595071595
25,3804,Ei perkele,['Iiwanajulma'],0.3177392481516193,20.0,103.0,41.39064354889098
25,2415,When I Fall in Love,['Andy Abraham'],0.3170270764880586,18.0,103.0,41.39021624589284
25,1167,Lullaby of Birdland,['Hank Mobley Quintet'],0.31656133729727803,18.0,103.0,41.38993680237837
25,7477,Lagrimitas De Mi Corazón,['Aníbal Troilo Y Su Orquesta Típica'],0.9827491535413275,31.0,102.0,41.3896494921248
25,3552,What Does That Make You,['The Knickerbockers'],0.3102005231037489,18.0,103.0,41.38612031386225
25,6117,In The Great Blue Whenever,['David J'],0.30984555877413456,18.0,103.0,41.385907335264484
25,896,Je Serai Espionne,['Baxendale'],0.3067027892641301,18.0,103.0,41.38402167355848
25,7340,Allein gemacht - A-Cappella,['Die Prinzen'],0.30589656658984826,18.0,103.0,41.38353793995391
25,7554,Alegrías,['Jose Serrano'],0.3056867309610908,18.0,103.0,41.38341203857666
25,7279,Intro,"['L. Supreme', 'Jasonmakesgoodbeats']",0.9700436962387956,30.0,102.0,41.38202621774328
25,4783,Growth - 14KT Remix,['Boog Brown'],0.2978837182842189,18.0,103.0,41.37873023097053
25,4030,Tonight,['Scorpion Jack'],0.9629605676359042,30.0,102.0,41.37777634058155
25,6418,Twilight World,['Anjali'],0.2940271048651981,18.0,103.0,41.37641626291912
25,8067,Before They Was Killed In A Car Crash - pre-FE track from unreleased 2nd Blue Pine album,['Blue Pine'],0.28749988697091083,18.0,103.0,41.37249993218255
25,5104,White Light! What Light?,['The Cardinal Sin'],0.28701120638741656,18.0,103.0,41.372206723832456
25,6125,Time In The Sun,['David J'],0.281451360827571,18.0,103.0,41.368870816496546
25,1192,Mantra,['Asana 1'],0.28092825707866076,18.0,103.0,41.3685569542472
25,5895,Goblin Market,['Brando'],0.2394483298283367,17.0,103.0,41.343668997897005
25,1682,Dance Of The Sand Witches,['Tempest'],0.9056980154269036,33.0,102.0,41.34341880925615
25,2367,The Green Cottage / The Glin Cottage / Julia's Norwegian Polka,['Brendan Begley & Caoimhín Ó Raghallaigh'],0.8983974361454993,30.0,102.0,41.3390384616873
25,8066,Lost In A Godless Sea - pre-FE track from unreleased 2nd Blue Pine album,['Blue Pine'],0.8827281215516509,31.0,102.0,41.329636872931
25,7638,J'attendrai,['Asier Etxeandia'],0.21344927536231884,14.0,103.0,41.3280695652174
25,321,I Know a Bird,['Eric Brace & Peter Cooper'],0.1991614255765199,14.0,103.0,41.31949685534592
25,7361,Adeste fideles,['Die Prinzen'],0.19889051094890509,13.0,103.0,41.319334306569345
25,1048,When We Fall,['Phosphorescent'],0.19889051094890509,13.0,103.0,41.319334306569345
25,3047,Light of Foot,"['J. Hartmann', 'Carl Latann', 'Coldstream Guards Regimental Band', 'T.L. Sharpe']",0.18423529411764705,12.0,103.0,41.31054117647059
25,5884,Neyin Var Bugün,['Nil Karaibrahimgil'],0.18145973154362416,14.0,103.0,41.30887583892618
25,7765,Sativa Stillife F/ Stretch Nyce,['billy woods/stretch nyce'],0.17722215670086883,14.0,103.0,41.306333294020526
25,8197,Yunta Brava,"[""Juan D'Arienzo y su Orquesta Típica""]",0.17653691275167785,12.0,103.0,41.30592214765101
25,5784,I Found You,['Eli Conley'],0.17626385509597187,14.0,103.0,41.30575831305759
25,2261,Breakdown,['Tamara Silvera'],0.1736142238159271,14.0,103.0,41.30416853428956
25,6233,Partly Cloudy,['Open Mike Eagle'],0.17194936708860759,12.0,103.0,41.303169620253165
25,1420,Blue Pepper,['Galactic'],0.8358719283115684,30.0,102.0,41.301523156986946
25,5956,Goodbye Old Morning,['Shelley Short'],0.1648801802416877,14.0,103.0,41.29892810814501
25,3053,The Wellesley,"['Traditional', 'M. Retford', 'Coldstream Guards Regimental Band', 'T.L. Sharpe']",0.16157377049180327,12.0,103.0,41.296944262295085
25,5660,Creature,['Johanna and the Dusty Floor'],0.15165347940758772,13.0,103.0,41.290992087644554
25,2320,Im Dunkeln,['Sero'],0.15090994245952094,13.0,103.0,41.290545965475715
25,2868,The Dreamland Cafe,['Mad At The World'],0.14990107460138882,12.0,103.0,41.28994064476083
25,5685,Quarter Moon,['Charlie Rouse'],0.14977375565610862,12.0,103.0,41.28986425339367
25,2945,The Dragons of Probability,['Roricat'],0.1450530417839359,12.0,103.0,41.287031825070365
25,6619,If You Feel,['Jefferson Airplane'],0.1446051167964405,13.0,103.0,41.28676307007787
25,1966,Färgat glas,['Ulf Lundell'],0.14436669998572038,12.0,103.0,41.28662001999143
25,2595,Run to You,['Smokie'],0.13995239714382862,12.0,103.0,41.2839714382863
25,3132,Mí Vida,['José José'],0.13832967909109029,12.0,103.0,41.282997807454656
25,2756,Shalom,['Aurelio Voltaire'],0.1365290258558906,13.0,103.0,41.28191741551354
25,6802,Bread Right (feat. Trav),"['Jim Jones', 'Trav']",0.13618538324420676,13.0,103.0,41.281711229946524
25,5620,Lonely Days,['Marshmallow Coast'],0.13544973544973543,13.0,103.0,41.28126984126985
25,6446,Borderline,['Stardiver'],0.1351043643263757,12.0,103.0,41.281062618595826
25,5871,Montreal,['The Minor Leagues'],0.13244390539721043,12.0,103.0,41.279466343238326
25,5683,Lil Rousin',['Charlie Rouse'],0.13121983195280376,12.0,103.0,41.27873189917168
25,7034,Long Live,['Keenon Rush'],0.13042709867452135,12.0,103.0,41.27825625920472
25,5608,The Great Escape,['P!nk'],0.12570958453311395,12.0,103.0,41.27542575071987
25,7646,Je Me Fais des Idées,['Art Mengo and Lara Guirao'],0.12276937568684913,12.0,103.0,41.27366162541211
25,1231,Love Survives Us All,['Paul Brill'],0.12276937568684913,12.0,103.0,41.27366162541211
25,4797,Mekong Delta,['Rachel Harrington'],0.057971014492753624,8.0,103.0,41.23478260869565
25,261,That Old Devil Moon,['Christy Baron'],0.051094890510948905,7.0,103.0,41.23065693430657
25,6623,The House at Pooneil Corners,['Jefferson Airplane'],0.051094890510948905,7.0,103.0,41.23065693430657
25,3970,How Could You Love Me,['Benny Mardones'],0.048,6.0,103.0,41.2288
25,7211,Destination Nowhere,['The Weary Boys'],0.04411764705882353,6.0,103.0,41.226470588235294
25,1307,Squeeze Me,['Lucy Ann Polk'],0.04411764705882353,6.0,103.0,41.226470588235294
25,2340,Whispers In The Wind,['Scars Of Tomorrow'],0.04411764705882353,6.0,103.0,41.226470588235294
25,420,The Nearness Of You/Misty,['Inga Swearingen'],0.040268456375838924,6.0,103.0,41.224161073825506
25,6365,Tears of America,['Cannata'],0.040229885057471264,7.0,103.0,41.224137931034484
25,64,One More Night,['Johnny Mathis'],0.0379746835443038,6.0,103.0,41.22278481012658
25,1394,Human,['I:Scintilla'],0.03529411764705882,6.0,103.0,41.22117647058824
25,3754,Take It Easy,['The Nashville Superpickers'],0.03428571428571429,6.0,103.0,41.22057142857143
25,7795,The Way You Love (Watch Dogs Remix),['Electro Spectre'],0.03409090909090909,6.0,103.0,41.22045454545455
25,1010,Zombie,['Patrizia'],0.03409090909090909,6.0,103.0,41.22045454545455
25,4832,I Morgen Er Alt Muligt (intro),['Peter Sommer'],0.03314917127071823,6.0,103.0,41.219889502762435
25,488,Shatter,['Gus Black'],0.03314917127071823,6.0,103.0,41.219889502762435
25,7111,Stay Dangerous,['KrispyLife Kidd'],0.03296703296703297,6.0,103.0,41.219780219780226
25,5591,"Well, Frankly",['20/20'],0.03225806451612903,6.0,103.0,41.21935483870968
25,3027,My Boy Willie,"['Traditional', 'T.L. Wallace', 'Coldstream Guards Regimental Band', 'T.L. Sharpe']",0.03208556149732621,6.0,103.0,41.219251336898395
25,3838,Gender Bender,['Jim Henry & Brooks Williams'],0.03208556149732621,6.0,103.0,41.219251336898395
25,6244,Comprachicos (Alternate Version),['Wayne Krantz'],0.030927835051546393,6.0,103.0,41.218556701030934
25,1571,The Tailor,['Kitaro'],0.030927835051546393,6.0,103.0,41.218556701030934
25,2206,Longevity - Live,['Yeasayer'],0.030456852791878174,6.0,103.0,41.21827411167513
25,1029,Travelin' Soldier - Live - 2003,['The Chicks'],0.6866414063833418,26.0,102.0,41.21198484383001
25,6402,Sleepy Town,['The Verve Pipe'],0.0,0.0,103.0,41.2
25,3818,Darkest Days,['Museum Of Fear'],0.0,0.0,103.0,41.2
25,6295,Graduated,['Jakk Jo'],0.0,0.0,103.0,41.2
25,7345,Ich brauch Dich gar nicht mehr - A-Cappella,['Die Prinzen'],0.0,0.0,103.0,41.2
25,6831,I am (Eternity Mix),['Attrition'],0.0,0.0,103.0,41.2
25,1211,Move Around,['B.G.'],0.0,0.0,103.0,41.2
25,1528,All Is Vanity,['Penance'],0.6522424479814528,25.0,102.0,41.191345468788874
25,1059,Hold It up to the Light,['Smalltown Poets'],0.6369447932452912,24.0,102.0,41.18216687594718
25,854,Free Fall,['Karsh Kale'],0.6350071633846166,25.0,102.0,41.18100429803077
25,6204,"3 Cançons de Nadal: No. 3, Els reis","['Manuel Blancafort', 'Anna Alàs i Jové', 'Miquel Villalba']",0.6341504977589021,24.0,102.0,41.18049029865534
25,6749,Smell The Secrets,['Zillatron'],0.6293247855843369,24.0,102.0,41.17759487135061
25,5311,Diamond On Your Hand,['Antje Duvekot'],0.6131039264340972,25.0,102.0,41.167862355860464
25,4429,Reptile,['Plan 29'],1.240404584529953,36.0,101.0,41.14424275071798
25,1585,The Fun Is Over,['Flux of Pink Indians'],0.5685067280555582,24.0,102.0,41.14110403683334
25,1729,Watch Your Mouth,['Bloody Sunday'],0.5674379983328075,27.0,102.0,41.140462798999685
25,7719,Pell Mell Release Of Chaos,['Headnoise'],0.5437554340199111,24.0,102.0,41.12625326041195
25,36,Six Pack,"['Hard-Ons', 'Neil Hamburger']",0.5384806218644909,25.0,102.0,41.1230883731187
25,1091,So Icy (feat. Young Jeezy),"['Gucci Mane', 'Jeezy']",0.5359801488833746,24.0,102.0,41.12158808933003
25,4385,Black Boy,['Cappadonna'],0.5262105491101414,24.0,102.0,41.11572632946609
25,532,One Chord Wonders,['Armitage Shanks'],0.5204049770495532,24.0,102.0,41.11224298622974
25,4121,Interference,['God Module'],0.49759233756918864,24.0,102.0,41.098555402541514
25,4710,Slaughterhouse [Slut],['Pain Station'],1.1638674979504215,36.0,101.0,41.098320498770256
25,4345,King of My Jungle,['Sero'],0.40072869225764474,20.0,102.0,41.04043721535459
25,1608,Apples,['The Soft Hills'],0.3674363788068419,19.0,102.0,41.02046182728411
25,5228,Is You Is Or Is You Ain't My Baby,['The Hit Crew'],0.36019677790563864,18.0,102.0,41.01611806674339
25,652,I Want You,['Rachael Yamagata'],0.3536687314839752,18.0,102.0,41.01220123889039
25,6289,Morskaya,['SCSI-9'],0.35070755578755053,18.0,102.0,41.01042453347254
25,2404,Moon Boat,['Huong Thanh'],0.3409250454231757,20.0,102.0,41.00455502725391
25,8026,I Still Miss Someone,['Martina McBride'],0.3326790822366451,18.0,102.0,40.999607449341994
25,4902,When Morning Comes,['duo505'],0.32655695403425367,19.0,102.0,40.995934172420554
25,7308,Kleines Herz,['Die Prinzen'],0.3223885733952848,19.0,102.0,40.993433144037176
25,5892,Flamethrowerz,['Brando'],0.32141451881298283,19.0,102.0,40.99284871128779
25,489,Autumn Days,['Gus Black'],0.3213931308230884,18.0,102.0,40.99283587849386
25,126,Muddy Waters,['The Osborne Brothers'],0.32024302068020516,18.0,102.0,40.992145812408125
25,712,Peddi Max (GRRL Remix),"['Henrik the Artist', 'GRRL']",0.31985228994863113,18.0,102.0,40.99191137396918
25,5325,We Have Seen the Enemy,['The Mountain Goats'],0.3179199514857489,18.0,102.0,40.99075197089145
25,4200,Virgin Killer,['Scorpions'],0.31691970414079945,19.0,102.0,40.990151822484485
25,1046,Toes Out To Sea,['Phosphorescent'],0.3161797166323829,19.0,102.0,40.98970782997944
25,7726,Refused To Be Eaten And Embraced To Death,['Headnoise'],0.3150810014727541,19.0,102.0,40.989048600883656
25,4211,Dog Days,['Seepeoples'],0.3137792189732115,19.0,102.0,40.98826753138393
25,6595,Majoun,['Terra Ambient'],0.310363067830543,18.0,102.0,40.98621784069833
25,3104,Cuir Intérieur,['Paris Combo'],0.3064429250323623,18.0,102.0,40.98386575501942
25,1361,Still Burnin',"['60 Channels', 'The Angel']",0.30495943265779046,18.0,102.0,40.98297565959468
25,1691,Royal Oak,['Tempest'],0.3025621032111904,18.0,102.0,40.98153726192672
25,4181,Severed Hand,['Pearl Jam'],0.30152300095295853,18.0,102.0,40.98091380057178
25,5481,"Sister Carrie, Act II: I Could Be Rather Late (Live)","['Robert Aldridge', 'Adriana Zabala', 'Keith Phares', 'Milwaukee Symphony Orchestra', 'William Boggs']",0.28749988697091083,18.0,102.0,40.97249993218255
25,6498,"O Holy Night (feat. Capathia Jenkins, Michael MC Elroy & Shayna Steel)","['Broadway Inspirational Voices', 'Capathia Jenkins', 'Michael McElroy', 'Shayna Steel']",0.286528341768712,18.0,102.0,40.97191700506123
25,4613,"Symphony No. 2 in B-Flat Major, Op. 52, MWV A18, ""Lobgesang"" (Hymn of Praise): II. Allegro moderato maestoso - Allegro di molto","['Felix Mendelssohn', 'Majella Cullagh', 'Mary Nelson', 'Adrian Thompson', 'RTÉ Philharmonic Choir', 'RTÉ National Symphony Orchestra', 'Reinhard Seifried']",0.2813478819543101,18.0,102.0,40.96880872917259
25,3673,Bunkistan,['Bryan Beller'],0.28092825707866076,18.0,102.0,40.9685569542472
25,2010,A Profound Gass,['Henry Mancini'],0.27693756868491287,18.0,102.0,40.96616254121095
25,1951,Shit Kisser,['Solace'],0.27693756868491287,18.0,102.0,40.96616254121095
25,7343,Suleimann - A-Cappella,['Die Prinzen'],0.9058322258117688,30.0,101.0,40.94349933548707
25,7821,Honest,['Lisa Stansfield'],0.21279761904761904,15.0,102.0,40.92767857142857
25,7076,L'Oroscopo Speciale,['Samuele Bersani'],0.2041959520160651,14.0,102.0,40.922517571209646
25,1733,Set In Stone,['Bloody Sunday'],0.861759616301763,32.0,101.0,40.917055769781065
25,7474,La Mariposa,['Aníbal Troilo Y Su Orquesta Típica'],0.18423529411764705,12.0,102.0,40.910541176470595
25,7578,Corazón De Papel,['Aníbal Troilo Y Su Orquesta Típica'],0.177952007602756,14.0,102.0,40.90677120456166
25,1313,Time After Time,['Lucy Ann Polk'],0.17716899196156333,13.0,102.0,40.90630139517694
25,7964,Grab It Now - Sebastian Komor Remix,['Leæther Strip'],0.17703823953823955,13.0,102.0,40.906222943722945
25,2675,Twirror,['Oval'],0.17692307692307693,14.0,102.0,40.90615384615385
25,2085,Firebird,['Tzu'],0.8429664483012401,30.0,101.0,40.90577986898075
25,4819,Closet Chronicles,['Kansas'],0.16658823529411765,12.0,102.0,40.89995294117647
25,7385,The Bumper of My S.U.V.,['Chely Wright'],0.1644092275264452,13.0,102.0,40.89864553651587
25,2823,Brown Rice/Karmapa Chenno,['Shadowfax'],0.15867689357622244,13.0,102.0,40.89520613614574
25,8046,Valentine,"['Jim Brickman', 'Martina McBride']",0.15680672268907564,12.0,102.0,40.89408403361345
25,877,Ooh Baby Baby - Buddha Remastered 2001,['The Five Stairsteps'],0.15655913978494623,13.0,102.0,40.89393548387097
25,387,Alza Tu Voz - En Vivo,['Attaque 77'],0.1563206835888414,12.0,102.0,40.89379241015331
25,2849,"Concerto Grosso in B-Flat Major, Op. 6, No. 11: VI. Giga: Vivace","['Arcangelo Corelli', 'Capella Istropolitana']",0.15275142314990514,12.0,102.0,40.89165085388995
25,363,My Blues,['Brazz Tree'],0.15203127655957843,13.0,102.0,40.891218765935754
25,2263,You Were Different In My Dreams,['Scars Of Tomorrow'],0.8162356280424963,30.0,101.0,40.889741376825505
25,487,So Very Young,['Gus Black'],0.1468352552931143,12.0,102.0,40.888101153175874
25,1353,The Race,['Archer Prewitt'],0.1468352552931143,12.0,102.0,40.888101153175874
25,5642,The Final Countdown - Live Version,['Europe'],0.14591586493114506,13.0,102.0,40.88754951895869
25,4268,The Drums Also Solo,['Moraz Alban Project'],0.14452079566003617,12.0,102.0,40.886712477396024
25,6257,Innahgotta,['Crowbar'],0.14436669998572038,12.0,102.0,40.88662001999143
25,7510,Itch,['Lightning Strikes Across the Sky'],0.14375610948191592,13.0,102.0,40.88625366568915
25,2108,"All Black, All Anal",['Paul Newman'],0.1415904778333621,12.0,102.0,40.88495428670002
25,6744,who's gonna save you now? (part 2),['Mark Mallman'],0.1415904778333621,12.0,102.0,40.88495428670002
25,474,I See,['Suspyre'],0.1375369458128079,12.0,102.0,40.882522167487686
25,465,Father of Hate,['Suspyre'],0.1345054945054945,12.0,102.0,40.8807032967033
25,3126,Me Basta,['José José'],0.13414519906323186,12.0,102.0,40.880487119437944
25,3541,High on Love,['The Knickerbockers'],0.13150194087787398,12.0,102.0,40.87890116452673
25,852,Beautiful,['Karsh Kale'],0.12868725202691048,12.0,102.0,40.87721235121615
25,6552,Air Rider,['Kaito'],0.1277897360371587,12.0,102.0,40.8766738416223
25,2136,Slow,['Ignite'],0.1277897360371587,12.0,102.0,40.8766738416223
25,62,Why Goodbye,['Johnny Mathis'],0.1260545905707196,12.0,102.0,40.87563275434243
25,6799,"To Whom it May Concern (feat. Cam'ron, Guordan Banks, Benny the Butcher & Conway the Machine)","['Jim Jones', 'Cam’ron', 'Guordan Banks', 'Benny The Butcher', 'Conway the Machine']",0.1260545905707196,12.0,102.0,40.87563275434243
25,3912,"St. Luke Passion, TWV 5:13: Chorus: Wo willst du, dass wir's bereiten?","['Georg Philipp Telemann', 'Wolfgang Klose', 'Marcus Ullmann', 'Christian Hilz', 'Raimonds Spogis', 'Thilo Dahlmann', 'Kolner Akademie Choir', 'Kölner Akademie', 'Michael Alexander Willens']",0.12536824877250408,12.0,102.0,40.87522094926351
25,3638,Democracy of the World,['AM Syndicate'],0.12508482857840875,12.0,102.0,40.87505089714705
25,2828,The Orangutan Gang (Strikes Back),['Shadowfax'],0.12371134020618557,12.0,102.0,40.874226804123715
25,1356,Black Rush (feat. Angie Hart),"['60 Channels', 'Angie Hart']",0.12276937568684913,12.0,102.0,40.87366162541211
25,2236,Wade In The Water,['The Make-Up'],0.12276937568684913,12.0,102.0,40.87366162541211
25,5099,Rough Road,['The Cardinal Sin'],0.12276937568684913,12.0,102.0,40.87366162541211
25,8024,True Love Ways,['Martina McBride'],0.057971014492753624,8.0,102.0,40.834782608695654
25,8013,Euphoria,['Collide'],0.050955414012738856,8.0,102.0,40.830573248407646
25,5960,Wild Wild Horses,['Shelley Short'],0.04666666666666667,7.0,102.0,40.828
25,5285,Summer's the Worst,['Michael Leviton'],0.04411764705882353,6.0,102.0,40.826470588235296
25,4923,Renée Died,['Smog'],0.04411764705882353,6.0,102.0,40.826470588235296
25,3590,Can I Get a Hello?,['The Kilborn Alley Blues Band'],0.0440251572327044,7.0,102.0,40.82641509433963
25,5442,Tabula Rasa,['Frost-Raven'],0.0440251572327044,7.0,102.0,40.82641509433963
25,7138,"Keyboard Sonata in B-Flat Major, Op. 5, No. 1, W. A1: II. Tempo di minuetto","['Johann Christian Bach', 'Sophie Yates']",0.040268456375838924,6.0,102.0,40.82416107382551
25,319,Silent Night,['Eric Brace & Peter Cooper'],0.040268456375838924,6.0,102.0,40.82416107382551
25,60,I Will Walk Away,['Johnny Mathis'],0.040268456375838924,6.0,102.0,40.82416107382551
25,4831,Cosas Del Alma,['Eddie Palmieri'],0.03870967741935484,6.0,102.0,40.82322580645162
25,481,Devil Spine,['Gus Black'],0.0379746835443038,6.0,102.0,40.822784810126585
25,1006,A Treasure Smile,['Express Rising'],0.0379746835443038,6.0,102.0,40.822784810126585
25,76,"Will You Come Home with Me?, Garret Barry's",['The McCarthys'],0.0379746835443038,6.0,102.0,40.822784810126585
25,4807,Into States of Consciousness,['Saafi Brothers'],0.03468208092485549,6.0,102.0,40.820809248554916
25,7502,We Got It Hemmed,['Cella Dwellas'],0.03225806451612903,6.0,102.0,40.81935483870968
25,5918,Time,"['Dee Carstensen', 'Shawn Pelton', 'Regina Carter', 'Vinnie Zumo', 'Dawn Andrews', 'Mark Egan']",0.03225806451612903,6.0,102.0,40.81935483870968
25,5585,My Tuesday,['20/20'],0.031914893617021274,6.0,102.0,40.819148936170215
25,2392,Bird Soul - Subtone Remix,"['Pitch Black', 'Subtone']",0.031914893617021274,6.0,102.0,40.819148936170215
25,3127,El Amor Acaba,['José José'],0.031914893617021274,6.0,102.0,40.819148936170215
25,1998,Husbands & Wives,['The Five Americans'],0.030927835051546393,6.0,102.0,40.818556701030936
25,2903,Drive The Cold Winter Away,"['Traditional', 'The Sixteen', 'Harry Christophers']",0.03076923076923077,6.0,102.0,40.81846153846154
25,6065,Forever-One Reporter's Opinion,['Mike Watt'],0.030456852791878174,6.0,102.0,40.81827411167513
25,2640,Whispering Pines,['Johnny Horton'],0.030456852791878174,6.0,102.0,40.81827411167513
25,8261,Hotel Victoria,"[""Juan D'Arienzo y su Orquesta Típica""]",0.687478329528485,25.0,101.0,40.812486997717095
25,499,Sunshine,['Jacinta'],1.3478270520381825,38.0,100.0,40.80869623122291
25,4127,Four Leaf Clover,['Mellowdrone'],0.6788856031588317,24.0,101.0,40.80733136189531
25,5208,Uncontrolled,['Galaxy Rebel'],0.6748726780762666,25.0,101.0,40.80492360684577
25,5038,Don't Deceive Me,['Johnny Otis'],0.0,0.0,102.0,40.800000000000004
25,5026,Why Would the Devil Be Jealous of You?,['Dylan Galvin'],0.0,0.0,102.0,40.800000000000004
25,2790,The Graceful Bamboo,['Huong Thanh'],0.0,0.0,102.0,40.800000000000004
25,4097,I Must Cross (feat. Viveca Hawkins),"['Myka 9', 'Viveca Hawkins']",0.0,0.0,102.0,40.800000000000004
25,1997,Gimme Some Lovin',['The Five Americans'],0.0,0.0,102.0,40.800000000000004
25,6720,We Are Not Married Yet,"['Radim Zenkl', 'Leo Chern']",0.6579966627060999,25.0,101.0,40.79479799762367
25,4093,Where Would You Be,['Myka 9'],0.6437008833799929,24.0,101.0,40.786220530028004
25,616,The Trouble,['Birdeatsbaby'],0.6322568823522255,25.0,101.0,40.77935412941134
25,1788,"Das beste Label (feat. Majoe, SIPO, Summer Cem, 18 Karat & Jasko)","['Farid Bang', 'Majoe', 'Sipo', 'Summer Cem', '18 Karat', 'Jasko']",0.5964082332230299,24.0,101.0,40.757844939933825
25,2099,Roadhead Road,['The Acacia Strain'],0.5797745714241869,25.0,101.0,40.74786474285452
25,7090,D-n-f,['American Dog'],0.5672565247089099,27.0,101.0,40.74035391482535
25,2339,Last Dance,['Scars Of Tomorrow'],0.5659519620669919,26.0,101.0,40.7395711772402
25,2380,Now,['Pushmonkey'],0.5474323975272742,25.0,101.0,40.72845943851637
25,6847,Have Yourself A Merry Little Christmas,['Tracy Silverman'],0.545724096781719,24.0,101.0,40.727434458069034
25,4626,6/8,['Ritual'],0.5437554340199111,24.0,101.0,40.72625326041195
25,2133,Call On My Brothers,['Ignite'],0.5310629260017941,24.0,101.0,40.71863775560108
25,5356,RPH Experience Cypher,"['H.U.R.T.', 'Justa Messenger']",0.5294097191156337,24.0,101.0,40.71764583146938
25,5109,The City in the Sea,['The Ocean'],0.5176142354666342,25.0,101.0,40.71056854127998
25,1950,With Time,['Solace'],0.5029132554275192,24.0,101.0,40.701747953256515
25,6930,Double jeu,"['Hector Zazou', 'Asia Argento']",0.5018467766627568,24.0,101.0,40.70110806599766
25,8259,Yuyo Brujo,"[""Juan D'Arienzo y su Orquesta Típica""]",0.39891983122362873,19.0,101.0,40.63935189873418
25,6371,Fireflies,['Jay Gatz'],0.39269226719279093,20.0,101.0,40.63561536031568
25,4651,Last Night,['Larry Carlton'],0.38603916489176515,20.0,101.0,40.63162349893506
25,6388,I Need Jesus,"['Larry Sparks', 'Marshall Family']",0.35687744027372026,19.0,101.0,40.61412646416424
25,7625,Milonga En Rojo,['Aníbal Troilo Y Su Orquesta Típica'],0.3561759275031513,18.0,101.0,40.6137055565019
25,1877,Detergent II,['Neil Hamburger'],0.3457582417582417,18.0,101.0,40.607454945054954
25,1381,I Get Along Without You Very Well,['Jerry Jeff Walker'],0.3445788211713037,19.0,101.0,40.606747292702785
25,6326,Mkhwenyana,['Yanga Chief'],0.3420216726604458,18.0,101.0,40.605213003596276
25,6095,Steak on a Whim,['Negativland'],0.33810533658876873,18.0,101.0,40.60286320195327
25,2126,Straight Ahead,['Ignite'],0.3380126065999258,19.0,101.0,40.60280756395996
25,584,Eazy-E,['Wesley Willis'],0.33733816824040497,18.0,101.0,40.60240290094425
25,1905,Ingen hör det,['Ulf Lundell'],0.9953107594822439,31.0,100.0,40.59718645568935
25,4170,Sun Dog,['Perpetual Groove'],0.3225256102123988,18.0,101.0,40.59351536612745
25,3764,Bad Character,['Quasimoto'],0.31853007098793273,19.0,101.0,40.59111804259277
25,463,Something To Remember You By,['Delightful Doris Drew'],0.31744413863880205,18.0,101.0,40.590466483183285
25,1354,The Day to Day,['Archer Prewitt'],1.6494399789253398,42.0,99.0,40.5896639873552
25,6742,7 a.m. and sober again,['Mark Mallman'],0.31586160155488324,18.0,101.0,40.58951696093293
25,5627,Comeback,['Pet Lions'],0.31503307036029415,18.0,101.0,40.58901984221618
25,293,Ohh Nothing,['Project Pat'],0.3138362471678825,18.0,101.0,40.58830174830074
25,6491,Away in a Manger (feat. Mark Leroy Jackson),"['The Broadway Cast Of ""Rent""', 'Mark Leroy Jackson']",0.30984555877413456,18.0,101.0,40.58590733526449
25,5371,Alpha Double Negative: Going to Catalina,['The Mountain Goats'],0.3086479066575154,18.0,101.0,40.585188743994514
25,681,Promise I Won't,['Bub Bizzle'],0.30466607445691674,18.0,101.0,40.582799644674154
25,3447,The Truth of Spontaneous Human Combustion,"['Busdriver', 'Of Mexican Descent']",0.29708822092292764,18.0,101.0,40.57825293255376
25,45,Apocalypticism,['Dødheimsgard'],0.29603313557792027,19.0,101.0,40.577619881346756
25,4861,Throwing Darts,['Dag Nasty'],0.2955020183643592,19.0,101.0,40.57730121101862
25,6016,Mounting the Puppy,['Negativland'],0.2941166239074662,18.0,101.0,40.576469974344484
25,467,Waterburns,['Suspyre'],0.290484385724756,18.0,101.0,40.574290631434856
25,6810,Superior Winds,['Bloodaxe'],0.28092825707866076,18.0,101.0,40.5685569542472
25,5847,I'll Love You 'Til I Don't,['Numbers'],0.9439277710467355,30.0,100.0,40.56635666262804
25,5299,Switch,['OOIOO'],0.8793178406820464,31.0,100.0,40.52759070440923
25,7476,Tú,['Aníbal Troilo Y Su Orquesta Típica'],0.19889051094890509,13.0,101.0,40.51933430656935
25,5221,Minnie The Moocher,['The Hit Crew'],0.19066666666666665,13.0,101.0,40.51440000000001
25,7031,Ahh Yea,['Keenon Rush'],0.18576100628930817,13.0,101.0,40.51145660377359
25,2797,The Wild Rover,['Hair of the Dog'],0.17653691275167785,12.0,101.0,40.50592214765101
25,4500,Dick On The Track,['Mystikal'],0.17306707629288273,13.0,101.0,40.503840245775734
25,6739,inside the castle,['Mark Mallman'],0.17194936708860759,12.0,101.0,40.50316962025317
25,4113,Bookworm,"[""Margot & The Nuclear So And So's""]",0.17194936708860759,12.0,101.0,40.50316962025317
25,1609,Spent,['The Soft Hills'],0.16565464895635673,12.0,101.0,40.49939278937382
25,71,"Statia Donnelly, The Humours of Ennistymon",['The McCarthys'],0.16478298406718467,13.0,101.0,40.49886979044032
25,8201,Milonga Del Recuerdo,"[""Juan D'Arienzo y su Orquesta Típica"", 'Alberto Echagüe']",0.1645714285714286,12.0,101.0,40.498742857142865
25,2115,Clear Baby,['Paul Newman'],0.15773460410557186,13.0,101.0,40.49464076246335
25,5462,"Sister Carrie, Act I: No, Carrie No, No (Live)","['Robert Aldridge', 'Keith Phares', 'Leroy Davis', 'Milwaukee Symphony Orchestra', 'William Boggs']",0.15720081135902636,12.0,101.0,40.49432048681542
25,1503,Great River Road,['Jason Upton'],0.15655913978494623,13.0,101.0,40.49393548387097
25,2419,The Impossible Dream,['Andy Abraham'],0.15618538324420678,13.0,101.0,40.49371122994653
25,3546,Chapel in the Fields,['The Knickerbockers'],0.15581560283687945,13.0,101.0,40.49348936170213
25,2511,Hun Kysser Ham Nu,['Marie Key Band'],0.15453363665908354,12.0,101.0,40.49272018199546
25,5447,"Sister Carrie, Act I: Four On, Four Off (Live)","['Robert Aldridge', 'Adriana Zabala', 'Florentine Opera Chorus', 'Milwaukee Symphony Orchestra', 'William Boggs']",0.1520650813516896,12.0,101.0,40.49123904881102
25,5353,Streets Won't Let Me Live,"['H.U.R.T.', 'Justa Messenger']",0.14775085400504423,13.0,101.0,40.488650512403034
25,3708,Driver 8,"[""Pickin' On Series""]",0.14599078341013827,12.0,101.0,40.48759447004609
25,7285,Rotten Fruit,"['L. Supreme', 'Jasonmakesgoodbeats']",0.1450530417839359,12.0,101.0,40.48703182507037
25,5521,"Hal Stark's ""Parking Woes""",['The Firesign Theatre'],0.13927502494180247,12.0,101.0,40.48356501496509
25,7698,Lift up the Dead,['Lightning Strikes Across the Sky'],0.13915966386554623,12.0,101.0,40.48349579831933
25,6063,Max and Wells,['Mike Watt'],0.1386676527477529,13.0,101.0,40.48320059164866
25,6777,Father Forgive Us (feat. Maino),"['Jim Jones', 'Maino']",0.1344180225281602,12.0,101.0,40.4806508135169
25,6121,Trophy Wife,['David J'],0.13308755760368662,12.0,101.0,40.47985253456222
25,6018,Secret Win,['Negativland'],0.13081447157369452,12.0,101.0,40.478488682944224
25,2832,Sinfonia in A Major: III. Presto assai,"['Giovanni Battista Sammartini', 'Capella Istropolitana']",0.13042709867452135,12.0,101.0,40.47825625920472
25,6775,Chasing That Feeling (feat. Marc Scibilia),"['Jim Jones', 'Marc Scibilia']",0.12542983461601442,12.0,101.0,40.47525790076961
25,2667,Guardians of the High Frontier,['Ewigkeit'],0.12508482857840875,12.0,101.0,40.47505089714705
25,5315,Judas,['Antje Duvekot'],0.7890026294869443,28.0,100.0,40.473401577692165
25,8097,Cancion De Amour,['Lisa Lynne'],0.057971014492753624,8.0,101.0,40.434782608695656
25,1102,Suzan s'en va,['Jeanne Mas'],0.051094890510948905,7.0,101.0,40.430656934306576
25,5379,Million,['The Mountain Goats'],0.048,6.0,101.0,40.4288
25,7367,The Official Cars & Trains Theme Song,['Cars & Trains'],0.04411764705882353,6.0,101.0,40.4264705882353
25,1561,Slow Action Is the Best Action,['Run Chico Run'],0.04411764705882353,6.0,101.0,40.4264705882353
25,6490,A Simple Christmas Memory (feat. Joe Machota & Tina Maddigan),"['The Broadway Cast Of ""Mamma Mia""', 'Joe Machota', 'Tina Maddigan']",0.04411764705882353,6.0,101.0,40.4264705882353
25,6662,Silent Night,['Katie McMahon'],0.040268456375838924,6.0,101.0,40.42416107382551
25,6337,Inside the Bubble,['Smalltown Poets'],0.040268456375838924,6.0,101.0,40.42416107382551
25,6023,True False,['Negativland'],0.03870967741935484,6.0,101.0,40.42322580645162
25,1085,Go Head,['Gucci Mane'],0.0379746835443038,6.0,101.0,40.422784810126586
25,2131,In My Time,['Ignite'],0.034482758620689655,6.0,101.0,40.42068965517242
25,85,"The Rolling Wave, Alexander's March",['The McCarthys'],0.03428571428571429,6.0,101.0,40.420571428571435
25,3041,Farmer's Boy,"['Anonymous', 'G.A. Haile', 'Coldstream Guards Regimental Band', 'T.L. Sharpe']",0.03428571428571429,6.0,101.0,40.420571428571435
25,6518,The Holy City (Last night I lay asleeping),"['Stephen Adams', 'Charlotte Church', 'Sian Edwards']",0.03314917127071823,6.0,101.0,40.41988950276244
25,2363,Máirseáil Uí Shúilleabháin or O'Sullivan's March,['Brendan Begley & Caoimhín Ó Raghallaigh'],0.03208556149732621,6.0,101.0,40.4192513368984
25,8061,Tyranny Of Sight And Tyranny Of Seeing - pre-FE track from unreleased 2nd Blue Pine album,['Blue Pine'],0.030927835051546393,6.0,101.0,40.41855670103094
25,5595,Dilaudid - Marrtronix Version,['The Mountain Goats'],0.030456852791878174,6.0,101.0,40.41827411167513
25,3821,Afterthought,['Museum Of Fear'],0.6886117430397574,25.0,100.0,40.413167045823855
25,5923,What A Little Love Can Do,"['Dee Carstensen', 'Shawn Pelton', 'Vinnie Zumo', 'Mark Egan']",0.6849727464459602,25.0,100.0,40.410983647867575
25,2777,Gun Line,"['C.E. Ugly Brotha', 'envy', 'Church', 'Dammit']",0.0,0.0,101.0,40.400000000000006
25,4452,Futureman to Presentman,['Askeleton'],0.0,0.0,101.0,40.400000000000006
25,1365,Like Dynamite (feat. Karen Grant),"['60 Channels', 'Karen Grant']",0.6313931532344481,24.0,100.0,40.37883589194067
25,4328,Shapeshifter,['Seraphim Shock'],1.2853535286172244,36.0,99.0,40.37121211717034
25,5958,Roaring Roars,['Shelley Short'],0.6175737361584184,25.0,100.0,40.37054424169505
25,6811,Threshold of the Unseen,['Bloodaxe'],0.6098242205815783,25.0,100.0,40.365894532348946
25,5420,Song For An Old Friend,['The Mountain Goats'],0.598024565324921,25.0,100.0,40.358814739194955
25,140,"The Love For Three Oranges, Op. 33 (Sung in English): Act II Scene 1: Howzat?! (Truffaldino, Prince, Eccentrics, Comics)","['Sergei Prokofiev', 'Bruce Martin', 'John Mac Master', 'Deborah Humble', 'Teddy Tahu Rhodes', 'William Ferguson', 'Warwick Fyfe', 'Jud Arthur', 'Elizabeth Whitehouse', 'Wendy Dawn Thompson', 'Sally-Anne Russell', 'Ali McGregor', 'Arend Baumann', 'Richard Alexander', 'Catherine Carby', 'Graeme Macfarlane', 'Tim DuFore', 'Opera Australia Chorus', 'Australian Opera and Ballet Orchestra', 'Richard Hickox']",0.5895979999341402,24.0,100.0,40.35375879996048
25,7732,Yuyo Verde,['Aníbal Troilo Y Su Orquesta Típica'],0.5789164169365231,24.0,100.0,40.34734985016191
25,3009,Break You Down (feat. Marilyn Manson),"['Godhead', 'Marilyn Manson']",0.5660021990676933,26.0,100.0,40.33960131944062
25,3990,Slow Down,['Wale Oyejide'],0.551748458256816,24.0,100.0,40.33104907495409
25,5101,Keep You Guessing,['The Cardinal Sin'],0.5465444989519987,25.0,100.0,40.3279266993712
25,5402,Against Agamemnon,['The Mountain Goats'],0.545264983466709,25.0,100.0,40.32715899008002
25,3690,Poppa's Gin In The Chicken Feed,"['Triptych Myth', 'Cooper-Moore', 'Tom Abbs', 'Chad Taylor']",0.5368387519050317,24.0,100.0,40.32210325114302
25,3842,On the Rollin' Sea,['Jim Henry & Brooks Williams'],0.5356448349415701,24.0,100.0,40.32138690096494
25,5713,Joyce Carol Oates Is a Boring Old Biddy,['The Lawrence Arms'],0.5252435487824332,24.0,100.0,40.31514612926946
25,6084,End Of Desire,['Jennifer Berezan'],0.5240888012573032,24.0,100.0,40.314453280754385
25,3272,"Fool for Your Loving - Live in New York, NY, 10/4/2008",['Whitesnake'],0.5238580791047907,24.0,100.0,40.314314847462875
25,141,"The Love For Three Oranges, Op. 33 (Sung in English): Act II Scene 1: Here they come… ain't it grand? It's beginning, so hurry, hurry! (Truffaldino, Prince)","['Sergei Prokofiev', 'Bruce Martin', 'John Mac Master', 'Deborah Humble', 'Teddy Tahu Rhodes', 'William Ferguson', 'Warwick Fyfe', 'Jud Arthur', 'Elizabeth Whitehouse', 'Wendy Dawn Thompson', 'Sally-Anne Russell', 'Ali McGregor', 'Arend Baumann', 'Richard Alexander', 'Catherine Carby', 'Graeme Macfarlane', 'Tim DuFore', 'Opera Australia Chorus', 'Australian Opera and Ballet Orchestra', 'Richard Hickox']",0.4338332350513032,21.0,100.0,40.26029994103078
25,425,Gone,['Norken'],0.3795977973253236,19.0,100.0,40.2277586783952
25,1615,Echoes of Desperation and Hate,['Abhor'],0.3787294197604282,18.0,100.0,40.22723765185626
25,2121,Under The Golden Horses,['Paul Newman'],0.372560685133146,19.0,100.0,40.223536411079884
25,2257,Don't,['Tamara Silvera'],0.36780718798521755,19.0,100.0,40.22068431279113
25,7327,Sweet Chariot,['Charlotte Martin'],0.3674363788068419,19.0,100.0,40.220461827284105
25,369,Four Elements,['Brazz Tree'],0.35687744027372026,19.0,100.0,40.21412646416423
25,1764,"Concerto for Strings in G Major, Op. 7, No. 4: I. Allegro","['Tomaso Albinoni', 'London Virtuosi', 'John Georgiadis']",0.3410924369747899,18.0,100.0,40.204655462184874
25,3408,Dardanus Ballet Suite: VII. Air gai en rondeau,"['Jean-Philippe Rameau', 'European Union Baroque Orchestra', 'Roy Goodman']",0.3397915442427242,18.0,100.0,40.20387492654564
25,5459,"Sister Carrie, Act I: My Darling! (Live)","['Robert Aldridge', 'Keith Phares', 'Adriana Zabala', 'Milwaukee Symphony Orchestra', 'William Boggs']",0.3371858586099928,19.0,100.0,40.202311515165995
25,2118,The Cup Is Fierce,['Paul Newman'],0.3331910858775599,18.0,100.0,40.199914651526534
25,389,Soy de Attaque - En Vivo,['Attaque 77'],0.33295209653762864,21.0,100.0,40.19977125792258
25,2030,What's Happening!!,['Henry Mancini'],0.33098610425240677,18.0,100.0,40.19859166255144
25,2024,How Soon - Vocal,['Henry Mancini'],0.329644438097958,19.0,100.0,40.197786662858775
25,4620,"Symphony No. 2 in B-Flat Major, Op. 52, MWV A18, ""Lobgesang"" (Hymn of Praise): IX. Andante sostenuto assai","['Felix Mendelssohn', 'Majella Cullagh', 'Mary Nelson', 'Adrian Thompson', 'RTÉ Philharmonic Choir', 'RTÉ National Symphony Orchestra', 'Reinhard Seifried']",0.329644438097958,19.0,100.0,40.197786662858775
25,872,You Waited Too Long - Buddha Remastered 2001,['The Five Stairsteps'],0.3260999781360627,18.0,100.0,40.19565998688164
25,6303,Sexy Lady,['Jakk Jo'],0.3176351170567224,18.0,100.0,40.19058107023403
25,1377,Cottage For Sale,['Jerry Jeff Walker'],0.3165070047067443,18.0,100.0,40.189904202824046
25,2042,Poogly,['The Devotchkas'],0.3091620896935916,19.0,100.0,40.18549725381615
25,2765,Mejor,['Los Enemigos'],0.3089501210515384,18.0,100.0,40.185370072630924
25,4911,Falling Away from Me - Live at CBGB,['Korn'],0.3023393902920566,19.0,100.0,40.18140363417523
25,2771,No Estoy,['Los Enemigos'],0.29544005164420273,18.0,100.0,40.17726403098652
25,5995,Land Of Spook,"['Drywall', 'Stan Ridgway']",0.29090246424414135,18.0,100.0,40.17454147854649
25,2101,All She Wrote,['The Acacia Strain'],0.2884241531664212,18.0,100.0,40.173054491899855
25,5858,Sweet Kin,['Black Lips'],0.2833719237186769,18.0,100.0,40.17002315423121
25,290,Show Your Golds,['Project Pat'],0.27993493517530543,18.0,100.0,40.16796096110518
25,8267,Orillas Del Plata,"[""Juan D'Arienzo y su Orquesta Típica""]",0.27693756868491287,18.0,100.0,40.166162541210944
25,3296,Please Don't Ask Me,['Sharon Cuneta'],0.27693756868491287,18.0,100.0,40.166162541210944
25,5426,The Sign,['The Mountain Goats'],0.27693756868491287,18.0,100.0,40.166162541210944
25,1797,Worship You Lord,['Maurette Brown Clark'],0.9378639158199463,32.0,99.0,40.16271834949197
25,6234,Easter Surgery,"['Open Mike Eagle', 'Serengeti', 'Jefferson DeJesus']",0.8871840310702919,30.0,99.0,40.13231041864218
25,957,Loose Booty,['Funkadelic'],0.8455673329368041,32.0,99.0,40.10734039976209
25,2201,Jesus Are You Real,['Mason Jennings'],0.17716899196156333,13.0,100.0,40.106301395176935
25,2157,Do What You Do,['New World Generation'],0.17653691275167785,12.0,100.0,40.10592214765101
25,8036,A Broken Wing,['Martina McBride'],0.17653691275167785,12.0,100.0,40.10592214765101
25,7558,Bulerías,"['Antonio ""El Agujetas""']",0.17194936708860759,12.0,100.0,40.10316962025316
25,5414,Rain Song,['The Mountain Goats'],0.1645714285714286,12.0,100.0,40.09874285714286
25,8116,Discreet Robots,['Familiar Trees'],0.1640394471191179,13.0,100.0,40.09842366827147
25,5317,South,['Antje Duvekot'],0.16155717761557176,13.0,100.0,40.096934306569345
25,3816,Concrete Witness - Analogue Audio Association Remix 1,['Metroland'],0.1563206835888414,12.0,100.0,40.093792410153306
25,6589,Hasta la vista Mozart,"['Wolfgang Amadeus Mozart', 'Klazz Brothers', 'Cuba Percussion']",0.15603139093071977,13.0,100.0,40.093618834558434
25,2664,1947,['Ewigkeit'],0.15562464265294454,13.0,100.0,40.09337478559177
25,3712,Find the River,"[""Pickin' On Series""]",0.15367697594501717,13.0,100.0,40.09220618556701
25,1975,"Dragula (from ""Haunt"")",['Lissie'],0.15275142314990514,12.0,100.0,40.091650853889945
25,4418,Cluttered,['Charlie Brown Gets A Valentine'],0.8190715436440118,31.0,99.0,40.09144292618641
25,8014,Euphoria-video edit,['Collide'],0.1520650813516896,12.0,100.0,40.09123904881101
25,8255,"Dios Te Salve, M'Hijo","[""Juan D'Arienzo y su Orquesta Típica""]",0.14800759013282733,12.0,100.0,40.088804554079694
25,5499,Crisis in Terror!,['The Firesign Theatre'],0.14599078341013827,12.0,100.0,40.087594470046085
25,1648,Deadly Disease,['Azrael'],0.1452922077922078,13.0,100.0,40.08717532467532
25,266,Body and Soul,['Christy Baron'],0.14470803574633026,12.0,100.0,40.0868248214478
25,2817,Angels Without Their Wings,"[""Meredith d'Ambrosio""]",0.14470803574633026,12.0,100.0,40.0868248214478
25,7694,Misery Stratagem,['Lightning Strikes Across the Sky'],0.14436669998572038,12.0,100.0,40.08662001999143
25,6015,Fourth of July,['Negativland'],0.14436669998572038,12.0,100.0,40.08662001999143
25,6487,Merry Kwaanz-Ukah!,"['The Broadway Cast Of ""Chicago""']",0.14239258285477063,12.0,100.0,40.08543554971286
25,2226,Intro,['The Make-Up'],0.14193548387096774,12.0,100.0,40.08516129032258
25,2915,X-Miner,['Three Mile Pilot'],0.14046549612086567,12.0,100.0,40.084279297672516
25,3247,All the Time in the World,['Whitesnake'],0.13977915432265015,12.0,100.0,40.08386749259359
25,2521,All the Time in the World,['Whitesnake'],0.13977915432265015,12.0,100.0,40.08386749259359
25,6679,february war,['Rabbit Junk'],0.13832967909109029,12.0,100.0,40.08299780745465
25,1358,Beyond The Chemical Domain (feat. Navigator),"['60 Channels', 'Navigator']",0.13793559042113956,12.0,100.0,40.08276135425268
25,497,Stop Requested,['Jacinta'],0.1370851370851371,13.0,100.0,40.082251082251084
25,1702,Life (Adouna),"[""Youssou N'Dour""]",0.13655913978494622,13.0,100.0,40.081935483870964
25,4658,Mulberry Street,['Larry Carlton'],0.13010518892871836,12.0,100.0,40.07806311335723
25,3641,War of the Universe,['Luca Turilli'],0.12948513415518492,12.0,100.0,40.07769108049311
25,1541,Giants,['The Samples'],0.12868725202691048,12.0,100.0,40.07721235121615
25,4891,Fire Of Loneliness,['Leslie Tucker'],0.1283459162663006,12.0,100.0,40.07700754975978
25,268,Round Midnight,['Christy Baron'],0.12371134020618557,12.0,100.0,40.07422680412371
25,6007,Oriental Flower,['Thom Rotella'],0.12276937568684913,12.0,100.0,40.07366162541211
25,1254,Beside You,['Tal Bachman'],0.057971014492753624,8.0,100.0,40.03478260869565
25,523,Old Fords and a Natural Stone,['Willie Nelson'],0.051094890510948905,7.0,100.0,40.03065693430657
25,1904,Varmt land,['Ulf Lundell'],0.051094890510948905,7.0,100.0,40.03065693430657
25,6392,I Want You To Meet My Friend,"['Larry Sparks', 'Tom T. Hall']",0.051094890510948905,7.0,100.0,40.03065693430657
25,2022,The Pink Panther Theme,['Henry Mancini'],0.048,6.0,100.0,40.0288
25,3056,Men of Harlech,"['Traditional', 'M. Retford', 'Coldstream Guards Regimental Band', 'T.L. Sharpe']",0.048,6.0,100.0,40.0288
25,8268,Silueta Porteña,"[""Juan D'Arienzo y su Orquesta Típica""]",0.048,6.0,100.0,40.0288
25,876,World Of Fantasy - Buddha Remastered 2001,['The Five Stairsteps'],0.04666666666666667,7.0,100.0,40.028
25,81,The Shyan Hornpipe,['The McCarthys'],0.04411764705882353,6.0,100.0,40.02647058823529
25,1796,Don't Be Discouraged,['Maurette Brown Clark'],0.04411764705882353,6.0,100.0,40.02647058823529
25,6967,Le présent,['Annie Villeneuve'],0.04411764705882353,6.0,100.0,40.02647058823529
25,647,I'll Find a Way,['Rachael Yamagata'],0.04411764705882353,6.0,100.0,40.02647058823529
25,1100,Pas Grandi,['Jeanne Mas'],0.04411764705882353,6.0,100.0,40.02647058823529
25,3282,Winter's Warning III. Summer Requiem,['Autumn Tears'],0.0440251572327044,7.0,100.0,40.026415094339626
25,3464,Low,"['DRE-B', 'Lul Florida']",0.040268456375838924,6.0,100.0,40.0241610738255
25,2452,Millenium,['DJ Cam'],0.040268456375838924,6.0,100.0,40.0241610738255
25,761,So Finster die Nacht (Fracture's Astrophonica Remix),['Sub'],0.03870967741935484,6.0,100.0,40.02322580645161
25,1761,"Oboe Concerto in C Major, Op. 7, No. 12: I. Allegro","['Tomaso Albinoni', 'Anthony Camden', 'London Virtuosi', 'John Georgiadis']",0.038461538461538464,7.0,100.0,40.02307692307692
25,5812,Litany For A Return,['Marc Almond'],0.0379746835443038,6.0,100.0,40.02278481012658
25,4894,Little Box,['Leslie Tucker'],0.0379746835443038,6.0,100.0,40.02278481012658
25,3265,"Soldier of Fortune - Live in Tokyo, Japan, 5/7/1997; Remix",['Whitesnake'],0.0379746835443038,6.0,100.0,40.02278481012658
25,3034,The Soldier's of the Queen,"['Lionel Monckton', 'Coldstream Guards Regimental Band', 'T.L. Sharpe']",0.035897435897435895,7.0,100.0,40.02153846153846
25,4784,Detroit - Apollo Brown Mix,['Boog Brown'],0.03468208092485549,6.0,100.0,40.02080924855491
25,2641,I Got A Hole In My Pirogue,['Johnny Horton'],0.034482758620689655,6.0,100.0,40.02068965517241
25,6293,Dirty South,['Jakk Jo'],0.03409090909090909,6.0,100.0,40.02045454545455
25,2632,I'm A One-Woman Man,['Johnny Horton'],0.03278688524590164,6.0,100.0,40.019672131147544
25,3620,Ornamentation,['Trial of the Bow'],0.03225806451612903,6.0,100.0,40.019354838709674
25,5385,I Corinthians 13: 8-10,['The Mountain Goats'],0.03225806451612903,6.0,100.0,40.019354838709674
25,2904,"Nowell, Nowell, The Boares Head","['Traditional', 'The Sixteen', 'Harry Christophers']",0.03208556149732621,6.0,100.0,40.01925133689839
25,5043,Knocks Me Off My Feet,['Christy Baron'],0.03208556149732621,6.0,100.0,40.01925133689839
25,318,Nice Old Man,['Eric Brace & Peter Cooper'],0.031914893617021274,6.0,100.0,40.01914893617021
25,7848,Telephone (Interlude),['Mandy Moore'],0.031914893617021274,6.0,100.0,40.01914893617021
25,7881,I'll Say I'm Sorry Now,['Shawn Colvin'],0.030927835051546393,6.0,100.0,40.01855670103093
25,1692,Leaving,"[""Youssou N'Dour""]",0.03076923076923077,6.0,100.0,40.01846153846154
25,3133,Seré,['José José'],0.03076923076923077,6.0,100.0,40.01846153846154
25,2723,Ringo No Uta,['Aurelio Voltaire'],0.03076923076923077,6.0,100.0,40.01846153846154
25,7866,St. Louis Blues,['Deanna Kirk'],0.0,0.0,100.0,40.0
25,760,3000 Hours,['Indidjinous'],0.0,0.0,100.0,40.0
25,2742,"Violin Sonata No. 2 in A Minor, BWV 1003: II. Fuga","['Johann Sebastian Bach', 'Lucy van Dael']",0.0,0.0,100.0,40.0
25,2635,Johnny Reb,['Johnny Horton'],0.0,0.0,100.0,40.0
25,3805,Chardonnet,['Iiwanajulma'],0.0,0.0,100.0,40.0
25,4294,Flying Colors,['Ultralash'],0.0,0.0,100.0,40.0
25,1745,Strip Clubs,"['Phil Johnson', 'Roadside Attraction']",0.0,0.0,100.0,40.0
25,5326,Standard Bitter Love Song #7,['The Mountain Goats'],0.0,0.0,100.0,40.0
25,2230,Call Me Mommy,['The Make-Up'],0.0,0.0,100.0,40.0
25,4459,Gemini,['Askeleton'],0.0,0.0,100.0,40.0
25,1330,White Sky,['Archer Prewitt'],0.6333148056698757,24.0,99.0,39.97998888340193
25,5840,Black Crow Heart of Gold,['Numbers'],0.6114258332854159,26.0,99.0,39.96685549997125
25,6250,Down Into The Rotting Earth,['Crowbar'],0.6008280144902536,24.0,99.0,39.96049680869415
25,8086,World - Cruxshadows Remix,['Croc Shop'],0.592146738898605,24.0,99.0,39.955288043339166
25,5511,It's Saddam Shame!,['The Firesign Theatre'],0.5614512865544734,24.0,99.0,39.93687077193268
25,7092,Too Damn Sober,['American Dog'],0.5268517278826557,25.0,99.0,39.916111036729596
25,3820,Mindwheel,['Museum Of Fear'],0.5157474800264497,24.0,99.0,39.90944848801587
25,8059,Seagulls On The Rise - pre-FE track from unreleased 2nd Blue Pine album,['Blue Pine'],0.5041627673369296,24.0,99.0,39.90249766040216
25,430,More Frequencies,['Norken'],0.452846547314578,21.0,99.0,39.87170792838875
25,5785,What Is It About Me?,['Eli Conley'],0.4477618243243243,23.0,99.0,39.868657094594596
25,7326,Steel,['Charlotte Martin'],0.3990136338694019,19.0,99.0,39.83940818032164
25,6740,hook hand,['Mark Mallman'],0.3902769918093819,18.0,99.0,39.83416619508563
25,7324,Your Armor,['Charlotte Martin'],0.38224850765650176,20.0,99.0,39.8293491045939
25,7519,Thieves in the Night,['The Jac'],0.3790013608051582,19.0,99.0,39.8274008164831
25,3169,African Walk (Zamunda),['Madlib'],0.3736502384737679,18.0,99.0,39.82419014308426
25,2753,The Chosen,['Aurelio Voltaire'],0.35469824418129847,18.0,99.0,39.81281894650878
25,7423,Blissful Burden,['Unai'],0.3529675310984609,19.0,99.0,39.81178051865908
25,6614,In Time,['Jefferson Airplane'],0.34941499479596594,18.0,99.0,39.809648996877584
25,2685,Nothing Comes Easy,['Saigon'],0.3321512695585153,19.0,99.0,39.79929076173511
25,8279,La Viruta,"[""Juan D'Arienzo y su Orquesta Típica""]",0.3304214823759416,19.0,99.0,39.79825288942557
25,54,Teenanger,['Dødheimsgard'],0.32965015712745677,19.0,99.0,39.79779009427647
25,7668,Poinsettia,['Godzuki'],0.3260598321085603,19.0,99.0,39.795635899265136
25,7962,I Can't Shake It,['Five Horse Johnson'],0.31821377754063007,19.0,99.0,39.79092826652438
25,8277,Ataniche,"[""Juan D'Arienzo y su Orquesta Típica""]",0.3138362471678825,18.0,99.0,39.78830174830073
25,8050,The Mayor Laments The Failures Of His Many Townfolk,['Frog Eyes'],0.3121877716603883,18.0,99.0,39.787312662996236
25,6672,on your head no one can hear you scream,['Rabbit Junk'],0.30495943265779046,18.0,99.0,39.782975659594676
25,3835,I Think It's Going to Work Out Fine,['Jim Henry & Brooks Williams'],0.30495943265779046,18.0,99.0,39.782975659594676
25,3160,Money Hugger (Gold Diggin),['Madlib'],0.29300597456509525,18.0,99.0,39.77580358473906
25,3709,Nightswimming,"[""Pickin' On Series""]",0.29183588461938975,19.0,99.0,39.775101530771636
25,4288,Be Good,['Tokyo Police Club'],0.2884241531664212,18.0,99.0,39.773054491899856
25,7481,Seleccion De Tangos De Julio De Caro,['Aníbal Troilo Y Su Orquesta Típica'],0.28092825707866076,18.0,99.0,39.768556954247195
25,5691,Die Legion,['Kreuzweg Ost'],0.9218894353336726,35.0,98.0,39.75313366120021
25,3577,Message Personnel,['Dot Allison'],0.8817607305725713,31.0,98.0,39.72905643834355
25,3091,Derminal Tusk,['Enduser'],0.8712641494068787,31.0,98.0,39.72275848964413
25,4715,Sinking,['Pain Station'],0.1991614255765199,14.0,99.0,39.719496855345916
25,6087,Extra Sharp Pencils,['Negativland'],0.18138364779874214,14.0,99.0,39.708830188679244
25,3097,Anémiques Maracas,['Paris Combo'],0.1773492415834258,13.0,99.0,39.706409544950056
25,517,"Do Right Woman, Do Right Man",['Willie Nelson'],0.1736142238159271,14.0,99.0,39.70416853428956
25,2463,Pressure,"['B.M.R.', 'Big City Tha Don', '$incityy']",0.17194936708860759,12.0,99.0,39.70316962025316
25,1150,Land Of Look Behind,['Bill Laswell'],0.17194936708860759,12.0,99.0,39.70316962025316
25,3039,Widecombe Fair - We've Lived and Loved Together - The Maid of Glenconnel,"['Anonymous', 'K. Boulding', 'Coldstream Guards Regimental Band', 'T.L. Sharpe']",0.1691762252346194,13.0,99.0,39.70150573514077
25,5855,Down And Out,['Black Lips'],0.16877220686932493,12.0,99.0,39.7012633241216
25,405,Nightlife At 3:33,['Buscemi'],0.16418181818181818,12.0,99.0,39.69850909090909
25,2642,The Mansion You Stole,['Johnny Horton'],0.1640394471191179,13.0,99.0,39.698423668271474
25,525,Last Thing I Needed First Thing This Morning,['Willie Nelson'],0.1619008202272556,13.0,99.0,39.697140492136356
25,6647,Soweto,['Yanga Chief'],0.1610738255033557,12.0,99.0,39.696644295302015
25,83,"The Pinch of Snuff, Come West Along the Road",['The McCarthys'],0.8265395730002004,30.0,98.0,39.69592374380012
25,4464,White Mule II,['Jack Rose'],0.8241952189346946,30.0,98.0,39.69451713136082
25,4177,Sweet Oblivious Antidote,['Perpetual Groove'],0.15648627984028546,12.0,99.0,39.69389176790417
25,6926,Paralyzed,"['Hector Zazou', 'Emma Stow']",0.15648627984028546,12.0,99.0,39.69389176790417
25,1383,Way of the Sun,['Archer Prewitt'],0.15648627984028546,12.0,99.0,39.69389176790417
25,7339,Abgehau'n - A-Cappella,['Die Prinzen'],0.15603139093071977,13.0,99.0,39.693618834558436
25,558,The Bright Lady,['Joseph McLaughlin'],0.15453363665908354,12.0,99.0,39.692720181995455
25,1413,Crazyhorse Mongoose,['Galactic'],0.15437158469945356,13.0,99.0,39.692622950819676
25,3427,Better Off Now,['The Kilborn Alley Blues Band'],0.15293065492570168,13.0,99.0,39.69175839295542
25,5002,Omie Wise,['Bert Jansch'],0.1526565143824027,13.0,99.0,39.69159390862944
25,5318,Anna,['Antje Duvekot'],0.1520650813516896,12.0,99.0,39.69123904881101
25,423,All Blues,['Inga Swearingen'],0.15009096422073986,12.0,99.0,39.69005457853245
25,4899,Walzer Oder Nicht,['duo505'],0.15009096422073986,12.0,99.0,39.69005457853245
25,2875,Don't End Your Dreams,['Mad At The World'],0.14977375565610862,12.0,99.0,39.689864253393665
25,6386,Where The Sweet Water Flows,"['Larry Sparks', 'The Isaacs']",0.1491489997014034,12.0,99.0,39.68948939982084
25,6779,Pardon My Thoughts (feat. Dave East),"['Jim Jones', 'Dave East']",0.14531352893831856,12.0,99.0,39.68718811736299
25,6784,A Monster Made It,['Jim Jones'],0.1450530417839359,12.0,99.0,39.68703182507036
25,7059,You Don't Have To Hang Around,['The Novaks'],0.14470803574633026,12.0,99.0,39.6868248214478
25,3785,Axe Puzzles,['Quasimoto'],0.14193548387096774,12.0,99.0,39.68516129032258
25,7139,"Keyboard Sonata in D Major, Op. 5, No. 2, W. A2: I. Allegro di molto","['Johann Christian Bach', 'Sophie Yates']",0.1414506183354342,12.0,99.0,39.68487037100126
25,5418,The Lady From Shanghai,['The Mountain Goats'],0.1414506183354342,12.0,99.0,39.68487037100126
25,4346,La Soleil,['Sero'],0.14046549612086567,12.0,99.0,39.68427929767252
25,1158,Yesterdays,['Marilyn Scott'],0.13927502494180247,12.0,99.0,39.68356501496508
25,3125,Desesperado,['José José'],0.13833306042246601,12.0,99.0,39.68299983625348
25,5914,Indigenous People Part 2,"['Indigenous People', 'Marc Cary']",0.13422902671457584,12.0,99.0,39.68053741602875
25,3715,Endgame,"[""Pickin' On Series""]",0.13367697594501718,13.0,99.0,39.68020618556701
25,5623,When I Grow Old,['Pet Lions'],0.132742551566081,12.0,99.0,39.67964553093965
25,557,Miss Ramsay / James Byrne's Reel,['Gay McKeon'],0.7993235252907941,30.0,98.0,39.67959411517448
25,4067,Jambalaya,"['Richie Cole', 'Boots Randolph']",0.12815401264452925,12.0,99.0,39.67689240758672
25,6120,Bright In Your Absence,['David J'],0.12276937568684913,12.0,99.0,39.67366162541211
25,2179,Let 'Em In,"['Brian Bromberg', 'Vinnie Colaiuta', 'Randy Waldman']",0.12276937568684913,12.0,99.0,39.67366162541211
25,4291,Bmw,['Ultralash'],0.057971014492753624,8.0,99.0,39.63478260869565
25,4360,The Letter,['Tadd Mullinix'],0.052980132450331126,8.0,99.0,39.6317880794702
25,4440,I Stopped Asking,['Kathleen Wilhoite'],0.051094890510948905,7.0,99.0,39.63065693430657
25,5808,The Good Life,['Shirley Horn'],0.051094890510948905,7.0,99.0,39.63065693430657
25,2816,Miracle Of Spring,"[""Meredith d'Ambrosio""]",0.051094890510948905,7.0,99.0,39.63065693430657
25,5397,You Should Know,['Rebecca Folsom'],0.051094890510948905,7.0,99.0,39.63065693430657
25,461,I Cried For You,['Delightful Doris Drew'],0.04666666666666667,7.0,99.0,39.628
25,4100,Face Of A Waterfall,['Myka 9'],0.04666666666666667,7.0,99.0,39.628
25,3163,Chopstyle (Suey Blast),['Madlib'],0.04666666666666667,7.0,99.0,39.628
25,1216,Deuces Up Feat Paul Wall & Yung Redd,['B.G.'],0.04666666666666667,7.0,99.0,39.628
25,6519,Plaisir d'amour,"['Jean-Paul-Égide Martini', 'Charlotte Church', 'Sian Edwards']",0.04411764705882353,6.0,99.0,39.62647058823529
25,2594,Miss You,['Smokie'],0.04411764705882353,6.0,99.0,39.62647058823529
25,5412,Sail On,['The Mountain Goats'],0.040268456375838924,6.0,99.0,39.624161073825505
25,6175,Intro (feat. Droop-E),['Droop-E'],0.040268456375838924,6.0,99.0,39.624161073825505
25,665,A Special Request,['Neil Hamburger'],0.040268456375838924,6.0,99.0,39.624161073825505
25,615,Sailor Boy,['Black Tape For A Blue Girl'],0.0379746835443038,6.0,99.0,39.62278481012658
25,4286,Shoulders & Arms,['Tokyo Police Club'],0.03314917127071823,6.0,99.0,39.61988950276243
25,7984,Two Hum,['Delarosa And Asora'],0.03296703296703297,6.0,99.0,39.619780219780225
25,3087,Tguk,['Exillon'],0.03208556149732621,6.0,99.0,39.619251336898394
25,6782,Been Like That (feat. DramaB2R),"['Jim Jones', 'DramaB2R']",0.031914893617021274,6.0,99.0,39.61914893617021
25,2333,Perfect Beauty,['Scars Of Tomorrow'],0.030456852791878174,6.0,99.0,39.61827411167513
25,992,Bob's Hideout,['Comedian Bob Marley'],0.030456852791878174,6.0,99.0,39.61827411167513
25,6154,Backstage Pass,['Negativland'],0.0,0.0,99.0,39.6
25,3287,The Widowtree,['Autumn Tears'],0.0,0.0,99.0,39.6
25,6343,What Are We Gonna Do Now,['Indigo De Souza'],0.0,0.0,99.0,39.6
25,5905,Virtuous,['Brando'],0.0,0.0,99.0,39.6
25,1611,Wandering,['The Soft Hills'],0.0,0.0,99.0,39.6
25,5048,Body and Soul,['Christy Baron'],0.0,0.0,99.0,39.6
25,3155,Box Top (Cardboard Dues),['Madlib'],0.0,0.0,99.0,39.6
25,4901,Einbass,['duo505'],0.0,0.0,99.0,39.6
25,2505,Nine Black Poppies,['The Mountain Goats'],0.0,0.0,99.0,39.6
25,6620,Crown of Creation,['Jefferson Airplane'],0.6630160617292584,25.0,98.0,39.59780963703756
25,1323,The Best Is Yet To Come,['Archer Prewitt'],0.6351010802182709,24.0,98.0,39.581060648130965
25,7882,Fall Of Rome,['Shawn Colvin'],0.6237377742532382,25.0,98.0,39.574242664551946
25,4234,Untitled,['Various Artists'],0.6015963858783919,26.0,98.0,39.56095783152704
25,2107,"Way To Breathe, No-Breath",['Paul Newman'],0.5561260389197948,25.0,98.0,39.53367562335188
25,6253,Buried Once Again,['Crowbar'],0.5303239170832396,24.0,98.0,39.51819435024995
25,7714,Unbreakable,['CIRRUS'],0.5287197070404224,24.0,98.0,39.517231824224254
25,2012,Mr. Lucky,['Henry Mancini'],0.5251695493093016,25.0,98.0,39.51510172958558
25,2267,Last Dance,['Scars Of Tomorrow'],0.5238580791047907,24.0,98.0,39.51431484746288
25,1502,They Will Know We Are Christians,['Jason Upton'],0.3787294197604282,18.0,98.0,39.42723765185626
25,6610,Do It Again,['Demolition Doll Rods'],0.3721555682773237,21.0,98.0,39.423293340966396
25,3178,Countdown,['U.K. Subs'],0.3720976220275344,18.0,98.0,39.42325857321652
25,6923,Trouble Fête,['Hector Zazou'],0.36943499967580884,19.0,98.0,39.42166099980549
25,4989,Now Hollow,['Halo'],0.3689849596805097,19.0,98.0,39.42139097580831
25,482,Rollercoaster,['Gus Black'],0.36357730812013345,18.0,98.0,39.41814638487208
25,3771,Real Eyes,['Quasimoto'],0.3619702934074779,18.0,98.0,39.41718217604449
25,3268,"Give Me All Your Love - Live in New York, NY, 10/4/2008",['Whitesnake'],0.35003204596174775,19.0,98.0,39.41001922757705
25,6213,Ceiño da miña aldea,"['Manuel Blancafort', 'Anna Alàs i Jové', 'Miquel Villalba']",0.3485497190821093,18.0,98.0,39.40912983144927
25,6091,By Truck,['Negativland'],0.3359354358321524,18.0,98.0,39.401561261499296
25,4363,Oracolo,['Blaze of Sorrow'],0.33274444114266793,20.0,98.0,39.399646664685605
25,623,A'dam & Eva (the resurrection),['Attrition'],0.32024302068020516,18.0,98.0,39.392145812408124
25,5938,You Might Be Right,['The Citizens'],0.3165070047067443,18.0,98.0,39.38990420282405
25,2912,Aqua-Magnetic,['Three Mile Pilot'],0.3084326119951299,18.0,98.0,39.38505956719708
25,3521,Almohada - Revisitado,['José José'],0.30802938722168016,18.0,98.0,39.38481763233301
25,6576,Salzburger Schafferl,"['Wolfgang Amadeus Mozart', 'Klazz Brothers', 'Cuba Percussion']",0.30637237943679513,18.0,98.0,39.38382342766208
25,4703,I Need You,['Pain Station'],0.30348174933593763,18.0,98.0,39.38208904960157
25,2733,"Violin Partita No. 1 in B Minor, BWV 1002: I. Allemanda","['Johann Sebastian Bach', 'Lucy van Dael']",0.29090246424414135,18.0,98.0,39.37454147854649
25,2422,Sign of the Zodiac,['Celestial Bloodshed'],0.28701120638741656,18.0,98.0,39.372206723832456
25,3037,Ca Ira - The Yorkshire Lass,"['Traditional', 'Pinkney', 'Coldstream Guards Regimental Band', 'T.L. Sharpe']",0.28701120638741656,18.0,98.0,39.372206723832456
25,5401,Going To Bangor,['The Mountain Goats'],0.27693756868491287,18.0,98.0,39.36616254121095
25,7482,Y Volvemos A Querernos,['Aníbal Troilo Y Su Orquesta Típica'],0.21317739694302917,14.0,98.0,39.32790643816582
25,4705,Guinea Pig,['Pain Station'],0.8682226860833379,31.0,97.0,39.320933611650005
25,3791,I Mean You - Live at the Jazz Standard,['Frank Morgan'],0.19066666666666665,13.0,98.0,39.314400000000006
25,5767,Inside The Tornado - A Cappella,['Amanda Marshall'],0.19066666666666665,13.0,98.0,39.314400000000006
25,6115,Ruined Cities,['David J'],0.17653691275167785,12.0,98.0,39.30592214765101
25,7617,Tarde Gris,['Aníbal Troilo Y Su Orquesta Típica'],0.17653691275167785,12.0,98.0,39.30592214765101
25,3714,Losing My Religion,"[""Pickin' On Series""]",0.17232353934481592,13.0,98.0,39.30339412360689
25,6283,Endlich,['SCSI-9'],0.17194936708860759,12.0,98.0,39.303169620253165
25,4155,Scene 8b: And Then Leave,['Philip Glass'],0.17194936708860759,12.0,98.0,39.303169620253165
25,7337,1 x - A-Cappella,['Die Prinzen'],0.17136109918419923,13.0,98.0,39.30281665951052
25,8106,I Want a Little Girl,['Swingadelic'],0.16960315462706604,13.0,98.0,39.30176189277624
25,8128,Step Inside,['Ozny'],0.1678014184397163,14.0,98.0,39.30068085106383
25,1660,You Don't Exist,['Leah Andreone'],0.16478298406718467,13.0,98.0,39.298869790440314
25,3374,Silencio,['Orquesta Aragón'],0.1640953716690042,13.0,98.0,39.29845722300141
25,2246,Iron,['Sam Baker'],0.16378122163579523,14.0,98.0,39.29826873298148
25,3144,Third Ear (More),['Madlib'],0.16290588882773804,12.0,98.0,39.29774353329665
25,2784,Ten Reasons For Loving You,['Huong Thanh'],0.8286507527076407,30.0,97.0,39.29719045162459
25,5990,"Robbers & Bandits, Bastards & Thieves","['Drywall', 'Stan Ridgway']",0.1613793103448276,13.0,98.0,39.2968275862069
25,4281,Tal Vez - Black & White Tour Version,['Ricky Martin'],0.15795626759038753,12.0,98.0,39.294773760554236
25,6099,Your Skin Is Gelatin,['Negativland'],0.15680672268907564,12.0,98.0,39.29408403361345
25,6862,The Sinking Ship The Grand Applause,['The Paper Chase'],0.15655913978494623,13.0,98.0,39.29393548387097
25,7837,Your Face,['Mandy Moore'],0.15618538324420678,13.0,98.0,39.293711229946524
25,4311,Snow Owl,['The Mountain Goats'],0.15275142314990514,12.0,98.0,39.29165085388995
25,1694,Without A Smile (Same),"[""Youssou N'Dour""]",0.15275142314990514,12.0,98.0,39.29165085388995
25,263,Overjoyed,['Christy Baron'],0.15240641711229946,12.0,98.0,39.291443850267385
25,4799,If Wishes Were Horses,['Rachel Harrington'],0.1520650813516896,12.0,98.0,39.291239048811015
25,982,"Bum Bum Bum Blebee, Bumblebee Balls",['Comedian Bob Marley'],0.15009096422073986,12.0,98.0,39.29005457853245
25,5921,Love Thing,"['Dee Carstensen', 'Shawn Pelton', 'Vinnie Zumo', 'Dawn Andrews', 'Mino Cinelu', 'Mark Egan']",0.14470803574633026,12.0,98.0,39.2868248214478
25,2116,...Please Wait During The Silence,['Paul Newman'],0.14470803574633026,12.0,98.0,39.2868248214478
25,2907,"Nowell, Nowell, Dieu Vous Garde","['Traditional', 'The Sixteen', 'Harry Christophers']",0.14470803574633026,12.0,98.0,39.2868248214478
25,759,Vapours,['Fada'],0.14193548387096774,12.0,98.0,39.285161290322584
25,6787,I'm Alive,['Jim Jones'],0.14081423195347248,12.0,98.0,39.28448853917209
25,6626,Share A Little Joke - Mono Single Version,['Jefferson Airplane'],0.14081423195347248,12.0,98.0,39.28448853917209
25,2564,Do It - 1.1,['Richard Bartz'],0.13941118969581967,13.0,98.0,39.2836467138175
25,1599,Sick Butchers,['Flux of Pink Indians'],0.13927502494180247,12.0,98.0,39.283565014965085
25,6416,Turquoise & Blue,['Anjali'],0.1351043643263757,12.0,98.0,39.281062618595826
25,4378,Milk the Cow,['Cappadonna'],0.1351043643263757,12.0,98.0,39.281062618595826
25,7965,Battle Mind - Kant Kino Remix,['Leæther Strip'],0.13475935828877006,12.0,98.0,39.28085561497326
25,4738,Anja,['Karsh Kale'],0.13475935828877006,12.0,98.0,39.28085561497326
25,3938,"St. Luke Passion, TWV 5:13: Chorus: Hinweg mit diesem, und gibt uns Barabam los!","['Georg Philipp Telemann', 'Wolfgang Klose', 'Marcus Ullmann', 'Christian Hilz', 'Raimonds Spogis', 'Thilo Dahlmann', 'Kolner Akademie Choir', 'Kölner Akademie', 'Michael Alexander Willens']",0.13414519906323186,12.0,98.0,39.28048711943794
25,2914,97-Mt,['Three Mile Pilot'],0.13269794721407624,12.0,98.0,39.27961876832845
25,6398,Spoonful Of Sugar,['The Verve Pipe'],0.13244390539721043,12.0,98.0,39.279466343238326
25,6217,Cançó de l'únic camí,"['Manuel Blancafort', 'Anna Alàs i Jové', 'Miquel Villalba']",0.1307989307989308,12.0,98.0,39.27847935847936
25,2853,"Concerto Grosso in D Minor, Op. 2, No. 5: IV. Allegro","['Francesco Geminiani', 'Capella Istropolitana']",0.13042709867452135,12.0,98.0,39.27825625920472
25,2293,My Trip to Jekyll Island,['Tstewart'],0.13042709867452135,12.0,98.0,39.27825625920472
25,1588,Is There Anybody There?,['Flux of Pink Indians'],0.12903225806451613,12.0,98.0,39.27741935483871
25,3538,Lies,['The Knickerbockers'],0.12868725202691048,12.0,98.0,39.27721235121615
25,586,He's Doing Time In Jail (With The Wesley Willis Fiasco),['Wesley Willis'],0.1283459162663006,12.0,98.0,39.27700754975978
25,3055,"Come, Lasses and Lads - The Days We Went a Gypsying","['Traditional', 'R.A. Hunt', 'Coldstream Guards Regimental Band', 'T.L. Sharpe']",0.12711223203026484,12.0,98.0,39.27626733921816
25,471,Apex,['Suspyre'],0.7934189933900572,30.0,97.0,39.27605139603404
25,1140,Still,['Divination'],0.12637179913535085,12.0,98.0,39.27582307948121
25,5047,Columbus,['Christy Baron'],0.12637179913535085,12.0,98.0,39.27582307948121
25,3426,Foolsville,['The Kilborn Alley Blues Band'],0.12339413164155433,12.0,98.0,39.27403647898493
25,7231,"Zigeunerliebe: Act I: Song and Csardas: Se traska, liebe Gaste (Zorika, Ilona, Frau von Kerem, Jolan, Jonel, Jozsi, Dragotin, Moschu, Chorus)","['Franz Lehár', 'Johanna Stojkovic', 'Dagmar Schellenberger', 'Zoran Todorovich', 'Bernhard Schneider', 'Ksenija Lukic', 'Stefan-Alexander Rankl', 'Markus Kohler', 'Raphaela Schulze', 'Andreas Horl', 'Andrej Bielow', 'North German Radio Chorus', 'North German Radio Philharmonic Orchestra', 'Frank Beermann']",0.12276937568684913,12.0,98.0,39.27366162541211
25,7005,Why Worry - Harp Guitar Duet,"['Muriel Anderson', 'John Doan']",0.051094890510948905,7.0,98.0,39.23065693430657
25,7344,Schaurig traurig - A-Cappella,['Die Prinzen'],0.04411764705882353,6.0,98.0,39.226470588235294
25,3397,Pigmalion (Pygmalion): II. Les differents caracteres de la danse (Gracieusement): Air - Gavotte - Menuet - Gavotte - Chaconne - Loure - Passepied - Rigaudon -,"['Jean-Philippe Rameau', 'European Union Baroque Orchestra', 'Roy Goodman']",0.04411764705882353,6.0,98.0,39.226470588235294
25,1308,When The Sun Comes Out,['Lucy Ann Polk'],0.04411764705882353,6.0,98.0,39.226470588235294
25,5680,When Sunny Gets Blue,['Charlie Rouse'],0.04411764705882353,6.0,98.0,39.226470588235294
25,2779,Food 4 Thought,['C.E. Ugly Brotha'],0.043478260869565216,6.0,98.0,39.22608695652174
25,1493,Just Yay Freestyle,['Daforce'],0.043478260869565216,6.0,98.0,39.22608695652174
25,583,Kris Kringle Was A Car Thief,['Wesley Willis'],0.040229885057471264,7.0,98.0,39.224137931034484
25,4277,It's Alright - Black & White Tour Version,['Ricky Martin'],0.03977272727272727,7.0,98.0,39.22386363636364
25,5240,You Made Me What I Am,['Joe Diffie'],0.03870967741935484,6.0,98.0,39.223225806451616
25,6874,We Know Where You Sleep,['The Paper Chase'],0.03870967741935484,6.0,98.0,39.223225806451616
25,6126,Intro WLUV Morning Show,['Toby Love'],0.0379746835443038,6.0,98.0,39.22278481012658
25,1351,Another Day,['Archer Prewitt'],0.0379746835443038,6.0,98.0,39.22278481012658
25,3668,Steiner in Ellipses,['Bryan Beller'],0.0379746835443038,6.0,98.0,39.22278481012658
25,7920,"Concerto Grosso in G Minor, Op. 1, No. 12: V. Gavotta","['Pietro Locatelli', 'Capella Istropolitana', 'Jaroslav Krcek']",0.03529411764705882,6.0,98.0,39.22117647058824
25,4721,Desire,['Pain Station'],0.03468208092485549,6.0,98.0,39.220809248554914
25,7857,Rise Up - Original Mix,['Kerosene'],0.03428571428571429,6.0,98.0,39.22057142857143
25,3003,Ain't No Lies,['Disciple DT & Tizzle Tarantino'],0.03428571428571429,6.0,98.0,39.22057142857143
25,3505,Eskimo Kiss,['Little Jeans'],0.03428571428571429,6.0,98.0,39.22057142857143
25,7637,La Valse Brune,['Juliette Gréco'],0.03428571428571429,6.0,98.0,39.22057142857143
25,1199,Waving Sands,['Simon Shaheen & Qantara'],0.03409090909090909,6.0,98.0,39.22045454545455
25,7255,Chicago Time - Live,['Frankie Bones'],0.03225806451612903,6.0,98.0,39.21935483870968
25,2352,Lepcis Magna,['E.S. Posthumus'],0.03225806451612903,6.0,98.0,39.21935483870968
25,7249,All Access - Live,['Frankie Bones'],0.03225806451612903,6.0,98.0,39.21935483870968
25,2027,Two for the Road - Remastered,['Henry Mancini'],0.03208556149732621,6.0,98.0,39.219251336898395
25,2674,Obsidian Eyes,['Lycus'],0.03208556149732621,6.0,98.0,39.219251336898395
25,3946,"St. Luke Passion, TWV 5:13: Recitative: Und als sie ihn hinfuhreten (Evangelist)","['Georg Philipp Telemann', 'Wolfgang Klose', 'Marcus Ullmann', 'Christian Hilz', 'Raimonds Spogis', 'Thilo Dahlmann', 'Kolner Akademie Choir', 'Kölner Akademie', 'Michael Alexander Willens']",0.03208556149732621,6.0,98.0,39.219251336898395
25,1373,My Funny Valentine,['Jerry Jeff Walker'],0.03208556149732621,6.0,98.0,39.219251336898395
25,6875,The Kids Will Grow Up To Be Assholes,['The Paper Chase'],0.031914893617021274,6.0,98.0,39.219148936170214
25,6664,What Child is This & Greensleeves Jig,['Katie McMahon'],0.030927835051546393,6.0,98.0,39.218556701030934
25,3844,When I Go Walkin',['Jim Henry & Brooks Williams'],0.030927835051546393,6.0,98.0,39.218556701030934
25,3812,Veitsi,['Iiwanajulma'],0.030456852791878174,6.0,98.0,39.21827411167513
25,6701,"Winterreise, Op. 89, D. 911: Im Dorfe","['Franz Schubert', 'Roman Trekel', 'Ulrich Eisenlohr']",0.030456852791878174,6.0,98.0,39.21827411167513
25,2864,"Concerto Grosso in D Major, Op. 1, No. 9: III. Allemanda: Allegro","['Pietro Locatelli', 'Capella Istropolitana']",0.0,0.0,98.0,39.2
25,6526,'Tis the Last Rose of Summer,"['Thomas Moore', 'Charlotte Church', 'Sian Edwards']",0.0,0.0,98.0,39.2
25,7252,Like Butter - Live,['Frankie Bones'],0.0,0.0,98.0,39.2
25,3051,New Fusilier,"['D. Kimberley', 'Fitch', 'Coldstream Guards Regimental Band', 'T.L. Sharpe']",0.0,0.0,98.0,39.2
25,7341,Warum hast Du das getan - A-Cappella,['Die Prinzen'],0.0,0.0,98.0,39.2
25,2730,"Violin Sonata No. 1 in G Minor, BWV 1001: II. Fuga: Allegro","['Johann Sebastian Bach', 'Lucy van Dael']",0.0,0.0,98.0,39.2
25,1339,Meant To Be,['Archer Prewitt'],0.0,0.0,98.0,39.2
25,1320,I'm All You Know,['Archer Prewitt'],0.0,0.0,98.0,39.2
25,6694,"Winterreise, Op. 89, D. 911: Rast","['Franz Schubert', 'Roman Trekel', 'Ulrich Eisenlohr']",0.0,0.0,98.0,39.2
25,6738,who's gonna save you now?,['Mark Mallman'],0.0,0.0,98.0,39.2
25,1401,Island,['I:Scintilla'],0.0,0.0,98.0,39.2
25,6285,Senorita Tristeza,['SCSI-9'],0.0,0.0,98.0,39.2
25,2920,Midgaard Serpent,['Three Mile Pilot'],0.6588343835638307,25.0,97.0,39.195300630138306
25,1690,Between Us,['Tempest'],0.6490890057690104,24.0,97.0,39.189453403461414
25,657,Cancel It!,['Neil Hamburger'],0.5824351765073414,26.0,97.0,39.14946110590441
25,942,Make It,['Unk'],0.5816016886241921,24.0,97.0,39.14896101317452
25,5845,Solid Pleasure,['Numbers'],0.563686247481886,27.0,97.0,39.138211748489134
25,4355,Divided By Lines,['Tadd Mullinix'],0.5614512865544734,24.0,97.0,39.136870771932685
25,538,Are Friends Electric (Mashed Potato Mix),['Armitage Shanks'],0.5349548228663588,24.0,97.0,39.12097289371982
25,7681,Rubbit,['Sprawl'],0.5349548228663588,24.0,97.0,39.12097289371982
25,919,Colonel Sanders,['Neil Hamburger'],0.5268517278826557,25.0,97.0,39.1161110367296
25,7086,Workin' Man,['American Dog'],0.5214099322159773,24.0,97.0,39.11284595932959
25,7513,Pity,['Lightning Strikes Across the Sky'],0.506392948722741,24.0,97.0,39.10383576923365
25,7864,My Heart Belongs to Daddy,['Deanna Kirk'],0.452328431372549,21.0,97.0,39.071397058823536
25,7863,Ooh Daddy,['Deanna Kirk'],1.0900344977783276,33.0,96.0,39.054020698667
25,4214,Dinosaur,['Seepeoples'],0.4209279301954862,20.0,97.0,39.0525567581173
25,2788,Two Sisters,['Huong Thanh'],0.3990136338694019,19.0,97.0,39.039408180321644
25,1664,Pretty Freak,['Leah Andreone'],0.3985635938741028,19.0,97.0,39.03913815632447
25,8258,Farabute,"[""Juan D'Arienzo y su Orquesta Típica""]",0.39404803635183383,19.0,97.0,39.03642882181111
25,176,Bigotry,['Neil Hamburger'],0.3902769918093819,18.0,97.0,39.03416619508563
25,2910,Shang vs. Hanger,['Three Mile Pilot'],0.3741995580486146,19.0,97.0,39.02451973482917
25,4156,Scene 9: Call Me Elisabeth,['Philip Glass'],0.3650919131601735,19.0,97.0,39.01905514789611
25,1610,Hills Like White Elephants,['The Soft Hills'],0.36157956267590385,18.0,97.0,39.01694773760555
25,2194,If You Ain't Got Love,['Mason Jennings'],0.36060013244162714,20.0,97.0,39.01636007946498
25,4361,Fin,['Tadd Mullinix'],0.3485497190821093,18.0,97.0,39.00912983144927
25,6218,"Lírica catalana: No. 1, Advent","['Manuel Blancafort', 'Anna Alàs i Jové', 'Miquel Villalba']",0.3485497190821093,18.0,97.0,39.00912983144927
25,7579,Los Ejes De Mi Carreta,['Aníbal Troilo Y Su Orquesta Típica'],0.3409250454231757,20.0,97.0,39.00455502725391
25,2774,DISEASE,['C.E. Ugly Brotha'],0.3385846841170743,18.0,97.0,39.003150810470245
25,8262,Francia,"[""Juan D'Arienzo y su Orquesta Típica""]",0.33822770123277734,18.0,97.0,39.00293662073967
25,1567,Sweetheart,['My Morning Jacket'],0.33706595727057637,20.0,97.0,39.00223957436235
25,3741,Green River,"[""Pickin' On Series""]",0.33638191519773597,18.0,97.0,39.00182914911865
25,2212,Ambling Alp - Live,['Yeasayer'],0.3327841573718635,18.0,97.0,38.99967049442312
25,2348,Ebla,['E.S. Posthumus'],0.32815406353027365,18.0,97.0,38.99689243811817
25,5952,On The Waterfront,['Shelley Short'],0.324354306519513,18.0,97.0,38.99461258391171
25,6527,Men of Harlech (Wele goel certh),"['Charlotte Church', 'Sian Edwards']",0.324354306519513,18.0,97.0,38.99461258391171
25,3416,The Monks of Lindisfarne,['Achillea'],0.31371497425854167,18.0,97.0,38.98822898455513
25,5662,To Come To You,['Johanna and the Dusty Floor'],0.31130712828711615,19.0,97.0,38.98678427697227
25,4617,"Symphony No. 2 in B-Flat Major, Op. 52, MWV A18, ""Lobgesang"" (Hymn of Praise): VI. Allegro un poco agitato","['Felix Mendelssohn', 'Majella Cullagh', 'Mary Nelson', 'Adrian Thompson', 'RTÉ Philharmonic Choir', 'RTÉ National Symphony Orchestra', 'Reinhard Seifried']",0.30984555877413456,18.0,97.0,38.985907335264486
25,678,Intro,['Bub Bizzle'],0.30917611290443664,18.0,97.0,38.985505667742665
25,1327,In The Sun,['Archer Prewitt'],0.3089501210515384,18.0,97.0,38.98537007263093
25,372,Hollow Deep - Original Mix,['Cantrip People'],0.30802938722168016,18.0,97.0,38.98481763233301
25,7525,Attar,['Six Organs Of Admittance'],0.30206365089835757,18.0,97.0,38.98123819053902
25,4366,Il Ballo Silvestre,['Blaze of Sorrow'],0.29194307704946004,18.0,97.0,38.97516584622968
25,2004,Tell Ann I Love Her,['The Five Americans'],0.28701120638741656,18.0,97.0,38.97220672383246
25,7538,Dream Visions,['Craig Padilla'],0.28482656670714324,18.0,97.0,38.97089594002429
25,556,The Monaghan Jig / Francis Aucoin,['Gay McKeon'],0.28131169116034216,18.0,97.0,38.96878701469621
25,725,Peddi Max (P4N4 Remix),"['Henrik the Artist', 'P4N4']",0.1900568702990277,14.0,97.0,38.91403412217942
25,1433,Strange Times (Version),"['The Angel', ""Cokni O'Dire""]",0.17653691275167785,12.0,97.0,38.90592214765101
25,1466,You Keep Me Hanging On,['The Guess Who'],0.17194936708860759,12.0,97.0,38.903169620253166
25,4646,Nite Crawler,['Larry Carlton'],0.17194936708860759,12.0,97.0,38.903169620253166
25,32,My Favorite Nigger,['Angelo Moore'],0.16960315462706604,13.0,97.0,38.90176189277624
25,4680,Sweet Thing,['Vivian Green'],0.1678108941418294,13.0,97.0,38.900686536485104
25,4460,A Secret,['Askeleton'],0.16764394206993993,14.0,97.0,38.90058636524197
25,3157,Filthy (Untouched),['Madlib'],0.16749343449080828,12.0,97.0,38.900496060694486
25,1969,Two The Point,['Metamatics'],0.16536416184971098,12.0,97.0,38.89921849710983
25,8212,El Tigre Millan,"[""Juan D'Arienzo y su Orquesta Típica""]",0.1631372549019608,13.0,97.0,38.89788235294118
25,3295,Even Now / Somewhere Down The Road,['Sharon Cuneta'],0.1619008202272556,13.0,97.0,38.89714049213636
25,5490,"Sister Carrie, Act II: Shiloh, Antietam (Live)","['Robert Aldridge', 'Stephen Cunningham', 'Leroy Davis', 'Keith Phares', 'Florentine Opera Chorus', 'Milwaukee Symphony Orchestra', 'William Boggs']",0.15759945596735803,12.0,97.0,38.89455967358042
25,6445,Enzian,['Superpitcher'],0.1567670387251911,13.0,97.0,38.89406022323512
25,7997,Draped Departure,['Delarosa And Asora'],0.15648627984028546,12.0,97.0,38.89389176790417
25,311,Suffer a Fool,['Eric Brace & Peter Cooper'],0.15009096422073986,12.0,97.0,38.89005457853245
25,6311,No Scale,['Bethan Mane'],0.1478702273228868,12.0,97.0,38.88872213639374
25,3598,By The Sea,['The Essex Green'],0.14540177761654272,12.0,97.0,38.88724106656993
25,5978,Escape,['Angelo Badalamenti'],0.1450530417839359,12.0,97.0,38.887031825070366
25,4295,Cabernet,['Ultralash'],0.14470803574633026,12.0,97.0,38.8868248214478
25,2329,I've Been Gone,['The Cassettes'],0.14436669998572038,12.0,97.0,38.88662001999143
25,5506,Everything You Know Is Wrong! (About Shoes!),['The Firesign Theatre'],0.14239258285477063,12.0,97.0,38.88543554971287
25,445,I'm No Stranger to the Rain,['Keith Whitley'],0.1414506183354342,12.0,97.0,38.88487037100126
25,4779,UPS - Dunc of DTMD Remix,['Boog Brown'],0.1412960235640648,13.0,97.0,38.88477761413844
25,6567,Clouds And Faces,['Treepeople'],0.13995239714382862,12.0,97.0,38.8839714382863
25,1207,Al-Qantara,['Simon Shaheen & Qantara'],0.1351043643263757,12.0,97.0,38.88106261859583
25,813,Ow,['Clark Terry'],0.13448016072325464,12.0,97.0,38.88068809643396
25,7691,I Want for Nothing,['Wye Oak'],0.13333683989059542,13.0,97.0,38.88000210393436
25,7508,Conception,['Lightning Strikes Across the Sky'],0.13240121580547112,12.0,97.0,38.879440729483285
25,4600,Explosive Paste,['Ritual'],0.13042709867452135,12.0,97.0,38.87825625920472
25,6238,Black Swan,['Wayne Krantz'],0.12948513415518492,12.0,97.0,38.877691080493115
25,5266,So Help Me Girl,['Joe Diffie'],0.12940355772584583,12.0,97.0,38.877642134635515
25,1775,"Concerto for 2 Oboes in C Major, Op. 7, No. 11: III. Allegro","['Tomaso Albinoni', 'Anthony Camden', 'Alison Alty', 'London Virtuosi', 'John Georgiadis']",0.12815401264452925,12.0,97.0,38.87689240758672
25,4653,Sleepwalk,['Larry Carlton'],0.12800091022869498,12.0,97.0,38.87680054613722
25,6417,Kulu,['Anjali'],0.12637179913535085,12.0,97.0,38.875823079481215
25,6147,Stress in Marriage,['Negativland'],0.1260545905707196,12.0,97.0,38.87563275434243
25,49,Supervillain Serum,['Dødheimsgard'],0.12276937568684913,12.0,97.0,38.87366162541211
25,7976,Invade My Body - Exzakt & Rubberdoll Remix,['Leæther Strip'],0.12276937568684913,12.0,97.0,38.87366162541211
25,5256,On Mani,['OOIOO'],0.12276937568684913,12.0,97.0,38.87366162541211
25,6209,Rondalla del bou,"['Manuel Blancafort', 'Anna Alàs i Jové', 'Miquel Villalba']",0.051094890510948905,7.0,97.0,38.830656934306575
25,5906,Nothing Doing,['Brando'],0.051094890510948905,7.0,97.0,38.830656934306575
25,2792,Drums In The Night,['Huong Thanh'],0.051094890510948905,7.0,97.0,38.830656934306575
25,3525,Come On and Let Me,['The Knickerbockers'],0.051094890510948905,7.0,97.0,38.830656934306575
25,3956,"St. Luke Passion, TWV 5:13: Recitative: So Bald sturzt Jonas nicht ins Meer (Baritone)","['Georg Philipp Telemann', 'Wolfgang Klose', 'Marcus Ullmann', 'Christian Hilz', 'Raimonds Spogis', 'Thilo Dahlmann', 'Kolner Akademie Choir', 'Kölner Akademie', 'Michael Alexander Willens']",0.051094890510948905,7.0,97.0,38.830656934306575
25,2041,Like Animals,['The Devotchkas'],0.048,6.0,97.0,38.8288
25,4425,Aftur,['Plat'],0.048,6.0,97.0,38.8288
25,3652,La Media Vuelta (feat. Melissa Robles),"['Leonel García', 'Melissa Robles']",0.04411764705882353,6.0,97.0,38.826470588235296
25,1312,Memphis In June,['Lucy Ann Polk'],0.04411764705882353,6.0,97.0,38.826470588235296
25,1303,The Way You Look Tonight,['Mary Cleere Haran'],0.04411764705882353,6.0,97.0,38.826470588235296
25,2186,Jimmy Reed is the King of Rock and Roll,['Kevin Gordon'],0.04411764705882353,6.0,97.0,38.826470588235296
25,6444,Power Place,['Ritual'],0.04411764705882353,6.0,97.0,38.826470588235296
25,5292,If Sense Were Really Common,['Michael Leviton'],0.04411764705882353,6.0,97.0,38.826470588235296
25,3290,Nothing I Want More,['Sharon Cuneta'],0.04411764705882353,6.0,97.0,38.826470588235296
25,6656,In the Bleak Mid-Winter,['Katie McMahon'],0.04411764705882353,6.0,97.0,38.826470588235296
25,4792,The Barn,['Rachel Harrington'],0.04411764705882353,6.0,97.0,38.826470588235296
25,5803,Sanguine Joli Fruit,['Yves Montand'],0.04411764705882353,6.0,97.0,38.826470588235296
25,3083,TBI Theme,['Duran Duran Duran'],0.043478260869565216,6.0,97.0,38.82608695652174
25,1305,How About You,['Lucy Ann Polk'],0.040268456375838924,6.0,97.0,38.82416107382551
25,5024,Dropping a Porcelain Heart,['Dylan Galvin'],0.040268456375838924,6.0,97.0,38.82416107382551
25,6069,Heartbeat,['Mike Watt'],0.0379746835443038,6.0,97.0,38.822784810126585
25,90,Tommy McCarthy's,['The McCarthys'],0.0379746835443038,6.0,97.0,38.822784810126585
25,2071,Abilene (The Eisenhower Waltz),['Peter Mulvey'],0.037037037037037035,7.0,97.0,38.82222222222223
25,3463,424 Freestyle,['DRE-B'],0.03468208092485549,6.0,97.0,38.820809248554916
25,6280,Elegia,['SCSI-9'],0.03468208092485549,6.0,97.0,38.820809248554916
25,3129,Y Que,['José José'],0.03468208092485549,6.0,97.0,38.820809248554916
25,1583,Progress,['Flux of Pink Indians'],0.03428571428571429,6.0,97.0,38.820571428571434
25,5617,Electromarch,['Marshmallow Coast'],0.03314917127071823,6.0,97.0,38.819889502762436
25,6021,This Is Not Normal,['Negativland'],0.03314917127071823,6.0,97.0,38.819889502762436
25,7912,"Concerto Grosso in C Minor, Op. 1, No. 11: I. Largo","['Pietro Locatelli', 'Capella Istropolitana', 'Jaroslav Krcek']",0.032432432432432434,6.0,97.0,38.819459459459466
25,4312,West Country Dream,['The Mountain Goats'],0.03225806451612903,6.0,97.0,38.81935483870968
25,1412,Swayed - Greg Panciera Mix,['I:Scintilla'],0.03225806451612903,6.0,97.0,38.81935483870968
25,4829,Condiciones Que Existen,['Eddie Palmieri'],0.03208556149732621,6.0,97.0,38.8192513368984
25,7516,New York Axel Man,['The Jac'],0.031914893617021274,6.0,97.0,38.819148936170215
25,1382,Look For The Silver Lining,['Jerry Jeff Walker'],0.031914893617021274,6.0,97.0,38.819148936170215
25,3659,Ella,"['Leonel García', 'ELENI']",0.030927835051546393,6.0,97.0,38.818556701030936
25,1504,When You Were A Child,['Jason Upton'],0.030927835051546393,6.0,97.0,38.818556701030936
25,2895,Gloria In Excelsis,"['John Sheppard', 'The Sixteen', 'Harry Christophers']",0.030927835051546393,6.0,97.0,38.818556701030936
25,6760,Millenium Bug,['Terranova'],0.030456852791878174,6.0,97.0,38.81827411167513
25,4053,Rollerskate,['Angie Heaton'],0.0,0.0,97.0,38.800000000000004
25,1485,Carry My Load (sax version),['John Called Mark'],0.0,0.0,97.0,38.800000000000004
25,5736,Le Champagne,['trentemøller'],0.0,0.0,97.0,38.800000000000004
25,5475,"Sister Carrie, Act II: I Have My First Audition Today (Live)","['Robert Aldridge', 'Adriana Zabala', 'Keith Phares', 'Milwaukee Symphony Orchestra', 'William Boggs']",0.0,0.0,97.0,38.800000000000004
25,520,Let It Be Me,['Willie Nelson'],0.0,0.0,97.0,38.800000000000004
25,70,"Poll Halpenny, Mrs. Galvin's",['The McCarthys'],0.0,0.0,97.0,38.800000000000004
25,2800,The Moonshiner,['Hair of the Dog'],0.0,0.0,97.0,38.800000000000004
25,4297,Spades,['Ultralash'],0.0,0.0,97.0,38.800000000000004
25,518,Always On My Mind,['Willie Nelson'],0.0,0.0,97.0,38.800000000000004
25,3857,Sweet Insanity,['Dog Fashion Disco'],0.0,0.0,97.0,38.800000000000004
25,995,The Older Couple,['Comedian Bob Marley'],0.0,0.0,97.0,38.800000000000004
25,663,(Write My) Name on the Toilet,['Neil Hamburger'],0.6196085865139054,24.0,96.0,38.77176515190835
25,5572,Trip In Hollywood,['20/20'],0.5861212638335265,24.0,96.0,38.751672758300124
25,5859,Crazy Girl,['Black Lips'],0.5450445720306242,25.0,96.0,38.72702674321838
25,5862,You're Dumb,['Black Lips'],0.5110238545058602,24.0,96.0,38.70661431270352
25,8000,Beneath The Skin,['Collide'],0.5110238545058602,24.0,96.0,38.70661431270352
25,4109,Paper Kitten Nightmare,"[""Margot & The Nuclear So And So's""]",0.3727822650860625,19.0,96.0,38.62366935905165
25,2804,I'll Tell Me Ma,['Hair of the Dog'],0.34050802139037434,18.0,96.0,38.60430481283423
25,6107,Epoch of Methodic Carnage,['Abysmal Torment'],0.3164460171392988,18.0,96.0,38.589867610283584
25,6677,civilized,['Rabbit Junk'],0.3163544289101003,19.0,96.0,38.589812657346066
25,2168,Caravan,"['Brian Bromberg', 'Vinnie Colaiuta', 'Randy Waldman']",0.31303638809431067,18.0,96.0,38.58782183285659
25,2500,Going to Utrecht,['The Mountain Goats'],0.31130712828711615,19.0,96.0,38.586784276972274
25,5661,Please Don't Go,['Johanna and the Dusty Floor'],0.30560865468864945,18.0,96.0,38.5833651928132
25,5368,I'm Oblivion,['Well'],0.30495943265779046,18.0,96.0,38.58297565959468
25,6339,Take Off Ur Pants,['Indigo De Souza'],0.30101720222726847,18.0,96.0,38.580610321336366
25,3019,The Life Guards,"['Traditional', 'C.J. Hewitt', 'Coldstream Guards Regimental Band', 'T.L. Sharpe']",0.28701120638741656,18.0,96.0,38.57220672383246
25,2268,Whispers In The Wind,['Scars Of Tomorrow'],0.2804107480222523,18.0,96.0,38.568246448813355
25,7230,"Zigeunerliebe: Act I: Duet: Sa sprach noch niemals ein Mann zu mir (Zorika, Jozsi)","['Franz Lehár', 'Johanna Stojkovic', 'Dagmar Schellenberger', 'Zoran Todorovich', 'Bernhard Schneider', 'Ksenija Lukic', 'Stefan-Alexander Rankl', 'Markus Kohler', 'Raphaela Schulze', 'Andreas Horl', 'Andrej Bielow', 'North German Radio Chorus', 'North German Radio Philharmonic Orchestra', 'Frank Beermann']",0.27693756868491287,18.0,96.0,38.56616254121095
25,7987,Paz Suite 1,['Delarosa And Asora'],0.1988438154091498,14.0,96.0,38.5193062892455
25,3580,Did I Imagine You?,['Dot Allison'],0.1822549019607843,13.0,96.0,38.50935294117647
25,3628,The Court of the Servant,['Trial of the Bow'],0.1821388330965561,13.0,96.0,38.50928329985794
25,1887,Falling Merchandise,['Neil Hamburger'],0.17746031746031746,13.0,96.0,38.5064761904762
25,5834,Fear Country,['T Bone Burnett'],0.17194936708860759,12.0,96.0,38.50316962025317
25,4780,My Love - Georgia Anne Muldrow Remix,['Boog Brown'],0.16891554222888555,13.0,96.0,38.50134932533734
25,2061,The Recycle Bin,['Neil Hamburger'],0.16877220686932493,12.0,96.0,38.5012633241216
25,2135,Aggression,['Ignite'],0.16749343449080828,12.0,96.0,38.50049606069449
25,2936,Sad,['Smash TV'],0.16714635966314892,14.0,96.0,38.5002878157979
25,2596,Here Lies a Man,['Smokie'],0.1588235294117647,12.0,96.0,38.49529411764706
25,3330,Normandie,['Jonas Bering'],0.1578556701030928,12.0,96.0,38.49471340206186
25,1044,Top of the World - Live - 2003,['The Chicks'],0.1511251480457955,12.0,96.0,38.49067508882748
25,5976,Last Day,['Angelo Badalamenti'],0.15053763440860216,13.0,96.0,38.49032258064517
25,6229,WTF Is Art Rap,['Open Mike Eagle'],0.1491489997014034,12.0,96.0,38.48948939982085
25,5098,Under Your Skin,['The Cardinal Sin'],0.14899835796387523,13.0,96.0,38.48939901477833
25,5670,Punch It,['Baku Llama'],0.14470803574633026,12.0,96.0,38.486824821447804
25,6685,"Winterreise, Op. 89, D. 911: Gute Nacht","['Franz Schubert', 'Roman Trekel', 'Ulrich Eisenlohr']",0.14470803574633026,12.0,96.0,38.486824821447804
25,6764,Sweet Bitter Love,"['Terranova', 'Cath Coffey']",0.14436669998572038,12.0,96.0,38.486620019991435
25,6240,Comprachicos,['Wayne Krantz'],0.14436669998572038,12.0,96.0,38.486620019991435
25,6373,Don't Die on Me,['Jay Gatz'],0.14193548387096774,12.0,96.0,38.48516129032259
25,4720,Is It Time',['Pain Station'],0.13994227994227995,13.0,96.0,38.483965367965375
25,273,Diggin' Up Bones (Tryin' Stuff On),['Jerry Reed'],0.1351043643263757,12.0,96.0,38.48106261859583
25,7564,Winter Wonderland,['Merle Haggard'],0.13240121580547112,12.0,96.0,38.47944072948329
25,4614,"Symphony No. 2 in B-Flat Major, Op. 52, MWV A18, ""Lobgesang"" (Hymn of Praise): III. Recitativo","['Felix Mendelssohn', 'Majella Cullagh', 'Mary Nelson', 'Adrian Thompson', 'RTÉ Philharmonic Choir', 'RTÉ National Symphony Orchestra', 'Reinhard Seifried']",0.13046946553608887,12.0,96.0,38.47828167932166
25,5852,Ain't No Deal,['Black Lips'],0.13042709867452135,12.0,96.0,38.47825625920472
25,4149,Scene 3: A Snowball,['Philip Glass'],0.13003748828491096,12.0,96.0,38.47802249297095
25,6748,Exterminate,['Zillatron'],0.12974489348645568,12.0,96.0,38.47784693609188
25,4918,My Gift to You - Live at Woodstock '99,['Korn'],0.12948513415518492,12.0,96.0,38.477691080493116
25,672,Nude Models,['Neil Hamburger'],0.12815401264452925,12.0,96.0,38.476892407586725
25,6110,Battered Into Nothingness,['Abysmal Torment'],0.12637179913535085,12.0,96.0,38.475823079481216
25,1769,"Concerto for 2 Oboes in C Major, Op. 7, No. 2: III. Allegro","['Tomaso Albinoni', 'Anthony Camden', 'Alison Alty', 'London Virtuosi', 'John Georgiadis']",0.1260545905707196,12.0,96.0,38.475632754342435
25,2053,Tsip Tsap,['duo505'],0.12508482857840875,12.0,96.0,38.47505089714705
25,4616,"Symphony No. 2 in B-Flat Major, Op. 52, MWV A18, ""Lobgesang"" (Hymn of Praise): V. Andante","['Felix Mendelssohn', 'Majella Cullagh', 'Mary Nelson', 'Adrian Thompson', 'RTÉ Philharmonic Choir', 'RTÉ National Symphony Orchestra', 'Reinhard Seifried']",0.12276937568684913,12.0,96.0,38.47366162541211
25,1368,Moving Shadows (feat. Monday Michiru),"['60 Channels', 'Monday Michiru']",0.12276937568684913,12.0,96.0,38.47366162541211
25,5789,Take It Slow,['Eli Conley'],0.057971014492753624,8.0,96.0,38.434782608695656
25,8243,Oro De Ley,"[""Juan D'Arienzo y su Orquesta Típica""]",0.05555555555555555,7.0,96.0,38.43333333333334
25,8017,I Can't Stop Loving You,['Martina McBride'],0.051094890510948905,7.0,96.0,38.430656934306576
25,5928,The Light,"['Dee Carstensen', 'Mike Mainieri', 'Shawn Pelton', 'Vinnie Zumo', 'Glen Burtnik', 'Mino Cinelu', 'Mark Egan']",0.051094890510948905,7.0,96.0,38.430656934306576
25,145,"The Love For Three Oranges, Op. 33 (Sung in English): Act II Scene 2: I want an apple, or a banana… perhaps a cherry… (Prince, Pantaloon, Truffaldino, Eccentrics, King, Empty Heads)","['Sergei Prokofiev', 'Bruce Martin', 'John Mac Master', 'Deborah Humble', 'Teddy Tahu Rhodes', 'William Ferguson', 'Warwick Fyfe', 'Jud Arthur', 'Elizabeth Whitehouse', 'Wendy Dawn Thompson', 'Sally-Anne Russell', 'Ali McGregor', 'Arend Baumann', 'Richard Alexander', 'Catherine Carby', 'Graeme Macfarlane', 'Tim DuFore', 'Opera Australia Chorus', 'Australian Opera and Ballet Orchestra', 'Richard Hickox']",0.051094890510948905,7.0,96.0,38.430656934306576
25,3885,Resonant Bell World,['The Mountain Goats'],0.048,6.0,96.0,38.4288
25,3288,The Bird Without Wings,['Autumn Tears'],0.048,6.0,96.0,38.4288
25,480,Weekend Soldier,['Gus Black'],0.04411764705882353,6.0,96.0,38.4264705882353
25,7351,W Lesu Radilas Jolotschka,['Die Prinzen'],0.04411764705882353,6.0,96.0,38.4264705882353
25,7473,El Ultimo Organito,['Aníbal Troilo Y Su Orquesta Típica'],0.04411764705882353,6.0,96.0,38.4264705882353
25,5135,"Violin Concerto in G Minor, Op. 80: Allegro molto","['Samuel Coleridge-Taylor', 'Philippe Graffin', 'Johannesburg Philharmonic Orchestra', 'Michael Hankinson']",0.04411764705882353,6.0,96.0,38.4264705882353
25,4187,Wasted Reprise,['Pearl Jam'],0.04411764705882353,6.0,96.0,38.4264705882353
25,5456,"Sister Carrie, Act I: There They Are! (Live)","['Robert Aldridge', 'Keith Phares', 'Matt Morgan', 'Adriana Zabala', 'Florentine Opera Chorus', 'Milwaukee Symphony Orchestra', 'William Boggs']",0.04411764705882353,6.0,96.0,38.4264705882353
25,1117,Eat Me Alive,['Anna Waronker'],0.04411764705882353,6.0,96.0,38.4264705882353
25,5000,Fools Mate,['Bert Jansch'],0.04411764705882353,6.0,96.0,38.4264705882353
25,5483,"Sister Carrie, Act II: I'm at Home in the World (Live)","['Robert Aldridge', 'Keith Phares', 'Milwaukee Symphony Orchestra', 'William Boggs']",0.04411764705882353,6.0,96.0,38.4264705882353
25,519,A Whiter Shade of Pale,['Willie Nelson'],0.04411764705882353,6.0,96.0,38.4264705882353
25,5254,Ene Soda,['OOIOO'],0.04411764705882353,6.0,96.0,38.4264705882353
25,5252,O Holy Night,['Joe Diffie'],0.04411764705882353,6.0,96.0,38.4264705882353
25,2831,Sinfonia in A Major: II. Andante,"['Giovanni Battista Sammartini', 'Capella Istropolitana']",0.040268456375838924,6.0,96.0,38.42416107382551
25,6202,"3 Cançons de Nadal: No. 1, Cançoneta humil de mitjanit","['Manuel Blancafort', 'Anna Alàs i Jové', 'Miquel Villalba']",0.040268456375838924,6.0,96.0,38.42416107382551
25,6617,Share a Little Joke,['Jefferson Airplane'],0.0379746835443038,6.0,96.0,38.422784810126586
25,565,Bonnie Ann / The West Wind,"[""Liam O'Flynn""]",0.0379746835443038,6.0,96.0,38.422784810126586
25,4365,Empito,['Blaze of Sorrow'],0.0379746835443038,6.0,96.0,38.422784810126586
25,1742,Rural Vampires,"['Phil Johnson', 'Roadside Attraction']",0.03468208092485549,6.0,96.0,38.42080924855492
25,1171,Blue Is Green,['Hank Mobley Quintet'],0.03468208092485549,6.0,96.0,38.42080924855492
25,5687,Rouse's Point,['Charlie Rouse'],0.03468208092485549,6.0,96.0,38.42080924855492
25,1739,Hip Hop Show,"['Phil Johnson', 'Roadside Attraction']",0.03468208092485549,6.0,96.0,38.42080924855492
25,8048,The Fox Speaks To His Wife Who Is Not Quite Sure,['Frog Eyes'],0.03409090909090909,6.0,96.0,38.420454545454554
25,3105,Orageuse,['Paris Combo'],0.03409090909090909,6.0,96.0,38.420454545454554
25,452,I've Got The Sun In The Morning,['Delightful Doris Drew'],0.03314917127071823,6.0,96.0,38.41988950276244
25,5449,"Sister Carrie, Act I: Here's a Very Good Worker Who Can't Make It Go (Live)","['Robert Aldridge', 'Matt Morgan', 'Adriana Zabala', 'Florentine Opera Chorus', 'Milwaukee Symphony Orchestra', 'William Boggs']",0.03314917127071823,6.0,96.0,38.41988950276244
25,2302,Heavy Game,['Skeye'],0.03296703296703297,6.0,96.0,38.41978021978023
25,2382,Cut The Cord,['Pushmonkey'],0.03225806451612903,6.0,96.0,38.41935483870968
25,6059,Chinese Firedrill,['Mike Watt'],0.03225806451612903,6.0,96.0,38.41935483870968
25,3243,At a Distance,['Autumn Tears'],0.03225806451612903,6.0,96.0,38.41935483870968
25,7533,"Patterns of Thought, Pt. 1",['Craig Padilla'],0.03225806451612903,6.0,96.0,38.41935483870968
25,4746,Fabric,['Karsh Kale'],0.03208556149732621,6.0,96.0,38.4192513368984
25,750,The Outcast,['The Five Americans'],0.031914893617021274,6.0,96.0,38.41914893617022
25,152,"The Love For Three Oranges, Op. 33 (Sung in English): Act III Scene 3: We're alone, at last, my marmalade, my dessert, my true love (Prince, Ninetta, Eccentrics, Lyrics)","['Sergei Prokofiev', 'Bruce Martin', 'John Mac Master', 'Deborah Humble', 'Teddy Tahu Rhodes', 'William Ferguson', 'Warwick Fyfe', 'Jud Arthur', 'Elizabeth Whitehouse', 'Wendy Dawn Thompson', 'Sally-Anne Russell', 'Ali McGregor', 'Arend Baumann', 'Richard Alexander', 'Catherine Carby', 'Graeme Macfarlane', 'Tim DuFore', 'Opera Australia Chorus', 'Australian Opera and Ballet Orchestra', 'Richard Hickox']",0.030927835051546393,6.0,96.0,38.41855670103094
25,634,You Play with the Night with Your Fingertips,['Kip Hanrahan'],0.030456852791878174,6.0,96.0,38.41827411167513
25,5954,Lupine Manner,['Shelley Short'],0.0,0.0,96.0,38.400000000000006
25,7047,We Bleed Maroon - Live,['Granger Smith'],0.0,0.0,96.0,38.400000000000006
25,3934,"St. Luke Passion, TWV 5:13: Recitative: Pilatus aber fragte ihn und sprach (Evangelist, Pilatus)","['Georg Philipp Telemann', 'Wolfgang Klose', 'Marcus Ullmann', 'Christian Hilz', 'Raimonds Spogis', 'Thilo Dahlmann', 'Kolner Akademie Choir', 'Kölner Akademie', 'Michael Alexander Willens']",0.0,0.0,96.0,38.400000000000006
25,7640,Jardin d'Hiver,['Patrick Nugier'],0.0,0.0,96.0,38.400000000000006
25,3404,Dardanus Ballet Suite: III. Menuet,"['Jean-Philippe Rameau', 'European Union Baroque Orchestra', 'Roy Goodman']",0.0,0.0,96.0,38.400000000000006
25,2810,Don't Follow Me,"[""Meredith d'Ambrosio""]",0.0,0.0,96.0,38.400000000000006
25,4898,Facing It 2010,['duo505'],0.0,0.0,96.0,38.400000000000006
25,2871,Still A Way To Heal,['Mad At The World'],0.0,0.0,96.0,38.400000000000006
25,8120,From Clay,['Familiar Trees'],0.0,0.0,96.0,38.400000000000006
25,5251,Magazine Angels,['Joe Diffie'],0.0,0.0,96.0,38.400000000000006
25,5288,I'm In Love With the Tip of Your Iceberg,['Michael Leviton'],0.0,0.0,96.0,38.400000000000006
25,3025,Royal Sussex,"['Traditional', 'Bailey', 'Coldstream Guards Regimental Band', 'T.L. Sharpe']",0.0,0.0,96.0,38.400000000000006
25,3437,Imaginary Places,"['Busdriver', 'D-Styles']",0.0,0.0,96.0,38.400000000000006
25,3939,"St. Luke Passion, TWV 5:13: Recitative: Welcher wahr um eines Aufruhrs (Evangelist, Chorus)","['Georg Philipp Telemann', 'Wolfgang Klose', 'Marcus Ullmann', 'Christian Hilz', 'Raimonds Spogis', 'Thilo Dahlmann', 'Kolner Akademie Choir', 'Kölner Akademie', 'Michael Alexander Willens']",0.0,0.0,96.0,38.400000000000006
25,7909,"Concerto Grosso in C Major, Op. 1, No. 10: II. Allemanda: Allegro","['Pietro Locatelli', 'Capella Istropolitana', 'Jaroslav Krcek']",0.0,0.0,96.0,38.400000000000006
25,2297,A World Generated Every Answer Ever For All to Know,['Tstewart'],0.0,0.0,96.0,38.400000000000006
25,5692,Zucht Und Hunger,['Kreuzweg Ost'],0.0,0.0,96.0,38.400000000000006
25,755,Reaching Out,['Fushara'],0.0,0.0,96.0,38.400000000000006
25,333,Initiation,['Praxis'],0.0,0.0,96.0,38.400000000000006
25,6401,The River,['The Verve Pipe'],0.0,0.0,96.0,38.400000000000006
25,3665,Volunteer State,['Bryan Beller'],0.0,0.0,96.0,38.400000000000006
25,8127,Lights Go Down,['American Longspurs'],0.0,0.0,96.0,38.400000000000006
25,7455,No Greater Love,['Ricky Dillard & New G (New Generation Chorale)'],0.0,0.0,96.0,38.400000000000006
25,7875,Bonefields,['Shawn Colvin'],0.0,0.0,96.0,38.400000000000006
25,4698,"Somebody to Love - Live at the Fillmore East, New York, NY - May 1968",['Jefferson Airplane'],0.0,0.0,96.0,38.400000000000006
25,2631,All For The Love Of A Girl,['Johnny Horton'],0.0,0.0,96.0,38.400000000000006
25,6583,Sonatadur,"['Wolfgang Amadeus Mozart', 'Klazz Brothers', 'Cuba Percussion']",0.6436853272365138,25.0,95.0,38.38621119634191
25,6143,Quiet Place,['Negativland'],0.6208646735677059,25.0,95.0,38.372518804140626
25,8274,Amor Y Celos,"[""Juan D'Arienzo y su Orquesta Típica""]",0.6058089779877892,24.0,95.0,38.363485386792675
25,2464,Chiraq,"['B.M.R.', 'Qiis', 'Izzy']",0.410752697703554,19.0,95.0,38.24645161862213
25,2308,Every Piece of Me,['Skeye'],0.3939527033317525,20.0,95.0,38.236371621999055
25,4292,Afterglow,['Ultralash'],0.3568251495340103,18.0,95.0,38.21409508972041
25,8104,Hay Burner,['Swingadelic'],0.3397915442427242,18.0,95.0,38.20387492654564
25,7253,Head Banger - Live,['Frankie Bones'],0.33651887439945094,18.0,95.0,38.20191132463967
25,5068,Weak End,['Phil Woods'],0.3341769335725828,18.0,95.0,38.20050616014355
25,4785,Friends Like These (feat. Kam Moye) - Amdex Remix,['Boog Brown'],0.3340263514248154,19.0,95.0,38.20041581085489
25,561,The Hollybush / Miss Monaghan,['Sean Potts'],0.3256269121174945,19.0,95.0,38.195376147270494
25,5849,Party's Over,['Numbers'],0.3214145188129828,19.0,95.0,38.19284871128779
25,3106,One Ton Skank,['Pitch Black'],0.3101224468313076,18.0,95.0,38.18607346809878
25,2958,New Skin,['Skin Area'],0.3052109181141439,18.0,95.0,38.18312655086849
25,3395,Platee Ballet Suite: VII. Rigaudon I - II,"['Jean-Philippe Rameau', 'European Union Baroque Orchestra', 'Roy Goodman']",0.30495943265779046,18.0,95.0,38.182975659594675
25,1920,Spacebaby - Seiberg & Witten Mix,['Gargoyles'],0.29827394400734386,18.0,95.0,38.17896436640441
25,1798,Jesus I Love You,['Maurette Brown Clark'],0.18423529411764705,12.0,95.0,38.11054117647059
25,2801,Black Velvet Band,['Hair of the Dog'],0.17653691275167785,12.0,95.0,38.10592214765101
25,1874,Dollars,['Neil Hamburger'],0.17653691275167785,12.0,95.0,38.10592214765101
25,1908,Djup svart sjö,['Ulf Lundell'],0.17591736046870182,14.0,95.0,38.10555041628122
25,5455,"Sister Carrie, Act I: It's Opening Night at McVickar's (Live)","['Robert Aldridge', 'Keith Phares', 'Leroy Davis', 'Florentine Opera Chorus', 'Milwaukee Symphony Orchestra', 'William Boggs']",0.17030087897227858,13.0,95.0,38.10218052738337
25,4406,On And On,['Benjamin Davis Murphy'],0.16877220686932493,12.0,95.0,38.1012633241216
25,1275,A Virgin Unspotted,['Chanticleer'],0.16565464895635673,12.0,95.0,38.099392789373816
25,6834,"Red, Black, and Blue",['Venus Walk'],0.15673765518966756,14.0,95.0,38.0940425931138
25,7794,The Way You Love (Mudman Berlin Minimal Dub),['Electro Spectre'],0.15562464265294454,13.0,95.0,38.09337478559177
25,2794,MTA,['Hair of the Dog'],0.15437158469945356,13.0,95.0,38.092622950819674
25,5070,Paring Off,['Phil Woods'],0.1526565143824027,13.0,95.0,38.09159390862944
25,3656,En el Último Trago (feat. Cyrille Aimée),"['Leonel García', 'Cyrille Aimée']",0.14977375565610862,12.0,95.0,38.089864253393664
25,757,Ancients,['Parallel'],0.1491083413231064,12.0,95.0,38.089465004793865
25,5167,"It's All Over Now, Baby Blue",['Robyn Hitchcock'],0.14470803574633026,12.0,95.0,38.0868248214478
25,7171,Montag's Books,['Moscow Symphony Orchestra conducted by William Stromberg'],0.14436669998572038,12.0,95.0,38.08662001999143
25,688,Never Forget,['Bub Bizzle'],0.14224770963004407,12.0,95.0,38.085348625778025
25,1505,Trust,['Jason Upton'],0.13985348407937243,13.0,95.0,38.083912090447626
25,6458,Devotional Dub,['Tabla Beat Science'],0.13927502494180247,12.0,95.0,38.08356501496508
25,7349,Joy To The World,['Die Prinzen'],0.13833306042246601,12.0,95.0,38.08299983625348
25,6680,slater,['Rabbit Junk'],0.1375369458128079,12.0,95.0,38.08252216748768
25,421,Mood Indigo,['Inga Swearingen'],0.132742551566081,12.0,95.0,38.07964553093965
25,3637,Those Who Wave Flags,['AM Syndicate'],0.1321266968325792,12.0,95.0,38.07927601809955
25,633,Obviously Spring,['Kip Hanrahan'],0.12948513415518492,12.0,95.0,38.07769108049311
25,3679,World Class,['Bryan Beller'],0.12868725202691048,12.0,95.0,38.07721235121615
25,7433,Acqua,['Raf'],0.051094890510948905,7.0,95.0,38.03065693430657
25,651,Even So,['Rachael Yamagata'],0.048,6.0,95.0,38.0288
25,2859,"Sonata a 5 in G Minor, Op. 2, No. 6: II. Allegro","['Tomaso Albinoni', 'Capella Istropolitana']",0.048,6.0,95.0,38.0288
25,7925,There Goes My Formula!,['The Minders'],0.04411764705882353,6.0,95.0,38.02647058823529
25,1757,If I Were a Girl,"['Phil Johnson', 'Roadside Attraction']",0.04411764705882353,6.0,95.0,38.02647058823529
25,5935,Deck Full Of Jokers,['The Citizens'],0.04411764705882353,6.0,95.0,38.02647058823529
25,2905,The Old Year Now Away is Fled,"['Traditional', 'The Sixteen', 'Harry Christophers']",0.04411764705882353,6.0,95.0,38.02647058823529
25,5924,To You From Me,['Dee Carstensen'],0.04411764705882353,6.0,95.0,38.02647058823529
25,5792,Slapback,['Lusine'],0.0440251572327044,7.0,95.0,38.026415094339626
25,1896,Triumph In Kabul,['Neil Hamburger'],0.043478260869565216,6.0,95.0,38.02608695652174
25,6657,The Boar's Head Carol,['Katie McMahon'],0.040268456375838924,6.0,95.0,38.0241610738255
25,3694,Testers,"['Dutchieman', '38 Spesh']",0.040268456375838924,6.0,95.0,38.0241610738255
25,4842,I Morgen Er Alt Muligt,['Peter Sommer'],0.040268456375838924,6.0,95.0,38.0241610738255
25,3758,Farewell Blues,['Wynn Osborne'],0.03954802259887006,7.0,95.0,38.02372881355932
25,7572,Rockin' Around The Christmas Tree,['Brenda Lee'],0.03870967741935484,6.0,95.0,38.02322580645161
25,5782,Call You Out,['Eli Conley'],0.0379746835443038,6.0,95.0,38.02278481012658
25,4499,The Man Right Chea,['Mystikal'],0.0379746835443038,6.0,95.0,38.02278481012658
25,5498,Goodbyes and Hellos!,['The Firesign Theatre'],0.03723404255319149,7.0,95.0,38.022340425531915
25,4362,Neromanto,['Blaze of Sorrow'],0.03529411764705882,6.0,95.0,38.02117647058824
25,956,A Joyful Process,['Funkadelic'],0.03468208092485549,6.0,95.0,38.02080924855491
25,2942,000 Blue Sky,['Alexandroid'],0.03296703296703297,6.0,95.0,38.01978021978022
25,6404,What You Wanted,['The Verve Pipe'],0.03296703296703297,6.0,95.0,38.01978021978022
25,2254,The Ghost,['Tamara Silvera'],0.03296703296703297,6.0,95.0,38.01978021978022
25,3267,"Fool for Your Loving - Live in Tokyo, Japan, 5/7/1997; Remix",['Whitesnake'],0.03278688524590164,6.0,95.0,38.019672131147544
25,1143,Anubis,['Bill Laswell'],0.03225806451612903,6.0,95.0,38.019354838709674
25,6828,Beneath the Skin (Adrenaline Edit),['Collide'],0.03225806451612903,6.0,95.0,38.019354838709674
25,4380,Check for a Nigga,['Cappadonna'],0.03208556149732621,6.0,95.0,38.01925133689839
25,2240,Truale,['Sam Baker'],0.03208556149732621,6.0,95.0,38.01925133689839
25,1083,"1017 Freestyle (feat. Pooh Shiesty, BIG30 & Foogiano)","['Gucci Mane', 'Pooh Shiesty', 'Foogiano', 'BIG30']",0.03208556149732621,6.0,95.0,38.01925133689839
25,7963,Drag You There,['Five Horse Johnson'],0.031914893617021274,6.0,95.0,38.01914893617021
25,2579,Back to the Dirty Town,['The Blues Mystery'],0.031914893617021274,6.0,95.0,38.01914893617021
25,3298,Smile Again,['Sharon Cuneta'],0.030927835051546393,6.0,95.0,38.01855670103093
25,998,Waterskiing,['Comedian Bob Marley'],0.030927835051546393,6.0,95.0,38.01855670103093
25,503,Motel,['Ufell'],0.03076923076923077,6.0,95.0,38.01846153846154
25,5945,Naked Amaryllis,['Zu'],0.030456852791878174,6.0,95.0,38.018274111675126
25,3184,Sensitive Boys,['U.K. Subs'],0.0,0.0,95.0,38.0
25,6665,The Little Road to Bethlehem,['Katie McMahon'],0.0,0.0,95.0,38.0
25,5031,Every Beat Of My Heart,['Johnny Otis'],0.0,0.0,95.0,38.0
25,5052,If It's Magic,['Christy Baron'],0.0,0.0,95.0,38.0
25,4689,"Star Track - Live at the Fillmore East, New York, NY - May 1968",['Jefferson Airplane'],0.0,0.0,95.0,38.0
25,3325,Because You´re Young,['Jonas Bering'],0.0,0.0,95.0,38.0
25,7879,Mr. Levon,['Shawn Colvin'],0.0,0.0,95.0,38.0
25,6624,Ribumbabap Rubadubaoumoum,['Jefferson Airplane'],0.0,0.0,95.0,38.0
25,3256,"Sailing Ships - Live in Tokyo, Japan, 5/7/1997; Remix",['Whitesnake'],0.0,0.0,95.0,38.0
25,5502,"Mutt 'n' Smutt Are ""Huntin' Blind""",['The Firesign Theatre'],0.0,0.0,95.0,38.0
25,2943,Alectra,['SCSI-9'],0.0,0.0,95.0,38.0
25,1234,Halve the Light,['Paul Brill'],0.0,0.0,95.0,38.0
25,2840,"Concerto Grosso in D Major, Op. 1, No. 5: IV. Allegro","['Pietro Locatelli', 'Capella Istropolitana']",0.0,0.0,95.0,38.0
25,1749,Iphone Taser,"['Phil Johnson', 'Roadside Attraction']",0.0,0.0,95.0,38.0
25,3079,I Got the Hits and Party Jams Vol. 35,['Emotional Joystick'],0.0,0.0,95.0,38.0
25,5276,O Come O Come Emanuel,['Ty Herndon'],0.0,0.0,95.0,38.0
25,462,I Love You,['Delightful Doris Drew'],0.0,0.0,95.0,38.0
25,981,Easter,['Comedian Bob Marley'],0.0,0.0,95.0,38.0
25,4501,Sleepin' With Me (feat. O'Dell),"['Mystikal', 'Odell']",0.0,0.0,95.0,38.0
25,1807,Entry,['Tarwater'],0.0,0.0,95.0,38.0
25,5799,"Cecile, Ma Fille",['Claude Nougaro'],0.0,0.0,95.0,38.0
25,1388,No More,['Archer Prewitt'],0.0,0.0,95.0,38.0
25,7639,La Javanaise,['Madeleine Peyroux'],0.0,0.0,95.0,38.0
25,2906,Angelus Ad Virginem,"['Traditional', 'The Sixteen', 'Harry Christophers']",0.0,0.0,95.0,38.0
25,4160,Scene 13: One Wheel Spinning,['Philip Glass'],0.0,0.0,95.0,38.0
25,2815,Wishing On The Moon,"[""Meredith d'Ambrosio""]",0.6253465629419062,25.0,94.0,37.97520793776515
25,4991,"20,000 Tonnes of Machinery to Smash Matter",['Halo'],0.5917739876215571,26.0,94.0,37.955064392572936
25,1811,All That,['Tarwater'],0.5915630777443803,25.0,94.0,37.95493784664663
25,1538,Information,['The Samples'],0.35469824418129847,18.0,94.0,37.81281894650878
25,974,One Shittah,['Comedian Bob Marley'],0.33357410204215643,20.0,94.0,37.800144461225294
25,4930,Looking Glass,['Yanni'],0.32651875264062086,19.0,94.0,37.79591125158437
25,711,Peddi Max (Gunge Remix),"['Henrik the Artist', 'Gunge']",0.324662483841473,18.0,94.0,37.79479749030489
25,4379,South of the Border,['Cappadonna'],0.32311064581561216,19.0,94.0,37.793866387489366
25,3328,Wissant,['Jonas Bering'],0.3084326119951299,18.0,94.0,37.78505956719708
25,763,Swamp Funk (Equinox Remix),['Ibunshi & Indidjinous'],0.2940271048651981,18.0,94.0,37.77641626291912
25,979,Thanksgiving,['Comedian Bob Marley'],0.29144936325045484,18.0,94.0,37.77486961795027
25,4467,Linden Ave Stomp,['Jack Rose'],0.28701120638741656,18.0,94.0,37.772206723832454
25,4943,The Rain Must Fall,['Yanni'],0.1988438154091498,14.0,94.0,37.719306289245495
25,7871,A Matter Of Minutes,['Shawn Colvin'],0.18576100628930817,13.0,94.0,37.711456603773584
25,1374,Takin' A Chance On Love,['Jerry Jeff Walker'],0.18576100628930817,13.0,94.0,37.711456603773584
25,3422,Staraja Ladoga,['Achillea'],0.17653691275167785,12.0,94.0,37.70592214765101
25,7549,Your Fall,['Christine Havrilla'],0.16877220686932493,12.0,94.0,37.7012633241216
25,5055,Undone,['Suicide City'],0.16749343449080828,12.0,94.0,37.70049606069448
25,6686,"Winterreise, Op. 89, D. 911: Die Wetterfahne","['Franz Schubert', 'Roman Trekel', 'Ulrich Eisenlohr']",0.16418466120625466,12.0,94.0,37.69851079672375
25,4935,The Mermaid,['Yanni'],0.16418181818181818,12.0,94.0,37.69850909090909
25,7695,Far Raid,['Lightning Strikes Across the Sky'],0.8272363919844368,30.0,93.0,37.696341835190665
25,5568,Sail Babylon Springs,['The Mountain Goats'],0.1520650813516896,12.0,94.0,37.69123904881101
25,7647,Cloviswing,['Jean-Claude Laudat'],0.15078630897317297,12.0,94.0,37.690471785383906
25,2077,Lila Blue,['Peter Mulvey'],0.14531352893831856,12.0,94.0,37.68718811736299
25,6699,"Winterreise, Op. 89, D. 911: Die Krahe","['Franz Schubert', 'Roman Trekel', 'Ulrich Eisenlohr']",0.14470803574633026,12.0,94.0,37.6868248214478
25,1424,Two Clowns,['Galactic'],0.14470803574633026,12.0,94.0,37.6868248214478
25,2211,Wait For The Summer - Live,['Yeasayer'],0.1441311852704258,12.0,94.0,37.68647871116226
25,306,Welcome Home,['Nelson Rangell'],0.1415904778333621,12.0,94.0,37.68495428670002
25,5443,Nuclear Sun - FrostRaven RMX,['Virtual Light'],0.13042709867452135,12.0,94.0,37.678256259204716
25,47,Ghostforce Soul Constrictor,['Dødheimsgard'],0.13042709867452135,12.0,94.0,37.678256259204716
25,5900,The Blackguards,['Brando'],0.12948513415518492,12.0,94.0,37.67769108049311
25,3462,The City,"['DRE-B', 'Jon Boi', 'Cooly']",0.12684777151782228,12.0,94.0,37.67610866291069
25,7970,State of Mind Control - Project-X Remix,['Leæther Strip'],0.1260267930977452,12.0,94.0,37.67561607585865
25,265,Stand Behind Me,['Christy Baron'],0.72712327295718,27.0,93.0,37.63627396377431
25,6336,Trust,['Smalltown Poets'],0.051094890510948905,7.0,94.0,37.63065693430657
25,1271,Good King Wenceslas,['Chanticleer'],0.051094890510948905,7.0,94.0,37.63065693430657
25,3309,I'll Sing You a Lullaby,['Vincent Herring'],0.048,6.0,94.0,37.6288
25,3711,You Are the Everything,"[""Pickin' On Series""]",0.048,6.0,94.0,37.6288
25,4356,Enfant Dans La Chambre Respirant,['Tadd Mullinix'],0.048,6.0,94.0,37.6288
25,6844,Santa Claus Is Coming To Town,['Steve Erquiaga'],0.04411764705882353,6.0,94.0,37.62647058823529
25,7567,Pretty Paper,['Don McLean'],0.04411764705882353,6.0,94.0,37.62647058823529
25,4153,Scene 7: She Slapped Me,['Philip Glass'],0.04411764705882353,6.0,94.0,37.62647058823529
25,655,Quiet,['Rachael Yamagata'],0.04411764705882353,6.0,94.0,37.62647058823529
25,640,Clean Charm Amongst Evil,['Kip Hanrahan'],0.04411764705882353,6.0,94.0,37.62647058823529
25,3669,Always Worth It,['Bryan Beller'],0.04411764705882353,6.0,94.0,37.62647058823529
25,5238,Is It Cold In Here,['Joe Diffie'],0.04411764705882353,6.0,94.0,37.62647058823529
25,1476,Light Your World,['John Called Mark'],0.04411764705882353,6.0,94.0,37.62647058823529
25,3301,Lift Up Your Hands,['Sharon Cuneta'],0.04411764705882353,6.0,94.0,37.62647058823529
25,6627,The Saga Of Sydney Spacepig,['Jefferson Airplane'],0.0440251572327044,7.0,94.0,37.62641509433963
25,1767,"Concerto for 2 Oboes in C Major, Op. 7, No. 2: I. Allegro","['Tomaso Albinoni', 'Anthony Camden', 'Alison Alty', 'London Virtuosi', 'John Georgiadis']",0.040268456375838924,6.0,94.0,37.624161073825505
25,1751,Mall Tantrum,"['Phil Johnson', 'Roadside Attraction']",0.040268456375838924,6.0,94.0,37.624161073825505
25,7419,Heart Is to the Left,['Unai'],0.040268456375838924,6.0,94.0,37.624161073825505
25,6123,Arc Of Return,['David J'],0.040268456375838924,6.0,94.0,37.624161073825505
25,7336,Bombe - A-Cappella,['Die Prinzen'],0.040268456375838924,6.0,94.0,37.624161073825505
25,7907,"Concerto Grosso in D Major, Op. 1, No. 9: V. Allegro","['Pietro Locatelli', 'Capella Istropolitana', 'Jaroslav Krcek']",0.03977272727272727,7.0,94.0,37.62386363636364
25,2159,Free Your Mind,['New World Generation'],0.03954802259887006,7.0,94.0,37.623728813559325
25,2672,Chasms,['Lycus'],0.03468208092485549,6.0,94.0,37.62080924855491
25,8010,Like You Want To Believe,['Collide'],0.03468208092485549,6.0,94.0,37.62080924855491
25,6157,You Don't Even Live Here,['Negativland'],0.03468208092485549,6.0,94.0,37.62080924855491
25,1165,Jumpin' with Symphony Sid,['Hank Mobley Quintet'],0.03468208092485549,6.0,94.0,37.62080924855491
25,935,That's Right,['Unk'],0.034482758620689655,6.0,94.0,37.62068965517241
25,1777,PUBLIC ENEMIES (feat. Kollegah & Fler),"['Farid Bang', 'Kollegah', 'Fler']",0.03428571428571429,6.0,94.0,37.62057142857143
25,1018,Heartbreak (Ah! Non Credea Mirarti),['Patrizia'],0.03314917127071823,6.0,94.0,37.61988950276243
25,3171,The Forest (Greens),['Madlib'],0.03296703296703297,6.0,94.0,37.619780219780225
25,3048,The Bold King's Hussars - Haste to the Wedding,"['Traditional', 'Fox-Cox', 'Coldstream Guards Regimental Band', 'T.L. Sharpe']",0.03278688524590164,6.0,94.0,37.619672131147546
25,3123,Tu Ganas,['José José'],0.032432432432432434,6.0,94.0,37.61945945945946
25,4896,River Canyon,['Leslie Tucker'],0.03225806451612903,6.0,94.0,37.619354838709675
25,5046,Misty,['Christy Baron'],0.03225806451612903,6.0,94.0,37.619354838709675
25,2054,Lsdj,['duo505'],0.03208556149732621,6.0,94.0,37.619251336898394
25,6801,Song Boxing,['Jim Jones'],0.03208556149732621,6.0,94.0,37.619251336898394
25,7983,Wiffle,['Delarosa And Asora'],0.031914893617021274,6.0,94.0,37.61914893617021
25,674,Nobody Seem to Love Me,['Neil Hamburger'],0.031914893617021274,6.0,94.0,37.61914893617021
25,454,There Will Never Be Another You,['Delightful Doris Drew'],0.031914893617021274,6.0,94.0,37.61914893617021
25,362,The High Snow,['Brazz Tree'],0.03076923076923077,6.0,94.0,37.61846153846154
25,1871,The Wizard,['Neil Hamburger'],0.0,0.0,94.0,37.6
25,2670,Moon Monolith,['Ewigkeit'],0.0,0.0,94.0,37.6
25,983,Where's My Friggin' Hammer,['Comedian Bob Marley'],0.0,0.0,94.0,37.6
25,3280,Winter's Warning I. Prologue,['Autumn Tears'],0.0,0.0,94.0,37.6
25,2649,I'll Be Home For Christmas,['Vibrolux'],0.0,0.0,94.0,37.6
25,545,I Know What You Need,['Armitage Shanks'],0.0,0.0,94.0,37.6
25,6216,Ja no seràs mai més record,"['Manuel Blancafort', 'Anna Alàs i Jové', 'Miquel Villalba']",0.0,0.0,94.0,37.6
25,7144,"Keyboard Sonata in E-Flat Major, Op. 5, No. 4, W. A4: I. Allegro","['Johann Christian Bach', 'Sophie Yates']",0.0,0.0,94.0,37.6
25,1601,Progress,['Flux of Pink Indians'],0.0,0.0,94.0,37.6
25,1131,Sattwa,"['Deuter', 'Chaitanya Hari Deuter']",0.0,0.0,94.0,37.6
25,3949,"St. Luke Passion, TWV 5:13: Recitative: Und sei teileten seine Kleider (Evangelist, Chorus)","['Georg Philipp Telemann', 'Wolfgang Klose', 'Marcus Ullmann', 'Christian Hilz', 'Raimonds Spogis', 'Thilo Dahlmann', 'Kolner Akademie Choir', 'Kölner Akademie', 'Michael Alexander Willens']",0.0,0.0,94.0,37.6
25,5245,Have Yourself A Merry Little Christmas,['Joe Diffie'],0.0,0.0,94.0,37.6
25,6559,Respect To The Distance,['Kaito'],0.0,0.0,94.0,37.6
25,6525,Bist du bei mir (If thou are near when life is closing),"['Johann Sebastian Bach', 'Charlotte Church', 'Sian Edwards']",0.0,0.0,94.0,37.6
25,6574,Hidden,['Treepeople'],0.0,0.0,94.0,37.6
25,2270,Design Your Fate,['Scars Of Tomorrow'],0.0,0.0,94.0,37.6
25,3650,Paloma Querida,['Leonel García'],0.0,0.0,94.0,37.6
25,3839,Malted Milk,['Jim Henry & Brooks Williams'],0.0,0.0,94.0,37.6
25,1746,Olympics,"['Phil Johnson', 'Roadside Attraction']",0.0,0.0,94.0,37.6
25,884,Something's Missing (feat. Alohe Burke & Clarence Burke Jr.) - Buddha Remastered 2001,"['The Five Stairsteps', 'Cubie Burke', 'Alohe Burke', 'Clarence Burke Jr.']",0.632632134148656,24.0,93.0,37.5795792804892
25,5304,On An Ocean Amp,['OOIOO'],0.5781247501556828,27.0,93.0,37.54687485009341
25,1900,Lovisastorm,['Ulf Lundell'],0.4294438584840553,20.0,93.0,37.457666315090435
25,2808,Have You Noticed?,"[""Meredith d'Ambrosio""]",0.3981526858885349,20.0,93.0,37.43889161153312
25,8224,La Cumparsita,"[""Juan D'Arienzo y su Orquesta Típica""]",0.35511457584881356,19.0,93.0,37.41306874550929
25,1869,500 of 'Em,['Neil Hamburger'],0.34594181545862657,18.0,93.0,37.40756508927518
25,1550,Untrust/Trust,['Shoplifting'],0.3440236568908516,18.0,93.0,37.40641419413451
25,8270,Tu Olvido,"[""Juan D'Arienzo y su Orquesta Típica""]",0.32815406353027365,18.0,93.0,37.396892438118165
25,1462,When You Touch Me,['The Guess Who'],0.3103591766635245,19.0,93.0,37.386215505998116
25,2148,Ode To Tanks,['Rumpelstiltskin Grinder'],0.29485850820018533,18.0,93.0,37.376915104920116
25,533,Support Slot,['Armitage Shanks'],0.28701120638741656,18.0,93.0,37.372206723832456
25,5705,Presenting: The Dancing Machine (The Robot With the Monkey Head),['The Lawrence Arms'],0.28701120638741656,18.0,93.0,37.372206723832456
25,7761,Bbc F/ Thrill Gates,['billy woods/thrill gates'],0.2804107480222523,18.0,93.0,37.36824644881335
25,3609,Berlin,['The Essex Green'],0.19066666666666665,13.0,93.0,37.314400000000006
25,356,Kitty's Rambles/Dowd's 9 Lives/Jenny's Chickens,"[""Marc Gunn & the Dubliners' Tabby Cats""]",0.19066666666666665,13.0,93.0,37.314400000000006
25,3442,Suing Sony,['Busdriver'],0.18077350200376613,13.0,93.0,37.30846410120226
25,5903,Verse Begins to Float,['Brando'],0.17421285454072338,13.0,93.0,37.304527712724436
25,5725,Huh What,['Tha Dogg Pound'],0.17194936708860759,12.0,93.0,37.303169620253165
25,4688,"Greasy Heart - Live at the Fillmore East, New York, NY - May 1968",['Jefferson Airplane'],0.15795626759038753,12.0,93.0,37.294773760554236
25,2336,The Art Of Insanity,['Scars Of Tomorrow'],0.15680672268907564,12.0,93.0,37.29408403361345
25,4872,User28,['On! Air! Library!'],0.15648627984028546,12.0,93.0,37.29389176790417
25,2570,Crazy Mad Bartz - 2.5,['Richard Bartz'],0.15275142314990514,12.0,93.0,37.29165085388995
25,4498,U Can't Handle This,['Mystikal'],0.14990107460138882,12.0,93.0,37.28994064476083
25,7422,Youngkiss,['Unai'],0.1491489997014034,12.0,93.0,37.289489399820845
25,3165,Understanding (Comprehension),['Madlib'],0.1485762800417973,13.0,93.0,37.28914576802508
25,112,"Psalm 23, ""The Lord is my Shepherd"": Psalm XXIII","['Charles Hylton Stewart', 'Michael Bloss', ""Choir of St John's, Elora"", 'Noel Edison']",0.14470803574633026,12.0,93.0,37.2868248214478
25,2361,The Humours of Lisheen / The Munster Jig / Seán Coughlin's,['Brendan Begley & Caoimhín Ó Raghallaigh'],0.14470803574633026,12.0,93.0,37.2868248214478
25,4828,No Piensas Así,['Eddie Palmieri'],0.14335342077277563,12.0,93.0,37.28601205246367
25,3691,Robinia Pseudoacacia,"['Triptych Myth', 'Cooper-Moore', 'Tom Abbs', 'Chad Taylor']",0.14239258285477063,12.0,93.0,37.285435549712865
25,1016,Seduction (Habanera),['Patrizia'],0.1414506183354342,12.0,93.0,37.28487037100126
25,4671,Frustrated,['Vivian Green'],0.13793559042113956,12.0,93.0,37.282761354252685
25,1329,Shake,['Archer Prewitt'],0.13686307267236394,12.0,93.0,37.28211784360342
25,5961,Bloody Boy / Neon Reprise (with S. Shackleton & H. Saunders),"['Angelo Badalamenti', 'S. Shackleton', 'H. Saunders']",0.13348164627363737,12.0,93.0,37.28008898776419
25,1953,Black Unholy Ground,['Solace'],0.12948513415518492,12.0,93.0,37.27769108049311
25,2143,Grab a Shovel (We've Got Bodies To Bury),['Rumpelstiltskin Grinder'],0.12948513415518492,12.0,93.0,37.27769108049311
25,2274,Vengeance,['Scars Of Tomorrow'],0.12276937568684913,12.0,93.0,37.27366162541211
25,7935,"Remember, Remember",['The Minders'],0.06299212598425197,8.0,93.0,37.23779527559056
25,5922,Angel,"['Dee Carstensen', 'Shawn Pelton', 'Vinnie Zumo', 'Philip Hamilton', 'Mark Egan']",0.057971014492753624,8.0,93.0,37.23478260869565
25,1921,Need To Know - Bushmen Freefall Mix,['Hierophant'],0.05555555555555555,7.0,93.0,37.233333333333334
25,3593,The Breakaway,['The Kilborn Alley Blues Band'],0.048,6.0,93.0,37.2288
25,5839,Beast Life,['Numbers'],0.048,6.0,93.0,37.2288
25,3545,I Love,['The Knickerbockers'],0.04666666666666667,7.0,93.0,37.228
25,6974,"Tiny Hands, Big Ideas",['Harold Budd'],0.04411764705882353,6.0,93.0,37.226470588235294
25,7728,Killing The Dead Man Again,['Headnoise'],0.04411764705882353,6.0,93.0,37.226470588235294
25,5480,"Sister Carrie, Act II: You're a Nice One to Talk About Who We Can Associate With! (Live)","['Robert Aldridge', 'Adriana Zabala', 'Keith Phares', 'Milwaukee Symphony Orchestra', 'William Boggs']",0.04411764705882353,6.0,93.0,37.226470588235294
25,3923,"St. Luke Passion, TWV 5:13: Aria: Sei stille, wallendes Gemute (Tenor)","['Georg Philipp Telemann', 'Wolfgang Klose', 'Marcus Ullmann', 'Christian Hilz', 'Raimonds Spogis', 'Thilo Dahlmann', 'Kolner Akademie Choir', 'Kölner Akademie', 'Michael Alexander Willens']",0.04411764705882353,6.0,93.0,37.226470588235294
25,5909,Rain Dance,"['Indigenous People', 'Marc Cary']",0.04411764705882353,6.0,93.0,37.226470588235294
25,7608,Sin Palabras,['Aníbal Troilo Y Su Orquesta Típica'],0.04411764705882353,6.0,93.0,37.226470588235294
25,4569,A Tale Of Two,['The Red Krayola'],0.0440251572327044,7.0,93.0,37.22641509433963
25,5920,Underneath My Skin,"['Dee Carstensen', 'Mike Mainieri', 'Shawn Pelton', 'Vinnie Zumo', 'Mino Cinelu', 'Mark Egan']",0.040268456375838924,6.0,93.0,37.224161073825506
25,7931,Savour All These Days,['The Minders'],0.040268456375838924,6.0,93.0,37.224161073825506
25,544,Ambition,['Armitage Shanks'],0.03977272727272727,7.0,93.0,37.22386363636364
25,5863,Untitled,['Black Lips'],0.03870967741935484,6.0,93.0,37.223225806451616
25,6805,Tranparent Metal,['Franco Zeiger'],0.0379746835443038,6.0,93.0,37.22278481012658
25,6299,Hardtimes,['Jakk Jo'],0.03468208092485549,6.0,93.0,37.220809248554914
25,4652,Song for Katie,['Larry Carlton'],0.03468208092485549,6.0,93.0,37.220809248554914
25,3497,Red Line,['The Broadways'],0.03428571428571429,6.0,93.0,37.22057142857143
25,3030,The British Grenadiers - Hielan Laddie - St. Patrick's Day - The Rising of the Lark - Milanollo,"['Traditional', 'Jacob Adam Kappey', 'Coldstream Guards Regimental Band', 'T.L. Sharpe']",0.03428571428571429,6.0,93.0,37.22057142857143
25,3049,Scarlet and Green,"['Traditional', 'Noble', 'Coldstream Guards Regimental Band', 'T.L. Sharpe']",0.03428571428571429,6.0,93.0,37.22057142857143
25,380,El Jorobadito - En Vivo,['Attaque 77'],0.03428571428571429,6.0,93.0,37.22057142857143
25,7767,Wake Up Call (interlude) F/ William Bodega,['billy woods/ w. bodega'],0.03428571428571429,6.0,93.0,37.22057142857143
25,1398,Dftd (Between the Devils),['I:Scintilla'],0.03409090909090909,6.0,93.0,37.22045454545455
25,4451,The Future,['Askeleton'],0.03314917127071823,6.0,93.0,37.219889502762435
25,1607,The Fun Is Over,['Flux of Pink Indians'],0.03296703296703297,6.0,93.0,37.219780219780226
25,816,Master Of Disharmony,['Dimmu Borgir'],0.032432432432432434,6.0,93.0,37.219459459459465
25,6554,Intension,['Kaito'],0.03225806451612903,6.0,93.0,37.21935483870968
25,6569,Nod And Blink,['Treepeople'],0.03208556149732621,6.0,93.0,37.219251336898395
25,2731,"Violin Sonata No. 1 in G Minor, BWV 1001: III. Siciliana","['Johann Sebastian Bach', 'Lucy van Dael']",0.031914893617021274,6.0,93.0,37.219148936170214
25,456,He's My Guy,['Delightful Doris Drew'],0.031914893617021274,6.0,93.0,37.219148936170214
25,5235,Ain't That Bad Enough,['Joe Diffie'],0.031914893617021274,6.0,93.0,37.219148936170214
25,3275,"Here I Go Again - Live in New York, NY, 10/4/2008",['Whitesnake'],0.031914893617021274,6.0,93.0,37.219148936170214
25,1758,"Concerto for 2 Oboes in D Major, Op. 9, No. 12: I. Allegro","['Tomaso Albinoni', 'Anthony Camden', 'Alison Alty', 'London Virtuosi', 'John Georgiadis']",0.030456852791878174,6.0,93.0,37.21827411167513
25,360,Orange Kitten's Mew (Parody: May Morning Dew),"[""Marc Gunn & the Dubliners' Tabby Cats""]",0.0,0.0,93.0,37.2
25,53,Personality Transplant,['Dødheimsgard'],0.0,0.0,93.0,37.2
25,143,"The Love For Three Oranges, Op. 33 (Sung in English): Act II Scene 2: Who are you? What do you want here? (Leandro, Fata Morgana, Truffaldino, Courtiers, King, Prince)","['Sergei Prokofiev', 'Bruce Martin', 'John Mac Master', 'Deborah Humble', 'Teddy Tahu Rhodes', 'William Ferguson', 'Warwick Fyfe', 'Jud Arthur', 'Elizabeth Whitehouse', 'Wendy Dawn Thompson', 'Sally-Anne Russell', 'Ali McGregor', 'Arend Baumann', 'Richard Alexander', 'Catherine Carby', 'Graeme Macfarlane', 'Tim DuFore', 'Opera Australia Chorus', 'Australian Opera and Ballet Orchestra', 'Richard Hickox']",0.0,0.0,93.0,37.2
25,7201,Walking Distance-The Park,['Moscow Symphony Orchestra conducted by William Stromberg'],0.0,0.0,93.0,37.2
25,4128,Fashionably Uninvited,['Mellowdrone'],0.0,0.0,93.0,37.2
25,170,Lawsuit Crazy,['Neil Hamburger'],0.0,0.0,93.0,37.2
25,7974,Introvert - Erektor Remix,['Leæther Strip'],0.0,0.0,93.0,37.2
25,178,The Ex-Wife,['Neil Hamburger'],0.0,0.0,93.0,37.2
25,260,The Shadow of Your Smile,['Christy Baron'],0.0,0.0,93.0,37.2
25,88,"Last Night's Fun, The Pullet",['The McCarthys'],0.0,0.0,93.0,37.2
25,7517,Armada,['The Jac'],0.0,0.0,93.0,37.2
25,95,Talvipuutarhaan,['Scandinavian Music Group'],0.0,0.0,93.0,37.2
25,621,In Between Shades,['Jill Tracy'],0.0,0.0,93.0,37.2
25,6438,Solitary Man,['Ritual'],0.0,0.0,93.0,37.2
25,1750,Bag Wine,"['Phil Johnson', 'Roadside Attraction']",0.0,0.0,93.0,37.2
25,1791,Breaking of Day,['Maurette Brown Clark'],0.0,0.0,93.0,37.2
25,6758,Bombing Bastards,"['Terranova', 'Tricky']",0.0,0.0,93.0,37.2
25,4577,Swerving,['The Red Krayola'],0.0,0.0,93.0,37.2
25,495,My Glass Is Empty,['Jacinta'],0.0,0.0,93.0,37.2
25,2776,I Don't Wanna Do it,['C.E. Ugly Brotha'],0.0,0.0,93.0,37.2
25,7370,Überall,['Die Prinzen'],0.0,0.0,93.0,37.2
25,3297,He's Out Of My Life,['Sharon Cuneta'],0.0,0.0,93.0,37.2
25,3286,The Passion and the Fury,['Autumn Tears'],0.0,0.0,93.0,37.2
25,5333,Going to Lebanon,['The Mountain Goats'],0.0,0.0,93.0,37.2
25,2666,Oppenheimer's Lament,['Ewigkeit'],0.0,0.0,93.0,37.2
25,521,Staring Each Other Down,['Willie Nelson'],0.0,0.0,93.0,37.2
25,5787,Siren Song,['Eli Conley'],0.6578732381721879,25.0,92.0,37.194723942903316
25,6374,Compromised,['Jay Gatz'],0.372560685133146,19.0,92.0,37.02353641107989
25,6489,What Child Is This? (feat. Mitchel Federan),"['The Broadway Cast Of ""The Music Man""', 'Mitchel Federan']",0.3165070047067443,18.0,92.0,36.98990420282405
25,894,I Love The Sound Of Dance Music (Parts 1 + 2),['Baxendale'],0.30984555877413456,18.0,92.0,36.985907335264486
25,2951,Sleep Mode,['Lonyx'],0.28701120638741656,18.0,92.0,36.97220672383246
25,2398,In The Pagoda,['Huong Thanh'],0.2133008921330089,14.0,92.0,36.92798053527981
25,3040,The Kinnegad Slashers,"['Anonymous', 'M. Retford', 'Coldstream Guards Regimental Band', 'T.L. Sharpe']",0.18423529411764705,12.0,92.0,36.910541176470595
25,5454,"Sister Carrie, Act I: It's Five, Five (Live)","['Robert Aldridge', 'Leroy Davis', 'Florentine Opera Chorus', 'Milwaukee Symphony Orchestra', 'William Boggs']",0.17716899196156333,13.0,92.0,36.90630139517694
25,5376,I Will Grab You By the Ears,['The Mountain Goats'],0.17194936708860759,12.0,92.0,36.903169620253166
25,3867,El Pedregal,['Love Spirals Downwards'],0.17194936708860759,12.0,92.0,36.903169620253166
25,3279,The Broken Doll,['Autumn Tears'],0.16877220686932493,12.0,92.0,36.9012633241216
25,3278,The Never,['Autumn Tears'],0.1678014184397163,14.0,92.0,36.90068085106383
25,6022,Yesterday Hates Today,['Negativland'],0.15680672268907564,12.0,92.0,36.89408403361345
25,2056,Toru Okada,['duo505'],0.15639725831786377,13.0,92.0,36.89383835499072
25,6447,İçten,['Atmxca'],0.15289058767319635,12.0,92.0,36.89173435260392
25,6925,Joseph & Tim,['Hector Zazou'],0.14990107460138882,12.0,92.0,36.889940644760834
25,4111,A Light On a Hill,"[""Margot & The Nuclear So And So's""]",0.14977375565610862,12.0,92.0,36.88986425339367
25,1642,Jesus Freak,['Azrael'],0.14950242999305716,12.0,92.0,36.88970145799584
25,1893,Technical Problems,['Neil Hamburger'],0.14599078341013827,12.0,92.0,36.88759447004609
25,3720,Intro,['Dee'],0.14591586493114506,13.0,92.0,36.88754951895869
25,7013,Sycophant,['Burning Paper'],0.14531352893831856,12.0,92.0,36.887188117362996
25,455,Wrap Your Troubles In Dreams,['Delightful Doris Drew'],0.1441311852704258,12.0,92.0,36.88647871116226
25,1629,Waiting For A Sign,['Neuropa'],0.1414506183354342,12.0,92.0,36.88487037100126
25,3262,"Don't Fade Away - Live in Tokyo, Japan, 5/7/1997; Remix",['Whitesnake'],0.13977915432265015,12.0,92.0,36.883867492593595
25,492,From The Hip,['Jacinta'],0.13915966386554623,12.0,92.0,36.88349579831933
25,5510,"Nick Danger in ""Lucky Liability""",['The Firesign Theatre'],0.13475935828877006,12.0,92.0,36.880855614973264
25,6203,"3 Cançons de Nadal: No. 2, Els núvols de Nadal","['Manuel Blancafort', 'Anna Alàs i Jové', 'Miquel Villalba']",0.13319394908375354,12.0,92.0,36.87991636945026
25,4875,Feb.,['On! Air! Library!'],0.13265651438240272,13.0,92.0,36.879593908629445
25,2537,"Partita in A Major, GWV 149: VIII. Gigue","['Christoph Graupner', 'Naoko Akutagawa']",0.13187211303323976,12.0,92.0,36.87912326781995
25,2752,Ravens Land,['Aurelio Voltaire'],0.12948513415518492,12.0,92.0,36.877691080493115
25,4246,Dynamite,['Champignons'],0.12948513415518492,12.0,92.0,36.877691080493115
25,4775,Left Hook,['Jeff Beck'],0.12948513415518492,12.0,92.0,36.877691080493115
25,1328,Raise On High,['Archer Prewitt'],0.12800091022869498,12.0,92.0,36.87680054613722
25,5714,The Old Timer's 2x4,['The Lawrence Arms'],0.12276937568684913,12.0,92.0,36.87366162541211
25,144,"The Love For Three Oranges, Op. 33 (Sung in English): Act II Scene 2: Who is this woman? (Truffaldino, Fata Morgana, Prince, Eccentrics, King, Courtiers, Little Devils)","['Sergei Prokofiev', 'Bruce Martin', 'John Mac Master', 'Deborah Humble', 'Teddy Tahu Rhodes', 'William Ferguson', 'Warwick Fyfe', 'Jud Arthur', 'Elizabeth Whitehouse', 'Wendy Dawn Thompson', 'Sally-Anne Russell', 'Ali McGregor', 'Arend Baumann', 'Richard Alexander', 'Catherine Carby', 'Graeme Macfarlane', 'Tim DuFore', 'Opera Australia Chorus', 'Australian Opera and Ballet Orchestra', 'Richard Hickox']",0.057971014492753624,8.0,92.0,36.834782608695654
25,7674,Quest For Opium With Cop Raid Intro - Live,['Sprawl'],0.05555555555555555,7.0,92.0,36.833333333333336
25,7988,Paz Suite 2,['Delarosa And Asora'],0.05555555555555555,7.0,92.0,36.833333333333336
25,3920,"St. Luke Passion, TWV 5:13: Recitative: Verwegner, welch ein Hohn! (Zedekia, Micha)","['Georg Philipp Telemann', 'Wolfgang Klose', 'Marcus Ullmann', 'Christian Hilz', 'Raimonds Spogis', 'Thilo Dahlmann', 'Kolner Akademie Choir', 'Kölner Akademie', 'Michael Alexander Willens']",0.051094890510948905,7.0,92.0,36.830656934306575
25,5804,J'Aimerais Tellement Ca,['Henri Salvador'],0.051094890510948905,7.0,92.0,36.830656934306575
25,4434,Washed Out,['1St Class Lounge'],0.048,6.0,92.0,36.8288
25,5788,Now I'm Doing Me,['Eli Conley'],0.04411764705882353,6.0,92.0,36.826470588235296
25,2533,"Partita in A Major, GWV 149: IV. Sarabande","['Christoph Graupner', 'Naoko Akutagawa']",0.04411764705882353,6.0,92.0,36.826470588235296
25,3454,The Vision,['DRE-B'],0.043478260869565216,6.0,92.0,36.82608695652174
25,1597,Is There Anybody There?,['Flux of Pink Indians'],0.040268456375838924,6.0,92.0,36.82416107382551
25,3549,You're Bad,['The Knickerbockers'],0.040268456375838924,6.0,92.0,36.82416107382551
25,3337,Last Mistake,['Bullets And Octane'],0.04,7.0,92.0,36.824000000000005
25,7556,Tangos,['Jose Serrano'],0.0379746835443038,6.0,92.0,36.822784810126585
25,4207,All Night Long - Live,['Scorpions'],0.03529411764705882,6.0,92.0,36.82117647058824
25,4808,Free Senses,['Saafi Brothers'],0.03468208092485549,6.0,92.0,36.820809248554916
25,1574,Contortionists,['Kitaro'],0.03468208092485549,6.0,92.0,36.820809248554916
25,7700,Conformation Desecration,['Lightning Strikes Across the Sky'],0.034482758620689655,6.0,92.0,36.820689655172416
25,6109,Lurid Iniquity,['Abysmal Torment'],0.03428571428571429,6.0,92.0,36.820571428571434
25,7723,Billy Bones' Intro,['Headnoise'],0.03428571428571429,6.0,92.0,36.820571428571434
25,524,Permanently Lonely,['Willie Nelson'],0.03314917127071823,6.0,92.0,36.819889502762436
25,3266,"Only My Soul - A Capella; Live in Tokyo, Japan, 7/5/1997",['Whitesnake'],0.03314917127071823,6.0,92.0,36.819889502762436
25,1983,Have Yourself a Merry Little Christmas (feat. Esperanza Spalding),"['John Legend', 'Esperanza Spalding']",0.031914893617021274,6.0,92.0,36.819148936170215
25,6002,Journey,['Thom Rotella'],0.031914893617021274,6.0,92.0,36.819148936170215
25,6841,O Thou Joyful Day/O Little Town Of Bethlehem,['Liz Story'],0.030927835051546393,6.0,92.0,36.818556701030936
25,5330,Bad Priestess,['The Mountain Goats'],0.030927835051546393,6.0,92.0,36.818556701030936
25,6931,The Workers,"['Hector Zazou', 'Katrina Bedford']",0.030927835051546393,6.0,92.0,36.818556701030936
25,6884,All Manner of Pox or Canker,['The Paper Chase'],0.030456852791878174,6.0,92.0,36.81827411167513
25,821,Seeds Of The Ancient Gods,"[""Old Man's Child""]",0.0,0.0,92.0,36.800000000000004
25,4956,Shut Out The Shine,['Anny Celsi'],0.0,0.0,92.0,36.800000000000004
25,5306,Ring A Ring A Lee,['OOIOO'],0.0,0.0,92.0,36.800000000000004
25,6707,"Winterreise, Op. 89, D. 911: Die Nebensonnen","['Franz Schubert', 'Roman Trekel', 'Ulrich Eisenlohr']",0.0,0.0,92.0,36.800000000000004
25,6114,Pulling Arrows From Our Heels,['David J'],0.0,0.0,92.0,36.800000000000004
25,5690,"Für Kaiser, Gott Und Vaterland",['Kreuzweg Ost'],0.0,0.0,92.0,36.800000000000004
25,7040,5 More Minutes - Live,['Granger Smith'],0.0,0.0,92.0,36.800000000000004
25,7688,Talking About Money,['Wye Oak'],0.0,0.0,92.0,36.800000000000004
25,4065,Wabash Cannonball,"['Richie Cole', 'Boots Randolph']",0.0,0.0,92.0,36.800000000000004
25,7985,Amira,['Delarosa And Asora'],0.0,0.0,92.0,36.800000000000004
25,5688,Know What Love Is,['Charlie Rouse'],0.0,0.0,92.0,36.800000000000004
25,2309,Smoke the Clouds (Part I),['Skeye'],0.0,0.0,92.0,36.800000000000004
25,7696,Snowy Sympathy,['Lightning Strikes Across the Sky'],0.0,0.0,92.0,36.800000000000004
25,7981,Wooden Toe,['Delarosa And Asora'],0.0,0.0,92.0,36.800000000000004
25,5837,Blinded by the Darkness,['T Bone Burnett'],0.0,0.0,92.0,36.800000000000004
25,1372,I Fall In Love Too Easily,['Jerry Jeff Walker'],0.0,0.0,92.0,36.800000000000004
25,1011,On the Brink,['Patrizia'],0.0,0.0,92.0,36.800000000000004
25,5181,"Tough On Me, Tough On You",['Lonnie Mack'],0.0,0.0,92.0,36.800000000000004
25,7233,Zigeunerliebe: Act I: Finale: Da habt lhr nun den Mund voller Pracht,"['Franz Lehár', 'Johanna Stojkovic', 'Dagmar Schellenberger', 'Zoran Todorovich', 'Bernhard Schneider', 'Ksenija Lukic', 'Stefan-Alexander Rankl', 'Markus Kohler', 'Raphaela Schulze', 'Andreas Horl', 'Andrej Bielow', 'North German Radio Chorus', 'North German Radio Philharmonic Orchestra', 'Frank Beermann']",0.0,0.0,92.0,36.800000000000004
25,5291,For Lydia,['Michael Leviton'],0.0,0.0,92.0,36.800000000000004
25,7240,"Zigeunerliebe: Act II: Duet: Lass dich bezaubern (Zorika, Jonel)","['Franz Lehár', 'Johanna Stojkovic', 'Dagmar Schellenberger', 'Zoran Todorovich', 'Bernhard Schneider', 'Ksenija Lukic', 'Stefan-Alexander Rankl', 'Markus Kohler', 'Raphaela Schulze', 'Andreas Horl', 'Andrej Bielow', 'North German Radio Chorus', 'North German Radio Philharmonic Orchestra', 'Frank Beermann']",0.0,0.0,92.0,36.800000000000004
25,282,"If It Ain't Broke, Don't Fix It",['Jerry Reed'],0.0,0.0,92.0,36.800000000000004
25,4070,Moonglow Picnic,"['Richie Cole', 'Boots Randolph']",0.0,0.0,92.0,36.800000000000004
25,5950,Tomorrow Night,['Shelley Short'],0.0,0.0,92.0,36.800000000000004
25,7357,Maria durch ein' Dornwald ging,['Die Prinzen'],0.0,0.0,92.0,36.800000000000004
25,5130,Inertia,['The Ocean'],0.0,0.0,92.0,36.800000000000004
25,2082,Coda: Ballymore,['Peter Mulvey'],0.0,0.0,92.0,36.800000000000004
25,6144,Michael Jackson,['Negativland'],0.0,0.0,92.0,36.800000000000004
25,1792,I Live to Praise Him,['Maurette Brown Clark'],0.5637757620295927,24.0,91.0,36.73826545721776
25,4873,Bambalance,['On! Air! Library!'],0.5268318037432067,25.0,91.0,36.716099082245925
25,531,Living Is The Best Revenge,['Armitage Shanks'],0.506392948722741,24.0,91.0,36.70383576923364
25,418,Learning How To Fly/Fly Me To The Moon,['Inga Swearingen'],0.4312978386710254,20.0,91.0,36.658778703202614
25,4171,Tsmm,['Perpetual Groove'],0.33638191519773597,18.0,91.0,36.60182914911864
25,6222,"Lírica catalana: No. 5, L'hora de l'alba","['Manuel Blancafort', 'Anna Alàs i Jové', 'Miquel Villalba']",0.32855133737486675,18.0,91.0,36.59713080242492
25,4817,The Spider,['Kansas'],0.314030862754267,19.0,91.0,36.588418517652556
25,247,New Soft Motherhood Alliance,['Frog Eyes'],0.30984555877413456,18.0,91.0,36.58590733526448
25,5953,Sweet Heart Said,['Shelley Short'],0.30696602878127255,18.0,91.0,36.58417961726876
25,245,I Like Dot Dot Dot,['Frog Eyes'],0.29241484156016917,18.0,91.0,36.5754489049361
25,366,Quest,['Brazz Tree'],0.2133008921330089,14.0,91.0,36.5279805352798
25,2020,Days Of Wine And Roses - REMASTERED,['Henry Mancini'],0.19889051094890509,13.0,91.0,36.51933430656934
25,4737,Tour Guide,['Karsh Kale'],0.1904229253222542,13.0,91.0,36.51425375519335
25,2391,Bird Soul - Fold vs. Horace Remix,"['Pitch Black', 'Fold', 'Horace']",0.18576100628930817,13.0,91.0,36.51145660377358
25,5065,African Violets,['Phil Woods'],0.1854530841872614,13.0,91.0,36.51127185051236
25,5717,Keep On Ridin' - Feat. Butch Cassidy,['Tha Dogg Pound'],0.1854530841872614,13.0,91.0,36.51127185051236
25,1169,Keen and Peachy,['Hank Mobley Quintet'],0.18423529411764705,12.0,91.0,36.51054117647059
25,2403,South Delta Song,"['Nguyên Lê', 'Huong Thanh']",0.18423529411764705,12.0,91.0,36.51054117647059
25,7989,Paz Suite 3,['Delarosa And Asora'],0.17703823953823955,13.0,91.0,36.50622294372294
25,2003,I Put a Spell On You,['The Five Americans'],0.17194936708860759,12.0,91.0,36.50316962025316
25,249,The Heart That Felt Its Light,['Frog Eyes'],0.17194936708860759,12.0,91.0,36.50316962025316
25,2889,Bolis On My Wrist,['Chingo Bling'],0.16749343449080828,12.0,91.0,36.50049606069448
25,4068,Walkin' With Mr. Lee,"['Richie Cole', 'Boots Randolph']",0.16495375128468653,13.0,91.0,36.49897225077081
25,7793,The Way You Love (Technomancer Remix),['Electro Spectre'],0.16051612903225806,12.0,91.0,36.496309677419355
25,970,Itchy Boobs,['Comedian Bob Marley'],0.1576190476190476,13.0,91.0,36.494571428571426
25,7237,"Zigeunerliebe: Act II: Duet: Ich weiss ein Rezept, ja ganz famos (Ilona, Dragotin)","['Franz Lehár', 'Johanna Stojkovic', 'Dagmar Schellenberger', 'Zoran Todorovich', 'Bernhard Schneider', 'Ksenija Lukic', 'Stefan-Alexander Rankl', 'Markus Kohler', 'Raphaela Schulze', 'Andreas Horl', 'Andrej Bielow', 'North German Radio Chorus', 'North German Radio Philharmonic Orchestra', 'Frank Beermann']",0.15680672268907564,12.0,91.0,36.49408403361345
25,4944,Face In The Photograph,['Yanni'],0.15648627984028546,12.0,91.0,36.49389176790417
25,1748,It's a Cult,"['Phil Johnson', 'Roadside Attraction']",0.1563206835888414,12.0,91.0,36.493792410153304
25,6485,"Let It Come to Us (feat. Vance Avery, Milena Govich, Matthew Greer & Katrina Yaukey)","['The Broadway Cast Of ""Cabaret""', 'Vance Avery', 'Milena Govich', 'Matthew Greer', 'Katrina Yaukey']",0.15453363665908354,12.0,91.0,36.49272018199545
25,4300,Laces,['Ultralash'],0.14977375565610862,12.0,91.0,36.48986425339366
25,5409,Star Dusting,['The Mountain Goats'],0.1491083413231064,12.0,91.0,36.489465004793864
25,7257,Crystal Clear - Live,['Frankie Bones'],0.14899835796387523,13.0,91.0,36.48939901477832
25,6393,Carter's Blues,"['Larry Sparks', 'Kenny Smith', 'Jim Hurst', 'Vince Gill', 'Tim Stafford']",0.14611068324348114,12.0,91.0,36.48766640994609
25,4690,"Wild Tyme (H) - Live at the Fillmore East, New York, NY - May 1968",['Jefferson Airplane'],0.14611068324348114,12.0,91.0,36.48766640994609
25,1314,Easy Living,['Lucy Ann Polk'],0.141321044546851,13.0,91.0,36.48479262672811
25,210,All the King's Men,['Polkadot Cadaver'],0.1375369458128079,12.0,91.0,36.48252216748768
25,5129,Queen of the Food-Chain,['The Ocean'],0.13475935828877006,12.0,91.0,36.48085561497326
25,6792,Good Die Young (feat. Marc Scibilia),"['Jim Jones', 'Marc Scibilia']",0.13319394908375354,12.0,91.0,36.47991636945025
25,3859,Moonlight City Drive,['Dog Fashion Disco'],0.12948513415518492,12.0,91.0,36.47769108049311
25,1736,The Stand,['Bloody Sunday'],0.12948513415518492,12.0,91.0,36.47769108049311
25,1594,Sick Butchers,['Flux of Pink Indians'],0.1260545905707196,12.0,91.0,36.47563275434243
25,2289,I Owe You Not,['Tstewart'],0.12508482857840875,12.0,91.0,36.47505089714704
25,6868,"Let's Be Bad, Henry, Let's Be Really Bad",['The Paper Chase'],0.12371134020618557,12.0,91.0,36.47422680412371
25,4633,A Voice of Divinity,['Ritual'],0.057971014492753624,8.0,91.0,36.43478260869565
25,3661,Tu Recuerdo y Yo,"['Leonel García', 'MARÍA TOLEDO']",0.057971014492753624,8.0,91.0,36.43478260869565
25,154,"The Love For Three Oranges, Op. 33 (Sung in English): Act IV Scene 1: Ah! I'll get you for this, I'll get you for this, see if I don't…! (Chelio, Fata Morgana, Eccentrics)","['Sergei Prokofiev', 'Bruce Martin', 'John Mac Master', 'Deborah Humble', 'Teddy Tahu Rhodes', 'William Ferguson', 'Warwick Fyfe', 'Jud Arthur', 'Elizabeth Whitehouse', 'Wendy Dawn Thompson', 'Sally-Anne Russell', 'Ali McGregor', 'Arend Baumann', 'Richard Alexander', 'Catherine Carby', 'Graeme Macfarlane', 'Tim DuFore', 'Opera Australia Chorus', 'Australian Opera and Ballet Orchestra', 'Richard Hickox']",0.051094890510948905,7.0,91.0,36.43065693430657
25,2023,Dear Heart - REMASTERED,['Henry Mancini'],0.051094890510948905,7.0,91.0,36.43065693430657
25,7672,Do The Sputnic,['Godzuki'],0.048,6.0,91.0,36.428799999999995
25,973,Crazy Momma,['Comedian Bob Marley'],0.048,6.0,91.0,36.428799999999995
25,3692,Intro- Projectiles and Cognac,['Dutchieman'],0.048,6.0,91.0,36.428799999999995
25,1868,"Waiter, I Didn't Touch That Woman's Ass!",['Neil Hamburger'],0.048,6.0,91.0,36.428799999999995
25,7581,El Milagro,['Aníbal Troilo Y Su Orquesta Típica'],0.048,6.0,91.0,36.428799999999995
25,7143,"Keyboard Sonata in G Major, Op. 5, No. 3, W. A3: II. Theme and Variations: Allegretto","['Johann Christian Bach', 'Sophie Yates']",0.04411764705882353,6.0,91.0,36.42647058823529
25,1243,Tall Grass in Old Virginny,['Jeffrey Foucault'],0.04411764705882353,6.0,91.0,36.42647058823529
25,2743,"Violin Sonata No. 2 in A Minor, BWV 1003: III. Andante","['Johann Sebastian Bach', 'Lucy van Dael']",0.04411764705882353,6.0,91.0,36.42647058823529
25,5482,"Sister Carrie, Act II: You're a Dandy, Hurstwood (Live)","['Robert Aldridge', 'Keith Phares', 'Milwaukee Symphony Orchestra', 'William Boggs']",0.04411764705882353,6.0,91.0,36.42647058823529
25,1321,In TThe Midst,['Archer Prewitt'],0.040268456375838924,6.0,91.0,36.4241610738255
25,8216,Miedo,"[""Juan D'Arienzo y su Orquesta Típica""]",0.040268456375838924,6.0,91.0,36.4241610738255
25,3682,All Up In It,"['Triptych Myth', 'Cooper-Moore', 'Tom Abbs', 'Chad Taylor']",0.040268456375838924,6.0,91.0,36.4241610738255
25,6774,Anybody (feat. Sandra Conte),"['Jim Jones', 'Sandra Conte']",0.040268456375838924,6.0,91.0,36.4241610738255
25,3399,Pigmalion (Pygmalion): III. Marche,"['Jean-Philippe Rameau', 'European Union Baroque Orchestra', 'Roy Goodman']",0.040268456375838924,6.0,91.0,36.4241610738255
25,177,A&R People,['Neil Hamburger'],0.040229885057471264,7.0,91.0,36.42413793103448
25,4287,If It Works,['Tokyo Police Club'],0.03977272727272727,7.0,91.0,36.423863636363635
25,1824,Alpha Centauri,['Sciflyer'],0.03870967741935484,6.0,91.0,36.42322580645161
25,7656,Haunted Valley,['Godzuki'],0.03870967741935484,6.0,91.0,36.42322580645161
25,3699,Hoffa,"['Dutchieman', 'Big Ooh']",0.0379746835443038,6.0,91.0,36.42278481012658
25,3767,Goodmorning Sunshine,['Quasimoto'],0.0374331550802139,7.0,91.0,36.42245989304813
25,3736,I Heard It Through The Grapevine,"[""Pickin' On Series""]",0.03468208092485549,6.0,91.0,36.42080924855491
25,3533,Is That What You Want,['The Knickerbockers'],0.03468208092485549,6.0,91.0,36.42080924855491
25,1744,Bee Violence,"['Phil Johnson', 'Roadside Attraction']",0.03468208092485549,6.0,91.0,36.42080924855491
25,6434,Wingspread,['Ritual'],0.03428571428571429,6.0,91.0,36.42057142857143
25,2866,"Concerto Grosso in D Major, Op. 1, No. 9: V. Allegro","['Pietro Locatelli', 'Capella Istropolitana']",0.03428571428571429,6.0,91.0,36.42057142857143
25,3044,Huntmen's Chorus - Italian Song,"['Anonymous', 'Pinkney', 'Coldstream Guards Regimental Band', 'T.L. Sharpe']",0.03314917127071823,6.0,91.0,36.41988950276243
25,6211,Cançó de l'amor primera,"['Manuel Blancafort', 'Anna Alàs i Jové', 'Miquel Villalba']",0.03296703296703297,6.0,91.0,36.41978021978022
25,2359,Seán Keane's / The Ardgroom Polka,['Brendan Begley & Caoimhín Ó Raghallaigh'],0.03208556149732621,6.0,91.0,36.41925133689839
25,7247,"Zigeunerliebe: Act III: Schlussszene: Ich bin ein Ziguenerkind (Ilona, Jozsi, Chorus)","['Franz Lehár', 'Johanna Stojkovic', 'Dagmar Schellenberger', 'Zoran Todorovich', 'Bernhard Schneider', 'Ksenija Lukic', 'Stefan-Alexander Rankl', 'Markus Kohler', 'Raphaela Schulze', 'Andreas Horl', 'Andrej Bielow', 'North German Radio Chorus', 'North German Radio Philharmonic Orchestra', 'Frank Beermann']",0.03208556149732621,6.0,91.0,36.41925133689839
25,7152,Prelude,['Moscow Symphony Orchestra conducted by William Stromberg'],0.031914893617021274,6.0,91.0,36.41914893617021
25,3050,Scotland for Ever - Cameron Men,"['Traditional', 'Henderson', 'Coldstream Guards Regimental Band', 'T.L. Sharpe']",0.03076923076923077,6.0,91.0,36.418461538461536
25,429,Echo Ecru,['Norken'],0.03076923076923077,6.0,91.0,36.418461538461536
25,3036,John Peel - Corn Riggs,"['Traditional', 'C.V. Wright', 'Coldstream Guards Regimental Band', 'T.L. Sharpe']",0.03076923076923077,6.0,91.0,36.418461538461536
25,8200,Derecho Viejo,"[""Juan D'Arienzo y su Orquesta Típica""]",0.030456852791878174,6.0,91.0,36.418274111675125
25,6108,Death Bound Conundrum,['Abysmal Torment'],0.030456852791878174,6.0,91.0,36.418274111675125
25,7561,Fandangos,"['Jose Serrano', 'Antonio ""El Agujetas""']",0.0,0.0,91.0,36.4
25,6900,Streetlights and Stars,['Orange Cake Mix'],0.0,0.0,91.0,36.4
25,5289,Saltwater to Quench Your Thirst,['Michael Leviton'],0.0,0.0,91.0,36.4
25,2493,Seven Ate Nine,['Tim Koch'],0.0,0.0,91.0,36.4
25,1336,I'll Be Waiting,['Archer Prewitt'],0.0,0.0,91.0,36.4
25,4823,Nobody's Home,['Kansas'],0.0,0.0,91.0,36.4
25,2134,Should Have Known,['Ignite'],0.0,0.0,91.0,36.4
25,1134,Surat Shabda,"['Deuter', 'Chaitanya Hari Deuter']",0.0,0.0,91.0,36.4
25,555,The Ace and Deuce of Pipering,['Gay McKeon'],0.0,0.0,91.0,36.4
25,2076,Thorn,['Peter Mulvey'],0.0,0.0,91.0,36.4
25,6688,"Winterreise, Op. 89, D. 911: Erstarrung","['Franz Schubert', 'Roman Trekel', 'Ulrich Eisenlohr']",0.0,0.0,91.0,36.4
25,1598,Life After Death,['Flux of Pink Indians'],0.0,0.0,91.0,36.4
25,7557,Seguiriyas,"['Antonio ""El Agujetas""']",0.0,0.0,91.0,36.4
25,2014,Moon River - Remastered,['Henry Mancini'],0.0,0.0,91.0,36.4
25,2242,Thursday,['Sam Baker'],0.0,0.0,91.0,36.4
25,6625,Would You Like a Snack,['Jefferson Airplane'],0.0,0.0,91.0,36.4
25,5487,"Sister Carrie, Act II: Carrie Madenda (Live)","['Robert Aldridge', 'Keith Phares', 'Milwaukee Symphony Orchestra', 'William Boggs']",0.0,0.0,91.0,36.4
25,1772,"Oboe Concerto in D Major, Op. 7, No. 6: III. Allegro","['Tomaso Albinoni', 'Anthony Camden', 'London Virtuosi', 'John Georgiadis']",0.0,0.0,91.0,36.4
25,3326,Circus,['Jonas Bering'],0.0,0.0,91.0,36.4
25,4668,Television,['Japan'],0.0,0.0,91.0,36.4
25,5452,"Sister Carrie, Act I: I Can Help You Get Along (Live)","['Robert Aldridge', 'Matt Morgan', 'Adriana Zabala', 'Jessica Timman Schwefel', 'Nathan Krueger', 'Milwaukee Symphony Orchestra', 'William Boggs']",0.0,0.0,91.0,36.4
25,3130,Voy a Llenarte Toda,['José José'],0.0,0.0,91.0,36.4
25,2311,How Long Do We Have,['Skeye'],0.0,0.0,91.0,36.4
25,6082,River Lullaby,['Jennifer Berezan'],0.0,0.0,91.0,36.4
25,6372,Scandalous,['Jay Gatz'],0.0,0.0,91.0,36.4
25,3689,Last Minute Trip Part Two,"['Triptych Myth', 'Cooper-Moore', 'Tom Abbs', 'Chad Taylor']",0.0,0.0,91.0,36.4
25,2016,Experiment in Terror - REMASTERED,['Henry Mancini'],0.0,0.0,91.0,36.4
25,6220,"Lírica catalana: No. 3, L'infinit","['Manuel Blancafort', 'Anna Alàs i Jové', 'Miquel Villalba']",0.0,0.0,91.0,36.4
25,379,El Perro - En Vivo,['Attaque 77'],0.0,0.0,91.0,36.4
25,4150,Scene 4: Two Halves of the Same Body,['Philip Glass'],0.0,0.0,91.0,36.4
25,1770,"Oboe Concerto in D Major, Op. 7, No. 6: I. Allegro","['Tomaso Albinoni', 'Anthony Camden', 'London Virtuosi', 'John Georgiadis']",0.0,0.0,91.0,36.4
25,5468,"Sister Carrie, Act I: Remember What You Said to Me That Night in the Park (Live)","['Robert Aldridge', 'Keith Phares', 'Adriana Zabala', 'Milwaukee Symphony Orchestra', 'William Boggs']",0.0,0.0,91.0,36.4
25,5339,Verbunden - Pathways To Work,['Klimek'],0.0,0.0,91.0,36.4
25,1444,Interview Snippet,['Neil Hamburger'],0.0,0.0,91.0,36.4
25,2301,Blue Skies Fall,['Skeye'],0.3990136338694019,19.0,90.0,36.23940818032164
25,2491,Macrome,['Tim Koch'],0.29544005164420273,18.0,90.0,36.17726403098652
25,5666,In the Dark,['Johanna and the Dusty Floor'],0.29194307704946004,18.0,90.0,36.175165846229675
25,3634,Texture Aspero,['AM Syndicate'],0.18576100628930817,13.0,90.0,36.11145660377358
25,617,Sea Song (Mare Carmen),['Walter Sickert & The Army Of Broken Toys'],0.17653691275167785,12.0,90.0,36.10592214765101
25,5396,Every Junkie,['Rebecca Folsom'],0.17194936708860759,12.0,90.0,36.10316962025316
25,2908,Make We Joy,"['Traditional', 'The Sixteen', 'Harry Christophers']",0.1667137153687946,13.0,90.0,36.10002822922128
25,3448,Opposable Thumbs,['Busdriver'],0.16418181818181818,12.0,90.0,36.09850909090909
25,5366,Soothe Your Mind,['Well'],0.15618538324420678,13.0,90.0,36.09371122994652
25,5407,Alpha Desperation March,['The Mountain Goats'],0.14990107460138882,12.0,90.0,36.08994064476083
25,3773,Bluffin,['Quasimoto'],0.14678351668842066,12.0,90.0,36.08807011001305
25,4232,Untitled,['Various Artists'],0.14598930481283423,13.0,90.0,36.0875935828877
25,4979,Suite in F Major: IV. Sarabande,"['Louis Couperin', 'Laurence Cummings']",0.14436669998572038,12.0,90.0,36.08662001999143
25,8051,Our Lordship Has Devised A New Billing System,['Frog Eyes'],0.1441311852704258,12.0,90.0,36.08647871116226
25,2803,Tim Finnegan's Wake,['Hair of the Dog'],0.14193548387096774,12.0,90.0,36.08516129032258
25,632,Kuduro of Assassins and Laughter,['Kip Hanrahan'],0.13554903877484523,13.0,90.0,36.081329423264904
25,6648,Hard (feat. AKA),"['Yanga Chief', 'AKA']",0.1320116054158607,12.0,90.0,36.07920696324952
25,4205,Speedy's Coming - Live,['Scorpions'],0.13150194087787398,12.0,90.0,36.07890116452673
25,6205,"4 Cançons: No. 1, Muntanya avall","['Manuel Blancafort', 'Anna Alàs i Jové', 'Miquel Villalba']",0.1307989307989308,12.0,90.0,36.078479358479356
25,3927,"St. Luke Passion, TWV 5:13: Recitative: Er sprach zu ihnen (Evangelist, Chorus)","['Georg Philipp Telemann', 'Wolfgang Klose', 'Marcus Ullmann', 'Christian Hilz', 'Raimonds Spogis', 'Thilo Dahlmann', 'Kolner Akademie Choir', 'Kölner Akademie', 'Michael Alexander Willens']",0.12948513415518492,12.0,90.0,36.07769108049311
25,6791,NYC (feat. Fat Joe),"['Jim Jones', 'Fat Joe']",0.1260545905707196,12.0,90.0,36.07563275434243
25,1942,Once Around The Sun,['Solace'],0.12508482857840875,12.0,90.0,36.075050897147044
25,1279,"See, Amid the Winter's Snow",['Chanticleer'],0.051094890510948905,7.0,90.0,36.03065693430657
25,6937,Give Me Another Chance,['Whiskeytown'],0.051094890510948905,7.0,90.0,36.03065693430657
25,155,"The Love For Three Oranges, Op. 33 (Sung in English): Act IV Scene 2: Are you ready? (Leandro, Master of Ceremonies, Courtiers, King, Chelio)","['Sergei Prokofiev', 'Bruce Martin', 'John Mac Master', 'Deborah Humble', 'Teddy Tahu Rhodes', 'William Ferguson', 'Warwick Fyfe', 'Jud Arthur', 'Elizabeth Whitehouse', 'Wendy Dawn Thompson', 'Sally-Anne Russell', 'Ali McGregor', 'Arend Baumann', 'Richard Alexander', 'Catherine Carby', 'Graeme Macfarlane', 'Tim DuFore', 'Opera Australia Chorus', 'Australian Opera and Ballet Orchestra', 'Richard Hickox']",0.051094890510948905,7.0,90.0,36.03065693430657
25,6660,The Holly and the Ivy,['Katie McMahon'],0.04411764705882353,6.0,90.0,36.02647058823529
25,7555,Taranto,['Jose Serrano'],0.04411764705882353,6.0,90.0,36.02647058823529
25,4447,Long Lost Man,['Kathleen Wilhoite'],0.04411764705882353,6.0,90.0,36.02647058823529
25,3252,Forevermore - Unzipped Version,['Whitesnake'],0.7084144629996058,26.0,89.0,36.02504867779977
25,2526,Forevermore - Unzipped Version,['Whitesnake'],0.7084144629996058,26.0,89.0,36.02504867779977
25,1288,Interlude: Algonquin/Cole Porter,['Mary Cleere Haran'],0.040268456375838924,6.0,90.0,36.0241610738255
25,1760,"Concerto for 2 Oboes in D Major, Op. 9, No. 12: III. Allegro","['Tomaso Albinoni', 'Anthony Camden', 'Alison Alty', 'London Virtuosi', 'John Georgiadis']",0.03977272727272727,7.0,90.0,36.023863636363636
25,3299,Maybe,['Sharon Cuneta'],0.03954802259887006,7.0,90.0,36.02372881355932
25,7234,"Zigeunerliebe: Act II: Scene and Song: Kutya lanczos (Zorika, Jozsi, Milhaly)","['Franz Lehár', 'Johanna Stojkovic', 'Dagmar Schellenberger', 'Zoran Todorovich', 'Bernhard Schneider', 'Ksenija Lukic', 'Stefan-Alexander Rankl', 'Markus Kohler', 'Raphaela Schulze', 'Andreas Horl', 'Andrej Bielow', 'North German Radio Chorus', 'North German Radio Philharmonic Orchestra', 'Frank Beermann']",0.0379746835443038,6.0,90.0,36.02278481012658
25,3082,Why Did You Have to go and Spoil Everything?,['Chevron'],0.03468208092485549,6.0,90.0,36.02080924855491
25,7913,"Concerto Grosso in C Minor, Op. 1, No. 11: II. Allemanda: Allegro","['Pietro Locatelli', 'Capella Istropolitana', 'Jaroslav Krcek']",0.03468208092485549,6.0,90.0,36.02080924855491
25,8133,Dancing On the Sun,['Ozny'],0.03428571428571429,6.0,90.0,36.02057142857143
25,2290,This Year Kindergarten Starts At 10pm,['Tstewart'],0.03409090909090909,6.0,90.0,36.02045454545455
25,7084,Chiedimi se sono felice,['Samuele Bersani'],0.03314917127071823,6.0,90.0,36.01988950276243
25,6827,Indulgence,"[""Randolph's Grin""]",0.03225806451612903,6.0,90.0,36.019354838709674
25,5791,Haze,['Lusine'],0.03208556149732621,6.0,90.0,36.01925133689839
25,2357,Dhá Pholca Dálaigh,['Brendan Begley & Caoimhín Ó Raghallaigh'],0.03208556149732621,6.0,90.0,36.01925133689839
25,2522,Wherever You May Go - 2018 Remaster,['Whitesnake'],0.031914893617021274,6.0,90.0,36.01914893617021
25,3248,Wherever You May Go - 2018 Remaster,['Whitesnake'],0.031914893617021274,6.0,90.0,36.01914893617021
25,6079,Lonely Autumn Night,['Jennifer Berezan'],0.031914893617021274,6.0,90.0,36.01914893617021
25,5378,Full Flower,['The Mountain Goats'],0.031914893617021274,6.0,90.0,36.01914893617021
25,5516,"Bob Heeblehauser's ""Tacomasaur""",['The Firesign Theatre'],0.030927835051546393,6.0,90.0,36.01855670103093
25,7905,"Concerto Grosso in D Major, Op. 1, No. 9: III. Allemanda: Allegro","['Pietro Locatelli', 'Capella Istropolitana', 'Jaroslav Krcek']",0.030927835051546393,6.0,90.0,36.01855670103093
25,4585,Gi,['Kitaro'],0.030927835051546393,6.0,90.0,36.01855670103093
25,4235,Untitled,['Various Artists'],0.030456852791878174,6.0,90.0,36.018274111675126
25,3191,Combat Zone,['U.K. Subs'],0.030456852791878174,6.0,90.0,36.018274111675126
25,2851,"Concerto Grosso in D Minor, Op. 2, No. 5: II. Allegro","['Francesco Geminiani', 'Capella Istropolitana']",0.030456852791878174,6.0,90.0,36.018274111675126
25,4717,Dead Is Dead,['Pain Station'],0.030456852791878174,6.0,90.0,36.018274111675126
25,5515,Our Holiday Wine Testing,['The Firesign Theatre'],0.0,0.0,90.0,36.0
25,2350,Cuzco,['E.S. Posthumus'],0.0,0.0,90.0,36.0
25,6450,Sacred Channel,['Tabla Beat Science'],0.0,0.0,90.0,36.0
25,230,Medley: Ten Commandments Of Love/Sincerely,['The Moonglows'],0.0,0.0,90.0,36.0
25,7906,"Concerto Grosso in D Major, Op. 1, No. 9: IV. Sarabanda: Largo","['Pietro Locatelli', 'Capella Istropolitana', 'Jaroslav Krcek']",0.0,0.0,90.0,36.0
25,6668,Suantraí (Lullaby),['Katie McMahon'],0.0,0.0,90.0,36.0
25,2699,Gotta Believe It,['Saigon'],0.0,0.0,90.0,36.0
25,3223,"Keyboard Sonata No. 43 in E-Flat Major, Hob.XVI:28: III. Finale: Presto","['Franz Joseph Haydn', 'Jenő Jandó']",0.0,0.0,90.0,36.0
25,3038,Bonnie English Rose,"['Traditional', 'C.D. Jarrett', 'Coldstream Guards Regimental Band', 'T.L. Sharpe']",0.0,0.0,90.0,36.0
25,2735,"Violin Partita No. 1 in B Minor, BWV 1002: III. Correnta","['Johann Sebastian Bach', 'Lucy van Dael']",0.0,0.0,90.0,36.0
25,7979,The Bears Aren't Sleeping Tonight - Notch Sexuality Remix,['Leæther Strip'],0.0,0.0,90.0,36.0
25,7560,Soleá,"['Antonio ""El Agujetas""']",0.0,0.0,90.0,36.0
25,1600,Take Heed,['Flux of Pink Indians'],0.0,0.0,90.0,36.0
25,547,Dutch Courage,['Armitage Shanks'],0.0,0.0,90.0,36.0
25,5417,Pure Intentions,['The Mountain Goats'],0.0,0.0,90.0,36.0
25,116,"Psalm 130, ""Out of the deep have I called unto thee O Lord"": Psalm CXXX","['Charles Hylton Stewart', 'Michael Bloss', ""Choir of St John's, Elora"", 'Noel Edison']",0.0,0.0,90.0,36.0
25,1565,It's Been A Great 3 Or 4 Years,['My Morning Jacket'],0.0,0.0,90.0,36.0
25,6516,"Lascia ch'io pianga (Let Me Weep) from ""Rinaldo""","['George Frideric Handel', 'Charlotte Church', 'Sian Edwards']",0.0,0.0,90.0,36.0
25,1800,My Faith Looks Up to Thee,['Maurette Brown Clark'],0.0,0.0,90.0,36.0
25,1487,All I Know (track),['John Called Mark'],0.0,0.0,90.0,36.0
25,6360,Somewhere Beyond the Sun,['Cannata'],0.0,0.0,90.0,36.0
25,5496,The Grass Roots Gourmet,['The Firesign Theatre'],0.0,0.0,90.0,36.0
25,3951,"St. Luke Passion, TWV 5:13: Recitative: Es war auch oben uber ihm geschrieben (Evangelist, Chorus, ein Ubeltater, der andere Ubeltater, Jesus)","['Georg Philipp Telemann', 'Wolfgang Klose', 'Marcus Ullmann', 'Christian Hilz', 'Raimonds Spogis', 'Thilo Dahlmann', 'Kolner Akademie Choir', 'Kölner Akademie', 'Michael Alexander Willens']",0.0,0.0,90.0,36.0
25,3953,"St. Luke Passion, TWV 5:13: Chorus: Auf dich setz' ich mein Vertrauen","['Georg Philipp Telemann', 'Wolfgang Klose', 'Marcus Ullmann', 'Christian Hilz', 'Raimonds Spogis', 'Thilo Dahlmann', 'Kolner Akademie Choir', 'Kölner Akademie', 'Michael Alexander Willens']",0.0,0.0,90.0,36.0
25,3697,New Life,"['Dutchieman', 'meWE']",0.0,0.0,90.0,36.0
25,522,Bridge Over Troubled Water,['Willie Nelson'],0.0,0.0,90.0,36.0
25,7967,Introvert - Portion Control Remix,['Leæther Strip'],0.0,0.0,90.0,36.0
25,3954,"St. Luke Passion, TWV 5:13: Recitative: Da aber der Hauptmann sahe (Evangelist, der Hauptmann)","['Georg Philipp Telemann', 'Wolfgang Klose', 'Marcus Ullmann', 'Christian Hilz', 'Raimonds Spogis', 'Thilo Dahlmann', 'Kolner Akademie Choir', 'Kölner Akademie', 'Michael Alexander Willens']",0.0,0.0,90.0,36.0
25,2919,Chenjesu,['Three Mile Pilot'],0.0,0.0,90.0,36.0
25,3088,Field Stencils,['Line 47'],0.0,0.0,90.0,36.0
25,2893,Gaudete,"['Traditional', 'The Sixteen', 'Harry Christophers']",0.0,0.0,90.0,36.0
25,2917,Androsyn Guardian,['Three Mile Pilot'],0.0,0.0,90.0,36.0
25,2913,The Chief Assassin to the Sinister,['Three Mile Pilot'],0.0,0.0,90.0,36.0
25,5926,Stay,"['Dee Carstensen', 'Shawn Pelton', 'Vinnie Zumo', 'Mark Egan']",0.0,0.0,90.0,36.0
25,3748,Randy Lynn Rag,['Wynn Osborne'],0.0,0.0,90.0,36.0
25,4073,Song of the South,"['Richie Cole', 'Boots Randolph']",0.0,0.0,90.0,36.0
25,3757,Charlotte Breakdown,['Don Reno'],0.0,0.0,90.0,36.0
25,2485,Groove 90,['Tim Koch'],0.0,0.0,90.0,36.0
25,2455,(Is This) Heaven?,['Euphoria'],0.0,0.0,90.0,36.0
25,741,The Losing Game,['The Five Americans'],0.0,0.0,90.0,36.0
25,7243,Zigeunerliebe: Act III: Reminiszenz: Gib mir das Zweiglein (Jonel),"['Franz Lehár', 'Johanna Stojkovic', 'Dagmar Schellenberger', 'Zoran Todorovich', 'Bernhard Schneider', 'Ksenija Lukic', 'Stefan-Alexander Rankl', 'Markus Kohler', 'Raphaela Schulze', 'Andreas Horl', 'Andrej Bielow', 'North German Radio Chorus', 'North German Radio Philharmonic Orchestra', 'Frank Beermann']",0.0,0.0,90.0,36.0
25,4744,Light up the Love,['Karsh Kale'],0.0,0.0,90.0,36.0
25,6788,Cristal Occasions,['Jim Jones'],0.0,0.0,90.0,36.0
25,4870,I95,['On! Air! Library!'],0.0,0.0,90.0,36.0
25,2436,Ungravity (Part I),['Dave Moisan'],0.361641998646526,19.0,89.0,35.81698519918792
25,4919,A.D.I.D.A.S. - Live at Woodstock '99,['Korn'],0.32211938666443374,18.0,89.0,35.793271631998664
25,406,Angel Of L.A.,['Buscemi'],0.30427378418208617,18.0,89.0,35.782564270509255
25,1415,Bobsky/Jeffe 2000,['Galactic'],0.30152300095295853,18.0,89.0,35.780913800571774
25,6000,Moon Over Venice,['Thom Rotella'],0.290484385724756,18.0,89.0,35.77429063143485
25,1818,Barnstorm,['Sciflyer'],0.28701120638741656,18.0,89.0,35.772206723832454
25,3646,Timeless Oceans,['Luca Turilli'],0.2041959520160651,14.0,89.0,35.72251757120964
25,6857,Picking the Same Lock,"['Alias', 'Tarsier']",0.17194936708860759,12.0,89.0,35.70316962025316
25,5614,Millionaire,['Marshmallow Coast'],0.17194936708860759,12.0,89.0,35.70316962025316
25,3458,Where They Do That At,['DRE-B'],0.17194936708860759,12.0,89.0,35.70316962025316
25,4932,Marching Season,['Yanni'],0.17194936708860759,12.0,89.0,35.70316962025316
25,4095,"Oh Yeah…Alright (feat. Aceyalone, Sunspot Jonz, Casual & Kirby Dominant)","['Myka 9', 'Aceyalone', 'Casual', 'Kirby Dominant', 'Sunspot Jonz']",0.15673765518966756,14.0,89.0,35.6940425931138
25,4248,Rêve Futur,['Champignons'],0.15618538324420678,13.0,89.0,35.69371122994652
25,142,"The Love For Three Oranges, Op. 33 (Sung in English): Act II Scene 2: For your delight, I present first, this! (Truffaldino, Courtiers, King, Prince)","['Sergei Prokofiev', 'Bruce Martin', 'John Mac Master', 'Deborah Humble', 'Teddy Tahu Rhodes', 'William Ferguson', 'Warwick Fyfe', 'Jud Arthur', 'Elizabeth Whitehouse', 'Wendy Dawn Thompson', 'Sally-Anne Russell', 'Ali McGregor', 'Arend Baumann', 'Richard Alexander', 'Catherine Carby', 'Graeme Macfarlane', 'Tim DuFore', 'Opera Australia Chorus', 'Australian Opera and Ballet Orchestra', 'Richard Hickox']",0.15009096422073986,12.0,89.0,35.69005457853245
25,2736,"Violin Partita No. 1 in B Minor, BWV 1002: IV. Double","['Johann Sebastian Bach', 'Lucy van Dael']",0.15009096422073986,12.0,89.0,35.69005457853245
25,2551,Blackfrosty,['Blackfrosty'],0.14950242999305716,12.0,89.0,35.68970145799584
25,6671,demons,['Rabbit Junk'],0.14950242999305716,12.0,89.0,35.68970145799584
25,6462,Golden,['All India Radio'],0.1450530417839359,12.0,89.0,35.68703182507036
25,78,"An Buachaill Dreoite, Kitty Got a Clinking Coming from the Fair",['The McCarthys'],0.14470803574633026,12.0,89.0,35.6868248214478
25,270,Ain't No Sunshine,['Christy Baron'],0.1441311852704258,12.0,89.0,35.68647871116226
25,5467,"Sister Carrie, Act I: What Did He Say? (Live)","['Robert Aldridge', 'Adriana Zabala', 'Nancy Davis', 'Keith Phares', 'Milwaukee Symphony Orchestra', 'William Boggs']",0.1441311852704258,12.0,89.0,35.68647871116226
25,912,Swingers' Parties,['Neil Hamburger'],0.14239258285477063,12.0,89.0,35.685435549712864
25,3020,"Aida, Act I: Grand March - The Royals (arr. for brass band)","['Giuseppe Verdi', 'Traditional', 'Samuel Rhodes', 'Coldstream Guards Regimental Band', 'T.L. Sharpe']",0.13042709867452135,12.0,89.0,35.678256259204716
25,5749,the prepared piano song,['Sébastien Roux'],0.12948513415518492,12.0,89.0,35.67769108049311
25,5745,ääniesineitâ 8,['antti rannisto'],0.12637179913535085,12.0,89.0,35.67582307948121
25,3401,Pigmalion (Pygmalion): V. Air gracieux et gai et contredanse,"['Jean-Philippe Rameau', 'European Union Baroque Orchestra', 'Roy Goodman']",0.12371134020618557,12.0,89.0,35.67422680412371
25,1522,The River Ara,['Penance'],0.12276937568684913,12.0,89.0,35.67366162541211
25,5370,Heights,['The Mountain Goats'],0.05555555555555555,7.0,89.0,35.63333333333333
25,3936,"St. Luke Passion, TWV 5:13: Recitative: Pilatus sprach zu den Hohepriestern und zum Volk (Evangelist, Chorus)","['Georg Philipp Telemann', 'Wolfgang Klose', 'Marcus Ullmann', 'Christian Hilz', 'Raimonds Spogis', 'Thilo Dahlmann', 'Kolner Akademie Choir', 'Kölner Akademie', 'Michael Alexander Willens']",0.051094890510948905,7.0,89.0,35.63065693430657
25,4045,Lounge,['Esthero'],0.048,6.0,89.0,35.6288
25,7611,Tres Y Dos,['Aníbal Troilo Y Su Orquesta Típica'],0.04411764705882353,6.0,89.0,35.62647058823529
25,5195,"Piano Trio No. 2 in G Major, Op.1 No. 2 (2001 - Remaster): III. Scherzo (Allegro) & Trio","['Daniel Barenboim', 'Jacqueline du Pré', 'Pinchas Zukerman']",0.04411764705882353,6.0,89.0,35.62647058823529
25,3911,"St. Luke Passion, TWV 5:13: Recitative: Es kam aber nahe das Fest der subben Brot' (Evangelist, Jesus)","['Georg Philipp Telemann', 'Wolfgang Klose', 'Marcus Ullmann', 'Christian Hilz', 'Raimonds Spogis', 'Thilo Dahlmann', 'Kolner Akademie Choir', 'Kölner Akademie', 'Michael Alexander Willens']",0.04411764705882353,6.0,89.0,35.62647058823529
25,5463,"Sister Carrie, Act I: Mister Hurstwood? (Live)","['Robert Aldridge', 'Scott Pullen', 'Keith Phares', 'Ashley Puenner', 'Milwaukee Symphony Orchestra', 'William Boggs']",0.04411764705882353,6.0,89.0,35.62647058823529
25,5466,"Sister Carrie, Act I: Closing Doors (Live)","['Robert Aldridge', 'Keith Phares', 'Milwaukee Symphony Orchestra', 'William Boggs']",0.04411764705882353,6.0,89.0,35.62647058823529
25,3824,Creased,['Rivulets'],0.04411764705882353,6.0,89.0,35.62647058823529
25,1603,Tube Disaster,['Flux of Pink Indians'],0.043478260869565216,6.0,89.0,35.62608695652174
25,7784,Up & Down,['The Mountains & The Trees'],0.040268456375838924,6.0,89.0,35.624161073825505
25,2176,Pensativa,"['Brian Bromberg', 'Vinnie Colaiuta', 'Randy Waldman']",0.040268456375838924,6.0,89.0,35.624161073825505
25,1706,Chimes Of Freedom,"[""Youssou N'Dour""]",0.040268456375838924,6.0,89.0,35.624161073825505
25,2454,Daylight Tripping,['Nicky Love'],0.040268456375838924,6.0,89.0,35.624161073825505
25,1534,When the Day Is Done,['The Samples'],0.040268456375838924,6.0,89.0,35.624161073825505
25,1422,Work In The Coal Mine,['Galactic'],0.03870967741935484,6.0,89.0,35.623225806451615
25,966,I'm From Maine,['Comedian Bob Marley'],0.03870967741935484,6.0,89.0,35.623225806451615
25,8057,Libertatia's National Lullaby,['Frog Eyes'],0.0379746835443038,6.0,89.0,35.62278481012658
25,7657,Tele-Fone,['Godzuki'],0.0379746835443038,6.0,89.0,35.62278481012658
25,35,Young Punks,"['Hard-Ons', 'Neil Hamburger']",0.03529411764705882,6.0,89.0,35.62117647058824
25,5492,"Sister Carrie, Act II: If You Have Any Real Feeling, Hide It like a Treasure (Live)","['Robert Aldridge', 'Adriana Zabala', 'Nathan Krueger', 'Keith Phares', 'Leroy Davis', 'Jim Gottfried', 'William Johnson', 'Florentine Opera Chorus', 'Milwaukee Symphony Orchestra', 'William Boggs']",0.03468208092485549,6.0,89.0,35.62080924855491
25,7699,Self-Imprisonment,['Lightning Strikes Across the Sky'],0.03468208092485549,6.0,89.0,35.62080924855491
25,3919,"St. Luke Passion, TWV 5:13: Chorus: Du Nacht voll Angst und herbem Seelenleiden","['Georg Philipp Telemann', 'Wolfgang Klose', 'Marcus Ullmann', 'Christian Hilz', 'Raimonds Spogis', 'Thilo Dahlmann', 'Kolner Akademie Choir', 'Kölner Akademie', 'Michael Alexander Willens']",0.03468208092485549,6.0,89.0,35.62080924855491
25,4249,Le Train,['Champignons'],0.03468208092485549,6.0,89.0,35.62080924855491
25,4370,Slang Editorial,['Cappadonna'],0.03468208092485549,6.0,89.0,35.62080924855491
25,8089,World - Terrorfakt Remix,['Croc Shop'],0.03428571428571429,6.0,89.0,35.62057142857143
25,1926,Grotesquely Maimed and Cranially Disfigured,['Abysmal Torment'],0.03428571428571429,6.0,89.0,35.62057142857143
25,135,"The Love For Three Oranges, Op. 33 (Sung in English): Act I Scene 1: Don't worry… don't worry… (Pantaloon, King, Truffaldino)","['Sergei Prokofiev', 'Bruce Martin', 'John Mac Master', 'Deborah Humble', 'Teddy Tahu Rhodes', 'William Ferguson', 'Warwick Fyfe', 'Jud Arthur', 'Elizabeth Whitehouse', 'Wendy Dawn Thompson', 'Sally-Anne Russell', 'Ali McGregor', 'Arend Baumann', 'Richard Alexander', 'Catherine Carby', 'Graeme Macfarlane', 'Tim DuFore', 'Opera Australia Chorus', 'Australian Opera and Ballet Orchestra', 'Richard Hickox']",0.03428571428571429,6.0,89.0,35.62057142857143
25,3913,"St. Luke Passion, TWV 5:13: Recitative: Er sprach zu ihnen (Evangelist, Jesus, Chorus)","['Georg Philipp Telemann', 'Wolfgang Klose', 'Marcus Ullmann', 'Christian Hilz', 'Raimonds Spogis', 'Thilo Dahlmann', 'Kolner Akademie Choir', 'Kölner Akademie', 'Michael Alexander Willens']",0.03428571428571429,6.0,89.0,35.62057142857143
25,6687,"Winterreise, Op. 89, D. 911: Gefrorne Tranen","['Franz Schubert', 'Roman Trekel', 'Ulrich Eisenlohr']",0.03314917127071823,6.0,89.0,35.61988950276243
25,4162,Scene 15: Lost,['Philip Glass'],0.03296703296703297,6.0,89.0,35.619780219780225
25,2630,Honky Tonk Man,['Johnny Horton'],0.03278688524590164,6.0,89.0,35.619672131147546
25,7896,"Concerto Grosso in F Major, Op. 1, No. 7: II. Largo","['Pietro Locatelli', 'Capella Istropolitana', 'Jaroslav Krcek']",0.032432432432432434,6.0,89.0,35.61945945945946
25,4317,Twin Human Highway Flares,['The Mountain Goats'],0.03225806451612903,6.0,89.0,35.619354838709675
25,2481,Von Anfang an zuende,['Thorsten Wingenfelder'],0.03208556149732621,6.0,89.0,35.619251336898394
25,7690,Tattoo,['Wye Oak'],0.03208556149732621,6.0,89.0,35.619251336898394
25,1593,Tube Disaster,['Flux of Pink Indians'],0.03076923076923077,6.0,89.0,35.61846153846154
25,7678,Seaweed - Live,['Sprawl'],0.030456852791878174,6.0,89.0,35.61827411167513
25,7364,Flags,['Cars & Trains'],0.030456852791878174,6.0,89.0,35.61827411167513
25,6769,Sugarhill,['Terranova'],0.030456852791878174,6.0,89.0,35.61827411167513
25,8126,The Good Fight,['American Longspurs'],0.0,0.0,89.0,35.6
25,4908,Schlusslied,['duo505'],0.0,0.0,89.0,35.6
25,8064,Drinking: The Song - pre-FE track from unreleased 2nd Blue Pine album,['Blue Pine'],0.0,0.0,89.0,35.6
25,6695,"Winterreise, Op. 89, D. 911: Fruhlingstraum","['Franz Schubert', 'Roman Trekel', 'Ulrich Eisenlohr']",0.0,0.0,89.0,35.6
25,2541,"Partita in C Minor, GWV 133: IV. Sarabande","['Christoph Graupner', 'Naoko Akutagawa']",0.0,0.0,89.0,35.6
25,3617,The Two Sacred Tapestries of Persia,['Trial of the Bow'],0.0,0.0,89.0,35.6
25,4928,Hiding Place,['Andrew Reyan'],0.0,0.0,89.0,35.6
25,4377,Oh-Donna,['Cappadonna'],0.0,0.0,89.0,35.6
25,1602,T.V. Dinners,['Flux of Pink Indians'],0.0,0.0,89.0,35.6
25,264,Somewhere Over the Rainbow,['Christy Baron'],0.0,0.0,89.0,35.6
25,7199,Walking Distance-Prelude,['Moscow Symphony Orchestra conducted by William Stromberg'],0.0,0.0,89.0,35.6
25,1170,Pennies from Heaven,['Hank Mobley Quintet'],0.0,0.0,89.0,35.6
25,6692,"Winterreise, Op. 89, D. 911: Ruckblick","['Franz Schubert', 'Roman Trekel', 'Ulrich Eisenlohr']",0.0,0.0,89.0,35.6
25,211,Animal Kingdom,['Polkadot Cadaver'],0.0,0.0,89.0,35.6
25,5049,Summer Soft,['Christy Baron'],0.0,0.0,89.0,35.6
25,1332,Last Summer Days,['Archer Prewitt'],0.0,0.0,89.0,35.6
25,914,Divorce,['Neil Hamburger'],0.0,0.0,89.0,35.6
25,6071,Coincidence Is Either Hit or Miss,['Mike Watt'],0.0,0.0,89.0,35.6
25,252,New Tappy Is Heard And Beheld,['Frog Eyes'],0.0,0.0,89.0,35.6
25,7566,My Christmas Vow (This Is My Promise),['Andy Williams'],0.0,0.0,89.0,35.6
25,6248,Glass Full Of Liquid Pain,['Crowbar'],0.0,0.0,89.0,35.6
25,6300,Trapped and Can't Change,['Jakk Jo'],0.0,0.0,89.0,35.6
25,2850,"Concerto Grosso in D Minor, Op. 2, No. 5: I. Adagio","['Francesco Geminiani', 'Capella Istropolitana']",0.0,0.0,89.0,35.6
25,457,Once You Find Your Guy,['Delightful Doris Drew'],0.0,0.0,89.0,35.6
25,6298,Slide,"['Jakk Jo', 'Cre8tive']",0.0,0.0,89.0,35.6
25,8109,Lost Mind,['Swingadelic'],0.0,0.0,89.0,35.6
25,5319,Hold On,['Antje Duvekot'],0.0,0.0,89.0,35.6
25,5684,(There Is) No Greater Love,['Charlie Rouse'],0.0,0.0,89.0,35.6
25,6495,"The Davey Dinckle Song (feat. David Beach, Jen Cody, Rick Crom, Hunter Foster, Victor Hawks, Daniel Marcus, Jeff MC Carthy, Megan Rhoads & Lawrence Street)","['The Broadway Cast Of ""Urinetown""', 'David Beach', 'Jen Cody', 'Rick Crom', 'Hunter Foster', 'Victor Hawks', 'Daniel Marcus', 'Jeff McCarthy', 'Megan Rhoads', 'Lawrence Street']",0.0,0.0,89.0,35.6
25,1414,Moog Marmalade,['Galactic'],0.0,0.0,89.0,35.6
25,1529,Spiritualnatural,['Penance'],0.28092825707866076,18.0,88.0,35.3685569542472
25,6778,For The Better (feat. DramaB2R),"['Jim Jones', 'DramaB2R']",0.17653691275167785,12.0,88.0,35.30592214765101
25,2310,Smoke the Clouds (Part II),['Skeye'],0.17194936708860759,12.0,88.0,35.303169620253165
25,2396,Perfumed Flower,['Huong Thanh'],0.17194936708860759,12.0,88.0,35.303169620253165
25,4578,Bling Bling,['The Red Krayola'],0.16592876231502532,13.0,88.0,35.29955725738902
25,4966,Suite in A Minor: III. Courante La Mignonne,"['Louis Couperin', 'Laurence Cummings']",0.16418466120625466,12.0,88.0,35.298510796723754
25,2140,Man Against Man,['Ignite'],0.15289058767319635,12.0,88.0,35.29173435260392
25,6098,Kind of Grumpy,['Negativland'],0.15275142314990514,12.0,88.0,35.29165085388995
25,1591,Background Of Malfunction,['Flux of Pink Indians'],0.14800759013282733,12.0,88.0,35.2888045540797
25,7661,Pollen U.S.A.,['Godzuki'],0.14598930481283423,13.0,88.0,35.2875935828877
25,4483,Murderer III,['Mystikal'],0.13915966386554623,12.0,88.0,35.28349579831933
25,4157,Scenes 10-11: Crisscross Pattern,['Philip Glass'],0.1307989307989308,12.0,88.0,35.27847935847936
25,1563,Sooner,['My Morning Jacket'],0.12948513415518492,12.0,88.0,35.27769108049311
25,7980,Slow - Advent Resilience Remix,['Leæther Strip'],0.12542983461601442,12.0,88.0,35.27525790076961
25,823,The Old Man's Child,"[""Old Man's Child""]",0.12276937568684913,12.0,88.0,35.27366162541211
25,5277,We Three Kings,['Ty Herndon'],0.057971014492753624,8.0,88.0,35.23478260869565
25,1667,Lamentation,['Leah Andreone'],0.051094890510948905,7.0,88.0,35.23065693430657
25,1331,Summer's End,['Archer Prewitt'],0.051094890510948905,7.0,88.0,35.23065693430657
25,148,"The Love For Three Oranges, Op. 33 (Sung in English): Act III Scene 2: We're here (Prince, Truffaldino)","['Sergei Prokofiev', 'Bruce Martin', 'John Mac Master', 'Deborah Humble', 'Teddy Tahu Rhodes', 'William Ferguson', 'Warwick Fyfe', 'Jud Arthur', 'Elizabeth Whitehouse', 'Wendy Dawn Thompson', 'Sally-Anne Russell', 'Ali McGregor', 'Arend Baumann', 'Richard Alexander', 'Catherine Carby', 'Graeme Macfarlane', 'Tim DuFore', 'Opera Australia Chorus', 'Australian Opera and Ballet Orchestra', 'Richard Hickox']",0.051094890510948905,7.0,88.0,35.23065693430657
25,5838,Shaken Rattled and Rolled,['T Bone Burnett'],0.04666666666666667,7.0,88.0,35.228
25,4931,In The Morning Light,['Yanni'],0.04411764705882353,6.0,88.0,35.226470588235294
25,5450,"Sister Carrie, Act I: Lord! But I'm Glad I Ran into You! (Live)","['Robert Aldridge', 'Matt Morgan', 'Adriana Zabala', 'Milwaukee Symphony Orchestra', 'William Boggs']",0.04411764705882353,6.0,88.0,35.226470588235294
25,4147,Scene 1: Les Enfants Terribles Overture,['Philip Glass'],0.04411764705882353,6.0,88.0,35.226470588235294
25,4987,Rise,['Halo'],0.04411764705882353,6.0,88.0,35.226470588235294
25,3921,"St. Luke Passion, TWV 5:13: Aria: Israel und Juda zeuge (Micha)","['Georg Philipp Telemann', 'Wolfgang Klose', 'Marcus Ullmann', 'Christian Hilz', 'Raimonds Spogis', 'Thilo Dahlmann', 'Kolner Akademie Choir', 'Kölner Akademie', 'Michael Alexander Willens']",0.04411764705882353,6.0,88.0,35.226470588235294
25,997,Cliff Diving,['Comedian Bob Marley'],0.04411764705882353,6.0,88.0,35.226470588235294
25,3918,"St. Luke Passion, TWV 5:13: Recitative: Und einer aus ihnen schlug des Hohenpriesters Knecht (Evangelist)","['Georg Philipp Telemann', 'Wolfgang Klose', 'Marcus Ullmann', 'Christian Hilz', 'Raimonds Spogis', 'Thilo Dahlmann', 'Kolner Akademie Choir', 'Kölner Akademie', 'Michael Alexander Willens']",0.04411764705882353,6.0,88.0,35.226470588235294
25,147,"The Love For Three Oranges, Op. 33 (Sung in English): Act III Scene 1: Wind has died. We must be in Orange country (Prince, Truffaldino, Chelio)","['Sergei Prokofiev', 'Bruce Martin', 'John Mac Master', 'Deborah Humble', 'Teddy Tahu Rhodes', 'William Ferguson', 'Warwick Fyfe', 'Jud Arthur', 'Elizabeth Whitehouse', 'Wendy Dawn Thompson', 'Sally-Anne Russell', 'Ali McGregor', 'Arend Baumann', 'Richard Alexander', 'Catherine Carby', 'Graeme Macfarlane', 'Tim DuFore', 'Opera Australia Chorus', 'Australian Opera and Ballet Orchestra', 'Richard Hickox']",0.04411764705882353,6.0,88.0,35.226470588235294
25,7644,Sous le Ciel de Paris,['Francesca Blanchard'],0.04411764705882353,6.0,88.0,35.226470588235294
25,7244,"Zigeunerliebe: Act III: March Trio: Lieber Onkel hor mich nur an (Jolan, Kajetan, Dragotin)","['Franz Lehár', 'Johanna Stojkovic', 'Dagmar Schellenberger', 'Zoran Todorovich', 'Bernhard Schneider', 'Ksenija Lukic', 'Stefan-Alexander Rankl', 'Markus Kohler', 'Raphaela Schulze', 'Andreas Horl', 'Andrej Bielow', 'North German Radio Chorus', 'North German Radio Philharmonic Orchestra', 'Frank Beermann']",0.04411764705882353,6.0,88.0,35.226470588235294
25,3563,Big Hole,['The Durutti Column'],0.04411764705882353,6.0,88.0,35.226470588235294
25,357,The Old Woman and Her Cat (Dundee Cat),"[""Marc Gunn & the Dubliners' Tabby Cats""]",0.04411764705882353,6.0,88.0,35.226470588235294
25,925,Montezuma's Revenge,['Neil Hamburger'],0.04411764705882353,6.0,88.0,35.226470588235294
25,3680,Sweet Water,['Bryan Beller'],0.0440251572327044,7.0,88.0,35.22641509433963
25,2141,Stealing E.T.,['Rumpelstiltskin Grinder'],0.043478260869565216,6.0,88.0,35.22608695652174
25,3623,The Promise,['Trial of the Bow'],0.040268456375838924,6.0,88.0,35.224161073825506
25,7610,Con Mi Perro,['Aníbal Troilo Y Su Orquesta Típica'],0.040268456375838924,6.0,88.0,35.224161073825506
25,6585,Reich mir die Hand,"['Wolfgang Amadeus Mozart', 'Klazz Brothers', 'Cuba Percussion']",0.040268456375838924,6.0,88.0,35.224161073825506
25,2984,Fevers,['Grails'],0.040268456375838924,6.0,88.0,35.224161073825506
25,4313,Masher,['The Mountain Goats'],0.040268456375838924,6.0,88.0,35.224161073825506
25,1180,'68,"['Mek Pek', 'The Allrights']",0.040268456375838924,6.0,88.0,35.224161073825506
25,2075,Horses,['Peter Mulvey'],0.0379746835443038,6.0,88.0,35.22278481012658
25,67,Sometimes Love's Not Enough,['Johnny Mathis'],0.0379746835443038,6.0,88.0,35.22278481012658
25,2741,"Violin Sonata No. 2 in A Minor, BWV 1003: I. Grave","['Johann Sebastian Bach', 'Lucy van Dael']",0.0379746835443038,6.0,88.0,35.22278481012658
25,110,The Reproaches,"['John Sanders', 'Michael Bloss', ""Choir of St John's, Elora"", 'Noel Edison']",0.0379746835443038,6.0,88.0,35.22278481012658
25,4922,My Shell (Electric Version),['Smog'],0.03529411764705882,6.0,88.0,35.22117647058824
25,5519,"Inside ""Cabletown!""",['The Firesign Theatre'],0.03428571428571429,6.0,88.0,35.22057142857143
25,5861,Can't Get Me Down,['Black Lips'],0.03428571428571429,6.0,88.0,35.22057142857143
25,3035,Rule Britannia - Speed the Plough,"['Traditional', 'Holben', 'Coldstream Guards Regimental Band', 'T.L. Sharpe']",0.03428571428571429,6.0,88.0,35.22057142857143
25,2501,Cheshire County,['The Mountain Goats'],0.03225806451612903,6.0,88.0,35.21935483870968
25,5373,Blueberry Frost,['The Mountain Goats'],0.03225806451612903,6.0,88.0,35.21935483870968
25,1727,Intro,['Bloody Sunday'],0.03208556149732621,6.0,88.0,35.219251336898395
25,416,Being Gabriel,['Biffy Clyro'],0.03208556149732621,6.0,88.0,35.219251336898395
25,2366,Tonn Cliodhna / An Seanchaí Muimhneach,['Brendan Begley & Caoimhín Ó Raghallaigh'],0.03208556149732621,6.0,88.0,35.219251336898395
25,7523,Black Wall,['Six Organs Of Admittance'],0.031914893617021274,6.0,88.0,35.219148936170214
25,7507,Hoarfrost,['Lightning Strikes Across the Sky'],0.031914893617021274,6.0,88.0,35.219148936170214
25,4740,Satellite,['Karsh Kale'],0.030927835051546393,6.0,88.0,35.218556701030934
25,253,Ice On The Trail,['Frog Eyes'],0.030456852791878174,6.0,88.0,35.21827411167513
25,4151,Scene 5: He Didn't Say Goodbye,['Philip Glass'],0.0,0.0,88.0,35.2
25,6693,"Winterreise, Op. 89, D. 911: Irrlicht","['Franz Schubert', 'Roman Trekel', 'Ulrich Eisenlohr']",0.0,0.0,88.0,35.2
25,4041,Emma J,['Brendan Benson'],0.0,0.0,88.0,35.2
25,6887,The House Is Alive and The House Is Hungry,['The Paper Chase'],0.0,0.0,88.0,35.2
25,4364,Andromeda,['Blaze of Sorrow'],0.0,0.0,88.0,35.2
25,55,Deception Enemy,['Dødheimsgard'],0.0,0.0,88.0,35.2
25,6320,Note to Self (feat. Tshego AMG),"['Yanga Chief', 'Tshego AMG']",0.0,0.0,88.0,35.2
25,6697,"Winterreise, Op. 89, D. 911: Die Post","['Franz Schubert', 'Roman Trekel', 'Ulrich Eisenlohr']",0.0,0.0,88.0,35.2
25,6818,Gammellandet,['Bloodaxe'],0.0,0.0,88.0,35.2
25,6702,"Winterreise, Op. 89, D. 911: Der sturmische Morgen","['Franz Schubert', 'Roman Trekel', 'Ulrich Eisenlohr']",0.0,0.0,88.0,35.2
25,3237,Three,['Autumn Tears'],0.0,0.0,88.0,35.2
25,4176,Playground,['Perpetual Groove'],0.0,0.0,88.0,35.2
25,3128,A Esa,['José José'],0.0,0.0,88.0,35.2
25,3940,"St. Luke Passion, TWV 5:13: Recitative: Er aber sprach aber zum drittenmal zu ihnen (Evangelist, Pilatus)","['Georg Philipp Telemann', 'Wolfgang Klose', 'Marcus Ullmann', 'Christian Hilz', 'Raimonds Spogis', 'Thilo Dahlmann', 'Kolner Akademie Choir', 'Kölner Akademie', 'Michael Alexander Willens']",0.0,0.0,88.0,35.2
25,3930,"St. Luke Passion, TWV 5:13: Aria: Ja, ja, umosonst ist meiner Feinde toben (David)","['Georg Philipp Telemann', 'Wolfgang Klose', 'Marcus Ullmann', 'Christian Hilz', 'Raimonds Spogis', 'Thilo Dahlmann', 'Kolner Akademie Choir', 'Kölner Akademie', 'Michael Alexander Willens']",0.0,0.0,88.0,35.2
25,6611,Amazing Grace,['Demolition Doll Rods'],0.0,0.0,88.0,35.2
25,8053,The Fruit That Fell From The Tree,['Frog Eyes'],0.0,0.0,88.0,35.2
25,6101,Rancho Pancho,['Negativland'],0.0,0.0,88.0,35.2
25,1203,Silk Tears,['Simon Shaheen & Qantara'],0.0,0.0,88.0,35.2
25,6521,"Ah! je dis de me voir si belle (The Jewel Song) from ""Faust""","['Charles Gounod', 'Charlotte Church', 'Sian Edwards']",0.0,0.0,88.0,35.2
25,2826,Shaman Song,['Shadowfax'],0.0,0.0,88.0,35.2
25,4580,Kagero,['Kitaro'],0.0,0.0,88.0,35.2
25,3777,Astro Black,['Quasimoto'],0.0,0.0,88.0,35.2
25,459,If I Should Lose You,['Delightful Doris Drew'],0.0,0.0,88.0,35.2
25,5293,The Glanis Fish,['Michael Leviton'],0.0,0.0,88.0,35.2
25,8088,Tragedy - Mortmain Remix,['Croc Shop'],0.0,0.0,88.0,35.2
25,3678,The Inner Boundary,['Bryan Beller'],0.0,0.0,88.0,35.2
25,7904,"Concerto Grosso in D Major, Op. 1, No. 9: II. Largo","['Pietro Locatelli', 'Capella Istropolitana', 'Jaroslav Krcek']",0.0,0.0,88.0,35.2
25,5739,ääniesineitâ 2,['antti rannisto'],0.0,0.0,88.0,35.2
25,2890,Verbum Caro (Plainchant),"['Anonymous', 'The Sixteen', 'Harry Christophers']",0.0,0.0,88.0,35.2
25,6962,Le chemin,['Annie Villeneuve'],0.0,0.0,88.0,35.2
25,5375,Moon & Sand,['The Mountain Goats'],0.0,0.0,88.0,35.2
25,1911,Lost At Sea - Vocal Mix,['The Egg'],0.0,0.0,88.0,35.2
25,2220,The Bright Ambassadors of Morning,['Pure Reason Revolution'],0.0,0.0,88.0,35.2
25,7346,Die Thräne - A-Cappella,['Die Prinzen'],0.0,0.0,88.0,35.2
25,5569,Sometimes I Still Feel the Bruise,['The Mountain Goats'],0.0,0.0,88.0,35.2
25,5137,"Violin Concerto in A Minor, Op. 53: Adagio ma non troppo","['Antonín Dvořák', 'Philippe Graffin', 'Johannesburg Philharmonic Orchestra', 'Michael Hankinson']",0.0,0.0,88.0,35.2
25,1200,Tea in the Sahara,['Simon Shaheen & Qantara'],0.3787294197604282,18.0,87.0,35.02723765185626
25,4353,Lulla,['Tadd Mullinix'],0.3787294197604282,18.0,87.0,35.02723765185626
25,6221,"Lírica catalana: No. 4, Les campanes de Palau","['Manuel Blancafort', 'Anna Alàs i Jové', 'Miquel Villalba']",0.3485497190821093,18.0,87.0,35.00912983144927
25,494,Moonlight,['Jacinta'],0.2041959520160651,14.0,87.0,34.922517571209646
25,1098,Le Pont Mirabeau,['Jeanne Mas'],0.18576100628930817,13.0,87.0,34.91145660377359
25,7430,Il Nodo,['Raf'],0.18576100628930817,13.0,87.0,34.91145660377359
25,1891,The Deluxe Treatment,['Neil Hamburger'],0.18423529411764705,12.0,87.0,34.910541176470595
25,2755,When You're Evil,['Aurelio Voltaire'],0.1796451914098973,13.0,87.0,34.907787114845945
25,3910,"St. Luke Passion, TWV 5:13: Aria: Lass, Erloser, deine Treue meiner Treue Zunder sein (Tenor)","['Georg Philipp Telemann', 'Wolfgang Klose', 'Marcus Ullmann', 'Christian Hilz', 'Raimonds Spogis', 'Thilo Dahlmann', 'Kolner Akademie Choir', 'Kölner Akademie', 'Michael Alexander Willens']",0.17716899196156333,13.0,87.0,34.90630139517694
25,4306,Thrive on Routine: II. Potatoes,"['Timo Andres', 'American Contemporary Music Ensemble']",0.17716899196156333,13.0,87.0,34.90630139517694
25,4222,Sufferers,['Seepeoples'],0.17653691275167785,12.0,87.0,34.90592214765101
25,2909,Verbum Caro,"['John Sheppard', 'The Sixteen', 'Harry Christophers']",0.1588235294117647,12.0,87.0,34.89529411764706
25,1118,The Power That Be,['Anna Waronker'],0.15009096422073986,12.0,87.0,34.89005457853245
25,3707,"Song for Amadeus (Improvisation on Mozart's Piano Sonata No. 2 in F Major, K. 280/189e: II. Adagio) - Vocal","['Bobby McFerrin', 'Chick Corea']",0.1441311852704258,12.0,87.0,34.88647871116226
25,3469,Pray for Me,['DRE-B'],0.14152313758041088,12.0,87.0,34.884913882548254
25,3085,Green Hill Path,['Wisp'],0.14012049008326,12.0,87.0,34.88407229404996
25,6824,Spring (Nosferatu Mix),['Fading Colours'],0.1351043643263757,12.0,87.0,34.88106261859583
25,4082,"Fantasy & Fugue on the Chorale ""Ad nos, ad salutarem undam"", S. 259: Marziale","['Franz Liszt', 'Felix Hell']",0.12339413164155433,12.0,87.0,34.874036478984934
25,5334,Grendel's Mother,['The Mountain Goats'],0.12276937568684913,12.0,87.0,34.87366162541211
25,2165,We'll Find a Way,['New World Generation'],0.057971014492753624,8.0,87.0,34.834782608695654
25,313,Missoula Tonight,['Eric Brace & Peter Cooper'],0.057971014492753624,8.0,87.0,34.834782608695654
25,7334,Wild Horses,['Charlotte Martin'],0.057971014492753624,8.0,87.0,34.834782608695654
25,7772,Maryland (interlude),['billy woods'],0.05555555555555555,7.0,87.0,34.833333333333336
25,5257,Northwestern Lights,['OOIOO'],0.048,6.0,87.0,34.8288
25,5384,Going to Reykjavik,['The Mountain Goats'],0.048,6.0,87.0,34.8288
25,6493,Carol of the Bells,"['The Broadway Cast Of ""Blast!""']",0.04411764705882353,6.0,87.0,34.826470588235296
25,6721,Morning Dew Is Falling,"['Radim Zenkl', 'Leo Chern']",0.04411764705882353,6.0,87.0,34.826470588235296
25,1882,Dying,['Neil Hamburger'],0.04411764705882353,6.0,87.0,34.826470588235296
25,1296,Fine Romance Interlude: Dick Cavett/Dorothy Fields,['Mary Cleere Haran'],0.04411764705882353,6.0,87.0,34.826470588235296
25,1817,Home Tonight,['Tarwater'],0.040268456375838924,6.0,87.0,34.82416107382551
25,7302,Velour Kaboom,['United States Three'],0.040268456375838924,6.0,87.0,34.82416107382551
25,1047,All of It All,['Phosphorescent'],0.040268456375838924,6.0,87.0,34.82416107382551
25,7210,Hoot Owl,['The Weary Boys'],0.03870967741935484,6.0,87.0,34.82322580645162
25,7107,Real Grease,['KrispyLife Kidd'],0.0379746835443038,6.0,87.0,34.822784810126585
25,7146,"Keyboard Sonata in E Major, Op. 5, No. 5, W. A5: I. Allegro assai","['Johann Christian Bach', 'Sophie Yates']",0.0379746835443038,6.0,87.0,34.822784810126585
25,7372,Kein Liebeslied,['Die Prinzen'],0.0379746835443038,6.0,87.0,34.822784810126585
25,1013,Show Must Go On (feat. Mike Garson),"['Patrizia', 'Mike Garson']",0.0379746835443038,6.0,87.0,34.822784810126585
25,34,Committed to Suicide,"['Hard-Ons', 'Neil Hamburger']",0.03529411764705882,6.0,87.0,34.82117647058824
25,3695,Murda Our Sons,"['Dutchieman', 'Teefy Bey']",0.03428571428571429,6.0,87.0,34.820571428571434
25,3915,"St. Luke Passion, TWV 5:13: Recitative: Doch siehe, die Hand meines Verraters ist mit mir uber Tische (Jesus, Evangelist, Petrus, Chorus)","['Georg Philipp Telemann', 'Wolfgang Klose', 'Marcus Ullmann', 'Christian Hilz', 'Raimonds Spogis', 'Thilo Dahlmann', 'Kolner Akademie Choir', 'Kölner Akademie', 'Michael Alexander Willens']",0.03314917127071823,6.0,87.0,34.819889502762436
25,6727,Mountain Man,"['Radim Zenkl', 'Leo Chern']",0.032432432432432434,6.0,87.0,34.819459459459466
25,7305,Please Go Asleep,['United States Three'],0.03225806451612903,6.0,87.0,34.81935483870968
25,1549,Syncope Riders,['Shoplifting'],0.03208556149732621,6.0,87.0,34.8192513368984
25,1461,Black Bird,['The Guess Who'],0.031914893617021274,6.0,87.0,34.819148936170215
25,661,Blood Pizza,['Neil Hamburger'],0.031914893617021274,6.0,87.0,34.819148936170215
25,3869,Madras,['Love Spirals Downwards'],0.031914893617021274,6.0,87.0,34.819148936170215
25,5741,ääniesineitâ 4,['antti rannisto'],0.030927835051546393,6.0,87.0,34.818556701030936
25,337,Fifth Element,['Praxis'],0.030456852791878174,6.0,87.0,34.81827411167513
25,1389,Think Again,['Archer Prewitt'],0.0,0.0,87.0,34.800000000000004
25,5050,Somewhere Over the Rainbow,['Christy Baron'],0.0,0.0,87.0,34.800000000000004
25,5748,ääniesineitâ 11,['antti rannisto'],0.0,0.0,87.0,34.800000000000004
25,2169,Bolivia,"['Brian Bromberg', 'Vinnie Colaiuta', 'Randy Waldman']",0.0,0.0,87.0,34.800000000000004
25,151,"The Love For Three Oranges, Op. 33 (Sung in English): Act III Scene 3: Where did the girl come from? (Truffaldino, Linetta, Nicoletta, Prince)","['Sergei Prokofiev', 'Bruce Martin', 'John Mac Master', 'Deborah Humble', 'Teddy Tahu Rhodes', 'William Ferguson', 'Warwick Fyfe', 'Jud Arthur', 'Elizabeth Whitehouse', 'Wendy Dawn Thompson', 'Sally-Anne Russell', 'Ali McGregor', 'Arend Baumann', 'Richard Alexander', 'Catherine Carby', 'Graeme Macfarlane', 'Tim DuFore', 'Opera Australia Chorus', 'Australian Opera and Ballet Orchestra', 'Richard Hickox']",0.0,0.0,87.0,34.800000000000004
25,2177,Carry On Wayward Son,"['Brian Bromberg', 'Vinnie Colaiuta', 'Randy Waldman']",0.0,0.0,87.0,34.800000000000004
25,4173,Astro Monkey,['Perpetual Groove'],0.0,0.0,87.0,34.800000000000004
25,4172,Teakwood Betz,['Perpetual Groove'],0.0,0.0,87.0,34.800000000000004
25,6705,"Winterreise, Op. 89, D. 911: Das Wirtshaus","['Franz Schubert', 'Roman Trekel', 'Ulrich Eisenlohr']",0.0,0.0,87.0,34.800000000000004
25,2673,Mirage,['Lycus'],0.0,0.0,87.0,34.800000000000004
25,1773,"Concerto for 2 Oboes in C Major, Op. 7, No. 11: I. Allegro","['Tomaso Albinoni', 'Anthony Camden', 'Alison Alty', 'London Virtuosi', 'John Georgiadis']",0.0,0.0,87.0,34.800000000000004
25,3922,"St. Luke Passion, TWV 5:13: Recitative: Die Wahrheit muss allhier die Strafe tragen (Tenor)","['Georg Philipp Telemann', 'Wolfgang Klose', 'Marcus Ullmann', 'Christian Hilz', 'Raimonds Spogis', 'Thilo Dahlmann', 'Kolner Akademie Choir', 'Kölner Akademie', 'Michael Alexander Willens']",0.0,0.0,87.0,34.800000000000004
25,3717,The One I Love,"[""Pickin' On Series""]",0.0,0.0,87.0,34.800000000000004
25,4007,Pictures at an Exhibition (Orch. M. Ravel): III. Tuileries,"['Modest Mussorgsky', 'Maurice Ravel', 'Minnesota Orchestra', 'Eiji Oue']",0.0,0.0,87.0,34.800000000000004
25,3891,Headstream,['Cities'],0.0,0.0,87.0,34.800000000000004
25,6753,The Passion Continues,['Zillatron'],0.0,0.0,87.0,34.800000000000004
25,2271,Rebirth,['Scars Of Tomorrow'],0.0,0.0,87.0,34.800000000000004
25,1357,Rush To Dust,['60 Channels'],0.0,0.0,87.0,34.800000000000004
25,1956,Hungry Mother,['Solace'],0.0,0.0,87.0,34.800000000000004
25,7900,"Concerto Grosso in F Minor, Op. 1, No. 8, ""Christmas"": III. Largo - Andante","['Pietro Locatelli', 'Capella Istropolitana', 'Jaroslav Krcek']",0.0,0.0,87.0,34.800000000000004
25,1763,"Oboe Concerto in C Major, Op. 7, No. 12: III. Allegro","['Tomaso Albinoni', 'Anthony Camden', 'London Virtuosi', 'John Georgiadis']",0.0,0.0,87.0,34.800000000000004
25,7124,Beat The Bullet,['Danger Danger'],0.0,0.0,87.0,34.800000000000004
25,2078,Marty and Lou,['Peter Mulvey'],0.0,0.0,87.0,34.800000000000004
25,89,The Foxhunter's,['The McCarthys'],0.0,0.0,87.0,34.800000000000004
25,3866,Mature Audiences Only,['Dog Fashion Disco'],0.0,0.0,87.0,34.800000000000004
25,6877,You Will Never Take Me Alive,['The Paper Chase'],0.0,0.0,87.0,34.800000000000004
25,4367,Anamnesi,['Blaze of Sorrow'],0.0,0.0,87.0,34.800000000000004
25,6486,O Tannenbaum (feat. Jennifer Smith & Eric Gunhus),"['The Broadway Cast Of ""The Producers""', 'Jennifer Smith', 'Eric Gunhus']",0.0,0.0,87.0,34.800000000000004
25,1157,Here's to Life,['Marilyn Scott'],0.0,0.0,87.0,34.800000000000004
25,3147,Left On Silverlake (Ride),['Madlib'],0.0,0.0,87.0,34.800000000000004
25,5445,"Sister Carrie: Carrie Arrives in Chicago, 1900 (Live)","['Robert Aldridge', 'Milwaukee Symphony Orchestra', 'William Boggs']",0.0,0.0,87.0,34.800000000000004
25,6854,5 Year Eve,"['Alias', 'Tarsier']",0.0,0.0,87.0,34.800000000000004
25,6921,Etranges Attracteurs,['Hector Zazou'],0.0,0.0,87.0,34.800000000000004
25,2852,"Concerto Grosso in D Minor, Op. 2, No. 5: III. Andante","['Francesco Geminiani', 'Capella Istropolitana']",0.0,0.0,87.0,34.800000000000004
25,6245,U Can't Touch This (Alternate Version),['Wayne Krantz'],0.0,0.0,87.0,34.800000000000004
25,3156,West Zone (Coastin),['Madlib'],0.3793742591043748,19.0,86.0,34.627624555462624
25,5474,"Sister Carrie, Act II: My Darling (Live)","['Robert Aldridge', 'Keith Phares', 'Leroy Davis', 'Adriana Zabala', 'Milwaukee Symphony Orchestra', 'William Boggs']",0.36730367967826477,19.0,86.0,34.620382207806955
25,6453,Magnetic Dub,['Tabla Beat Science'],0.27693756868491287,18.0,86.0,34.56616254121094
25,7145,"Keyboard Sonata in E-Flat Major, Op. 5, No. 4, W. A4: II. Rondo: Allegretto","['Johann Christian Bach', 'Sophie Yates']",0.21344927536231884,14.0,86.0,34.52806956521739
25,4190,Inside Job,['Pearl Jam'],0.1988438154091498,14.0,86.0,34.51930628924549
25,8202,Mandria,"[""Juan D'Arienzo y su Orquesta Típica""]",0.18423529411764705,12.0,86.0,34.51054117647059
25,4988,The Entwined,['Halo'],0.17653691275167785,12.0,86.0,34.505922147651006
25,5313,Sex Bandaid,['Antje Duvekot'],0.16900932843695918,13.0,86.0,34.501405597062174
25,1035,A Home - Live - 2003,['The Chicks'],0.15795626759038753,12.0,86.0,34.49477376055423
25,7584,Tapera,['Aníbal Troilo Y Su Orquesta Típica'],0.15648627984028546,12.0,86.0,34.49389176790417
25,693,That's Fine Wit Me,"['Bub Bizzle', 'KDUBB', 'Rook RudeRed']",0.1563206835888414,12.0,86.0,34.493792410153304
25,4917,"One - Live from ""MTV ICON: Metallica""",['Korn'],0.15289058767319635,12.0,86.0,34.49173435260391
25,541,Right To Work,['Armitage Shanks'],0.15289058767319635,12.0,86.0,34.49173435260391
25,5848,Time Story,['Numbers'],0.1511251480457955,12.0,86.0,34.49067508882747
25,7673,Canary,['Godzuki'],0.1441311852704258,12.0,86.0,34.486478711162256
25,4915,Freak On a Leash - Live at CBGB,['Korn'],0.12948513415518492,12.0,86.0,34.47769108049311
25,2174,Shining Star,"['Brian Bromberg', 'Vinnie Colaiuta', 'Randy Waldman']",0.1286946520989074,12.0,86.0,34.477216791259345
25,7002,The Gathering - Harp Guitar Duet,"['Muriel Anderson', 'John Doan']",0.051094890510948905,7.0,86.0,34.43065693430657
25,3340,Caving In,['Bullets And Octane'],0.050359712230215826,7.0,86.0,34.43021582733813
25,990,Our Dog,['Comedian Bob Marley'],0.048,6.0,86.0,34.428799999999995
25,4900,Whirligig Beetle Party,['duo505'],0.048,6.0,86.0,34.428799999999995
25,978,Halloween In Maine,['Comedian Bob Marley'],0.048,6.0,86.0,34.428799999999995
25,187,Flashers,['Neil Hamburger'],0.04411764705882353,6.0,86.0,34.42647058823529
25,6515,"O mio babbino caro (Oh, my beloved daddy) from ""Gianni Schicchi""","['Giacomo Puccini', 'Charlotte Church', 'Sian Edwards']",0.04411764705882353,6.0,86.0,34.42647058823529
25,5329,Orange Ball of Hate,['The Mountain Goats'],0.040268456375838924,6.0,86.0,34.4241610738255
25,4174,Robot Waltz,['Perpetual Groove'],0.040268456375838924,6.0,86.0,34.4241610738255
25,7471,Cafetín De Buenos Aires,['Aníbal Troilo Y Su Orquesta Típica'],0.040268456375838924,6.0,86.0,34.4241610738255
25,6142,Announcement,['Negativland'],0.038461538461538464,7.0,86.0,34.42307692307692
25,2811,In The Glow Of The Moon,"[""Meredith d'Ambrosio""]",0.0379746835443038,6.0,86.0,34.42278481012658
25,7352,Audi Victoria,['Die Prinzen'],0.0379746835443038,6.0,86.0,34.42278481012658
25,6618,Chushingura,['Jefferson Airplane'],0.03409090909090909,6.0,86.0,34.42045454545455
25,5045,Night and Day,['Christy Baron'],0.03409090909090909,6.0,86.0,34.42045454545455
25,6060,Intense Song for Modonna to Sing,['Mike Watt'],0.032432432432432434,6.0,86.0,34.41945945945946
25,2343,Utopia,['Scars Of Tomorrow'],0.03208556149732621,6.0,86.0,34.41925133689839
25,758,Knowledge Is Not Enough,['Snaper'],0.03208556149732621,6.0,86.0,34.41925133689839
25,4905,Haps,['duo505'],0.031914893617021274,6.0,86.0,34.41914893617021
25,4972,Suite in C Major*: II. Allemande,"['Louis Couperin', 'Laurence Cummings']",0.031914893617021274,6.0,86.0,34.41914893617021
25,7682,Sprawl House - Live,['Sprawl'],0.030456852791878174,6.0,86.0,34.418274111675125
25,153,"The Love For Three Oranges, Op. 33 (Sung in English): Act III Scene 3: Smeraldina… with a needle! Fata Morgana! (Eccentrics, Ninetta, Fata Morgana, Prince, King, Smeraldina, Leandro)","['Sergei Prokofiev', 'Bruce Martin', 'John Mac Master', 'Deborah Humble', 'Teddy Tahu Rhodes', 'William Ferguson', 'Warwick Fyfe', 'Jud Arthur', 'Elizabeth Whitehouse', 'Wendy Dawn Thompson', 'Sally-Anne Russell', 'Ali McGregor', 'Arend Baumann', 'Richard Alexander', 'Catherine Carby', 'Graeme Macfarlane', 'Tim DuFore', 'Opera Australia Chorus', 'Australian Opera and Ballet Orchestra', 'Richard Hickox']",0.0,0.0,86.0,34.4
25,6762,The Psychonauts Remix Of 'Chase The Blues',"['Terranova', 'Cath Coffey']",0.0,0.0,86.0,34.4
25,3612,"Symphonie fantastique, Op. 14, H. 48: III. Scène aux champs. Adagio","['Hector Berlioz', 'Michael Tilson Thomas', 'New York Philharmonic']",0.0,0.0,86.0,34.4
25,2128,Faraway,['Ignite'],0.0,0.0,86.0,34.4
25,6347,I Had to Get Out,['Indigo De Souza'],0.0,0.0,86.0,34.4
25,5249,Silent Night,['Joe Diffie'],0.0,0.0,86.0,34.4
25,7780,Crossing Crows,['The Mountains & The Trees'],0.0,0.0,86.0,34.4
25,7007,Avocado Minuet - Harp Guitar Duet,"['Muriel Anderson', 'John Doan']",0.0,0.0,86.0,34.4
25,6563,Today,['Treepeople'],0.0,0.0,86.0,34.4
25,5061,Part Three,['The Black Dog'],0.0,0.0,86.0,34.4
25,6723,Russian Dance,"['Radim Zenkl', 'Leo Chern']",0.0,0.0,86.0,34.4
25,3834,Are You Tired of Me My Darling?,['Jim Henry & Brooks Williams'],0.0,0.0,86.0,34.4
25,2946,Kermit,"['EU', 'Helen Riz']",0.0,0.0,86.0,34.4
25,3698,Obama Care,"['Dutchieman', 'Jadakiss']",0.0,0.0,86.0,34.4
25,2304,Tree,['Skeye'],0.0,0.0,86.0,34.4
25,6133,Interlude WLUV Interview/Call In,['Toby Love'],0.0,0.0,86.0,34.4
25,6922,Surrender,"['Hector Zazou', 'Nicola Hitchcock']",0.0,0.0,86.0,34.4
25,6918,Calling Sky,['The Year Of'],0.0,0.0,86.0,34.4
25,5513,Harry's World,['The Firesign Theatre'],0.0,0.0,86.0,34.4
25,535,Love In A Void,['Armitage Shanks'],0.0,0.0,86.0,34.4
25,1191,Tobak,"['Mek Pek', 'The Allrights']",0.0,0.0,86.0,34.4
25,6703,"Winterreise, Op. 89, D. 911: Tauschung","['Franz Schubert', 'Roman Trekel', 'Ulrich Eisenlohr']",0.0,0.0,86.0,34.4
25,1435,Stylin' on the Beat,['The Angel'],0.0,0.0,86.0,34.4
25,4909,Did My Time - Live at CBGB,['Korn'],0.0,0.0,86.0,34.4
25,7701,Rapid Ruination,['Lightning Strikes Across the Sky'],0.0,0.0,86.0,34.4
25,1340,Under The Feeling,['Archer Prewitt'],0.0,0.0,86.0,34.4
25,1799,Earth Has No Sorrow,['Maurette Brown Clark'],0.0,0.0,86.0,34.4
25,271,Introduction,['Jerry Reed'],0.0,0.0,86.0,34.4
25,2783,The Youth,"['C.E. Ugly Brotha', 'envy']",0.0,0.0,86.0,34.4
25,5298,Right Hand Ponk,['OOIOO'],0.0,0.0,86.0,34.4
25,3681,Let Go of Everything,['Bryan Beller'],0.0,0.0,86.0,34.4
25,6433,Summertime,['Wayne Hancock'],0.0,0.0,86.0,34.4
25,4221,Reprise (Rocker),['Seepeoples'],0.0,0.0,86.0,34.4
25,2845,"Concerto Grosso in B-Flat Major, Op. 6, No. 11: II. Allemanda: Allegro","['Arcangelo Corelli', 'Capella Istropolitana']",0.0,0.0,86.0,34.4
25,3145,Stax (Strings),['Madlib'],0.0,0.0,86.0,34.4
25,3274,"Ain't No Love in the Heart of the City - Live in New York, NY, 10/4/2008",['Whitesnake'],0.6567329587761457,24.0,85.0,34.39403977526569
25,4107,Dress Me Like a Clown,"[""Margot & The Nuclear So And So's""]",0.3985635938741028,19.0,85.0,34.239138156324465
25,1990,The Christmas Song (Chestnuts Roasting On An Open Fire),['John Legend'],0.36885161190208327,18.0,85.0,34.22131096714125
25,5830,There Would Be Hell to Pay,['T Bone Burnett'],0.3536687314839752,18.0,85.0,34.21220123889039
25,1728,The Curse,['Bloody Sunday'],0.17786363636363636,13.0,85.0,34.10671818181818
25,7616,La Revancha,['Aníbal Troilo Y Su Orquesta Típica'],0.17716899196156333,13.0,85.0,34.106301395176935
25,5678,Side Two,['Baku Llama'],0.17194936708860759,12.0,85.0,34.10316962025316
25,7577,De Todo Te Olvidas - Cabeza De Novia,['Aníbal Troilo Y Su Orquesta Típica'],0.16877220686932493,12.0,85.0,34.1012633241216
25,3152,Eternal Broadcaster (Authentic),['Madlib'],0.16086486486486487,12.0,85.0,34.09651891891892
25,3218,"Keyboard Sonata No. 42 in G Major, Hob.XVI:27: I. Allegro con brio","['Franz Joseph Haydn', 'Jenő Jandó']",0.1491489997014034,12.0,85.0,34.08948939982084
25,6978,We Step Across...,['Harold Budd'],0.1441311852704258,12.0,85.0,34.08647871116226
25,2015,Breakfast At Tiffany's - REMASTERED,['Henry Mancini'],0.12637179913535085,12.0,85.0,34.07582307948121
25,2166,Loving You,['New World Generation'],0.051094890510948905,7.0,85.0,34.03065693430657
25,7206,California Sunset,['The Weary Boys'],0.051094890510948905,7.0,85.0,34.03065693430657
25,7123,Peace (We Are The Future),['Emily Bear'],0.051094890510948905,7.0,85.0,34.03065693430657
25,3719,It's the End of the World as We Know It (And I Feel Fine),"[""Pickin' On Series""]",0.048,6.0,85.0,34.0288
25,2814,Try As I May,"[""Meredith d'Ambrosio""]",0.048,6.0,85.0,34.0288
25,2120,Order Of Operations,['Paul Newman'],0.04666666666666667,7.0,85.0,34.028
25,3220,"Keyboard Sonata No. 42 in G Major, Hob.XVI:27: III. Finale: Presto","['Franz Joseph Haydn', 'Jenő Jandó']",0.04411764705882353,6.0,85.0,34.02647058823529
25,5491,"Sister Carrie, Act II: Rise Up (Live)","['Robert Aldridge', 'Leroy Davis', 'Thomas Leighton', 'Keith Phares', 'Florentine Opera Chorus', 'Milwaukee Symphony Orchestra', 'William Boggs']",0.04411764705882353,6.0,85.0,34.02647058823529
25,2502,Chanson Du Bon Chose,['The Mountain Goats'],0.04411764705882353,6.0,85.0,34.02647058823529
25,7860,Fever,['Deanna Kirk'],0.04411764705882353,6.0,85.0,34.02647058823529
25,330,Her Bright Smile Haunts Me Still,['Eric Brace & Peter Cooper'],0.04411764705882353,6.0,85.0,34.02647058823529
25,6239,My Skin is My Sin,['Wayne Krantz'],0.0440251572327044,7.0,85.0,34.026415094339626
25,5697,Lebmuhl,['Kreuzweg Ost'],0.040268456375838924,6.0,85.0,34.0241610738255
25,2364,Eileen O'Neill / The Chancellor or Father Dollard's / The Frisco or Walshe's Hornpipe,['Brendan Begley & Caoimhín Ó Raghallaigh'],0.040268456375838924,6.0,85.0,34.0241610738255
25,4091,Bright Flashbacks,['Myka 9'],0.040268456375838924,6.0,85.0,34.0241610738255
25,4169,Perihelion,['Perpetual Groove'],0.040268456375838924,6.0,85.0,34.0241610738255
25,1012,Creep,['Patrizia'],0.040268456375838924,6.0,85.0,34.0241610738255
25,2820,A Thousand Teardrops,['Shadowfax'],0.040268456375838924,6.0,85.0,34.0241610738255
25,4695,"Fat Angel - Live at the Fillmore East, New York, NY - May 1968",['Jefferson Airplane'],0.03870967741935484,6.0,85.0,34.02322580645161
25,1895,Troubled Times,['Neil Hamburger'],0.03870967741935484,6.0,85.0,34.02322580645161
25,8272,La Payanca,"[""Juan D'Arienzo y su Orquesta Típica""]",0.03870967741935484,6.0,85.0,34.02322580645161
25,988,Home Depot and Beyond,['Comedian Bob Marley'],0.03870967741935484,6.0,85.0,34.02322580645161
25,7645,Confessin',['Raphaël Bas'],0.03314917127071823,6.0,85.0,34.01988950276243
25,2365,An Buachaill Caol Dubh / On Book Hill: Quail Dove (or Debut Kill) / I Wish I Had a Kerry Cow,['Brendan Begley & Caoimhín Ó Raghallaigh'],0.03225806451612903,6.0,85.0,34.019354838709674
25,1527,Iron Curtain Blues,['Penance'],0.03208556149732621,6.0,85.0,34.01925133689839
25,3146,Electric Company (Voltage-Watts),['Madlib'],0.031914893617021274,6.0,85.0,34.01914893617021
25,3685,Spiraling Out,"['Triptych Myth', 'Cooper-Moore', 'Tom Abbs', 'Chad Taylor']",0.031914893617021274,6.0,85.0,34.01914893617021
25,7861,C.C. Rider,['Deanna Kirk'],0.031914893617021274,6.0,85.0,34.01914893617021
25,6483,Say This,['The Immediate'],0.030927835051546393,6.0,85.0,34.01855670103093
25,6457,Mengedegna,['Tabla Beat Science'],0.0,0.0,85.0,34.0
25,6575,Guantanameritmo,"['Wolfgang Amadeus Mozart', 'Elio Rodriguez Luis', 'Klazz Brothers', 'Cuba Percussion']",0.0,0.0,85.0,34.0
25,3567,Tuesday,['The Durutti Column'],0.0,0.0,85.0,34.0
25,6514,"Barcarolle (Night of stars, and night of love) from ""The Tales of Hoffmann""","['Jacques Offenbach', 'Charlotte Church', 'Sian Edwards']",0.0,0.0,85.0,34.0
25,6571,Neil's Down,['Treepeople'],0.0,0.0,85.0,34.0
25,6412,Dusk,['Anjali'],0.0,0.0,85.0,34.0
25,3837,"Oh, What Wondrous Love",['Jim Henry & Brooks Williams'],0.0,0.0,85.0,34.0
25,1619,Seven Magic,['Abhor'],0.0,0.0,85.0,34.0
25,3564,Let Me Tell You Something,['The Durutti Column'],0.0,0.0,85.0,34.0
25,6666,Christmas Pipes,['Katie McMahon'],0.0,0.0,85.0,34.0
25,3453,Post Apocalyptic Rap Blues,['Busdriver'],0.0,0.0,85.0,34.0
25,1162,There's a Small Hotel,['Hank Mobley Quintet'],0.0,0.0,85.0,34.0
25,1826,(Reprise),['Sciflyer'],0.0,0.0,85.0,34.0
25,1924,Sawed in Half,['Abysmal Torment'],0.0,0.0,85.0,34.0
25,1001,Leland Sprinkle,['Express Rising'],0.0,0.0,85.0,34.0
25,1040,Godspeed (Sweet Dreams) - Live - 2003,['The Chicks'],0.0,0.0,85.0,34.0
25,2809,I'd Do It All Again,"[""Meredith d'Ambrosio""]",0.0,0.0,85.0,34.0
25,7298,Creature,['United States Three'],0.0,0.0,85.0,34.0
25,3054,The Hampshire,"['Traditional', 'M. Retford', 'Coldstream Guards Regimental Band', 'T.L. Sharpe']",0.0,0.0,85.0,34.0
25,4497,Still Smokin',['Mystikal'],0.0,0.0,85.0,34.0
25,6972,The False Attribution...,['Harold Budd'],0.0,0.0,85.0,34.0
25,1151,Jerusalem,['Bill Laswell'],0.0,0.0,85.0,34.0
25,1154,Here's That Rainy Day,['Marilyn Scott'],0.0,0.0,85.0,34.0
25,4959,Suite in D Major: II. Allemande,"['Louis Couperin', 'Laurence Cummings']",0.0,0.0,85.0,34.0
25,1403,Swayed,['I:Scintilla'],0.0,0.0,85.0,34.0
25,7019,"Sonata No. 21, Op. 53 in C: Rondo: Allegretto moderato","['Ludwig van Beethoven', 'Arthur Rubinstein']",0.0,0.0,85.0,34.0
25,1872,Condoms 2002,['Neil Hamburger'],0.0,0.0,85.0,34.0
25,1875,Puerto Rico,['Neil Hamburger'],0.0,0.0,85.0,34.0
25,5286,You'll Pay for Your Day at Pleasure Island,['Michael Leviton'],0.0,0.0,85.0,34.0
25,2897,"Nowell, Nowell, Out of Your Sleep","['Traditional', 'The Sixteen', 'Harry Christophers']",0.0,0.0,85.0,34.0
25,5290,Ships Passing in the Night,['Michael Leviton'],0.0,0.0,85.0,34.0
25,5476,"Sister Carrie, Act II: Oh Abdul (Live)","['Robert Aldridge', 'Edson Melendez', 'Nicholas Barootian', 'Pablo Siqueiros', 'Adriana Zabala', 'Alisa Suzanne Jordheim', 'John A. Stumpff', 'Florentine Opera Chorus', 'Milwaukee Symphony Orchestra', 'William Boggs']",0.0,0.0,85.0,34.0
25,6208,"4 Cançons: No. 4, Aigües de la primavera","['Manuel Blancafort', 'Anna Alàs i Jové', 'Miquel Villalba']",0.0,0.0,85.0,34.0
25,75,"John Henry's, Kiss the Maid Behind the Bar",['The McCarthys'],0.0,0.0,85.0,34.0
25,5477,"Sister Carrie, Act II: We're Consultin' with the Sultan (Live)","['Robert Aldridge', 'Alisa Suzanne Jordheim', 'Adriana Zabala', 'Edson Melendez', 'Nicholas Barootian', 'John A. Stumpff', 'Florentine Opera Chorus', 'Milwaukee Symphony Orchestra', 'William Boggs']",0.0,0.0,85.0,34.0
25,5783,Dry as Sin,['Eli Conley'],0.0,0.0,85.0,34.0
25,6704,"Winterreise, Op. 89, D. 911: Der Wegweiser","['Franz Schubert', 'Roman Trekel', 'Ulrich Eisenlohr']",0.0,0.0,85.0,34.0
25,2303,Washed Away,['Skeye'],0.0,0.0,85.0,34.0
25,6728,Indian Summer,"['Radim Zenkl', 'Leo Chern']",0.0,0.0,85.0,34.0
25,3411,Dardanus Ballet Suite: X. Sommeil de Dardanus,"['Jean-Philippe Rameau', 'European Union Baroque Orchestra', 'Roy Goodman']",0.0,0.0,85.0,34.0
25,3241,The Beauty in All Things,['Autumn Tears'],0.0,0.0,85.0,34.0
25,972,Momma's Nighty,['Comedian Bob Marley'],0.0,0.0,85.0,34.0
25,2796,Back Home In Derry,['Hair of the Dog'],0.3787294197604282,18.0,84.0,33.82723765185626
25,2812,Melodious Funk,"[""Meredith d'Ambrosio""]",0.35511457584881356,19.0,84.0,33.81306874550929
25,6816,Thirteen Oar's of Misfortune,['Bloodaxe'],0.30011005417395387,18.0,84.0,33.78006603250437
25,6156,Time Zones,['Negativland'],0.1610738255033557,12.0,84.0,33.696644295302015
25,7574,Sur,['Aníbal Troilo Y Su Orquesta Típica'],0.15380906460945035,12.0,84.0,33.69228543876567
25,4230,Untitled,['Various Artists'],0.15112764473378285,12.0,84.0,33.69067658684027
25,686,Intermission,"['Bub Bizzle', 'Phe McWright']",0.14990107460138882,12.0,84.0,33.68994064476083
25,6304,Intro (You&me),['Bethan Mane'],0.13422902671457584,12.0,84.0,33.68053741602875
25,6565,Cartoon Brew,['Treepeople'],0.12948513415518492,12.0,84.0,33.67769108049311
25,4914,Here to Stay - Live at CBGB,['Korn'],0.12948513415518492,12.0,84.0,33.67769108049311
25,4486,U Lookin' For Me,['Mystikal'],0.05555555555555555,7.0,84.0,33.63333333333333
25,7424,Steps to Heaven Are Steps to Me,['Unai'],0.051094890510948905,7.0,84.0,33.63065693430657
25,8006,Modify,['Collide'],0.048,6.0,84.0,33.6288
25,464,Sospirare,['Suspyre'],0.04666666666666667,7.0,84.0,33.628
25,3643,Zaephyr Skies Theme,['Luca Turilli'],0.04666666666666667,7.0,84.0,33.628
25,8094,Shaka Slack Key - instrumental,['Keola Beamer'],0.04666666666666667,7.0,84.0,33.628
25,1063,One of These Days,['Smalltown Poets'],0.04411764705882353,6.0,84.0,33.62647058823529
25,5814,Avec Le Temps,['Abbey Lincoln'],0.04411764705882353,6.0,84.0,33.62647058823529
25,8079,Over the Rainbow - Live,['Martina McBride'],0.04411764705882353,6.0,84.0,33.62647058823529
25,2793,Scent Of My Childhood,['Huong Thanh'],0.04411764705882353,6.0,84.0,33.62647058823529
25,241,I Can't Make You Love Me,['Bonnie Raitt'],0.04411764705882353,6.0,84.0,33.62647058823529
25,3052,The Attack - The Rose,"['Traditional', 'Gibson', 'Coldstream Guards Regimental Band', 'T.L. Sharpe']",0.04411764705882353,6.0,84.0,33.62647058823529
25,4514,Preludios vascos: Bordako atalarrian (At the Farmhouse Door),"['Aita Donostia', 'Jordi Masó']",0.04411764705882353,6.0,84.0,33.62647058823529
25,8100,As Tears Go By,['Angels Of Venice'],0.04411764705882353,6.0,84.0,33.62647058823529
25,1897,Our President,['Neil Hamburger'],0.04411764705882353,6.0,84.0,33.62647058823529
25,1823,Like An Ion,['Sciflyer'],0.040268456375838924,6.0,84.0,33.624161073825505
25,3403,Dardanus Ballet Suite: II. Marche pour les differentes nations,"['Jean-Philippe Rameau', 'European Union Baroque Orchestra', 'Roy Goodman']",0.040268456375838924,6.0,84.0,33.624161073825505
25,8095,Just Dancin' Like Fools,['Will Ackerman'],0.040268456375838924,6.0,84.0,33.624161073825505
25,1057,"Long, Long Way",['Smalltown Poets'],0.040268456375838924,6.0,84.0,33.624161073825505
25,3800,Grenoble no 1 / Le 102 29.04.03,"['Martin Tétreault', 'Yoshihide Otomo']",0.040268456375838924,6.0,84.0,33.624161073825505
25,3232,"Keyboard Sonata No. 47 in B Minor, Hob.XVI:32: I. Allegro moderato","['Franz Joseph Haydn', 'Jenő Jandó']",0.040268456375838924,6.0,84.0,33.624161073825505
25,7374,Aua,['Die Prinzen'],0.0379746835443038,6.0,84.0,33.62278481012658
25,7553,Soleá,['Jose Serrano'],0.0379746835443038,6.0,84.0,33.62278481012658
25,7702,Trot Wad,['Lightning Strikes Across the Sky'],0.034482758620689655,6.0,84.0,33.62068965517241
25,6681,the best revenge,['Rabbit Junk'],0.034482758620689655,6.0,84.0,33.62068965517241
25,792,AIDS,['Neil Hamburger'],0.03428571428571429,6.0,84.0,33.62057142857143
25,2292,Taci,['Tstewart'],0.03314917127071823,6.0,84.0,33.61988950276243
25,7859,Antihero - Original Mix,['Zetta'],0.03314917127071823,6.0,84.0,33.61988950276243
25,2862,"Concerto Grosso in D Major, Op. 1, No. 9: I. Allegro","['Pietro Locatelli', 'Capella Istropolitana']",0.03225806451612903,6.0,84.0,33.619354838709675
25,7842,Sunrise Screwdriver (Sludgebox + Seluekos),['Nitrophonics'],0.031914893617021274,6.0,84.0,33.61914893617021
25,5977,Stoplight Flight,['Angelo Badalamenti'],0.031914893617021274,6.0,84.0,33.61914893617021
25,2421,"Cursed, Scarred and Forever Possessed",['Celestial Bloodshed'],0.030456852791878174,6.0,84.0,33.61827411167513
25,133,"The Love For Three Oranges, Op. 33 (Sung in English): Prologue: What we want is genuine tragedy! (Tragedians, Comics, Lyrics, Empty Heads, Eccentrics, Herald)","['Sergei Prokofiev', 'Bruce Martin', 'John Mac Master', 'Deborah Humble', 'Teddy Tahu Rhodes', 'William Ferguson', 'Warwick Fyfe', 'Jud Arthur', 'Elizabeth Whitehouse', 'Wendy Dawn Thompson', 'Sally-Anne Russell', 'Ali McGregor', 'Arend Baumann', 'Richard Alexander', 'Catherine Carby', 'Graeme Macfarlane', 'Tim DuFore', 'Opera Australia Chorus', 'Australian Opera and Ballet Orchestra', 'Richard Hickox']",0.0,0.0,84.0,33.6
25,5965,The Party,['Angelo Badalamenti'],0.0,0.0,84.0,33.6
25,6408,Is It Worth It?,['The Verve Pipe'],0.0,0.0,84.0,33.6
25,4809,Wellness Farm,['Saafi Brothers'],0.0,0.0,84.0,33.6
25,2540,"Partita in C Minor, GWV 133: III. Courante","['Christoph Graupner', 'Naoko Akutagawa']",0.0,0.0,84.0,33.6
25,334,Flux and Reflux,['Praxis'],0.0,0.0,84.0,33.6
25,3760,Limehouse Blues,['Don Reno'],0.0,0.0,84.0,33.6
25,7425,Moderne Love,['Unai'],0.0,0.0,84.0,33.6
25,40,Horrorison,['Dødheimsgard'],0.0,0.0,84.0,33.6
25,7620,Quejas De Bandoneón,['Aníbal Troilo Y Su Orquesta Típica'],0.0,0.0,84.0,33.6
25,6524,"Songs my mother taught me, Op. 55, No. 4","['Antonín Dvořák', 'Charlotte Church', 'Sian Edwards']",0.0,0.0,84.0,33.6
25,5831,Every Time I Feel the Shift,['T Bone Burnett'],0.0,0.0,84.0,33.6
25,197,Gambling,['Neil Hamburger'],0.0,0.0,84.0,33.6
25,5806,Maxim'S,['Serge Reggiani'],0.0,0.0,84.0,33.6
25,7159,The Boys,['Moscow Symphony Orchestra conducted by William Stromberg'],0.0,0.0,84.0,33.6
25,1596,Background Of Malfunction,['Flux of Pink Indians'],0.0,0.0,84.0,33.6
25,4463,White Mule,['Jack Rose'],0.0,0.0,84.0,33.6
25,2985,Alms,['Grails'],0.0,0.0,84.0,33.6
25,6689,"Winterreise, Op. 89, D. 911: Der Lindenbaum","['Franz Schubert', 'Roman Trekel', 'Ulrich Eisenlohr']",0.0,0.0,84.0,33.6
25,6690,"Winterreise, Op. 89, D. 911: Wasserflut","['Franz Schubert', 'Roman Trekel', 'Ulrich Eisenlohr']",0.0,0.0,84.0,33.6
25,929,Lotto Numbers,['Neil Hamburger'],0.0,0.0,84.0,33.6
25,5524,The Great Man I. - The Stance,['Kriegsfall-U'],0.0,0.0,84.0,33.6
25,3390,Platee Ballet Suite: II. Air pantomime,"['Jean-Philippe Rameau', 'European Union Baroque Orchestra', 'Roy Goodman']",0.0,0.0,84.0,33.6
25,4010,Pictures at an Exhibition (Orch. M. Ravel): V. Ballet of the Unhatched Chicks,"['Modest Mussorgsky', 'Maurice Ravel', 'Minnesota Orchestra', 'Eiji Oue']",0.0,0.0,84.0,33.6
25,4063,Flamingo,"['Richie Cole', 'Boots Randolph']",0.0,0.0,84.0,33.6
25,7797,One Of Them,['Negativland'],0.0,0.0,84.0,33.6
25,6911,I Honor the Light That Shines Within You,['Orange Cake Mix'],0.0,0.0,84.0,33.6
25,4369,Bruma,['Blaze of Sorrow'],0.0,0.0,84.0,33.6
25,5381,Orange Ball of Pain,['The Mountain Goats'],0.0,0.0,84.0,33.6
25,3033,The Thin Red Line,"['Kenneth J. Alford', 'Coldstream Guards Regimental Band', 'T.L. Sharpe']",0.0,0.0,84.0,33.6
25,3022,The 3rd DG's,"['J. Brophy', 'Coldstream Guards Regimental Band', 'T.L. Sharpe']",0.0,0.0,84.0,33.6
25,6048,(5:20),"['The Body Lovers', 'The Body Haters']",0.0,0.0,84.0,33.6
25,2981,Reprieve,['Grails'],0.0,0.0,84.0,33.6
25,3828,Past Life,['Rivulets'],0.0,0.0,84.0,33.6
25,6054,Track 02,"['The Body Lovers', 'The Body Haters']",0.0,0.0,84.0,33.6
25,7071,Mirrors,['Burning Paper'],0.0,0.0,84.0,33.6
25,1595,Left Me To Die,['Flux of Pink Indians'],0.0,0.0,84.0,33.6
25,2892,"Nowell Sing We, Both All and Some","['Traditional', 'The Sixteen', 'Harry Christophers']",0.0,0.0,84.0,33.6
25,8092,Callisto's Sky,['Thea Suits-Silverman'],0.0,0.0,84.0,33.6
25,6104,"Flayed, Dismembered and Feasted Upon",['Abysmal Torment'],0.0,0.0,84.0,33.6
25,5689,Edelrost,['Kreuzweg Ost'],0.0,0.0,84.0,33.6
25,7018,"Sonata No. 21, Op. 53 in C: Introduzione: Adagio molto","['Ludwig van Beethoven', 'Arthur Rubinstein']",0.0,0.0,84.0,33.6
25,160,A Moment of Silence,['Neil Hamburger'],0.15289058767319635,12.0,83.0,33.29173435260392
25,6212,Dessobre la terra dura,"['Manuel Blancafort', 'Anna Alàs i Jové', 'Miquel Villalba']",0.1441311852704258,12.0,83.0,33.28647871116226
25,5205,"Piano Trio in B Flat Major, Op.97 'Archduke' (2001 - Remaster): IV. Allegro moderato","['Pinchas Zukerman', 'Jacqueline du Pré', 'Daniel Barenboim']",0.12800091022869498,12.0,83.0,33.27680054613722
25,1876,Just Poking Fun,['Neil Hamburger'],0.06299212598425197,8.0,83.0,33.23779527559056
25,5312,Jerusalem,['Antje Duvekot'],0.057971014492753624,8.0,83.0,33.23478260869565
25,3273,"The Deeper the Love - Live in New York, NY, 10/4/2008",['Whitesnake'],0.051094890510948905,7.0,83.0,33.23065693430657
25,5726,All Nite,['Tha Dogg Pound'],0.048,6.0,83.0,33.2288
25,4696,"Watch Her Ride - Live at the Fillmore East, New York, NY - May 1968",['Jefferson Airplane'],0.048,6.0,83.0,33.2288
25,7869,Who Knows Where the Time Goes,['Deanna Kirk'],0.04411764705882353,6.0,83.0,33.226470588235294
25,6009,Put Your Sadness To Sleep,['Thom Rotella'],0.04411764705882353,6.0,83.0,33.226470588235294
25,3122,Almohada,['José José'],0.04411764705882353,6.0,83.0,33.226470588235294
25,139,"The Love For Three Oranges, Op. 33 (Sung in English): Act I Scene 2: Who's that? (Leandro, Smeraldina, Clarissa)","['Sergei Prokofiev', 'Bruce Martin', 'John Mac Master', 'Deborah Humble', 'Teddy Tahu Rhodes', 'William Ferguson', 'Warwick Fyfe', 'Jud Arthur', 'Elizabeth Whitehouse', 'Wendy Dawn Thompson', 'Sally-Anne Russell', 'Ali McGregor', 'Arend Baumann', 'Richard Alexander', 'Catherine Carby', 'Graeme Macfarlane', 'Tim DuFore', 'Opera Australia Chorus', 'Australian Opera and Ballet Orchestra', 'Richard Hickox']",0.04411764705882353,6.0,83.0,33.226470588235294
25,3729,Speed Of Life,['Dee'],0.04411764705882353,6.0,83.0,33.226470588235294
25,2401,The Courting,['Huong Thanh'],0.040268456375838924,6.0,83.0,33.224161073825506
25,3686,Pooch (for Wilber Morris),"['Triptych Myth', 'Cooper-Moore', 'Tom Abbs', 'Chad Taylor']",0.040268456375838924,6.0,83.0,33.224161073825506
25,7522,Bless Your Blood,['Six Organs Of Admittance'],0.040268456375838924,6.0,83.0,33.224161073825506
25,913,Necrophilia,['Neil Hamburger'],0.040268456375838924,6.0,83.0,33.224161073825506
25,2539,"Partita in C Minor, GWV 133: II. Allemande","['Christoph Graupner', 'Naoko Akutagawa']",0.0379746835443038,6.0,83.0,33.22278481012658
25,52,Senseoffender,['Dødheimsgard'],0.0379746835443038,6.0,83.0,33.22278481012658
25,811,Jive At Five,['Clark Terry'],0.0379746835443038,6.0,83.0,33.22278481012658
25,1766,"Concerto for Strings in G Major, Op. 7, No. 4: III. Allegro","['Tomaso Albinoni', 'London Virtuosi', 'John Georgiadis']",0.03529411764705882,6.0,83.0,33.22117647058824
25,1161,Ow,['Hank Mobley Quintet'],0.03468208092485549,6.0,83.0,33.220809248554914
25,7470,Impair - Original Mix,['VANM'],0.03278688524590164,6.0,83.0,33.21967213114755
25,2940,Patron St. Of the Bad Comedians,['Timtim'],0.03278688524590164,6.0,83.0,33.21967213114755
25,3882,Song For Mark And Joel,['The Mountain Goats'],0.03225806451612903,6.0,83.0,33.21935483870968
25,5203,"Piano Trio in B Flat Major, Op.97 'Archduke' (2001 - Remaster): II. Scherzo (Allegro) & Trio","['Pinchas Zukerman', 'Jacqueline du Pré', 'Daniel Barenboim']",0.03208556149732621,6.0,83.0,33.219251336898395
25,2113,December '91 Or So,['Paul Newman'],0.03208556149732621,6.0,83.0,33.219251336898395
25,3234,"Keyboard Sonata No. 47 in B Minor, Hob.XVI:32: III. Finale: Presto","['Franz Joseph Haydn', 'Jenő Jandó']",0.031914893617021274,6.0,83.0,33.219148936170214
25,3074,Hydrosphere,['Kitaro'],0.031914893617021274,6.0,83.0,33.219148936170214
25,4521,Preludios vascos: Errotazuriko Urretxindorra (The Nightingale of Errotazuri),"['Aita Donostia', 'Jordi Masó']",0.030456852791878174,6.0,83.0,33.21827411167513
25,566,An Rogaire Dubh (The Black Rogue) / Na Ceannabhain Bhana (The Fair Canavans),['Míchéal Ó Briain'],0.0,0.0,83.0,33.2
25,5133,"Violin Concerto in G Minor, Op. 80: Allegro maestoso- vivace","['Samuel Coleridge-Taylor', 'Philippe Graffin', 'Johannesburg Philharmonic Orchestra', 'Michael Hankinson']",0.0,0.0,83.0,33.2
25,4428,Rem Sleep Research,['Ochre'],0.0,0.0,83.0,33.2
25,2313,Half Full,['Skeye'],0.0,0.0,83.0,33.2
25,1149,Bati,['Bill Laswell'],0.0,0.0,83.0,33.2
25,7781,Goodbye Little Town,['The Mountains & The Trees'],0.0,0.0,83.0,33.2
25,4973,Suite in C Major*: III. Courante,"['Louis Couperin', 'Laurence Cummings']",0.0,0.0,83.0,33.2
25,3932,"St. Luke Passion, TWV 5:13: Arioso: Dir ein Konigreich zu schenken (Tenor)","['Georg Philipp Telemann', 'Wolfgang Klose', 'Marcus Ullmann', 'Christian Hilz', 'Raimonds Spogis', 'Thilo Dahlmann', 'Kolner Akademie Choir', 'Kölner Akademie', 'Michael Alexander Willens']",0.0,0.0,83.0,33.2
25,6613,Lather,['Jefferson Airplane'],0.0,0.0,83.0,33.2
25,6615,Triad,['Jefferson Airplane'],0.0,0.0,83.0,33.2
25,3829,Barreling Towards Nowhere Like There's No Tomorrow,['Rivulets'],0.0,0.0,83.0,33.2
25,3832,lacklustre,['Rivulets'],0.0,0.0,83.0,33.2
25,1112,Long Time Coming,['Anna Waronker'],0.0,0.0,83.0,33.2
25,3626,Ceilidh for the Shallow Ground,['Trial of the Bow'],0.0,0.0,83.0,33.2
25,5136,"Violin Concerto in A Minor, Op. 53: Allegro ma non troppo","['Antonín Dvořák', 'Philippe Graffin', 'Johannesburg Philharmonic Orchestra', 'Michael Hankinson']",0.0,0.0,83.0,33.2
25,5182,Camp Washington Chili,['Lonnie Mack'],0.0,0.0,83.0,33.2
25,3937,"St. Luke Passion, TWV 5:13: Recitative: Da aber Pilatus Galilaam horte (Evangelist, Pilatus)","['Georg Philipp Telemann', 'Wolfgang Klose', 'Marcus Ullmann', 'Christian Hilz', 'Raimonds Spogis', 'Thilo Dahlmann', 'Kolner Akademie Choir', 'Kölner Akademie', 'Michael Alexander Willens']",0.0,0.0,83.0,33.2
25,3945,"St. Luke Passion, TWV 5:13: Aira: Triumph, Triumph (Tenor)","['Georg Philipp Telemann', 'Wolfgang Klose', 'Marcus Ullmann', 'Christian Hilz', 'Raimonds Spogis', 'Thilo Dahlmann', 'Kolner Akademie Choir', 'Kölner Akademie', 'Michael Alexander Willens']",0.0,0.0,83.0,33.2
25,6698,"Winterreise, Op. 89, D. 911: Der greise Kopf","['Franz Schubert', 'Roman Trekel', 'Ulrich Eisenlohr']",0.0,0.0,83.0,33.2
25,6716,"La tempete, Op. 18: IV. Danse rustique","['Ernest Chausson', 'BBC Philharmonic', 'Yan Pascal Tortelier']",0.0,0.0,83.0,33.2
25,3414,Ragnarok - Twilight of the Gods,['Achillea'],0.0,0.0,83.0,33.2
25,3405,Dardanus Ballet Suite: IV. Tambourin I - II,"['Jean-Philippe Rameau', 'European Union Baroque Orchestra', 'Roy Goodman']",0.0,0.0,83.0,33.2
25,5255,Sizuku Ring Neng,['OOIOO'],0.0,0.0,83.0,33.2
25,3335,I Aint Your Savior,['Bullets And Octane'],0.0,0.0,83.0,33.2
25,926,Music,['Neil Hamburger'],0.0,0.0,83.0,33.2
25,1580,The Escape,['Kitaro'],0.0,0.0,83.0,33.2
25,6825,Turn,['Hexedene'],0.0,0.0,83.0,33.2
25,5196,"Piano Trio No. 2 in G Major, Op.1 No. 2 (2001 - Remaster): IV. Finale (Presto)","['Jacqueline du Pré', 'Pinchas Zukerman', 'Daniel Barenboim']",0.0,0.0,83.0,33.2
25,656,I'm in Your Band,['Neil Hamburger'],0.0,0.0,83.0,33.2
25,1172,'S Wonderful,['Hank Mobley Quintet'],0.0,0.0,83.0,33.2
25,5186,Ain't Nobody,['Lonnie Mack'],0.0,0.0,83.0,33.2
25,1754,The Legend of Ms. Garcia,"['Phil Johnson', 'Roadside Attraction']",0.0,0.0,83.0,33.2
25,6409,Lazy Lagoon,['Anjali'],0.0,0.0,83.0,33.2
25,1698,Generations (Diamono),"[""Youssou N'Dour""]",0.0,0.0,83.0,33.2
25,4942,The End Of August,['Yanni'],0.0,0.0,83.0,33.2
25,2855,Sinfonia No. 10 in C Major: II. Andante,"['Francesco Onofrio Manfredini', 'Capella Istropolitana']",0.0,0.0,83.0,33.2
25,5911,Sun Dance,"['Indigenous People', 'Marc Cary']",0.0,0.0,83.0,33.2
25,4913,Got the Life - Live at CBGB,['Korn'],0.0,0.0,83.0,33.2
25,1399,Nothing but Recordings,['I:Scintilla'],0.0,0.0,83.0,33.2
25,2894,Hail Mary Full Of Grace,"['Traditional', 'The Sixteen', 'Harry Christophers']",0.0,0.0,83.0,33.2
25,2898,Remember O Thou Man,"['Thomas Ravenscroft', 'The Sixteen', 'Harry Christophers']",0.0,0.0,83.0,33.2
25,4584,The Wind,['Kitaro'],0.0,0.0,83.0,33.2
25,4634,Milestones,['Cedar Walton'],0.0,0.0,83.0,33.2
25,2503,Pure Money,['The Mountain Goats'],0.0,0.0,83.0,33.2
25,5973,The Truth Is out There,['Angelo Badalamenti'],0.0,0.0,83.0,33.2
25,2948,Fussed,['Sensiva'],0.0,0.0,83.0,33.2
25,4537,Active Side of Infinity,"['Craig Padilla', 'Zero Ohms', 'Skip Murphy']",0.0,0.0,83.0,33.2
25,5969,The Yearbook,['Angelo Badalamenti'],0.0,0.0,83.0,33.2
25,2956,Your Life Is A Gift?,['Skin Area'],0.0,0.0,83.0,33.2
25,5335,Song for Tura Satana,['The Mountain Goats'],0.19889051094890509,13.0,82.0,32.91933430656935
25,1447,Why Did The Cow Feel Inadequate?,['Neil Hamburger'],0.1987628384687208,13.0,82.0,32.919257703081236
25,1862,Disgracing the Hamburger Family Name,['Neil Hamburger'],0.17653691275167785,12.0,82.0,32.90592214765101
25,2344,Antissa,['E.S. Posthumus'],0.17653691275167785,12.0,82.0,32.90592214765101
25,8280,Vision Celeste,"[""Juan D'Arienzo y su Orquesta Típica""]",0.17194936708860759,12.0,82.0,32.903169620253166
25,5337,Going to Georgia,['The Mountain Goats'],0.17194936708860759,12.0,82.0,32.903169620253166
25,3651,Cielo Rojo,['Leonel García'],0.16418466120625466,12.0,82.0,32.898510796723755
25,817,Devil's Path,['Dimmu Borgir'],0.15289058767319635,12.0,82.0,32.89173435260392
25,6146,The Playboy Channel,['Negativland'],0.14436669998572038,12.0,82.0,32.88662001999143
25,4350,So ist es,['Sero'],0.1441311852704258,12.0,82.0,32.88647871116226
25,4992,Perpetual Rust,['Halo'],0.132742551566081,12.0,82.0,32.879645530939655
25,540,Alf Ramsey's Porn Dungeon,['Armitage Shanks'],0.1247434928177989,12.0,82.0,32.874846095690685
25,2902,Ave Rex Angelorum,"['Traditional', 'The Sixteen', 'Harry Christophers']",0.051094890510948905,7.0,82.0,32.830656934306575
25,2513,Blomstersangen,['Marie Key Band'],0.051094890510948905,7.0,82.0,32.830656934306575
25,3402,Dardanus Ballet Suite: I. Ouverture,"['Jean-Philippe Rameau', 'European Union Baroque Orchestra', 'Roy Goodman']",0.051094890510948905,7.0,82.0,32.830656934306575
25,7235,"Zigeunerliebe: Act II: Gipsy's March: Endlich, Jozsi (Zorika, Jozsi, Milhaly, Chorus)","['Franz Lehár', 'Johanna Stojkovic', 'Dagmar Schellenberger', 'Zoran Todorovich', 'Bernhard Schneider', 'Ksenija Lukic', 'Stefan-Alexander Rankl', 'Markus Kohler', 'Raphaela Schulze', 'Andreas Horl', 'Andrej Bielow', 'North German Radio Chorus', 'North German Radio Philharmonic Orchestra', 'Frank Beermann']",0.048,6.0,82.0,32.8288
25,2112,I Know My Luck Too Well,['Paul Newman'],0.048,6.0,82.0,32.8288
25,977,You got yoru shoes on?,['Comedian Bob Marley'],0.048,6.0,82.0,32.8288
25,1889,A Timeless Political Routine,['Neil Hamburger'],0.048,6.0,82.0,32.8288
25,6850,Rising Sun,"['Alias', 'Tarsier']",0.048,6.0,82.0,32.8288
25,3654,Cuando Sale la Luna (Deja Que Salga la Luna) (feat. Natalia Lafourcade),"['Leonel García', 'Natalia Lafourcade']",0.04411764705882353,6.0,82.0,32.826470588235296
25,4687,"Won't You Try/Saturday Afternoon - Live at the Fillmore East, New York, NY - May 1968",['Jefferson Airplane'],0.04411764705882353,6.0,82.0,32.826470588235296
25,8096,I Will Walk With My Children,['William Coulter'],0.04411764705882353,6.0,82.0,32.826470588235296
25,4515,Preludios vascos: Mutillen karrika-eresiak (Young Man's Serenade),"['Aita Donostia', 'Jordi Masó']",0.04411764705882353,6.0,82.0,32.826470588235296
25,4167,Scene 20: Paul's End,['Philip Glass'],0.04411764705882353,6.0,82.0,32.826470588235296
25,4838,Karma,['Peter Sommer'],0.0440251572327044,7.0,82.0,32.82641509433963
25,1822,Come Up To My Cloud,['Sciflyer'],0.040268456375838924,6.0,82.0,32.82416107382551
25,1551,Claude Glass,['Shoplifting'],0.040268456375838924,6.0,82.0,32.82416107382551
25,4465,Hide The Whiskey (Blues For The Colonel),['Jack Rose'],0.040268456375838924,6.0,82.0,32.82416107382551
25,5674,The Rite,['Baku Llama'],0.040268456375838924,6.0,82.0,32.82416107382551
25,662,Graduate of Yaoo,['Neil Hamburger'],0.040229885057471264,7.0,82.0,32.824137931034485
25,4102,A Sea Chanty of Sorts,"[""Margot & The Nuclear So And So's""]",0.0379746835443038,6.0,82.0,32.822784810126585
25,7933,In the Middle of Your Love,['The Minders'],0.0379746835443038,6.0,82.0,32.822784810126585
25,2123,Some Common Items You Never Notice,['Paul Newman'],0.0379746835443038,6.0,82.0,32.822784810126585
25,439,I Never Go Around Mirrors - Remastered,['Keith Whitley'],0.03428571428571429,6.0,82.0,32.820571428571434
25,3026,The White Lancers,"['W.H. Richardson', 'Roger Richardson', 'Coldstream Guards Regimental Band', 'T.L. Sharpe']",0.03428571428571429,6.0,82.0,32.820571428571434
25,4327,Sin City,['Seraphim Shock'],0.03428571428571429,6.0,82.0,32.820571428571434
25,1925,Incised Wound Suicide,['Abysmal Torment'],0.03428571428571429,6.0,82.0,32.820571428571434
25,1853,Puck,['Sean McCann'],0.03314917127071823,6.0,82.0,32.819889502762436
25,6219,"Lírica catalana: No. 2, Comiat","['Manuel Blancafort', 'Anna Alàs i Jové', 'Miquel Villalba']",0.03296703296703297,6.0,82.0,32.81978021978023
25,120,Psalm 131: Psalm CXXXI,"['Sir David Willcocks', 'Michael Bloss', ""Choir of St John's, Elora"", 'Noel Edison']",0.032432432432432434,6.0,82.0,32.819459459459466
25,1205,Saraab,['Simon Shaheen & Qantara'],0.030927835051546393,6.0,82.0,32.818556701030936
25,4657,Springville,['Larry Carlton'],0.0,0.0,82.0,32.800000000000004
25,1360,Random Signals,['60 Channels'],0.0,0.0,82.0,32.800000000000004
25,4993,Swarm,['Halo'],0.0,0.0,82.0,32.800000000000004
25,1144,Purana,['Bill Laswell'],0.0,0.0,82.0,32.800000000000004
25,3406,Dardanus Ballet Suite: V. Rigaudon I - II,"['Jean-Philippe Rameau', 'European Union Baroque Orchestra', 'Roy Goodman']",0.0,0.0,82.0,32.800000000000004
25,1445,International Funnyman,['Neil Hamburger'],0.0,0.0,82.0,32.800000000000004
25,6105,Wretched Stagnant Blood,['Abysmal Torment'],0.0,0.0,82.0,32.800000000000004
25,4704,Dark Day. [The Breakdown],['Pain Station'],0.0,0.0,82.0,32.800000000000004
25,5955,All Eyes On The Skyline,['Shelley Short'],0.0,0.0,82.0,32.800000000000004
25,458,You And The Night And The Music,['Delightful Doris Drew'],0.0,0.0,82.0,32.800000000000004
25,7011,Farewell - Harp Guitar Duet,"['Muriel Anderson', 'John Doan']",0.0,0.0,82.0,32.800000000000004
25,5042,Round Midnight,['Christy Baron'],0.0,0.0,82.0,32.800000000000004
25,7162,Recovery,['Moscow Symphony Orchestra conducted by William Stromberg'],0.0,0.0,82.0,32.800000000000004
25,5740,ääniesineitâ 3,['antti rannisto'],0.0,0.0,82.0,32.800000000000004
25,4085,"Fantasy & Fugue on the Chorale ""Ad nos, ad salutarem undam"", S. 259: Andante","['Franz Liszt', 'Felix Hell']",0.0,0.0,82.0,32.800000000000004
25,4018,"Der Tanz in der Dorfschenke, S110/R427, ""Mephisto Waltz No. 1"": (first ending)","['Franz Liszt', 'Minnesota Orchestra', 'Eiji Oue']",0.0,0.0,82.0,32.800000000000004
25,5744,ääniesineitâ 7,['antti rannisto'],0.0,0.0,82.0,32.800000000000004
25,4308,Thrive on Routine: IV. Coda,"['Timo Andres', 'American Contemporary Music Ensemble']",0.0,0.0,82.0,32.800000000000004
25,2865,"Concerto Grosso in D Major, Op. 1, No. 9: IV. Sarabanda: Largo","['Pietro Locatelli', 'Capella Istropolitana']",0.0,0.0,82.0,32.800000000000004
25,4252,POP-PINO,['Champignons'],0.0,0.0,82.0,32.800000000000004
25,5798,Pierre,['Helen Merrill'],0.0,0.0,82.0,32.800000000000004
25,7245,"Zigeunerliebe: Act III: Trio: Jozsi, diese Damen, die wussten gar gern (Ilona, Frau von Kerem, Jozsi, Lady's Chorus)","['Franz Lehár', 'Johanna Stojkovic', 'Dagmar Schellenberger', 'Zoran Todorovich', 'Bernhard Schneider', 'Ksenija Lukic', 'Stefan-Alexander Rankl', 'Markus Kohler', 'Raphaela Schulze', 'Andreas Horl', 'Andrej Bielow', 'North German Radio Chorus', 'North German Radio Philharmonic Orchestra', 'Frank Beermann']",0.0,0.0,82.0,32.800000000000004
25,6912,Close To Heaven/Always By Your Side,['Orange Cake Mix'],0.0,0.0,82.0,32.800000000000004
25,7366,The Names of Things and Other Such Thoughts,['Cars & Trains'],0.0,0.0,82.0,32.800000000000004
25,4231,Untitled,['Various Artists'],0.0,0.0,82.0,32.800000000000004
25,4528,Priere plaintive a Notre-Dame de Socorri (Heartfelt Prayer to Our Lady of Socorri),"['Aita Donostia', 'Jordi Masó']",0.0,0.0,82.0,32.800000000000004
25,6840,Morning Has Broken,"['Jeff Johnson', 'Brian Dunning']",0.0,0.0,82.0,32.800000000000004
25,7238,"Zigeunerliebe: Act II: Duet: Liebes Mannchen folge mir (Jolan, Kajetan)","['Franz Lehár', 'Johanna Stojkovic', 'Dagmar Schellenberger', 'Zoran Todorovich', 'Bernhard Schneider', 'Ksenija Lukic', 'Stefan-Alexander Rankl', 'Markus Kohler', 'Raphaela Schulze', 'Andreas Horl', 'Andrej Bielow', 'North German Radio Chorus', 'North German Radio Philharmonic Orchestra', 'Frank Beermann']",0.0,0.0,82.0,32.800000000000004
25,4217,Everything Goes Away,['Seepeoples'],0.0,0.0,82.0,32.800000000000004
25,7236,"Zigeunerliebe: Act II: Song: War einst ein Madel (Zorika, Jozsi, Milhaly)","['Franz Lehár', 'Johanna Stojkovic', 'Dagmar Schellenberger', 'Zoran Todorovich', 'Bernhard Schneider', 'Ksenija Lukic', 'Stefan-Alexander Rankl', 'Markus Kohler', 'Raphaela Schulze', 'Andreas Horl', 'Andrej Bielow', 'North German Radio Chorus', 'North German Radio Philharmonic Orchestra', 'Frank Beermann']",0.0,0.0,82.0,32.800000000000004
25,2829,Road To Hanna,['Shadowfax'],0.0,0.0,82.0,32.800000000000004
25,668,The Man from Hott,['Neil Hamburger'],0.0,0.0,82.0,32.800000000000004
25,4936,To The One Who Knows,['Yanni'],0.0,0.0,82.0,32.800000000000004
25,673,Mhc,['Neil Hamburger'],0.0,0.0,82.0,32.800000000000004
25,6103,Addicted to Smothered Throats,['Abysmal Torment'],0.0,0.0,82.0,32.800000000000004
25,4461,Red Horse,['Jack Rose'],0.0,0.0,82.0,32.800000000000004
25,636,At Home in the Night,['Kip Hanrahan'],0.0,0.0,82.0,32.800000000000004
25,756,Light As a Steel Girder,['Sub & Nic TVG'],0.0,0.0,82.0,32.800000000000004
25,248,Ship Destroyer,['Frog Eyes'],0.0,0.0,82.0,32.800000000000004
25,414,The Houses Of Roofs,['Biffy Clyro'],0.0,0.0,82.0,32.800000000000004
25,5520,Mask Your Movies!,['The Firesign Theatre'],0.0,0.0,82.0,32.800000000000004
25,6579,Kubanischer Marsch,"['Wolfgang Amadeus Mozart', 'Klazz Brothers', 'Cuba Percussion']",0.0,0.0,82.0,32.800000000000004
25,5507,Unwanted Workers of America,['The Firesign Theatre'],0.0,0.0,82.0,32.800000000000004
25,5494,"Sister Carrie, Act II: I'd Like a Better Room with Private Heat (Live)","['Robert Aldridge', 'Keith Phares', 'Tim Rebers', 'Milwaukee Symphony Orchestra', 'William Boggs']",0.0,0.0,82.0,32.800000000000004
25,822,Manet Sorgfull Igjennom Skogen,"[""Old Man's Child""]",0.0,0.0,82.0,32.800000000000004
25,5566,Ox Baker Triumphant,['The Mountain Goats'],0.0,0.0,82.0,32.800000000000004
25,82,"Tom Ennis', Old Tipperary",['The McCarthys'],0.0,0.0,82.0,32.800000000000004
25,84,"The Standing Abbey, Scully Casey's",['The McCarthys'],0.0,0.0,82.0,32.800000000000004
25,5369,Then the Letting Go,['The Mountain Goats'],0.0,0.0,82.0,32.800000000000004
25,1737,Las Vegas and Driving,"['Phil Johnson', 'Roadside Attraction']",0.0,0.0,82.0,32.800000000000004
25,3925,"St. Luke Passion, TWV 5:13: Recitative: Und viel andre Lasterungen sagten sie wider ign (Evangelist, Chorus)","['Georg Philipp Telemann', 'Wolfgang Klose', 'Marcus Ullmann', 'Christian Hilz', 'Raimonds Spogis', 'Thilo Dahlmann', 'Kolner Akademie Choir', 'Kölner Akademie', 'Michael Alexander Willens']",0.0,0.0,82.0,32.800000000000004
25,908,Transcending The Language Barrier,['Neil Hamburger'],0.0,0.0,82.0,32.800000000000004
25,3763,Welcome To Violence,['Quasimoto'],0.0,0.0,82.0,32.800000000000004
25,3841,The Second Child,['Jim Henry & Brooks Williams'],0.0,0.0,82.0,32.800000000000004
25,5517,"Mutt 'n' Smutt's ""Scary Sale!""",['The Firesign Theatre'],0.1904229253222542,13.0,81.0,32.51425375519335
25,50,Cellar Door,['Dødheimsgard'],0.18423529411764705,12.0,81.0,32.51054117647059
25,4618,"Symphony No. 2 in B-Flat Major, Op. 52, MWV A18, ""Lobgesang"" (Hymn of Praise): VII. Allegro maestoso e molto vivace","['Felix Mendelssohn', 'Majella Cullagh', 'Mary Nelson', 'Adrian Thompson', 'RTÉ Philharmonic Choir', 'RTÉ National Symphony Orchestra', 'Reinhard Seifried']",0.15680672268907564,12.0,81.0,32.49408403361345
25,3153,Spanish Bells (High Dreams),['Madlib'],0.1563206835888414,12.0,81.0,32.493792410153304
25,2899,Quid Petis O Fili?,"['Richard Pygott', 'The Sixteen', 'Harry Christophers']",0.1441311852704258,12.0,81.0,32.486478711162256
25,2807,Barley Mow,['Hair of the Dog'],0.051094890510948905,7.0,81.0,32.43065693430657
25,7916,"Concerto Grosso in G Minor, Op. 1, No. 12: I. Largo","['Pietro Locatelli', 'Capella Istropolitana', 'Jaroslav Krcek']",0.048,6.0,81.0,32.428799999999995
25,2025,A Shot In The Dark,['Henry Mancini'],0.048,6.0,81.0,32.428799999999995
25,7599,Bangs,['Rozwell Kid'],0.04411764705882353,6.0,81.0,32.42647058823529
25,1605,"They Lie, We Die",['Flux of Pink Indians'],0.04411764705882353,6.0,81.0,32.42647058823529
25,5472,"Sister Carrie, Act II: We Adore These Two (Live)","['Robert Aldridge', 'Ariana Douglas', 'Milwaukee Symphony Orchestra', 'William Boggs']",0.04411764705882353,6.0,81.0,32.42647058823529
25,3942,"St. Luke Passion, TWV 5:13: Solo and Chorus: Frohlocket und jauchzet (Chorus, Simson)","['Georg Philipp Telemann', 'Wolfgang Klose', 'Marcus Ullmann', 'Christian Hilz', 'Raimonds Spogis', 'Thilo Dahlmann', 'Kolner Akademie Choir', 'Kölner Akademie', 'Michael Alexander Willens']",0.04411764705882353,6.0,81.0,32.42647058823529
25,6848,Cherry Tree Carol,['George Winston'],0.04411764705882353,6.0,81.0,32.42647058823529
25,1375,Everything Happens To Me,['Jerry Jeff Walker'],0.04411764705882353,6.0,81.0,32.42647058823529
25,3166,Snake Charmer (Heads Up),['Madlib'],0.040268456375838924,6.0,81.0,32.4241610738255
25,2977,Dargai,['Grails'],0.040268456375838924,6.0,81.0,32.4241610738255
25,5742,ääniesineitâ 5,['antti rannisto'],0.040268456375838924,6.0,81.0,32.4241610738255
25,3779,Jazz Cats Pt. 1,['Quasimoto'],0.03870967741935484,6.0,81.0,32.42322580645161
25,4718,I Think I Want To,['Pain Station'],0.0379746835443038,6.0,81.0,32.42278481012658
25,2860,"Sonata a 5 in G Minor, Op. 2, No. 6: III. Grave","['Tomaso Albinoni', 'Capella Istropolitana']",0.0379746835443038,6.0,81.0,32.42278481012658
25,6242,Black Swan (Alternate),['Wayne Krantz'],0.03468208092485549,6.0,81.0,32.42080924855491
25,7241,"Zigeunerliebe: Act II: Finale: Varwarts Madeln, ruhrt die Handel","['Franz Lehár', 'Johanna Stojkovic', 'Dagmar Schellenberger', 'Zoran Todorovich', 'Bernhard Schneider', 'Ksenija Lukic', 'Stefan-Alexander Rankl', 'Markus Kohler', 'Raphaela Schulze', 'Andreas Horl', 'Andrej Bielow', 'North German Radio Chorus', 'North German Radio Philharmonic Orchestra', 'Frank Beermann']",0.03468208092485549,6.0,81.0,32.42080924855491
25,1923,Lying in the Morgue,['Abysmal Torment'],0.03428571428571429,6.0,81.0,32.42057142857143
25,6823,Revenge (Post Mortem Edit),['Thrive'],0.03428571428571429,6.0,81.0,32.42057142857143
25,2997,Be Yourself,"['Disciple DT & Tizzle Tarantino', 'Capodas Parthero']",0.03314917127071823,6.0,81.0,32.41988950276243
25,6461,Owlpacas in Flight,['All India Radio'],0.03314917127071823,6.0,81.0,32.41988950276243
25,200,Restaurants,['Neil Hamburger'],0.03296703296703297,6.0,81.0,32.41978021978022
25,3057,Lutzow's Wild Hunt,"['Carl Maria von Weber', 'M. Retford', 'Coldstream Guards Regimental Band', 'T.L. Sharpe']",0.03278688524590164,6.0,81.0,32.41967213114754
25,8265,Pabellon De Las Rosas,"[""Juan D'Arienzo y su Orquesta Típica""]",0.03225806451612903,6.0,81.0,32.41935483870967
25,3630,Alizee,['Trial of the Bow'],0.03225806451612903,6.0,81.0,32.41935483870967
25,6047,(5:01),"['The Body Lovers', 'The Body Haters']",0.03225806451612903,6.0,81.0,32.41935483870967
25,5708,A Boring Story,['The Lawrence Arms'],0.03208556149732621,6.0,81.0,32.41925133689839
25,5542,"Ann Arbor, 1971 (remix)","['Wayne Horvitz', 'Paul Taub']",0.031914893617021274,6.0,81.0,32.41914893617021
25,1142,Thunupa,['Bill Laswell'],0.031914893617021274,6.0,81.0,32.41914893617021
25,5204,"Piano Trio in B Flat Major, Op.97 'Archduke' (2001 - Remaster): III. Andante cantabile","['Daniel Barenboim', 'Pinchas Zukerman', 'Jacqueline du Pré']",0.030927835051546393,6.0,81.0,32.41855670103093
25,4319,US Mill,['The Mountain Goats'],0.03076923076923077,6.0,81.0,32.418461538461536
25,4247,Le Ghetto Noir,['Champignons'],0.030456852791878174,6.0,81.0,32.418274111675125
25,8114,Way Back Blues,['Swingadelic'],0.0,0.0,81.0,32.4
25,7679,Sugar Smax - Live,['Sprawl'],0.0,0.0,81.0,32.4
25,6531,"Suite No. 5 in E Major, HWV 430: III. Courante","['George Frideric Handel', 'Murray Perahia']",0.0,0.0,81.0,32.4
25,7246,Zigeunerliebe: Act III: Song and Csardas: Hor' ich Zimbalklange (Ilona),"['Franz Lehár', 'Johanna Stojkovic', 'Dagmar Schellenberger', 'Zoran Todorovich', 'Bernhard Schneider', 'Ksenija Lukic', 'Stefan-Alexander Rankl', 'Markus Kohler', 'Raphaela Schulze', 'Andreas Horl', 'Andrej Bielow', 'North German Radio Chorus', 'North German Radio Philharmonic Orchestra', 'Frank Beermann']",0.0,0.0,81.0,32.4
25,660,A Score to Settle,['Neil Hamburger'],0.0,0.0,81.0,32.4
25,5192,"Piano Trio No. 1 in E Flat Major, Op.1 No.1 (2001 - Remaster): IV. Finale (Presto)","['Daniel Barenboim', 'Pinchas Zukerman', 'Jacqueline du Pré']",0.0,0.0,81.0,32.4
25,4610,"Symphony No. 2 in B-Flat Major, Op. 52, MWV A18, ""Lobgesang"" (Hymn of Praise): I. Sinfonia: Maestoso con moto - Allegro","['Felix Mendelssohn', 'Majella Cullagh', 'Mary Nelson', 'Adrian Thompson', 'RTÉ Philharmonic Choir', 'RTÉ National Symphony Orchestra', 'Reinhard Seifried']",0.0,0.0,81.0,32.4
25,2528,Wherever You May Go - Instrumental Strings Only,['Whitesnake'],0.0,0.0,81.0,32.4
25,432,Shifting Towards,['Norken'],0.0,0.0,81.0,32.4
25,996,The Waterslide of Love,['Comedian Bob Marley'],0.0,0.0,81.0,32.4
25,5469,"Sister Carrie, Act I: When You Asked If You Could Be with Me, What Did I Say? (Live)","['Robert Aldridge', 'Adriana Zabala', 'Keith Phares', 'Milwaukee Symphony Orchestra', 'William Boggs']",0.0,0.0,81.0,32.4
25,4210,Born To Touch Your Feelings - Remix,['Scorpions'],0.0,0.0,81.0,32.4
25,6572,Outside In,['Treepeople'],0.0,0.0,81.0,32.4
25,5458,"Sister Carrie, Act I: Is Dinner Ready Yet? (Live)","['Robert Aldridge', 'Keith Phares', 'Ashley Puenner', 'Thomas Leighton', 'Nancy Davis', 'Milwaukee Symphony Orchestra', 'William Boggs']",0.0,0.0,81.0,32.4
25,496,Smokescreen,['Jacinta'],0.0,0.0,81.0,32.4
25,5968,Into the Cage,['Angelo Badalamenti'],0.0,0.0,81.0,32.4
25,2863,"Concerto Grosso in D Major, Op. 1, No. 9: II. Largo","['Pietro Locatelli', 'Capella Istropolitana']",0.0,0.0,81.0,32.4
25,676,Friends,['Neil Hamburger'],0.0,0.0,81.0,32.4
25,5383,Waving at You,['The Mountain Goats'],0.0,0.0,81.0,32.4
25,2469,Homicide,"['B.M.R.', 'Big City Tha Don', 'KKG Mackie']",0.0,0.0,81.0,32.4
25,4962,Suite in D Major: V. Gaillarde,"['Louis Couperin', 'Laurence Cummings']",0.0,0.0,81.0,32.4
25,5166,4th Time Around,['Robyn Hitchcock'],0.0,0.0,81.0,32.4
25,2468,Finessing,"['B.M.R.', 'Big City Tha Don', '$incityy']",0.0,0.0,81.0,32.4
25,2818,Angel's Flight,"['Shadowfax', 'G.E. Stinson']",0.0,0.0,81.0,32.4
25,3028,Duchess of Kent,"['Anonymous', 'C.J. Hewitt', 'Coldstream Guards Regimental Band', 'T.L. Sharpe']",0.0,0.0,81.0,32.4
25,5003,My Donald,['Bert Jansch'],0.0,0.0,81.0,32.4
25,1159,If It's the Last Thing I Do,['Marilyn Scott'],0.0,0.0,81.0,32.4
25,3046,"Fare Ye Well, Inniskilling","['Traditional', 'Norman Richardson', 'Coldstream Guards Regimental Band', 'T.L. Sharpe']",0.0,0.0,81.0,32.4
25,4468,Mountaintop Lamento,['Jack Rose'],0.0,0.0,81.0,32.4
25,5523,Our Last Golden Bough Has Been Be,['Kriegsfall-U'],0.0,0.0,81.0,32.4
25,3062,"Variations, Op. 8","['Jacques Hétu', 'Glenn Gould']",0.0,0.0,81.0,32.4
25,3254,Wherever You May Go - Instrumental Strings Only,['Whitesnake'],0.0,0.0,81.0,32.4
25,2830,Sinfonia in A Major: I. Presto,"['Giovanni Battista Sammartini', 'Capella Istropolitana']",0.0,0.0,81.0,32.4
25,352,To Catch a Cat,"[""Marc Gunn & the Dubliners' Tabby Cats""]",0.0,0.0,81.0,32.4
25,848,"8 Pieces, Op. 83: No. 7. Allegro vivace, ma non troppo","['Max Bruch', 'Nobuko Imai', 'Janet Hilton', 'Roger Vignoles']",0.0,0.0,81.0,32.4
25,6910,The Soul of Trees,['Orange Cake Mix'],0.0,0.0,81.0,32.4
25,6907,Twilight Sleep,['Orange Cake Mix'],0.0,0.0,81.0,32.4
25,4834,Sang Til Bo,['Peter Sommer'],0.0,0.0,81.0,32.4
25,6145,Escape from Noise,['Negativland'],0.0,0.0,81.0,32.4
25,7000,Vincent - Harp Guitar Duet,"['Muriel Anderson', 'John Doan']",0.0,0.0,81.0,32.4
25,7015,"Sonata No. 8, Op. 13 in C Minor: Adagio cantabile","['Ludwig van Beethoven', 'Arthur Rubinstein']",0.0,0.0,81.0,32.4
25,4322,Evening In Stalingrad,['The Mountain Goats'],0.0,0.0,81.0,32.4
25,3632,Kicking a Sailor in the Teeth,['AM Syndicate'],0.0,0.0,81.0,32.4
25,4986,Design Your Own Container Garden,['The Mountain Goats'],0.0,0.0,81.0,32.4
25,7356,Kleines Herz - A-Cappella,['Die Prinzen'],0.0,0.0,81.0,32.4
25,7121,Soaring,['Emily Bear'],0.0,0.0,81.0,32.4
25,923,Inspiration,['Neil Hamburger'],0.0,0.0,81.0,32.4
25,7369,Alles nur geklaut - A Cappella,['Die Prinzen'],0.0,0.0,81.0,32.4
25,774,Filament 1 - 11,"['Sachiko M', 'Yoshihide Otomo']",0.0,0.0,81.0,32.4
25,7952,The Mystery Spot,['Five Horse Johnson'],0.0,0.0,81.0,32.4
25,3421,The Nine Worlds,['Achillea'],0.0,0.0,81.0,32.4
25,1888,The New Album,['Neil Hamburger'],0.0,0.0,81.0,32.4
25,7685,For Prayer,['Wye Oak'],0.0,0.0,81.0,32.4
25,6683,in the sevice of the enemy,['Rabbit Junk'],0.0,0.0,81.0,32.4
25,3948,"St. Luke Passion, TWV 5:13: Recitative: Vater, vergibt ihnen, denn sie wissen nicht, was sie tun (Jesus)","['Georg Philipp Telemann', 'Wolfgang Klose', 'Marcus Ullmann', 'Christian Hilz', 'Raimonds Spogis', 'Thilo Dahlmann', 'Kolner Akademie Choir', 'Kölner Akademie', 'Michael Alexander Willens']",0.0,0.0,81.0,32.4
25,3388,Freedom Suite Movement 4,"['David S. Ware', 'Matthew Shipp', 'William Parker', 'Guillermo E. Brown']",0.0,0.0,81.0,32.4
25,3952,"St. Luke Passion, TWV 5:13: Arioso: Vater, ich befehle meinen Geist in deine Hande (Jesus, Evangelist)","['Georg Philipp Telemann', 'Wolfgang Klose', 'Marcus Ullmann', 'Christian Hilz', 'Raimonds Spogis', 'Thilo Dahlmann', 'Kolner Akademie Choir', 'Kölner Akademie', 'Michael Alexander Willens']",0.0,0.0,81.0,32.4
25,820,St. Aidens Fall,"[""Old Man's Child""]",0.0,0.0,81.0,32.4
25,5372,Hellhound on My Trail,['The Mountain Goats'],0.0,0.0,81.0,32.4
25,1867,A Diagnosis Made Offhand,['Neil Hamburger'],0.0,0.0,81.0,32.4
25,8101,Don't Worry Baby,['Philip Aaberg'],0.0,0.0,81.0,32.4
25,3398,Pigmalion (Pygmalion): (II.) Sarabande pour la Statue - Tambourin: Forte et vite,"['Jean-Philippe Rameau', 'European Union Baroque Orchestra', 'Roy Goodman']",0.0,0.0,81.0,32.4
25,3935,"St. Luke Passion, TWV 5:13: Chorus: Ach grosser Konig, gross zu allen Zeiten","['Georg Philipp Telemann', 'Wolfgang Klose', 'Marcus Ullmann', 'Christian Hilz', 'Raimonds Spogis', 'Thilo Dahlmann', 'Kolner Akademie Choir', 'Kölner Akademie', 'Michael Alexander Willens']",0.0,0.0,81.0,32.4
25,4965,Suite in A Minor: II. Allemande l'Amiable,"['Louis Couperin', 'Laurence Cummings']",0.3435742891066793,18.0,80.0,32.20614457346401
25,5066,Scherzo,['Phil Woods'],0.1995,14.0,80.0,32.1197
25,1201,Dance Mediterranea,['Simon Shaheen & Qantara'],0.17194936708860759,12.0,80.0,32.10316962025316
25,7910,"Concerto Grosso in C Major, Op. 1, No. 10: III. Largo - Andante","['Pietro Locatelli', 'Capella Istropolitana', 'Jaroslav Krcek']",0.15759945596735803,12.0,80.0,32.09455967358041
25,7868,As Young As You,['Deanna Kirk'],0.051094890510948905,7.0,80.0,32.03065693430657
25,7870,Suzanne,['Deanna Kirk'],0.051094890510948905,7.0,80.0,32.03065693430657
25,2009,Peter Gunn - REMASTERED,['Henry Mancini'],0.048,6.0,80.0,32.0288
25,2529,Love Is Blind - Instrumental Strings Only,['Whitesnake'],0.04411764705882353,6.0,80.0,32.02647058823529
25,5193,"Piano Trio No. 2 in G Major, Op.1 No. 2 (2001 - Remaster): I. Adagio - Allegro vivace","['Pinchas Zukerman', 'Daniel Barenboim', 'Jacqueline du Pré']",0.04411764705882353,6.0,80.0,32.02647058823529
25,3255,Love Is Blind - Instrumental Strings Only,['Whitesnake'],0.04411764705882353,6.0,80.0,32.02647058823529
25,6839,Good King Wenceslas,['Alex de Grassi'],0.04411764705882353,6.0,80.0,32.02647058823529
25,239,I Only Have Eyes For You,['The Flamingos'],0.04411764705882353,6.0,80.0,32.02647058823529
25,7147,"Keyboard Sonata in E Major, Op. 5, No. 5, W. A5: II. Adagio","['Johann Christian Bach', 'Sophie Yates']",0.04411764705882353,6.0,80.0,32.02647058823529
25,7901,"Concerto Grosso in F Minor, Op. 1, No. 8, ""Christmas"": IV. Andante","['Pietro Locatelli', 'Capella Istropolitana', 'Jaroslav Krcek']",0.04411764705882353,6.0,80.0,32.02647058823529
25,4039,Into My Arms,['Nick Cave & The Bad Seeds'],0.040268456375838924,6.0,80.0,32.0241610738255
25,4469,Black Pearls,['Jack Rose'],0.040268456375838924,6.0,80.0,32.0241610738255
25,2497,Waiting Room,['Tim Koch'],0.040268456375838924,6.0,80.0,32.0241610738255
25,3283,Winter's Warning IV. Autumn Requiem,['Autumn Tears'],0.040268456375838924,6.0,80.0,32.0241610738255
25,7641,Les Parapluies de Cherbourg,['Martijn Luttmer'],0.0379746835443038,6.0,80.0,32.02278481012658
25,4754,Tesla,['Eastern Blok'],0.0379746835443038,6.0,80.0,32.02278481012658
25,6750,Count Zero,['Zillatron'],0.03468208092485549,6.0,80.0,32.02080924855491
25,7184,The File,['Moscow Symphony Orchestra conducted by William Stromberg'],0.03296703296703297,6.0,80.0,32.01978021978022
25,479,Traffic and Sound,['Gus Black'],0.03278688524590164,6.0,80.0,32.019672131147544
25,5307,She Hates,['OOIOO'],0.03225806451612903,6.0,80.0,32.019354838709674
25,4978,Suite in F Major: III. Courante,"['Louis Couperin', 'Laurence Cummings']",0.03225806451612903,6.0,80.0,32.019354838709674
25,571,Port Na Bpucai,['Ronan Browne'],0.03225806451612903,6.0,80.0,32.019354838709674
25,5094,"Humoresques, Op. 6: Allegro alla burla","['Edvard Grieg', 'Einar Steen-Nøkleberg']",0.031914893617021274,6.0,80.0,32.01914893617021
25,6594,The Gate,['Terra Ambient'],0.030927835051546393,6.0,80.0,32.01855670103093
25,4768,Earthquake,['Jeff Beck'],0.030927835051546393,6.0,80.0,32.01855670103093
25,5191,"Piano Trio No. 1 in E Flat Major, Op.1 No.1 (2001 - Remaster): III. Scherzo (Allegro assai) & Trio","['Pinchas Zukerman', 'Jacqueline du Pré', 'Daniel Barenboim']",0.030456852791878174,6.0,80.0,32.018274111675126
25,6550,"Sonata in A Major, K 212","['Domenico Scarlatti', 'Murray Perahia']",0.0,0.0,80.0,32.0
25,119,Psalm 121: Psalm CXXI,"['Noel Edison', 'Michael Bloss', ""Choir of St John's, Elora""]",0.0,0.0,80.0,32.0
25,4568,L.G.F.,['The Red Krayola'],0.0,0.0,80.0,32.0
25,5060,Part Two,['The Black Dog'],0.0,0.0,80.0,32.0
25,3684,Trident,"['Triptych Myth', 'Cooper-Moore', 'Tom Abbs', 'Chad Taylor']",0.0,0.0,80.0,32.0
25,5346,New Deal - Vintage Warmer,['Klimek'],0.0,0.0,80.0,32.0
25,6670,The First Day of the Year,['Katie McMahon'],0.0,0.0,80.0,32.0
25,2569,Funky Feet,['Richard Bartz'],0.0,0.0,80.0,32.0
25,6111,Gratification Through Castration,['Abysmal Torment'],0.0,0.0,80.0,32.0
25,845,"8 Pieces, Op. 83: No. 4. Allegro agitato","['Max Bruch', 'Nobuko Imai', 'Janet Hilton', 'Roger Vignoles']",0.0,0.0,80.0,32.0
25,158,America's Funnyman,['Neil Hamburger'],0.0,0.0,80.0,32.0
25,453,Cabin In The Sky,['Delightful Doris Drew'],0.0,0.0,80.0,32.0
25,6708,"Winterreise, Op. 89, D. 911: Der Leiermann","['Franz Schubert', 'Roman Trekel', 'Ulrich Eisenlohr']",0.0,0.0,80.0,32.0
25,1198,Blue Flame,['Simon Shaheen & Qantara'],0.0,0.0,80.0,32.0
25,7021,"Sonata No. 23, Op. 57 in F Minor: Andante con moto","['Ludwig van Beethoven', 'Arthur Rubinstein']",0.0,0.0,80.0,32.0
25,4330,Morning Star,['Seraphim Shock'],0.0,0.0,80.0,32.0
25,4564,Introduction,['The Red Krayola'],0.0,0.0,80.0,32.0
25,6901,'67 Chevy Malibu,['Orange Cake Mix'],0.0,0.0,80.0,32.0
25,7017,"Sonata No. 21, Op. 53 in C: Allegro con brio","['Ludwig van Beethoven', 'Arthur Rubinstein']",0.0,0.0,80.0,32.0
25,6908,Half-Baked Elegy,['Orange Cake Mix'],0.0,0.0,80.0,32.0
25,2275,Another Day Another Mark,['Scars Of Tomorrow'],0.0,0.0,80.0,32.0
25,180,Motels,['Neil Hamburger'],0.0,0.0,80.0,32.0
25,1946,Theme,['Solace'],0.0,0.0,80.0,32.0
25,6553,Inside River,['Kaito'],0.0,0.0,80.0,32.0
25,3412,Dardanus Ballet Suite: XI. Chaconne,"['Jean-Philippe Rameau', 'European Union Baroque Orchestra', 'Roy Goodman']",0.0,0.0,80.0,32.0
25,2347,Ulaid,['E.S. Posthumus'],0.0,0.0,80.0,32.0
25,1919,Joyful Wonderful,['Ott'],0.0,0.0,80.0,32.0
25,4229,Untitled,['Various Artists'],0.0,0.0,80.0,32.0
25,4714,Tell Me What You Want,['Pain Station'],0.0,0.0,80.0,32.0
25,5461,"Sister Carrie, Act I: Oh. Have You Made Up Your Mind (Live)","['Robert Aldridge', 'Keith Phares', 'Ashley Puenner', 'Milwaukee Symphony Orchestra', 'William Boggs']",0.0,0.0,80.0,32.0
25,6837,Silent Night,['Barbara Higbie'],0.0,0.0,80.0,32.0
25,6835,Angels We Have Heard On High,['Paul McCandless'],0.0,0.0,80.0,32.0
25,5202,"Piano Trio in B Flat Major, Op.97 'Archduke' (2001 - Remaster): I. Allegro moderato","['Daniel Barenboim', 'Pinchas Zukerman', 'Jacqueline du Pré']",0.0,0.0,80.0,32.0
25,4596,Matsuri,['Kitaro'],0.0,0.0,80.0,32.0
25,6541,"Suite No.2 in F Major, HWV 427: Allegro","['George Frideric Handel', 'Murray Perahia']",0.0,0.0,80.0,32.0
25,1743,Worst Movie Ever,"['Phil Johnson', 'Roadside Attraction']",0.0,0.0,80.0,32.0
25,4026,"Luzifer-Polka, Op. 266","['Johann Strauss II', 'Minnesota Orchestra', 'Eiji Oue']",0.0,0.0,80.0,32.0
25,4164,"Scene 17: Are You In Love, Agathe?",['Philip Glass'],0.0,0.0,80.0,32.0
25,1825,Letting Go Of Everything,['Sciflyer'],0.0,0.0,80.0,32.0
25,7485,Como Tú,['Aníbal Troilo Y Su Orquesta Típica'],0.0,0.0,80.0,32.0
25,3933,"St. Luke Passion, TWV 5:13: Recitative: Und der ganze Haufe stand auf (Evangelist, Chorus)","['Georg Philipp Telemann', 'Wolfgang Klose', 'Marcus Ullmann', 'Christian Hilz', 'Raimonds Spogis', 'Thilo Dahlmann', 'Kolner Akademie Choir', 'Kölner Akademie', 'Michael Alexander Willens']",0.0,0.0,80.0,32.0
25,4066,Night Train,"['Richie Cole', 'Boots Randolph']",0.0,0.0,80.0,32.0
25,5754,the harp and contrabass song,['Sébastien Roux'],0.0,0.0,80.0,32.0
25,5752,the cello song,['Sébastien Roux'],0.0,0.0,80.0,32.0
25,5751,the classical guitar song,['Sébastien Roux'],0.0,0.0,80.0,32.0
25,4069,Walkin' With Mr. Boots,"['Richie Cole', 'Boots Randolph']",0.0,0.0,80.0,32.0
25,3566,Gun,['The Durutti Column'],0.0,0.0,80.0,32.0
25,1617,Scent of Sulphur,['Abhor'],0.36019677790563864,18.0,79.0,31.816118066743385
25,1863,Live At Caesar's Palace In Las Vegas,['Neil Hamburger'],0.18423529411764705,12.0,79.0,31.71054117647059
25,4223,Root of Loot,['Seepeoples'],0.17653691275167785,12.0,79.0,31.70592214765101
25,1899,Fram mellan stenarna,['Ulf Lundell'],0.1520650813516896,12.0,79.0,31.691239048811017
25,3782,Phony Game,['Quasimoto'],0.14990107460138882,12.0,79.0,31.689940644760835
25,5260,Anuenue Au,['OOIOO'],0.04666666666666667,7.0,79.0,31.628
25,1291,There's A Small Hotel,['Mary Cleere Haran'],0.04411764705882353,6.0,79.0,31.626470588235296
25,7009,Velzoe's Garden - Harp Guitar Duet,"['Muriel Anderson', 'John Doan']",0.04411764705882353,6.0,79.0,31.626470588235296
25,911,Sales Reps' Conventions,['Neil Hamburger'],0.040268456375838924,6.0,79.0,31.624161073825505
25,2982,Redlight,['Grails'],0.040268456375838924,6.0,79.0,31.624161073825505
25,1613,Golden Path,['Abhor'],0.0379746835443038,6.0,79.0,31.622784810126582
25,4830,Adoracion,['Eddie Palmieri'],0.0379746835443038,6.0,79.0,31.622784810126582
25,2021,Charade - REMASTERED,['Henry Mancini'],0.03468208092485549,6.0,79.0,31.620809248554913
25,4632,Dinosaur Spaceship,['Ritual'],0.03428571428571429,6.0,79.0,31.62057142857143
25,2465,No Problems,"['B.M.R.', 'Bunnie Da Beast', 'Chelly The MC']",0.03409090909090909,6.0,79.0,31.620454545454546
25,3072,Moon Shadow,['Kitaro'],0.03076923076923077,6.0,79.0,31.61846153846154
25,4686,"It's No Secret - Live at the Fillmore East, New York, NY - May 1968",['Jefferson Airplane'],0.030456852791878174,6.0,79.0,31.618274111675127
25,4466,Yaman Blues,['Jack Rose'],0.0,0.0,79.0,31.6
25,4125,C'Mon Try A Little Bit,['Mellowdrone'],0.0,0.0,79.0,31.6
25,4509,Preludios vascos: Aur-dantza (Children's Dance),"['Aita Donostia', 'Jordi Masó']",0.0,0.0,79.0,31.6
25,7535,Beyond the Ocean Sky,['Craig Padilla'],0.0,0.0,79.0,31.6
25,1129,Offener Himmel I / Gleichzeitig,"['Deuter', 'Chaitanya Hari Deuter']",0.0,0.0,79.0,31.6
25,5207,Allegretto in E Flat Major,"['Pinchas Zukerman', 'Jacqueline du Pré', 'Daniel Barenboim']",0.0,0.0,79.0,31.6
25,1604,Myxomatosis,['Flux of Pink Indians'],0.0,0.0,79.0,31.6
25,766,Filament 1 - 3,"['Sachiko M', 'Yoshihide Otomo']",0.0,0.0,79.0,31.6
25,1556,Silver Train Hour,['Run Chico Run'],0.0,0.0,79.0,31.6
25,5305,Speaker,['OOIOO'],0.0,0.0,79.0,31.6
25,5735,Cloud No Crowd,['Sawako'],0.0,0.0,79.0,31.6
25,1947,Try,['Solace'],0.0,0.0,79.0,31.6
25,5853,Stone Cold,['Black Lips'],0.0,0.0,79.0,31.6
25,6568,Fishbasket,['Treepeople'],0.0,0.0,79.0,31.6
25,779,Cursing,['Neil Hamburger'],0.0,0.0,79.0,31.6
25,6545,"Sonata in B Minor, K 27","['Domenico Scarlatti', 'Murray Perahia']",0.0,0.0,79.0,31.6
25,3131,Lo Dudo,['José José'],0.0,0.0,79.0,31.6
25,1274,I Saw Three Ships,['Chanticleer'],0.0,0.0,79.0,31.6
25,4621,"Symphony No. 2 in B-Flat Major, Op. 52, MWV A18, ""Lobgesang"" (Hymn of Praise): X. Allegro non troppo","['Felix Mendelssohn', 'Majella Cullagh', 'Mary Nelson', 'Adrian Thompson', 'RTÉ Philharmonic Choir', 'RTÉ National Symphony Orchestra', 'Reinhard Seifried']",0.0,0.0,79.0,31.6
25,242,Tears In Heaven,['Eric Clapton'],0.0,0.0,79.0,31.6
25,6785,Finito (feat. Fred the Godson),"['Jim Jones', 'Fred the Godson']",0.0,0.0,79.0,31.6
25,4077,"6 Charakteristische Stucke, Op. 67: No. 1. Abendfriede","['Josef Rheinberger', 'Felix Hell']",0.0,0.0,79.0,31.6
25,3443,Stylin' Under Pressure,['Busdriver'],0.0,0.0,79.0,31.6
25,2861,"Sonata a 5 in G Minor, Op. 2, No. 6: IV. Allegro","['Tomaso Albinoni', 'Capella Istropolitana']",0.0,0.0,79.0,31.6
25,229,Nature Boy,['Ray Charles'],0.0,0.0,79.0,31.6
25,2996,Face It,['Disciple DT & Tizzle Tarantino'],0.0,0.0,79.0,31.6
25,3703,"Piano Concerto No. 23 in A Major, K. 488: III. Allegro assai - Vocal","['Wolfgang Amadeus Mozart', 'Chick Corea', 'Bobby McFerrin', 'Saint Paul Chamber Orchestra']",0.0,0.0,79.0,31.6
25,7157,TV Signals,['Moscow Symphony Orchestra conducted by William Stromberg'],0.0,0.0,79.0,31.6
25,5464,"Sister Carrie, Act I: I'll Lock Up (Live)","['Robert Aldridge', 'Keith Phares', 'Milwaukee Symphony Orchestra', 'William Boggs']",0.0,0.0,79.0,31.6
25,2813,Stay With Me,"[""Meredith d'Ambrosio""]",0.0,0.0,79.0,31.6
25,3021,"Radetzky March, Op. 228 - Rusty Buckles","['Traditional', 'Johann Strauss I', 'Spencer', 'Coldstream Guards Regimental Band', 'T.L. Sharpe']",0.0,0.0,79.0,31.6
25,6597,Westerly Prayer,['Terra Ambient'],0.0,0.0,79.0,31.6
25,6599,Blood,['Terra Ambient'],0.0,0.0,79.0,31.6
25,2175,I'll Remember April,"['Brian Bromberg', 'Vinnie Colaiuta', 'Randy Waldman']",0.0,0.0,79.0,31.6
25,5676,Dream Eater,['Baku Llama'],0.0,0.0,79.0,31.6
25,6093,Influential You,['Negativland'],0.0,0.0,79.0,31.6
25,6006,Main Street,['Thom Rotella'],0.0,0.0,79.0,31.6
25,2273,With Open Arms,['Scars Of Tomorrow'],0.0,0.0,79.0,31.6
25,6914,There´s Something About You,['The Year Of'],0.0,0.0,79.0,31.6
25,4298,Clover,['Ultralash'],0.0,0.0,79.0,31.6
25,5421,Snow Song,['The Mountain Goats'],0.0,0.0,79.0,31.6
25,3396,Pigmalion (Pygmalion): I. Ouverture,"['Jean-Philippe Rameau', 'European Union Baroque Orchestra', 'Roy Goodman']",0.0,0.0,79.0,31.6
25,3924,"St. Luke Passion, TWV 5:13: Recitative: Sie griffen ihn aber (Evangelist, eine Magd, Petrus, Kriegsknechte I, II)","['Georg Philipp Telemann', 'Wolfgang Klose', 'Marcus Ullmann', 'Christian Hilz', 'Raimonds Spogis', 'Thilo Dahlmann', 'Kolner Akademie Choir', 'Kölner Akademie', 'Michael Alexander Willens']",0.0,0.0,79.0,31.6
25,4576,When She Went Swimming,['The Red Krayola'],0.0,0.0,79.0,31.6
25,172,Condoms,['Neil Hamburger'],0.0,0.0,79.0,31.6
25,1579,Strength,['Kitaro'],0.0,0.0,79.0,31.6
25,3950,"St. Luke Passion, TWV 5:13: Recitative: Es verspotteten ihn auch die Kriegsknechte (Evangelist, Chorus)","['Georg Philipp Telemann', 'Wolfgang Klose', 'Marcus Ullmann', 'Christian Hilz', 'Raimonds Spogis', 'Thilo Dahlmann', 'Kolner Akademie Choir', 'Kölner Akademie', 'Michael Alexander Willens']",0.0,0.0,79.0,31.6
25,6243,My Skin Is My Sin (Alternate Version),['Wayne Krantz'],0.0,0.0,79.0,31.6
25,6459,The North Sky,['All India Radio'],0.0,0.0,79.0,31.6
25,3089,Soundclash@Myhouse,['Shitmat'],0.0,0.0,79.0,31.6
25,4925,Drunk On The Stars,['Smog'],0.0,0.0,79.0,31.6
25,918,Kenny Rogers,['Neil Hamburger'],0.0,0.0,79.0,31.6
25,4804,Haze it May Be,['Taylor Deupree'],0.0,0.0,79.0,31.6
25,6578,Poema con Cohiba,"['Wolfgang Amadeus Mozart', 'Klazz Brothers', 'Cuba Percussion']",0.0,0.0,79.0,31.6
25,1795,He's Alive,['Maurette Brown Clark'],0.0,0.0,79.0,31.6
25,6008,The Return,['Thom Rotella'],0.0,0.0,79.0,31.6
25,907,Spice Girls,['Neil Hamburger'],0.0,0.0,79.0,31.6
25,6264,IN TIMES OF SORROW,['Crowbar'],0.0,0.0,79.0,31.6
25,6053,Track 01,"['The Body Lovers', 'The Body Haters']",0.0,0.0,79.0,31.6
25,6751,Bootsy And The Beast,['Zillatron'],0.0,0.0,79.0,31.6
25,246,Bells In The Crooked Port,['Frog Eyes'],0.506392948722741,24.0,78.0,31.503835769233646
25,7687,Siamese,['Wye Oak'],0.16900932843695918,13.0,78.0,31.30140559706218
25,585,Jesus Is The Answer (With The Wesley Willis Fiasco),['Wesley Willis'],0.048,6.0,78.0,31.228800000000003
25,1892,Lawyers Advised Against Titling This Track,['Neil Hamburger'],0.048,6.0,78.0,31.228800000000003
25,3302,Yoko's Delight,"['Vincent Herring', 'Jeremy Pelt']",0.048,6.0,78.0,31.228800000000003
25,915,Dentists,['Neil Hamburger'],0.048,6.0,78.0,31.228800000000003
25,1049,My Heroes Have Always Been Cowboys,['Phosphorescent'],0.04411764705882353,6.0,78.0,31.226470588235298
25,922,Dating,['Neil Hamburger'],0.04411764705882353,6.0,78.0,31.226470588235298
25,3230,"Keyboard Sonata No. 46 in E Major, Hob.XVI:31: II. Allegretto","['Franz Joseph Haydn', 'Jenő Jandó']",0.04411764705882353,6.0,78.0,31.226470588235298
25,2307,Strange Loop,['Skeye'],0.040268456375838924,6.0,78.0,31.224161073825506
25,6725,Armenian Dance,"['Radim Zenkl', 'Leo Chern']",0.040229885057471264,7.0,78.0,31.224137931034484
25,4751,Catfish,['Eastern Blok'],0.0379746835443038,6.0,78.0,31.222784810126583
25,6158,The Way of It,['Negativland'],0.0379746835443038,6.0,78.0,31.222784810126583
25,776,Stewardesses,['Neil Hamburger'],0.03529411764705882,6.0,78.0,31.221176470588237
25,7025,Church Clothes,['Keenon Rush'],0.03468208092485549,6.0,78.0,31.220809248554914
25,1397,Mercy Screams,['I:Scintilla'],0.03468208092485549,6.0,78.0,31.220809248554914
25,7568,What Child Is This,"['Jann Browne', 'John Jorgenson']",0.032432432432432434,6.0,78.0,31.21945945945946
25,3195,Off Minor,['Tommy Flanagan'],0.030456852791878174,6.0,78.0,31.21827411167513
25,4526,Andante para una sonata vasca: alla classica (Andante for a Basque Sonata),"['Aita Donostia', 'Jordi Masó']",0.030456852791878174,6.0,78.0,31.21827411167513
25,3562,Neil,['The Durutti Column'],0.030456852791878174,6.0,78.0,31.21827411167513
25,3916,"St. Luke Passion, TWV 5:13: Chorus: Treib, Herr, von mir und verhute","['Georg Philipp Telemann', 'Wolfgang Klose', 'Marcus Ullmann', 'Christian Hilz', 'Raimonds Spogis', 'Thilo Dahlmann', 'Kolner Akademie Choir', 'Kölner Akademie', 'Michael Alexander Willens']",0.0,0.0,78.0,31.200000000000003
25,5682,Stella By Starlight,['Charlie Rouse'],0.0,0.0,78.0,31.200000000000003
25,7062,"Nowhere To Go, Nothing To Lose",['The Kinsey Report'],0.0,0.0,78.0,31.200000000000003
25,7004,Always on My Way Home - Harp Guitar Duet,"['Muriel Anderson', 'John Doan']",0.0,0.0,78.0,31.200000000000003
25,2405,Like A Guitar With No Strings,['Huong Thanh'],0.0,0.0,78.0,31.200000000000003
25,7634,Sentient,"['Tülpa', 'Mr FijiWiji']",0.0,0.0,78.0,31.200000000000003
25,7016,"Sonata No. 8, Op. 13 in C Minor: Rondo: Allegro","['Ludwig van Beethoven', 'Arthur Rubinstein']",0.0,0.0,78.0,31.200000000000003
25,4906,3sids,['duo505'],0.0,0.0,78.0,31.200000000000003
25,4963,Suite in D Major: VI. Chaconne,"['Louis Couperin', 'Laurence Cummings']",0.0,0.0,78.0,31.200000000000003
25,3558,Nina,['The Durutti Column'],0.0,0.0,78.0,31.200000000000003
25,5535,After A Time,"['Wayne Horvitz', 'Mikhail Shmidt']",0.0,0.0,78.0,31.200000000000003
25,6570,Anything's Impossible,['Treepeople'],0.0,0.0,78.0,31.200000000000003
25,4589,Kuu,['Kitaro'],0.0,0.0,78.0,31.200000000000003
25,4619,"Symphony No. 2 in B-Flat Major, Op. 52, MWV A18, ""Lobgesang"" (Hymn of Praise): VIII. Chorale: Andante con moto","['Felix Mendelssohn', 'Majella Cullagh', 'Mary Nelson', 'Adrian Thompson', 'RTÉ Philharmonic Choir', 'RTÉ National Symphony Orchestra', 'Reinhard Seifried']",0.0,0.0,78.0,31.200000000000003
25,4904,Taxi nach Leipzig,['duo505'],0.0,0.0,78.0,31.200000000000003
25,6523,She moved through the fair,"['Traditional Irish Air', 'Charlotte Church', 'Sian Edwards']",0.0,0.0,78.0,31.200000000000003
25,4520,Preludios vascos: Eztei-taldea (Wedding Procession),"['Aita Donostia', 'Jordi Masó']",0.0,0.0,78.0,31.200000000000003
25,3392,Platee Ballet Suite: IV. Orage,"['Jean-Philippe Rameau', 'European Union Baroque Orchestra', 'Roy Goodman']",0.0,0.0,78.0,31.200000000000003
25,4777,Suspension,['Jeff Beck'],0.0,0.0,78.0,31.200000000000003
25,6215,Plany,"['Manuel Blancafort', 'Anna Alàs i Jové', 'Miquel Villalba']",0.0,0.0,78.0,31.200000000000003
25,5087,"Stimmungen (Moods), Op. 73: Studie (Hommage a Chopin)","['Edvard Grieg', 'Einar Steen-Nøkleberg']",0.0,0.0,78.0,31.200000000000003
25,3389,Platee Ballet Suite: I. Ouverture,"['Jean-Philippe Rameau', 'European Union Baroque Orchestra', 'Roy Goodman']",0.0,0.0,78.0,31.200000000000003
25,4310,New Britain,['The Mountain Goats'],0.0,0.0,78.0,31.200000000000003
25,6468,Like a Butterfly,['All India Radio'],0.0,0.0,78.0,31.200000000000003
25,5546,"Angel Of The Air, Part Two",['Popol Vuh'],0.0,0.0,78.0,31.200000000000003
25,1740,Hawaii,"['Phil Johnson', 'Roadside Attraction']",0.0,0.0,78.0,31.200000000000003
25,5730,Patchworked Blanket,['Sawako'],0.0,0.0,78.0,31.200000000000003
25,4293,Dandelion,['Ultralash'],0.0,0.0,78.0,31.200000000000003
25,5731,Rush,['Sawako'],0.0,0.0,78.0,31.200000000000003
25,3386,Freedom Suite Movement 2,"['David S. Ware', 'Matthew Shipp', 'William Parker', 'Guillermo E. Brown']",0.0,0.0,78.0,31.200000000000003
25,5189,"Piano Trio No. 1 in E Flat Major, Op.1 No.1 (2001 - Remaster): I. Allegro","['Pinchas Zukerman', 'Jacqueline du Pré', 'Daniel Barenboim']",0.0,0.0,78.0,31.200000000000003
25,1813,Yeah!,['Tarwater'],0.0,0.0,78.0,31.200000000000003
25,841,"Piano Trio in E-Flat Major, K. 498 ""Kegelstatt"": III. Rondo: Allegretto","['Wolfgang Amadeus Mozart', 'Nobuko Imai', 'Janet Hilton', 'Roger Vignoles']",0.0,0.0,78.0,31.200000000000003
25,6849,Cub,"['Alias', 'Tarsier']",0.0,0.0,78.0,31.200000000000003
25,6845,Walking In The Air from The Snowman,['Fred Simon'],0.0,0.0,78.0,31.200000000000003
25,6843,It Came Upon A Midnight Clear,['Giovanna Joyce Imbesi'],0.0,0.0,78.0,31.200000000000003
25,1820,You're From The Ocean,['Sciflyer'],0.0,0.0,78.0,31.200000000000003
25,4021,"Baba Yaga, Op. 56","['Anatoly Lyadov', 'Minnesota Orchestra', 'Eiji Oue']",0.0,0.0,78.0,31.200000000000003
25,3222,"Keyboard Sonata No. 43 in E-Flat Major, Hob.XVI:28: II. Menuet","['Franz Joseph Haydn', 'Jenő Jandó']",0.0,0.0,78.0,31.200000000000003
25,33,American Exports,"['Hard-Ons', 'Neil Hamburger']",0.0,0.0,78.0,31.200000000000003
25,2097,Cable Ready Techno Slut,['The Acacia Strain'],0.0,0.0,78.0,31.200000000000003
25,3233,"Keyboard Sonata No. 47 in B Minor, Hob.XVI:32: II. Menuet","['Franz Joseph Haydn', 'Jenő Jandó']",0.0,0.0,78.0,31.200000000000003
25,7486,Patético,['Aníbal Troilo Y Su Orquesta Típica'],0.0,0.0,78.0,31.200000000000003
25,677,Pablo Cruise Fan Club,['Neil Hamburger'],0.0,0.0,78.0,31.200000000000003
25,5750,the metallophone song no. 1,['Sébastien Roux'],0.0,0.0,78.0,31.200000000000003
25,3391,Platee Ballet Suite: III. Air de ballet,"['Jean-Philippe Rameau', 'European Union Baroque Orchestra', 'Roy Goodman']",0.0,0.0,78.0,31.200000000000003
25,4299,Bunny Ears,['Ultralash'],0.0,0.0,78.0,31.200000000000003
25,3029,"Begone, Dull Care","['Traditional', 'Pike', 'Coldstream Guards Regimental Band', 'T.L. Sharpe']",0.0,0.0,78.0,31.200000000000003
25,5556,Devotion I,['Popol Vuh'],0.0,0.0,78.0,31.200000000000003
25,2312,Never Home Again,['Skeye'],0.0,0.0,78.0,31.200000000000003
25,4641,Underground Memoirs,['Cedar Walton'],0.0,0.0,78.0,31.200000000000003
25,3393,Platee Ballet Suite: V. Air pour des fous gais et des fous tristes,"['Jean-Philippe Rameau', 'European Union Baroque Orchestra', 'Roy Goodman']",0.0,0.0,78.0,31.200000000000003
25,3400,Pigmalion (Pygmalion): IV. Pantomime niaise et un peu lent - Deuxieme Pantomime tres vite,"['Jean-Philippe Rameau', 'European Union Baroque Orchestra', 'Roy Goodman']",0.0,0.0,78.0,31.200000000000003
25,3827,Four Weeks,['Rivulets'],0.0,0.0,78.0,31.200000000000003
25,548,Dutch Cap,['Armitage Shanks'],0.0,0.0,78.0,31.200000000000003
25,6933,Nightime,['The Afghan Whigs'],0.0,0.0,78.0,31.200000000000003
25,3798,Lyon no 1 / Kafe Myzik 28.04.03,"['Martin Tétreault', 'Yoshihide Otomo']",0.0,0.0,78.0,31.200000000000003
25,3069,Sunlight Dancing,['Kitaro'],0.0,0.0,78.0,31.200000000000003
25,6106,Befouled with Zest,['Abysmal Torment'],0.3271107878467286,18.0,77.0,30.996266472708037
25,5722,Leave A Message,['Tha Dogg Pound'],0.16536416184971098,12.0,77.0,30.89921849710983
25,4750,Genavieve and Odile Play the Octopus,['Eastern Blok'],0.1307989307989308,12.0,77.0,30.87847935847936
25,7992,Elodie 2,['Delarosa And Asora'],0.12948513415518492,12.0,77.0,30.87769108049311
25,6927,Elle est si belle,"['Hector Zazou', 'Edo']",0.05555555555555555,7.0,77.0,30.833333333333336
25,3031,Dumbarton's Drums,"['Anonymous', 'Jacob Adam Kappey', 'Coldstream Guards Regimental Band', 'T.L. Sharpe']",0.05555555555555555,7.0,77.0,30.833333333333336
25,6463,Transcede,['All India Radio'],0.04666666666666667,7.0,77.0,30.828
25,367,Ghost,['Brazz Tree'],0.04666666666666667,7.0,77.0,30.828
25,3235,Commemoration,['Autumn Tears'],0.04411764705882353,6.0,77.0,30.826470588235296
25,924,A.A.,['Neil Hamburger'],0.040268456375838924,6.0,77.0,30.824161073825504
25,2124,The Pound Or The Fist,['Paul Newman'],0.040268456375838924,6.0,77.0,30.824161073825504
25,807,Autumn Leaves,['Clark Terry'],0.040229885057471264,7.0,77.0,30.824137931034482
25,1004,Left Right Behind,['Express Rising'],0.0379746835443038,6.0,77.0,30.82278481012658
25,934,On My S***,['Unk'],0.03428571428571429,6.0,77.0,30.82057142857143
25,5967,Discover Troops,['Angelo Badalamenti'],0.031914893617021274,6.0,77.0,30.819148936170212
25,5206,"Allegretto in B Flat Major, WoO 39","['Jacqueline du Pré', 'Daniel Barenboim', 'Pinchas Zukerman']",0.030456852791878174,6.0,77.0,30.818274111675127
25,7895,"Concerto Grosso in F Major, Op. 1, No. 7: I. Allegro","['Pietro Locatelli', 'Capella Istropolitana', 'Jaroslav Krcek']",0.0,0.0,77.0,30.8
25,7697,Ancient Crucible,['Lightning Strikes Across the Sky'],0.0,0.0,77.0,30.8
25,41,Foe X Foe,['Dødheimsgard'],0.0,0.0,77.0,30.8
25,2530,"Partita in A Major, GWV 149: I. Praeludium","['Christoph Graupner', 'Naoko Akutagawa']",0.0,0.0,77.0,30.8
25,2729,"Violin Sonata No. 1 in G Minor, BWV 1001: I. Adagio","['Johann Sebastian Bach', 'Lucy van Dael']",0.0,0.0,77.0,30.8
25,1338,Coleman,['Archer Prewitt'],0.0,0.0,77.0,30.8
25,6046,(6:13),"['The Body Lovers', 'The Body Haters']",0.0,0.0,77.0,30.8
25,4722,"Symphony No. 2 In C Minor, WAB 102 (1872 version): I. Ziemlich Schnell","['Anton Bruckner', 'RTÉ National Symphony Orchestra']",0.0,0.0,77.0,30.8
25,5554,Departure,['Popol Vuh'],0.0,0.0,77.0,30.8
25,2740,"Violin Partita No. 1 in B Minor, BWV 1002: VIII. Double","['Johann Sebastian Bach', 'Lucy van Dael']",0.0,0.0,77.0,30.8
25,4642,Sophisticated Lady,['Cedar Walton'],0.0,0.0,77.0,30.8
25,1302,Interlude: Dressing Up,['Mary Cleere Haran'],0.0,0.0,77.0,30.8
25,2785,Bakida,['Huong Thanh'],0.0,0.0,77.0,30.8
25,2842,"Concerto Grosso in G Minor, Op. 8, No. 6: II. Largo","['Giuseppe Torelli', 'Capella Istropolitana']",0.0,0.0,77.0,30.8
25,2536,"Partita in A Major, GWV 149: VII. Aria and 5 Variations","['Christoph Graupner', 'Naoko Akutagawa']",0.0,0.0,77.0,30.8
25,7242,Zigeunerliebe: Act II: Intermezzo: Waltz,"['Franz Lehár', 'Johanna Stojkovic', 'Dagmar Schellenberger', 'Zoran Todorovich', 'Bernhard Schneider', 'Ksenija Lukic', 'Stefan-Alexander Rankl', 'Markus Kohler', 'Raphaela Schulze', 'Andreas Horl', 'Andrej Bielow', 'North German Radio Chorus', 'North German Radio Philharmonic Orchestra', 'Frank Beermann']",0.0,0.0,77.0,30.8
25,3701,"Piano Concerto No. 23 in A Major, K. 488: Prelude - I. Allegro (Arr. C. Corea & B. McFerrin for Vocals, Piano & Orchestra) - Vocal","['Wolfgang Amadeus Mozart', 'Chick Corea', 'Bobby McFerrin', 'Saint Paul Chamber Orchestra']",0.0,0.0,77.0,30.8
25,1326,Let Me Fade Away,['Archer Prewitt'],0.0,0.0,77.0,30.8
25,7151,"Keyboard Sonata in C Minor, Op. 5, No. 6, W. A6: III. Allegretto","['Johann Christian Bach', 'Sophie Yates']",0.0,0.0,77.0,30.8
25,4709,Dark Day [Self Destruct],['Pain Station'],0.0,0.0,77.0,30.8
25,815,I Don't Wanna Be Kissed,['Clark Terry'],0.0,0.0,77.0,30.8
25,2217,Aeropause,['Pure Reason Revolution'],0.0,0.0,77.0,30.8
25,7991,Elodie 1,['Delarosa And Asora'],0.0,0.0,77.0,30.8
25,4154,Scene 8a: The Lived Their Dream,['Philip Glass'],0.0,0.0,77.0,30.8
25,2098,...and Life Is Very Long,['The Acacia Strain'],0.0,0.0,77.0,30.8
25,986,Hey...You Know What I Was Just Thinking?,['Comedian Bob Marley'],0.0,0.0,77.0,30.8
25,3583,In Winter Still,['Dot Allison'],0.0,0.0,77.0,30.8
25,4202,They Need a Million,['Scorpions'],0.0,0.0,77.0,30.8
25,150,"The Love For Three Oranges, Op. 33 (Sung in English): Act III Scene 3: We've lost our following wind, no wonder that we're getting nowhere! (Prince, Truffaldino)","['Sergei Prokofiev', 'Bruce Martin', 'John Mac Master', 'Deborah Humble', 'Teddy Tahu Rhodes', 'William Ferguson', 'Warwick Fyfe', 'Jud Arthur', 'Elizabeth Whitehouse', 'Wendy Dawn Thompson', 'Sally-Anne Russell', 'Ali McGregor', 'Arend Baumann', 'Richard Alexander', 'Catherine Carby', 'Graeme Macfarlane', 'Tim DuFore', 'Opera Australia Chorus', 'Australian Opera and Ballet Orchestra', 'Richard Hickox']",0.0,0.0,77.0,30.8
25,3197,Ask Me Now,['Tommy Flanagan'],0.0,0.0,77.0,30.8
25,7917,"Concerto Grosso in G Minor, Op. 1, No. 12: II. Allemanda","['Pietro Locatelli', 'Capella Istropolitana', 'Jaroslav Krcek']",0.0,0.0,77.0,30.8
25,5090,"Transcriptions of Original Songs, Vol. II, Op. 41: Jeg elsker dig, Op. 41, No. 3","['Edvard Grieg', 'Einar Steen-Nøkleberg']",0.0,0.0,77.0,30.8
25,1202,Bosphorus Schenes Under the Moonlight,['Simon Shaheen & Qantara'],0.0,0.0,77.0,30.8
25,6207,"4 Cançons: No. 3, La mort de Bebros","['Manuel Blancafort', 'Anna Alàs i Jové', 'Miquel Villalba']",0.0,0.0,77.0,30.8
25,2250,Mercy,['Sam Baker'],0.0,0.0,77.0,30.8
25,6905,The Ballad of Sonny Jim,['Orange Cake Mix'],0.0,0.0,77.0,30.8
25,5816,'Tis So Sweet/Sweet Sweet Spirt Medley,['Dino'],0.0,0.0,77.0,30.8
25,185,Newt Gingrich,['Neil Hamburger'],0.0,0.0,77.0,30.8
25,7999,Intro,['Collide'],0.0,0.0,77.0,30.8
25,4071,Body and Soul,"['Richie Cole', 'Boots Randolph']",0.0,0.0,77.0,30.8
25,4358,"Mother, Child and Modern Life",['Tadd Mullinix'],0.0,0.0,77.0,30.8
25,3276,The Grand Celebration,['Autumn Tears'],0.0,0.0,77.0,30.8
25,3929,"St. Luke Passion, TWV 5:13: Recitative: Ach weh, wie viel sind derer, die mich hassen! (David)","['Georg Philipp Telemann', 'Wolfgang Klose', 'Marcus Ullmann', 'Christian Hilz', 'Raimonds Spogis', 'Thilo Dahlmann', 'Kolner Akademie Choir', 'Kölner Akademie', 'Michael Alexander Willens']",0.0,0.0,77.0,30.8
25,5671,Eris,['Baku Llama'],0.0,0.0,77.0,30.8
25,5672,Six to Midnight,['Baku Llama'],0.0,0.0,77.0,30.8
25,930,Just Checking,['Neil Hamburger'],0.0,0.0,77.0,30.8
25,3989,This Is Dedicated To,['Wale Oyejide'],0.0,0.0,77.0,30.8
25,5308,Sister 001 (Y Mis),['OOIOO'],0.0,0.0,77.0,30.8
25,3874,Promises,['Love Spirals Downwards'],0.0,0.0,77.0,30.8
25,113,Psalm 122: Psalm CXXII,"['Richard Woodward', 'Michael Bloss', ""Choir of St John's, Elora"", 'Noel Edison']",0.0,0.0,77.0,30.8
25,5253,Kila Kila Kila,['OOIOO'],0.0,0.0,77.0,30.8
25,2011,Snowfall,['Henry Mancini'],0.0,0.0,77.0,30.8
25,967,The Mall,['Comedian Bob Marley'],0.0,0.0,77.0,30.8
25,2013,"Theme From ""The Great Impostor"" - REMASTERED",['Henry Mancini'],0.0,0.0,77.0,30.8
25,768,Filament 1 - 5,"['Sachiko M', 'Yoshihide Otomo']",0.0,0.0,77.0,30.8
25,3281,Winter's Warning II. Spring Requiem,['Autumn Tears'],0.0,0.0,77.0,30.8
25,4046,Blackmail Drop,['The Greyboy Allstars'],0.0,0.0,77.0,30.8
25,189,Lawyers,['Neil Hamburger'],0.0,0.0,77.0,30.8
25,6193,The Surrender Sound,"['Tru-Serva', 'Dijohn']",0.0,0.0,77.0,30.8
25,6149,Over the Hiccups,['Negativland'],0.0,0.0,77.0,30.8
25,3023,Leichte Kavallerie (Light Cavalry) (arr. for brass band),"['Gordon Langford', 'Franz von Suppé', 'Coldstream Guards Regimental Band', 'T.L. Sharpe']",0.0,0.0,77.0,30.8
25,4980,Suite in F Major: V. Branle de Basque,"['Louis Couperin', 'Laurence Cummings']",0.0,0.0,77.0,30.8
25,4517,Preludios vascos: Urruti-jaya (Distant Procession),"['Aita Donostia', 'Jordi Masó']",0.0,0.0,77.0,30.8
25,2390,Bird Soul,['Pitch Black'],0.0,0.0,77.0,30.8
25,4974,Suite in C Major*: IV. Sarabande,"['Louis Couperin', 'Laurence Cummings']",0.0,0.0,77.0,30.8
25,58,Addicted to Perdition,['Dødheimsgard'],0.0,0.0,77.0,30.8
25,3001,Out The Way,"['Disciple DT & Tizzle Tarantino', 'Truth Gordon']",0.0,0.0,77.0,30.8
25,225,Fire And Rain,['James Taylor'],0.0,0.0,77.0,30.8
25,2425,Gospel of Hate,['Celestial Bloodshed'],0.0,0.0,77.0,30.8
25,1753,Dodged a Bullet,"['Phil Johnson', 'Roadside Attraction']",0.0,0.0,77.0,30.8
25,4532,Homenaje a Juan Crisostomo de Arriaga,"['Aita Donostia', 'Jordi Masó']",0.0,0.0,77.0,30.8
25,2449,Angels Come for Angels,['Andy Warren'],0.0,0.0,77.0,30.8
25,56,Satanatomic Evolution,['Dødheimsgard'],0.0,0.0,77.0,30.8
25,2944,River,['PCP'],0.0,0.0,77.0,30.8
25,1402,Seaglass,['I:Scintilla'],0.0,0.0,77.0,30.8
25,4506,Preludios vascos: Izketan (Dialogue),"['Aita Donostia', 'Jordi Masó']",0.0,0.0,77.0,30.8
25,3676,The Outer Boundary,['Bryan Beller'],0.0,0.0,77.0,30.8
25,4462,"Dark Was The Night, Cold Was The Ground",['Jack Rose'],0.0,0.0,77.0,30.8
25,1132,Morning Glory,"['Deuter', 'Chaitanya Hari Deuter']",0.0,0.0,77.0,30.8
25,4938,Acroyali,['Yanni'],0.0,0.0,77.0,30.8
25,5526,Porta Heroum,['Kriegsfall-U'],0.0,0.0,77.0,30.8
25,5644,Carrie - Live Version,['Europe'],0.1991614255765199,14.0,76.0,30.519496855345913
25,3639,Love Dumpster,['AM Syndicate'],0.1987628384687208,13.0,76.0,30.519257703081234
25,6587,Yo siento mucho,"['Wolfgang Amadeus Mozart', 'Klazz Brothers', 'Cuba Percussion']",0.17194936708860759,12.0,76.0,30.503169620253168
25,4586,Evening Sun,['Kitaro'],0.17194936708860759,12.0,76.0,30.503169620253168
25,2426,The Demon of Old,['Celestial Bloodshed'],0.12276937568684913,12.0,76.0,30.473661625412113
25,4638,Skylark,['Cedar Walton'],0.051094890510948905,7.0,76.0,30.430656934306572
25,7619,Buen Amigo,['Aníbal Troilo Y Su Orquesta Típica'],0.048,6.0,76.0,30.428800000000003
25,6871,Your Pretty Little Head,['The Paper Chase'],0.048,6.0,76.0,30.428800000000003
25,199,Suicide,['Neil Hamburger'],0.04411764705882353,6.0,76.0,30.426470588235297
25,3561,Helen,['The Durutti Column'],0.040268456375838924,6.0,76.0,30.424161073825505
25,6499,Silent Night (feat. Billy Stritch & Mylinda Hull),"['The Broadway Cast Of ""42nd Street""', 'Billy Stritch', 'Mylinda Hull']",0.040268456375838924,6.0,76.0,30.424161073825505
25,4752,Underwater Music,['Eastern Blok'],0.0379746835443038,6.0,76.0,30.422784810126583
25,4272,Alien Species,['Moraz Alban Project'],0.0379746835443038,6.0,76.0,30.422784810126583
25,5975,What Message,['Tomandandy'],0.03314917127071823,6.0,76.0,30.419889502762434
25,3227,"Keyboard Sonata No. 45 in A Major, Hob.XVI:30: I. Allegro - Adagio","['Franz Joseph Haydn', 'Jenő Jandó']",0.031914893617021274,6.0,76.0,30.419148936170213
25,74,The Drunken Landlady,['The McCarthys'],0.0,0.0,76.0,30.400000000000002
25,7297,Via Necata,['DAVID DISALLE'],0.0,0.0,76.0,30.400000000000002
25,2532,"Partita in A Major, GWV 149: III. Courante","['Christoph Graupner', 'Naoko Akutagawa']",0.0,0.0,76.0,30.400000000000002
25,2535,"Partita in A Major, GWV 149: VI. Menuet","['Christoph Graupner', 'Naoko Akutagawa']",0.0,0.0,76.0,30.400000000000002
25,169,Warehouse Shopping,['Neil Hamburger'],0.0,0.0,76.0,30.400000000000002
25,1873,Death,['Neil Hamburger'],0.0,0.0,76.0,30.400000000000002
25,7468,GAMBLE - Original Mix,['Jub'],0.0,0.0,76.0,30.400000000000002
25,5755,the guitar and drums song,['Sébastien Roux'],0.0,0.0,76.0,30.400000000000002
25,5525,Those Who Are Still Waiting,['Kriegsfall-U'],0.0,0.0,76.0,30.400000000000002
25,4960,Suite in D Major: III. Courante,"['Louis Couperin', 'Laurence Cummings']",0.0,0.0,76.0,30.400000000000002
25,4961,Suite in D Major: IV. Sarabande,"['Louis Couperin', 'Laurence Cummings']",0.0,0.0,76.0,30.400000000000002
25,5297,Sister 001,['OOIOO'],0.0,0.0,76.0,30.400000000000002
25,5377,It Froze Me,['The Mountain Goats'],0.0,0.0,76.0,30.400000000000002
25,1637,Skinline,['Neuropa'],0.0,0.0,76.0,30.400000000000002
25,2196,Moon Sailing On The Water,['Mason Jennings'],0.0,0.0,76.0,30.400000000000002
25,8117,Serum,['Familiar Trees'],0.0,0.0,76.0,30.400000000000002
25,7191,Flame Thrower,['Moscow Symphony Orchestra conducted by William Stromberg'],0.0,0.0,76.0,30.400000000000002
25,7515,Gale,['Lightning Strikes Across the Sky'],0.0,0.0,76.0,30.400000000000002
25,1620,Wind Between Fingers,['Abhor'],0.0,0.0,76.0,30.400000000000002
25,5856,Steps,['Black Lips'],0.0,0.0,76.0,30.400000000000002
25,4971,Suite in C Major*: I. Prelude,"['Louis Couperin', 'Laurence Cummings']",0.0,0.0,76.0,30.400000000000002
25,5197,"14 Variations in E Flat Major, Op. 44","['Pinchas Zukerman', 'Jacqueline du Pré', 'Daniel Barenboim']",0.0,0.0,76.0,30.400000000000002
25,1564,Cobra,['My Morning Jacket'],0.0,0.0,76.0,30.400000000000002
25,5199,"Piano Trio No. 3 in C Minor, Op.1 No. 3 (2001 - Remaster): II. Andante cantabile con variazioni","['Jacqueline du Pré', 'Pinchas Zukerman', 'Daniel Barenboim']",0.0,0.0,76.0,30.400000000000002
25,4927,The Desert,['Smog'],0.0,0.0,76.0,30.400000000000002
25,2900,Sweet Was The Song The Virgin Sang,"['Traditional', 'The Sixteen', 'Harry Christophers']",0.0,0.0,76.0,30.400000000000002
25,642,No Baby (2),['Kip Hanrahan'],0.0,0.0,76.0,30.400000000000002
25,2843,"Concerto Grosso in G Minor, Op. 8, No. 6: III. Vivace","['Giuseppe Torelli', 'Capella Istropolitana']",0.0,0.0,76.0,30.400000000000002
25,4525,Preludios vascos: Zozo-dantza (Dance of the Blackbird),"['Aita Donostia', 'Jordi Masó']",0.0,0.0,76.0,30.400000000000002
25,4530,Vora 'l Ter (On the Banks of the Ter),"['Aita Donostia', 'Jordi Masó']",0.0,0.0,76.0,30.400000000000002
25,1195,Devabandha,['Asana 1'],0.0,0.0,76.0,30.400000000000002
25,1196,Hear No Evil,['Asana 1'],0.0,0.0,76.0,30.400000000000002
25,3578,I Wanna Feel The Chill,['Dot Allison'],0.0,0.0,76.0,30.400000000000002
25,4612,"Symphony No. 2 in B-Flat Major, Op. 52, MWV A18, ""Lobgesang"" (Hymn of Praise): I. Adagio religioso","['Felix Mendelssohn', 'Majella Cullagh', 'Mary Nelson', 'Adrian Thompson', 'RTÉ Philharmonic Choir', 'RTÉ National Symphony Orchestra', 'Reinhard Seifried']",0.0,0.0,76.0,30.400000000000002
25,460,I Only Have Eyes For You,['Delightful Doris Drew'],0.0,0.0,76.0,30.400000000000002
25,2834,"Concerto Grosso in E Minor, Op. 3, No. 3: II. Allegro","['Francesco Geminiani', 'Capella Istropolitana']",0.0,0.0,76.0,30.400000000000002
25,3794,Impressions - Live at the Jazz Standard,['Frank Morgan'],0.0,0.0,76.0,30.400000000000002
25,3636,Ode to the Office Goat,['AM Syndicate'],0.0,0.0,76.0,30.400000000000002
25,2825,The Dreams Of Children,"['Shadowfax', 'G.E. Stinson']",0.0,0.0,76.0,30.400000000000002
25,6057,Drove Up from Pedro,['Mike Watt'],0.0,0.0,76.0,30.400000000000002
25,1286,Introduction,['Mary Cleere Haran'],0.0,0.0,76.0,30.400000000000002
25,1287,Let's Do It,['Mary Cleere Haran'],0.0,0.0,76.0,30.400000000000002
25,7116,Final Journey,['Emily Bear'],0.0,0.0,76.0,30.400000000000002
25,3683,Frida K. The Beautiful,"['Triptych Myth', 'Cooper-Moore', 'Tom Abbs', 'Chad Taylor']",0.0,0.0,76.0,30.400000000000002
25,3909,"St. Luke Passion, TWV 5:13: Recitative: Was Josephs Bruder hier an ihrem Bruder taten (Tenor)","['Georg Philipp Telemann', 'Wolfgang Klose', 'Marcus Ullmann', 'Christian Hilz', 'Raimonds Spogis', 'Thilo Dahlmann', 'Kolner Akademie Choir', 'Kölner Akademie', 'Michael Alexander Willens']",0.0,0.0,76.0,30.400000000000002
25,4508,Preludios vascos: Eresia (Sad Song),"['Aita Donostia', 'Jordi Masó']",0.0,0.0,76.0,30.400000000000002
25,6710,"Symphony in B-Flat Major, Op. 20: I. Lent","['Ernest Chausson', 'BBC Philharmonic', 'Yan Pascal Tortelier']",0.0,0.0,76.0,30.400000000000002
25,933,Intro,['Unk'],0.0,0.0,76.0,30.400000000000002
25,8011,Somewhere,['Collide'],0.0,0.0,76.0,30.400000000000002
25,4064,Good Morning Heartache,"['Richie Cole', 'Boots Randolph']",0.0,0.0,76.0,30.400000000000002
25,4209,Sun In My Hand,['Scorpions'],0.0,0.0,76.0,30.400000000000002
25,3284,Winter's Warning V. Winter Requiem,['Autumn Tears'],0.0,0.0,76.0,30.400000000000002
25,3193,North of the Sunset,['Tommy Flanagan'],0.0,0.0,76.0,30.400000000000002
25,4314,Chinese House Flowers,['The Mountain Goats'],0.0,0.0,76.0,30.400000000000002
25,4323,Minnesota,['The Mountain Goats'],0.0,0.0,76.0,30.400000000000002
25,968,Subway,['Comedian Bob Marley'],0.0,0.0,76.0,30.400000000000002
25,788,Living Life On The Edge,['Neil Hamburger'],0.0,0.0,76.0,30.400000000000002
25,789,Movies,['Neil Hamburger'],0.0,0.0,76.0,30.400000000000002
25,7787,Make Amends,['The Mountains & The Trees'],0.0,0.0,76.0,30.400000000000002
25,6201,Passant sota les branques,"['Manuel Blancafort', 'Anna Alàs i Jové', 'Miquel Villalba']",0.0,0.0,76.0,30.400000000000002
25,3996,Pour le piano: II. Sarabande (arr. M. Ravel),"['Maurice Ravel', 'Claude Debussy', 'Minnesota Orchestra', 'Eiji Oue']",0.0,0.0,76.0,30.400000000000002
25,3070,Moon Flower,['Kitaro'],0.0,0.0,76.0,30.400000000000002
25,599,Tamara,"['Mily Balakirev', 'Russian State Symphony Orchestra', 'Igor Golovschin']",0.0,0.0,76.0,30.400000000000002
25,7118,Why,['Emily Bear'],0.0,0.0,76.0,30.400000000000002
25,4087,"Fantasy & Fugue on the Chorale ""Ad nos, ad salutarem undam"", S. 259: Adagio","['Franz Liszt', 'Felix Hell']",0.0,0.0,76.0,30.400000000000002
25,7165,The Novel (David Copperfield),['Moscow Symphony Orchestra conducted by William Stromberg'],0.0,0.0,76.0,30.400000000000002
25,6039,"2 Konzertetüden, S. 145: No. 1, Waldesrauschen. Vivace","['Franz Liszt', 'Murray Perahia']",0.0,0.0,76.0,30.400000000000002
25,6580,Afrolero,"['Wolfgang Amadeus Mozart', 'Klazz Brothers', 'Cuba Percussion']",0.0,0.0,76.0,30.400000000000002
25,6573,Hidden,['Treepeople'],0.0,0.0,76.0,30.400000000000002
25,3687,A Time To,"['Triptych Myth', 'Cooper-Moore', 'Tom Abbs', 'Chad Taylor']",0.0,0.0,76.0,30.400000000000002
25,6544,"Sonata in D Major, K 491","['Domenico Scarlatti', 'Murray Perahia']",0.0,0.0,76.0,30.400000000000002
25,7865,Baby Won't You Please Come Home,['Deanna Kirk'],0.1904229253222542,13.0,75.0,30.114253755193353
25,6090,Two Light Bulbs Flickering,['Negativland'],0.18576100628930817,13.0,75.0,30.111456603773586
25,2171,Witch Hunt,"['Brian Bromberg', 'Vinnie Colaiuta', 'Randy Waldman']",0.05,8.0,75.0,30.03
25,3385,Freedom Suite Movement 1,"['David S. Ware', 'Matthew Shipp', 'William Parker', 'Guillermo E. Brown']",0.048,6.0,75.0,30.0288
25,921,Other Comedians,['Neil Hamburger'],0.048,6.0,75.0,30.0288
25,3716,Half a World Away,"[""Pickin' On Series""]",0.04411764705882353,6.0,75.0,30.026470588235295
25,2789,The Betel Tray,['Huong Thanh'],0.04411764705882353,6.0,75.0,30.026470588235295
25,4354,Le Lit,['Tadd Mullinix'],0.0440251572327044,7.0,75.0,30.026415094339622
25,4251,Folies Du Mercredi,['Champignons'],0.0440251572327044,7.0,75.0,30.026415094339622
25,77,"Down the Back Lane, Petticoat Loose",['The McCarthys'],0.03870967741935484,6.0,75.0,30.023225806451613
25,6206,"4 Cançons: No. 2, Capvespre","['Manuel Blancafort', 'Anna Alàs i Jové', 'Miquel Villalba']",0.03296703296703297,6.0,75.0,30.01978021978022
25,7006,Harp Guitars Under the Stars - Harp Guitar Duet,"['Muriel Anderson', 'John Doan']",0.0,0.0,75.0,30.0
25,4590,Cocoro,['Kitaro'],0.0,0.0,75.0,30.0
25,3873,Cay At Dawn,['Love Spirals Downwards'],0.0,0.0,75.0,30.0
25,111,Psalm 8: Psalm VIII,"['Henry Lawes', ""Choir of St John's, Elora"", 'Michael Bloss', 'Noel Edison']",0.0,0.0,75.0,30.0
25,7684,Milk and Honey,['Wye Oak'],0.0,0.0,75.0,30.0
25,5537,"Thursday, At Dusk, in Spokane, Washington","['Wayne Horvitz', 'Laura DeLuca']",0.0,0.0,75.0,30.0
25,3575,Tomorrow Never Comes,['Dot Allison'],0.0,0.0,75.0,30.0
25,4939,In The Mirror,['Yanni'],0.0,0.0,75.0,30.0
25,4005,Pictures at an Exhibition (Orch. M. Ravel): II. The Old Castle,"['Modest Mussorgsky', 'Maurice Ravel', 'Minnesota Orchestra', 'Eiji Oue']",0.0,0.0,75.0,30.0
25,631,Suenos da Vida Colonial,['Kip Hanrahan'],0.0,0.0,75.0,30.0
25,7045,Texas Intro - Live,['Granger Smith'],0.0,0.0,75.0,30.0
25,6858,Ligaya,"['Alias', 'Tarsier']",0.0,0.0,75.0,30.0
25,2979,Worksong,['Grails'],0.0,0.0,75.0,30.0
25,3219,"Keyboard Sonata No. 42 in G Major, Hob.XVI:27: II. Menuet","['Franz Joseph Haydn', 'Jenő Jandó']",0.0,0.0,75.0,30.0
25,6715,"La tempete, Op. 18: II. Air de danse","['Ernest Chausson', 'BBC Philharmonic', 'Yan Pascal Tortelier']",0.0,0.0,75.0,30.0
25,3955,"St. Luke Passion, TWV 5:13: Recitative: Gerechtes Los, das wider mich gefallen! (Jonas)","['Georg Philipp Telemann', 'Wolfgang Klose', 'Marcus Ullmann', 'Christian Hilz', 'Raimonds Spogis', 'Thilo Dahlmann', 'Kolner Akademie Choir', 'Kölner Akademie', 'Michael Alexander Willens']",0.0,0.0,75.0,30.0
25,3043,Light Infantry,"['D.J. Plater', 'Coldstream Guards Regimental Band', 'T.L. Sharpe']",0.0,0.0,75.0,30.0
25,3415,Odin's Hill,['Achillea'],0.0,0.0,75.0,30.0
25,221,Bass Prelude,['Denny Zeitlin'],0.0,0.0,75.0,30.0
25,7586,Tu Pálido Final,['Aníbal Troilo Y Su Orquesta Típica'],0.0,0.0,75.0,30.0
25,2356,Isfahan,['E.S. Posthumus'],0.0,0.0,75.0,30.0
25,4522,Preludios vascos: Zubero-errialde (Landscape of La Soule),"['Aita Donostia', 'Jordi Masó']",0.0,0.0,75.0,30.0
25,5558,Devotion II,['Popol Vuh'],0.0,0.0,75.0,30.0
25,3221,"Keyboard Sonata No. 43 in E-Flat Major, Hob.XVI:28: I. Allegro moderato","['Franz Joseph Haydn', 'Jenő Jandó']",0.0,0.0,75.0,30.0
25,3446,Driver's Manual,['Busdriver'],0.0,0.0,75.0,30.0
25,3595,Mr. Campbell's Blues,['The Kilborn Alley Blues Band'],0.0,0.0,75.0,30.0
25,2399,The Blue Dome Of The Sky,['Huong Thanh'],0.0,0.0,75.0,30.0
25,2986,Word Made Flesh,['Grails'],0.0,0.0,75.0,30.0
25,5190,"Piano Trio No. 1 in E Flat Major, Op.1 No.1 (2001 - Remaster): II. Adagio cantabile","['Daniel Barenboim', 'Jacqueline du Pré', 'Pinchas Zukerman']",0.0,0.0,75.0,30.0
25,2947,Comfortable,"['Mewark', 'Ladyfish']",0.0,0.0,75.0,30.0
25,2700,Saiiii Outro,['Saigon'],0.0,0.0,75.0,30.0
25,3236,Ophelia's Crown,['Autumn Tears'],0.0,0.0,75.0,30.0
25,5746,ääniesineitâ 9,['antti rannisto'],0.0,0.0,75.0,30.0
25,2017,"Theme From ""Hatari""",['Henry Mancini'],0.0,0.0,75.0,30.0
25,5951,"Like Anything, It's Small",['Shelley Short'],0.0,0.0,75.0,30.0
25,6863,Piggy's Had Too Much Wine,['The Paper Chase'],0.0,0.0,75.0,30.0
25,281,"Intro to ""If It Ain't Broke""",['Jerry Reed'],0.0,0.0,75.0,30.0
25,7686,Take It In,['Wye Oak'],0.0,0.0,75.0,30.0
25,4640,On Green Dolphin Street,['Cedar Walton'],0.0,0.0,75.0,30.0
25,5963,Lament for Leah,['Angelo Badalamenti'],0.0,0.0,75.0,30.0
25,1007,Winter the Heart,['Express Rising'],0.0,0.0,75.0,30.0
25,4643,I Want to Talk About You,['Cedar Walton'],0.0,0.0,75.0,30.0
25,3670,Lookout Mountain,['Bryan Beller'],0.0,0.0,75.0,30.0
25,1582,Double Lira / Finale,['Kitaro'],0.0,0.0,75.0,30.0
25,7642,Les Baleines Bleues,['DANIEL ROURE'],0.0,0.0,75.0,30.0
25,6292,WM5 (Intro),['Jakk Jo'],0.0,0.0,75.0,30.0
25,2844,"Concerto Grosso in B-Flat Major, Op. 6, No. 11: I. Preludio: Andante largo","['Arcangelo Corelli', 'Capella Istropolitana']",0.0,0.0,75.0,30.0
25,3826,Swans,['Rivulets'],0.0,0.0,75.0,30.0
25,4305,Thrive on Routine: I. Morning,"['Timo Andres', 'American Contemporary Music Ensemble']",0.0,0.0,75.0,30.0
25,8098,Circles,['Jim Brickman'],0.0,0.0,75.0,30.0
25,7730,The World's Beat,['Headnoise'],0.0,0.0,75.0,30.0
25,7729,Live Studio Jam,['Headnoise'],0.0,0.0,75.0,30.0
25,4924,My Family,['Smog'],0.0,0.0,75.0,30.0
25,73,The Ace and Deuce of Piping,['The McCarthys'],0.0,0.0,75.0,30.0
25,7365,Broken Streetlamp Serenade,['Cars & Trains'],0.0,0.0,75.0,30.0
25,6041,"Années de pèlerinage, 1ère année ""Suisse"", S. 160: No. 4, Au bord d'une source","['Franz Liszt', 'Murray Perahia']",0.0,0.0,75.0,30.0
25,6547,"Sonata in D Major, K 29","['Domenico Scarlatti', 'Murray Perahia']",0.0,0.0,75.0,30.0
25,3908,"St. Luke Passion, TWV 5:13: Aria: Allgegenwart'ger Hort der Deinen (Joseph)","['Georg Philipp Telemann', 'Wolfgang Klose', 'Marcus Ullmann', 'Christian Hilz', 'Raimonds Spogis', 'Thilo Dahlmann', 'Kolner Akademie Choir', 'Kölner Akademie', 'Michael Alexander Willens']",0.2133008921330089,14.0,74.0,29.727980535279805
25,475,Seguirai,['Suspyre'],0.1904229253222542,13.0,74.0,29.714253755193354
25,7660,Who's Gonna Hold The Rope,['Godzuki'],0.1904229253222542,13.0,74.0,29.714253755193354
25,179,Talk Show Hosts,['Neil Hamburger'],0.1351043643263757,12.0,74.0,29.681062618595828
25,1298,Remind Me,['Mary Cleere Haran'],0.051094890510948905,7.0,74.0,29.63065693430657
25,57,Slave 66,['Dødheimsgard'],0.048,6.0,74.0,29.628800000000002
25,5071,Casanova,['Phil Woods'],0.048,6.0,74.0,29.628800000000002
25,3560,Maggie,['The Durutti Column'],0.04411764705882353,6.0,74.0,29.626470588235296
25,184,Bill and Hillary,['Neil Hamburger'],0.04411764705882353,6.0,74.0,29.626470588235296
25,5887,Parçalı Bulutlu,['Nil Karaibrahimgil'],0.04411764705882353,6.0,74.0,29.626470588235296
25,7862,I Don't Stand a Ghost of a Chance,['Deanna Kirk'],0.04411764705882353,6.0,74.0,29.626470588235296
25,2615,Pinkerland Becaina,['The Pinker Tones'],0.04411764705882353,6.0,74.0,29.626470588235296
25,778,Snoop Doggy Dogg,['Neil Hamburger'],0.043478260869565216,6.0,74.0,29.62608695652174
25,1881,Management,['Neil Hamburger'],0.040268456375838924,6.0,74.0,29.624161073825505
25,476,Don't Go Tellin' the Whole World,['Gus Black'],0.03314917127071823,6.0,74.0,29.619889502762433
25,6815,Drifting of Ull,['Bloodaxe'],0.03208556149732621,6.0,74.0,29.619251336898397
25,3582,Alpha Female,['Dot Allison'],0.031914893617021274,6.0,74.0,29.619148936170212
25,6838,O Tannenbaum,['Jim Brickman'],0.0,0.0,74.0,29.6
25,2170,Blue Bossa,"['Brian Bromberg', 'Vinnie Colaiuta', 'Randy Waldman']",0.0,0.0,74.0,29.6
25,5826,Precious Memories,['Dino'],0.0,0.0,74.0,29.6
25,1072,My Kitchen,['Gucci Mane'],0.0,0.0,74.0,29.6
25,965,Maggot Brain (Live),['Funkadelic'],0.0,0.0,74.0,29.6
25,4352,Minajor,['Tadd Mullinix'],0.0,0.0,74.0,29.6
25,124,"Psalm 150, ""O Praise God in His Sanctuary"": Psalm CL","['Charles Villiers Stanford', 'Michael Bloss', ""Choir of St John's, Elora"", 'Noel Edison']",0.0,0.0,74.0,29.6
25,5076,"Piano Sonata in E Minor, Op. 7: IV. Finale: Molto allegro","['Edvard Grieg', 'Einar Steen-Nøkleberg']",0.0,0.0,74.0,29.6
25,1572,Costume Shop,['Kitaro'],0.0,0.0,74.0,29.6
25,790,The Right To Die,['Neil Hamburger'],0.0,0.0,74.0,29.6
25,871,If We Feel Outnumbered,['Emmalee Crane'],0.0,0.0,74.0,29.6
25,7179,The Nightmare,['Moscow Symphony Orchestra conducted by William Stromberg'],0.0,0.0,74.0,29.6
25,5110,Dead Serious & Highly Professional,['The Ocean'],0.0,0.0,74.0,29.6
25,1324,Moore Country Run,['Archer Prewitt'],0.0,0.0,74.0,29.6
25,7342,Kleines Herz - A-Cappella,['Die Prinzen'],0.0,0.0,74.0,29.6
25,3196,Pannonica,['Tommy Flanagan'],0.0,0.0,74.0,29.6
25,2259,Camera,['Tamara Silvera'],0.0,0.0,74.0,29.6
25,5243,The Christmas Song (Chestnuts Roasting On An Open Fire),['Joe Diffie'],0.0,0.0,74.0,29.6
25,7155,Clarisse,['Moscow Symphony Orchestra conducted by William Stromberg'],0.0,0.0,74.0,29.6
25,5686,I Should Care,['Charlie Rouse'],0.0,0.0,74.0,29.6
25,1166,Announcement,['Hank Mobley Quintet'],0.0,0.0,74.0,29.6
25,1128,Soham,"['Deuter', 'Chaitanya Hari Deuter']",0.0,0.0,74.0,29.6
25,3871,Ipomoea,['Love Spirals Downwards'],0.0,0.0,74.0,29.6
25,6584,"Wenn Son, Danzon","['Wolfgang Amadeus Mozart', 'Klazz Brothers', 'Cuba Percussion']",0.0,0.0,74.0,29.6
25,835,"Marchenerzahlungen (Fairy Tale Narrations), Op. 132 *: I. Lebhaft, nicht zu schnell","['Robert Schumann', 'Nobuko Imai', 'Janet Hilton', 'Roger Vignoles']",0.0,0.0,74.0,29.6
25,3568,Agnus Dei,['The Durutti Column'],0.0,0.0,74.0,29.6
25,6655,"Satyagraha, Act III - King: Part 3","['Philip Glass', 'Donald Joyce']",0.0,0.0,74.0,29.6
25,2941,Evening,['Lonyx'],0.0,0.0,74.0,29.6
25,3618,Inverloch,['Trial of the Bow'],0.0,0.0,74.0,29.6
25,254,A Library Used To Be (Black Hole And Its Concentrated Edges),['Frog Eyes'],0.0,0.0,74.0,29.6
25,4079,Prelude,"['Franz Liszt', 'Felix Hell']",0.0,0.0,74.0,29.6
25,7993,Smaze Words,['Delarosa And Asora'],0.0,0.0,74.0,29.6
25,5484,"Sister Carrie, Act II: Ladies and Gentlemen (Live)","['Robert Aldridge', 'John A. Stumpff', 'Alisa Suzanne Jordheim', 'Jim Gottfried', 'Stephen Cunningham', 'Adriana Zabala', 'Florentine Opera Chorus', 'Milwaukee Symphony Orchestra', 'William Boggs']",0.0,0.0,74.0,29.6
25,5485,"Sister Carrie, Act II: I'm Really Quite Distracted (Live)","['Robert Aldridge', 'Stephen Cunningham', 'Keith Phares', 'Adriana Zabala', 'Florentine Opera Chorus', 'Milwaukee Symphony Orchestra', 'William Boggs']",0.0,0.0,74.0,29.6
25,5493,"Sister Carrie, Act II: I Know You, Carrie (Live)","['Robert Aldridge', 'Nathan Krueger', 'Adriana Zabala', 'Keith Phares', 'Stephen Cunningham', 'Florentine Opera Chorus', 'Milwaukee Symphony Orchestra', 'William Boggs']",0.0,0.0,74.0,29.6
25,4649,Don't Give It Up,['Larry Carlton'],0.0,0.0,74.0,29.6
25,6037,"Der Tanz in der Dorfschenke, S. 514 ""Mephisto Waltz No. 1""","['Franz Liszt', 'Murray Perahia']",0.0,0.0,74.0,29.6
25,7914,"Concerto Grosso in C Minor, Op. 1, No. 11: III. Sarabanda: Largo","['Pietro Locatelli', 'Capella Istropolitana', 'Jaroslav Krcek']",0.0,0.0,74.0,29.6
25,2606,Beyond Nostalgia,['The Pinker Tones'],0.0,0.0,74.0,29.6
25,2543,"Partita in C Minor, GWV 133: VI. Aria and 6 Variations","['Christoph Graupner', 'Naoko Akutagawa']",0.0,0.0,74.0,29.6
25,2544,"Partita in A Major, GWV 149: IX. Chaconne","['Christoph Graupner', 'Naoko Akutagawa']",0.0,0.0,74.0,29.6
25,5532,The Band with Muddy,['Seattle Chamber Players'],0.0,0.0,74.0,29.6
25,5064,Ballad,['Phil Woods'],0.0,0.0,74.0,29.6
25,4565,Breakout,['The Red Krayola'],0.0,0.0,74.0,29.6
25,3225,"Keyboard Sonata No. 44 in F Major, Hob.XVI:29: II. Adagio","['Franz Joseph Haydn', 'Jenő Jandó']",0.0,0.0,74.0,29.6
25,2368,The P&O Polka,['Brendan Begley & Caoimhín Ó Raghallaigh'],0.0,0.0,74.0,29.6
25,5201,"Piano Trio No. 3 in C Minor, Op.1 No. 3 (2001 - Remaster): IV. Finale (Prestissimo)","['Daniel Barenboim', 'Pinchas Zukerman', 'Jacqueline du Pré']",0.0,0.0,74.0,29.6
25,3058,Marche des Parachutistes Belges,"['Pierre Leemans', 'Coldstream Guards Regimental Band', 'T.L. Sharpe']",0.0,0.0,74.0,29.6
25,3200,Ugly Beauty,['Tommy Flanagan'],0.0,0.0,74.0,29.6
25,4997,Downunder,['Bert Jansch'],0.0,0.0,74.0,29.6
25,7908,"Concerto Grosso in C Major, Op. 1, No. 10: I. Largo","['Pietro Locatelli', 'Capella Istropolitana', 'Jaroslav Krcek']",0.0,0.0,74.0,29.6
25,3024,God Bless the Prince of Wales,"['Henry Brinley Richards', 'H.E. Roberts', 'Coldstream Guards Regimental Band', 'T.L. Sharpe']",0.0,0.0,74.0,29.6
25,812,Ciribiribin,['Clark Terry'],0.0,0.0,74.0,29.6
25,7903,"Concerto Grosso in D Major, Op. 1, No. 9: I. Allegro","['Pietro Locatelli', 'Capella Istropolitana', 'Jaroslav Krcek']",0.0,0.0,74.0,29.6
25,3224,"Keyboard Sonata No. 44 in F Major, Hob.XVI:29: I. Moderato","['Franz Joseph Haydn', 'Jenő Jandó']",0.0,0.0,74.0,29.6
25,6979,Like Perfume...,['Harold Budd'],0.0,0.0,74.0,29.6
25,4977,Suite in F Major: II. Allemande grave,"['Louis Couperin', 'Laurence Cummings']",0.0,0.0,74.0,29.6
25,117,The Lamentations of Jeremiah,"['Edward Bairstow', 'Michael Bloss', ""Choir of St John's, Elora"", 'Noel Edison']",0.0,0.0,74.0,29.6
25,6984,She Has The Glassy ...,['Harold Budd'],0.0,0.0,74.0,29.6
25,8091,Siempre Conmigo,['Sean Harkness'],0.048,6.0,73.0,29.228800000000003
25,4307,Thrive on Routine: III. Passacaglia,"['Timo Andres', 'American Contemporary Music Ensemble']",0.04411764705882353,6.0,73.0,29.226470588235298
25,146,"The Love For Three Oranges, Op. 33 (Sung in English): Act III Scene 1: Farfarello! Farfarello! (Chelio, Farfarello)","['Sergei Prokofiev', 'Bruce Martin', 'John Mac Master', 'Deborah Humble', 'Teddy Tahu Rhodes', 'William Ferguson', 'Warwick Fyfe', 'Jud Arthur', 'Elizabeth Whitehouse', 'Wendy Dawn Thompson', 'Sally-Anne Russell', 'Ali McGregor', 'Arend Baumann', 'Richard Alexander', 'Catherine Carby', 'Graeme Macfarlane', 'Tim DuFore', 'Opera Australia Chorus', 'Australian Opera and Ballet Orchestra', 'Richard Hickox']",0.04411764705882353,6.0,73.0,29.226470588235298
25,1879,Popular Music,['Neil Hamburger'],0.04411764705882353,6.0,73.0,29.226470588235298
25,7371,Du spinnst doch,['Die Prinzen'],0.04411764705882353,6.0,73.0,29.226470588235298
25,7189,Fire Engine,['Moscow Symphony Orchestra conducted by William Stromberg'],0.04411764705882353,6.0,73.0,29.226470588235298
25,3539,Harlem Nocturne,['The Knickerbockers'],0.040268456375838924,6.0,73.0,29.224161073825506
25,4220,Man Will Win,['Seepeoples'],0.0379746835443038,6.0,73.0,29.222784810126583
25,805,Pennies From Heaven,['Clark Terry'],0.03409090909090909,6.0,73.0,29.220454545454547
25,1568,Cirque Ingenieux,['Kitaro'],0.0,0.0,73.0,29.200000000000003
25,5531,"Love, Love, Love",['Seattle Chamber Players'],0.0,0.0,73.0,29.200000000000003
25,3285,Winter's Warning VI. Epilogue,['Autumn Tears'],0.0,0.0,73.0,29.200000000000003
25,123,Psalm 149: Psalm CXLIX,"['Ivor Atkins', 'Michael Bloss', ""Choir of St John's, Elora"", 'Noel Edison']",0.0,0.0,73.0,29.200000000000003
25,846,"8 Pieces, Op. 83: No. 5. Rumanische Melodie: [Andante]","['Max Bruch', 'Nobuko Imai', 'Janet Hilton', 'Roger Vignoles']",0.0,0.0,73.0,29.200000000000003
25,6612,Medley,['Demolition Doll Rods'],0.0,0.0,73.0,29.200000000000003
25,6467,Don't Leave,['All India Radio'],0.0,0.0,73.0,29.200000000000003
25,1614,Hearing Without Fear,['Abhor'],0.0,0.0,73.0,29.200000000000003
25,7867,You Go To My Head,['Deanna Kirk'],0.0,0.0,73.0,29.200000000000003
25,3624,Serpent,['Trial of the Bow'],0.0,0.0,73.0,29.200000000000003
25,3792,Round Midnight - Live at the Jazz Standard,['Frank Morgan'],0.0,0.0,73.0,29.200000000000003
25,1864,Tom Thumb Mini Storage,['Neil Hamburger'],0.0,0.0,73.0,29.200000000000003
25,3559,It's Wonderful,['The Durutti Column'],0.0,0.0,73.0,29.200000000000003
25,5343,Kingdoms Here We Come - Wiggin' by Night,['Klimek'],0.0,0.0,73.0,29.200000000000003
25,1885,He Wasn't One,['Neil Hamburger'],0.0,0.0,73.0,29.200000000000003
25,3307,"Piece, Pt. 2",['Vincent Herring'],0.0,0.0,73.0,29.200000000000003
25,1886,Shoulder Trouble,['Neil Hamburger'],0.0,0.0,73.0,29.200000000000003
25,5675,Discord Resolved,['Baku Llama'],0.0,0.0,73.0,29.200000000000003
25,5677,Torrential,['Baku Llama'],0.0,0.0,73.0,29.200000000000003
25,6712,"Symphony in B-Flat Major, Op. 20: III. Anime","['Ernest Chausson', 'BBC Philharmonic', 'Yan Pascal Tortelier']",0.0,0.0,73.0,29.200000000000003
25,44,Unaltered Beast,['Dødheimsgard'],0.0,0.0,73.0,29.200000000000003
25,5570,Wait for You,['The Mountain Goats'],0.0,0.0,73.0,29.200000000000003
25,5548,Wanderer Through The Night,['Popol Vuh'],0.0,0.0,73.0,29.200000000000003
25,3394,Platee Ballet Suite: VI. Menuet I - II,"['Jean-Philippe Rameau', 'European Union Baroque Orchestra', 'Roy Goodman']",0.0,0.0,73.0,29.200000000000003
25,6548,"Sonata in A Major, K 537","['Domenico Scarlatti', 'Murray Perahia']",0.0,0.0,73.0,29.200000000000003
25,777,Freebasing,['Neil Hamburger'],0.0,0.0,73.0,29.200000000000003
25,3433,Keep Me Hangin',['The Kilborn Alley Blues Band'],0.0,0.0,73.0,29.200000000000003
25,8102,Reflections On The Pond,['Seth Osburn'],0.0,0.0,73.0,29.200000000000003
25,975,Don't Touch That Dial,['Comedian Bob Marley'],0.0,0.0,73.0,29.200000000000003
25,6049,(3:53),"['The Body Lovers', 'The Body Haters']",0.0,0.0,73.0,29.200000000000003
25,5078,"4 Piano Pieces, Op. 1: Allegro con leggerezza","['Edvard Grieg', 'Einar Steen-Nøkleberg']",0.0,0.0,73.0,29.200000000000003
25,5970,Copper Creek,['Tomandandy'],0.0,0.0,73.0,29.200000000000003
25,5822,Wonderful Peace,['Dino'],0.0,0.0,73.0,29.200000000000003
25,2561,Intro - 1.1,['Richard Bartz'],0.0,0.0,73.0,29.200000000000003
25,4803,Shell Shell Bye,['Taylor Deupree'],0.0,0.0,73.0,29.200000000000003
25,6928,Goeland,['Hector Zazou'],0.0,0.0,73.0,29.200000000000003
25,2550,"Partita No. 1 in F Minor, GWV 121, ""Winter"": IX. Bourree en rondeau","['Christoph Graupner', 'Naoko Akutagawa']",0.0,0.0,73.0,29.200000000000003
25,4388,Holiday En Masque,"['Cecil Taylor', 'Jimmy Lyons', 'Raphé Malik', 'Ramsey Ameen', 'Sirone', 'Ronald Shannon Jackson']",0.0,0.0,73.0,29.200000000000003
25,5062,Part Four,['The Black Dog'],0.0,0.0,73.0,29.200000000000003
25,2547,"Partita No. 1 in F Minor, GWV 121, ""Winter"": III. Courrante","['Christoph Graupner', 'Naoko Akutagawa']",0.0,0.0,73.0,29.200000000000003
25,1486,Light Your World (track),['John Called Mark'],0.0,0.0,73.0,29.200000000000003
25,2770,Real,['Los Enemigos'],0.0,0.0,73.0,29.200000000000003
25,8099,Summertime,['Jay Beckenstein'],0.0,0.0,73.0,29.200000000000003
25,4513,Preludios vascos: Seask aldean erezis (Lullaby),"['Aita Donostia', 'Jordi Masó']",0.0,0.0,73.0,29.200000000000003
25,2362,Tá Dhá Gabhairín Buí Agam / The Glen Cottage / I'll Tell Me Ma,['Caoimhín Ó Raghallaigh'],0.0,0.0,73.0,29.200000000000003
25,6159,Endscape,['Negativland'],0.0,0.0,73.0,29.200000000000003
25,6969,Un rêve à la fois,['Annie Villeneuve'],0.0,0.0,73.0,29.200000000000003
25,4871,Spaghetti Western Superstar (Randolph Scott Mix),['On! Air! Library!'],0.0,0.0,73.0,29.200000000000003
25,1206,Olive Harvest,['Simon Shaheen & Qantara'],0.0,0.0,73.0,29.200000000000003
25,6999,Starry Night - Harp Guitar Duet,"['Muriel Anderson', 'John Doan']",0.0,0.0,73.0,29.200000000000003
25,8058,Intermission - blank track,['Frog Eyes'],0.0,0.0,73.0,29.200000000000003
25,1204,Fantasie for Oud & String Quartet,['Simon Shaheen & Qantara'],0.0,0.0,73.0,29.200000000000003
25,4611,"Symphony No. 2 in B-Flat Major, Op. 52, MWV A18, ""Lobgesang"" (Hymn of Praise): I. Allegretto un poco agitato","['Felix Mendelssohn', 'Majella Cullagh', 'Mary Nelson', 'Adrian Thompson', 'RTÉ Philharmonic Choir', 'RTÉ National Symphony Orchestra', 'Reinhard Seifried']",0.0,0.0,73.0,29.200000000000003
25,7014,"Sonata No. 8, Op. 13 in C Minor: Grave: Allegro di molto e con brio","['Ludwig van Beethoven', 'Arthur Rubinstein']",0.0,0.0,73.0,29.200000000000003
25,5971,Values,['Angelo Badalamenti'],0.0,0.0,73.0,29.200000000000003
25,4368,"Io, Nessuno",['Blaze of Sorrow'],0.0,0.0,73.0,29.200000000000003
25,4958,Suite in D Major: I. Prelude,"['Louis Couperin', 'Laurence Cummings']",0.0,0.0,73.0,29.200000000000003
25,984,Keg Party,['Comedian Bob Marley'],0.0,0.0,73.0,29.200000000000003
25,7169,The Box,['Moscow Symphony Orchestra conducted by William Stromberg'],0.0,0.0,73.0,29.200000000000003
25,6866,A War is Coming,['The Paper Chase'],0.0,0.0,73.0,29.200000000000003
25,6842,The First Noel/What Is This Fragrance,['Tim Story'],0.0,0.0,73.0,29.200000000000003
25,6836,Wassail Song,['Philip Aaberg'],0.0,0.0,73.0,29.200000000000003
25,7182,TV Aerials,['Moscow Symphony Orchestra conducted by William Stromberg'],0.0,0.0,73.0,29.200000000000003
25,2612,Many Years Ago,['The Pinker Tones'],0.0,0.0,73.0,29.200000000000003
25,4304,Gustave Le Gray,"['Caroline Shaw', 'Timo Andres']",0.0,0.0,73.0,29.200000000000003
25,2119,Perhaps You Would Be More Comfortable,['Paul Newman'],0.0,0.0,73.0,29.200000000000003
25,4335,Perfect Life,['Seraphim Shock'],0.0,0.0,73.0,29.200000000000003
25,4654,10 PM,['Larry Carlton'],0.17716899196156333,13.0,72.0,28.90630139517694
25,3784,Blitz,['Quasimoto'],0.17194936708860759,12.0,72.0,28.903169620253166
25,6903,Bird Song,['Orange Cake Mix'],0.051094890510948905,7.0,72.0,28.83065693430657
25,3991,Kaya,['Wale Oyejide'],0.048,6.0,72.0,28.8288
25,3700,Finally,"['Dutchieman', 'Tommy Redding']",0.048,6.0,72.0,28.8288
25,927,Religious Humor,['Neil Hamburger'],0.048,6.0,72.0,28.8288
25,568,Nora Crionna,['Míchéal Ó Briain'],0.04411764705882353,6.0,72.0,28.826470588235296
25,3569,Waiting,['The Durutti Column'],0.04411764705882353,6.0,72.0,28.826470588235296
25,6040,"2 Konzertetüden, S. 145: No. 2, Gnomenreigen. Presto scherzando","['Franz Liszt', 'Murray Perahia']",0.04411764705882353,6.0,72.0,28.826470588235296
25,3999,"Carnaval, Op. 9: No. 16. Valse allemande","['Maurice Ravel', 'Robert Schumann', 'Minnesota Orchestra', 'Eiji Oue']",0.04411764705882353,6.0,72.0,28.826470588235296
25,6741,outside the castle,['Mark Mallman'],0.04411764705882353,6.0,72.0,28.826470588235296
25,5259,Aster,['OOIOO'],0.040268456375838924,6.0,72.0,28.824161073825504
25,6469,Afterlight,['All India Radio'],0.03314917127071823,6.0,72.0,28.819889502762432
25,6003,What Will The Children Do',['Thom Rotella'],0.0,0.0,72.0,28.8
25,4636,Someday My Prince Will Come,['Cedar Walton'],0.0,0.0,72.0,28.8
25,4637,Con Alma,['Cedar Walton'],0.0,0.0,72.0,28.8
25,7154,The Lamp,['Moscow Symphony Orchestra conducted by William Stromberg'],0.0,0.0,72.0,28.8
25,3706,"Piano Concerto No. 20 in D Minor, K. 466: III. Rondo. Allegro assai - Vocal","['Wolfgang Amadeus Mozart', 'Chick Corea', 'Bobby McFerrin', 'Saint Paul Chamber Orchestra']",0.0,0.0,72.0,28.8
25,4597,Reimei,['Kitaro'],0.0,0.0,72.0,28.8
25,4934,One Man's Dream,['Yanni'],0.0,0.0,72.0,28.8
25,2833,"Concerto Grosso in E Minor, Op. 3, No. 3: I. Adagio e staccato","['Francesco Geminiani', 'Capella Istropolitana']",0.0,0.0,72.0,28.8
25,2835,"Concerto Grosso in E Minor, Op. 3, No. 3: III. Adagio","['Francesco Geminiani', 'Capella Istropolitana']",0.0,0.0,72.0,28.8
25,3610,"Symphonie fantastique, Op. 14, H. 48: I. Rêveries - Passions. Largo - Allegro agitato e appassionato assai","['Hector Berlioz', 'Michael Tilson Thomas', 'New York Philharmonic']",0.0,0.0,72.0,28.8
25,3627,Muezzin,['Trial of the Bow'],0.0,0.0,72.0,28.8
25,6455,Tala Matrix,['Tabla Beat Science'],0.0,0.0,72.0,28.8
25,6543,"Suite No.2 in F Major, HWV 427: Allegro [Fugue]","['George Frideric Handel', 'Murray Perahia']",0.0,0.0,72.0,28.8
25,837,"Marchenerzahlungen (Fairy Tale Narrations), Op. 132 *: III. Ruhiges Tempor, mit zartem Ausdruck","['Robert Schumann', 'Nobuko Imai', 'Janet Hilton', 'Roger Vignoles']",0.0,0.0,72.0,28.8
25,6536,"Suite No. 3 in D Minor, HWV 428: III. Allemande","['George Frideric Handel', 'Murray Perahia']",0.0,0.0,72.0,28.8
25,6582,Don Muerte,"['Wolfgang Amadeus Mozart', 'Klazz Brothers', 'Cuba Percussion']",0.0,0.0,72.0,28.8
25,3830,How Who,['Rivulets'],0.0,0.0,72.0,28.8
25,4800,Everything's Gone Grey,['Taylor Deupree'],0.0,0.0,72.0,28.8
25,3790,All Blues - Live at the Jazz Standard,['Frank Morgan'],0.0,0.0,72.0,28.8
25,1752,Look Here,"['Phil Johnson', 'Roadside Attraction']",0.0,0.0,72.0,28.8
25,4700,Dead Inside,['Pain Station'],0.0,0.0,72.0,28.8
25,4701,Turning Point,['Pain Station'],0.0,0.0,72.0,28.8
25,7195,The Railway,['Moscow Symphony Orchestra conducted by William Stromberg'],0.0,0.0,72.0,28.8
25,4693,"Today - Live at the Fillmore East, New York, NY - May 1968",['Jefferson Airplane'],0.0,0.0,72.0,28.8
25,7524,The Desert Is A Circle,['Six Organs Of Admittance'],0.0,0.0,72.0,28.8
25,4712,Do You Feel It',['Pain Station'],0.0,0.0,72.0,28.8
25,2949,Tups Float,['KLUtCh'],0.0,0.0,72.0,28.8
25,6532,"Suite No. 5 in E Major, HWV 430: IV. Air con Variazioni ""The Harmonious Blacksmith""","['George Frideric Handel', 'Murray Perahia']",0.0,0.0,72.0,28.8
25,4849,4 Fugues: No. 1 in D Major,"['Ernst Pepping', 'Wolfgang Stockmeier']",0.0,0.0,72.0,28.8
25,1295,Waters Of March(Aguas De Marzo),['Mary Cleere Haran'],0.0,0.0,72.0,28.8
25,1612,Diamond Road,['The Soft Hills'],0.0,0.0,72.0,28.8
25,7518,Marik,['The Jac'],0.0,0.0,72.0,28.8
25,6593,The Pilgrim's Road,['Terra Ambient'],0.0,0.0,72.0,28.8
25,6596,Sandstorm Dreaming,['Terra Ambient'],0.0,0.0,72.0,28.8
25,6598,Serpent and Stone,['Terra Ambient'],0.0,0.0,72.0,28.8
25,5980,Aftermath,['Angelo Badalamenti'],0.0,0.0,72.0,28.8
25,6050,(8:51),"['The Body Lovers', 'The Body Haters']",0.0,0.0,72.0,28.8
25,2534,"Partita in A Major, GWV 149: V. Double","['Christoph Graupner', 'Naoko Akutagawa']",0.0,0.0,72.0,28.8
25,867,Carnival Armor,['Emmalee Crane'],0.0,0.0,72.0,28.8
25,2978,The Volunteer,['Grails'],0.0,0.0,72.0,28.8
25,6651,Dance No. 4,"['Philip Glass', 'Donald Joyce']",0.0,0.0,72.0,28.8
25,6882,The Song Will Eat Itself,['The Paper Chase'],0.0,0.0,72.0,28.8
25,3420,Shears from Scar,['Achillea'],0.0,0.0,72.0,28.8
25,2354,Estemos,['E.S. Posthumus'],0.0,0.0,72.0,28.8
25,5679,Tragic Mask,['Baku Llama'],0.0,0.0,72.0,28.8
25,2342,To Fathom Eternity,['Scars Of Tomorrow'],0.0,0.0,72.0,28.8
25,6713,"Viviane, Op. 5","['Ernest Chausson', 'BBC Philharmonic', 'Yan Pascal Tortelier']",0.0,0.0,72.0,28.8
25,193,Divorce,['Neil Hamburger'],0.0,0.0,72.0,28.8
25,785,Naked Cheerleaders,['Neil Hamburger'],0.0,0.0,72.0,28.8
25,784,Divorce,['Neil Hamburger'],0.0,0.0,72.0,28.8
25,6873,It's Out There and It's Gonna Get You,['The Paper Chase'],0.0,0.0,72.0,28.8
25,5040,Johnny Otis Theme (snippet) (hidden track),['Johnny Otis'],0.0,0.0,72.0,28.8
25,771,Filament 1 - 8,"['Sachiko M', 'Yoshihide Otomo']",0.0,0.0,72.0,28.8
25,1578,Underworld,['Kitaro'],0.0,0.0,72.0,28.8
25,1575,Winter Waltz,['Kitaro'],0.0,0.0,72.0,28.8
25,4250,Le Chateau Hanté,['Champignons'],0.0,0.0,72.0,28.8
25,6852,Dr. C,"['Alias', 'Tarsier']",0.0,0.0,72.0,28.8
25,1570,Solar System Trapeze,['Kitaro'],0.0,0.0,72.0,28.8
25,6814,Loki's Fury,['Bloodaxe'],0.0,0.0,72.0,28.8
25,2104,Noah Will Be Your Grave,['The Acacia Strain'],0.0,0.0,72.0,28.8
25,3947,"St. Luke Passion, TWV 5:13: Arioso: Ihr Tochter von Jerusalem (Jesus, Evangelist)","['Georg Philipp Telemann', 'Wolfgang Klose', 'Marcus Ullmann', 'Christian Hilz', 'Raimonds Spogis', 'Thilo Dahlmann', 'Kolner Akademie Choir', 'Kölner Akademie', 'Michael Alexander Willens']",0.0,0.0,72.0,28.8
25,1922,Vile Putrescent Dilapidated Mortal Remains Lying in the Morgue,['Abysmal Torment'],0.0,0.0,72.0,28.8
25,3944,"St. Luke Passion, TWV 5:13: Recitative: So wird durch Somsons Tod ein ganzes Heer verdorben (Tenor)","['Georg Philipp Telemann', 'Wolfgang Klose', 'Marcus Ullmann', 'Christian Hilz', 'Raimonds Spogis', 'Thilo Dahlmann', 'Kolner Akademie Choir', 'Kölner Akademie', 'Michael Alexander Willens']",0.0,0.0,72.0,28.8
25,4511,Preludios vascos: Aitonaren ele-zaarrak (Grandfather's Tale),"['Aita Donostia', 'Jordi Masó']",0.0,0.0,72.0,28.8
25,5344,In Limbo - Elastisch,['Klimek'],0.0,0.0,72.0,28.8
25,2957,Opiate Ocean,['Skin Area'],0.0,0.0,72.0,28.8
25,1137,The Key,"['Deuter', 'Chaitanya Hari Deuter']",0.0,0.0,72.0,28.8
25,5342,Yuppies With Jeeps - Working Towards Independence,['Klimek'],0.0,0.0,72.0,28.8
25,5667,Discord,['Baku Llama'],0.0,0.0,72.0,28.8
25,4535,Oceans of the Heavens,"['Craig Padilla', 'Zero Ohms', 'Skip Murphy']",0.0,0.0,72.0,28.8
25,6150,Sycamore,['Negativland'],0.0,0.0,72.0,28.8
25,2955,As Whole As I Can Be,['Skin Area'],0.0,0.0,72.0,28.8
25,2953,Static No5,['Lazyfish'],0.0,0.0,72.0,28.8
25,3004,Ultra Mega,['Powerman 5000'],0.0,0.0,72.0,28.8
25,6983,Angels Alight....,['Harold Budd'],0.0,0.0,72.0,28.8
25,6985,Breathless... II,['Harold Budd'],0.0,0.0,72.0,28.8
25,8047,Sound Travels From The Snow To The Dark,['Frog Eyes'],0.0,0.0,72.0,28.8
25,2433,27 Seconds,['Dave Moisan'],0.0,0.0,72.0,28.8
25,183,O.J.,['Neil Hamburger'],0.04411764705882353,6.0,71.0,28.426470588235297
25,6719,Kyvalka,"['Radim Zenkl', 'Leo Chern']",0.04411764705882353,6.0,71.0,28.426470588235297
25,971,Dad's Boxers,['Comedian Bob Marley'],0.040268456375838924,6.0,71.0,28.424161073825505
25,5332,Young Caesar 2000,['The Mountain Goats'],0.040268456375838924,6.0,71.0,28.424161073825505
25,3858,Desert Grave,['Dog Fashion Disco'],0.0379746835443038,6.0,71.0,28.422784810126583
25,1068,I Think I Love Her,['Gucci Mane'],0.03428571428571429,6.0,71.0,28.42057142857143
25,6102,Relapse Into Sickness,['Abysmal Torment'],0.03428571428571429,6.0,71.0,28.42057142857143
25,3799,Lyon no 6 / Kafe Myzik 28.04.03,"['Martin Tétreault', 'Yoshihide Otomo']",0.030456852791878174,6.0,71.0,28.418274111675128
25,770,Filament 1 - 7,"['Sachiko M', 'Yoshihide Otomo']",0.0,0.0,71.0,28.400000000000002
25,7998,Suki Swims,['Delarosa And Asora'],0.0,0.0,71.0,28.400000000000002
25,910,Murphy's Law,['Neil Hamburger'],0.0,0.0,71.0,28.400000000000002
25,772,Filament 1 - 9,"['Sachiko M', 'Yoshihide Otomo']",0.0,0.0,71.0,28.400000000000002
25,641,Need,"['Kip Hanrahan', 'Brandon Ross']",0.0,0.0,71.0,28.400000000000002
25,7897,"Concerto Grosso in F Major, Op. 1, No. 7: III. Allegro","['Pietro Locatelli', 'Capella Istropolitana', 'Jaroslav Krcek']",0.0,0.0,71.0,28.400000000000002
25,7689,Mary Is Mary,['Wye Oak'],0.0,0.0,71.0,28.400000000000002
25,168,Anniversarys,['Neil Hamburger'],0.0,0.0,71.0,28.400000000000002
25,161,Factory Outlet Malls,['Neil Hamburger'],0.0,0.0,71.0,28.400000000000002
25,198,Dating,['Neil Hamburger'],0.0,0.0,71.0,28.400000000000002
25,1290,Interlude: Regarding Rodgers & Hart,['Mary Cleere Haran'],0.0,0.0,71.0,28.400000000000002
25,594,Symphony No. 1 in C Major: I. Largo - Allegro vivo,"['Mily Balakirev', 'Russian State Symphony Orchestra', 'Igor Golovschin']",0.0,0.0,71.0,28.400000000000002
25,931,Antarctica/New Jokes,['Neil Hamburger'],0.0,0.0,71.0,28.400000000000002
25,201,Motels,['Neil Hamburger'],0.0,0.0,71.0,28.400000000000002
25,7648,Ménilmontant,['Philippe Gautier'],0.0,0.0,71.0,28.400000000000002
25,836,"Marchenerzahlungen (Fairy Tale Narrations), Op. 132 *: II. Lebhaft und sehr markirt","['Robert Schumann', 'Nobuko Imai', 'Janet Hilton', 'Roger Vignoles']",0.0,0.0,71.0,28.400000000000002
25,8115,Minutes Pass,['Familiar Trees'],0.0,0.0,71.0,28.400000000000002
25,51,21st Century Devil,['Dødheimsgard'],0.0,0.0,71.0,28.400000000000002
25,8139,Life,['Ozny'],0.0,0.0,71.0,28.400000000000002
25,190,The Most Annoying Thing,['Neil Hamburger'],0.0,0.0,71.0,28.400000000000002
25,791,Alzheimer's,['Neil Hamburger'],0.0,0.0,71.0,28.400000000000002
25,7789,Letter To A Friend - Bonus Track,['The Mountains & The Trees'],0.0,0.0,71.0,28.400000000000002
25,137,"The Love For Three Oranges, Op. 33 (Sung in English): Act I Scene 2: It's Chelio! (Eccentrics, Little Devils, Chelio, Fata Margana)","['Sergei Prokofiev', 'Bruce Martin', 'John Mac Master', 'Deborah Humble', 'Teddy Tahu Rhodes', 'William Ferguson', 'Warwick Fyfe', 'Jud Arthur', 'Elizabeth Whitehouse', 'Wendy Dawn Thompson', 'Sally-Anne Russell', 'Ali McGregor', 'Arend Baumann', 'Richard Alexander', 'Catherine Carby', 'Graeme Macfarlane', 'Tim DuFore', 'Opera Australia Chorus', 'Australian Opera and Ballet Orchestra', 'Richard Hickox']",0.0,0.0,71.0,28.400000000000002
25,969,Meet the Parents,['Comedian Bob Marley'],0.0,0.0,71.0,28.400000000000002
25,905,Introduction,['Neil Hamburger'],0.0,0.0,71.0,28.400000000000002
25,6919,Sleep,['The Year Of'],0.0,0.0,71.0,28.400000000000002
25,4982,Suite in F Major: VII. Gaillarde,"['Louis Couperin', 'Laurence Cummings']",0.0,0.0,71.0,28.400000000000002
25,4523,Preludios vascos: Sagar-dantza (Dance of the Apples),"['Aita Donostia', 'Jordi Masó']",0.0,0.0,71.0,28.400000000000002
25,5446,Sister Carrie: She Finds Work in a Vast Shoe Factory (Live),"['Robert Aldridge', 'Milwaukee Symphony Orchestra', 'William Boggs']",0.0,0.0,71.0,28.400000000000002
25,2247,Prelude,['Sam Baker'],0.0,0.0,71.0,28.400000000000002
25,4920,Earache My Eye,['Korn'],0.0,0.0,71.0,28.400000000000002
25,3424,Achillea - Exodus,['Achillea'],0.0,0.0,71.0,28.400000000000002
25,2105,Doppleganger,['The Acacia Strain'],0.0,0.0,71.0,28.400000000000002
25,5547,In The Realm Of The Shadow,['Popol Vuh'],0.0,0.0,71.0,28.400000000000002
25,4321,Maize Stalk Drinking Blood,['The Mountain Goats'],0.0,0.0,71.0,28.400000000000002
25,3194,Light Blue,['Tommy Flanagan'],0.0,0.0,71.0,28.400000000000002
25,3045,"Die Walkure, Act III: Ride of the Valkyries (arr. for brass band)","['Richard Wagner', 'Brian T. Keeling', 'Coldstream Guards Regimental Band', 'T.L. Sharpe']",0.0,0.0,71.0,28.400000000000002
25,7178,The Reading,['Moscow Symphony Orchestra conducted by William Stromberg'],0.0,0.0,71.0,28.400000000000002
25,3994,"Miroirs, M. 43: Alborada del gracioso","['Maurice Ravel', 'Minnesota Orchestra', 'Eiji Oue']",0.0,0.0,71.0,28.400000000000002
25,3926,"St. Luke Passion, TWV 5:13: Recitative: Er sprach aber zu ihnen (Evangelist, Chours)","['Georg Philipp Telemann', 'Wolfgang Klose', 'Marcus Ullmann', 'Christian Hilz', 'Raimonds Spogis', 'Thilo Dahlmann', 'Kolner Akademie Choir', 'Kölner Akademie', 'Michael Alexander Willens']",0.0,0.0,71.0,28.400000000000002
25,2028,"Love Theme from ""Romeo and Juliet"" - Remastered",['Henry Mancini'],0.0,0.0,71.0,28.400000000000002
25,2029,Whistling Away The Dark - REMASTERED,['Henry Mancini'],0.0,0.0,71.0,28.400000000000002
25,6460,The Original,['All India Radio'],0.0,0.0,71.0,28.400000000000002
25,3907,"St. Luke Passion, TWV 5:13: Recitative: Israel, ach! Geliebtes Vaterz (Joseph)","['Georg Philipp Telemann', 'Wolfgang Klose', 'Marcus Ullmann', 'Christian Hilz', 'Raimonds Spogis', 'Thilo Dahlmann', 'Kolner Akademie Choir', 'Kölner Akademie', 'Michael Alexander Willens']",0.0,0.0,71.0,28.400000000000002
25,1703,My People (Samay Nit),"[""Youssou N'Dour""]",0.0,0.0,71.0,28.400000000000002
25,4008,Pictures at an Exhibition (Orch. M. Ravel): IV. Bydlo,"['Modest Mussorgsky', 'Maurice Ravel', 'Minnesota Orchestra', 'Eiji Oue']",0.0,0.0,71.0,28.400000000000002
25,1850,Nightfall,['Sean McCann'],0.0,0.0,71.0,28.400000000000002
25,3417,Cape Porcupine,['Achillea'],0.0,0.0,71.0,28.400000000000002
25,2858,"Sonata a 5 in G Minor, Op. 2, No. 6: I. Adagio","['Tomaso Albinoni', 'Capella Istropolitana']",0.0,0.0,71.0,28.400000000000002
25,4086,"Fantasy & Fugue on the Chorale ""Ad nos, ad salutarem undam"", S. 259: Un poco piu di moto","['Franz Liszt', 'Felix Hell']",0.0,0.0,71.0,28.400000000000002
25,4094,Hey,['Myka 9'],0.0,0.0,71.0,28.400000000000002
25,2732,"Violin Sonata No. 1 in G Minor, BWV 1001: IV. Presto","['Johann Sebastian Bach', 'Lucy van Dael']",0.0,0.0,71.0,28.400000000000002
25,2349,Nara (Theme to Cold Case),['E.S. Posthumus'],0.0,0.0,71.0,28.400000000000002
25,4990,Wasps Encircle the Shroud,['Halo'],0.0,0.0,71.0,28.400000000000002
25,6534,"Suite No. 3 in D Minor, HWV 428: I. Prélude - Presto","['George Frideric Handel', 'Murray Perahia']",0.0,0.0,71.0,28.400000000000002
25,2346,Harappa,['E.S. Posthumus'],0.0,0.0,71.0,28.400000000000002
25,2950,For After,['Alexandroid'],0.0,0.0,71.0,28.400000000000002
25,5080,"4 Piano Pieces, Op. 1: Mazurka con grazia","['Edvard Grieg', 'Einar Steen-Nøkleberg']",0.0,0.0,71.0,28.400000000000002
25,4166,Scene 19: She Took the Path,['Philip Glass'],0.0,0.0,71.0,28.400000000000002
25,4020,"St. John's Night on Bald Mountain, ""A Night on the Bare Mountain"" (original version)","['Modest Mussorgsky', 'Minnesota Orchestra', 'Eiji Oue']",0.0,0.0,71.0,28.400000000000002
25,5074,"Piano Sonata in E Minor, Op. 7: II. Andante molto","['Edvard Grieg', 'Einar Steen-Nøkleberg']",0.0,0.0,71.0,28.400000000000002
25,7506,Shivers,['Lightning Strikes Across the Sky'],0.0,0.0,71.0,28.400000000000002
25,3705,"Piano Concerto No. 20 in D Minor, K. 466: II. Romance - Vocal","['Wolfgang Amadeus Mozart', 'Chick Corea', 'Bobby McFerrin', 'Saint Paul Chamber Orchestra']",0.0,0.0,71.0,28.400000000000002
25,4969,Suite in A Minor: VI. Menuet de Poitou et son Double,"['Louis Couperin', 'Laurence Cummings']",0.0,0.0,71.0,28.400000000000002
25,5044,Ain't No Sunshine,['Christy Baron'],0.16418466120625466,12.0,70.0,28.09851079672375
25,994,Vacation,['Comedian Bob Marley'],0.048,6.0,70.0,28.0288
25,7478,Ojos Negros,['Aníbal Troilo Y Su Orquesta Típica'],0.048,6.0,70.0,28.0288
25,1851,Broth,['Sean McCann'],0.04411764705882353,6.0,70.0,28.026470588235295
25,4639,Everytime We Say Goodbye,['Cedar Walton'],0.04411764705882353,6.0,70.0,28.026470588235295
25,5471,"Sister Carrie, Act II: This Is a Moment I Only Knew in My Dreams (Live)","['Robert Aldridge', 'Keith Phares', 'Adriana Zabala', 'Ariana Douglas', 'Milwaukee Symphony Orchestra', 'William Boggs']",0.04411764705882353,6.0,70.0,28.026470588235295
25,1163,Ballad Medley: Darn That Dream / Where or When / In Love in Vain / Stardust,['Hank Mobley Quintet'],0.04411764705882353,6.0,70.0,28.026470588235295
25,4240,Screwy Music Pt 02,['Various Artists'],0.0379746835443038,6.0,70.0,28.02278481012658
25,7228,Zigeunerliebe: Overture,"['Franz Lehár', 'Johanna Stojkovic', 'Dagmar Schellenberger', 'Zoran Todorovich', 'Bernhard Schneider', 'Ksenija Lukic', 'Stefan-Alexander Rankl', 'Markus Kohler', 'Raphaela Schulze', 'Andreas Horl', 'Andrej Bielow', 'North German Radio Chorus', 'North German Radio Philharmonic Orchestra', 'Frank Beermann']",0.0,0.0,70.0,28.0
25,7122,A Girl's Story,['Emily Bear'],0.0,0.0,70.0,28.0
25,6529,"Suite No. 5 in E Major, HWV 430: I. Prelude","['George Frideric Handel', 'Murray Perahia']",0.0,0.0,70.0,28.0
25,6549,"Sonata in E Major, K 206","['Domenico Scarlatti', 'Murray Perahia']",0.0,0.0,70.0,28.0
25,4025,"Tam o' Shanter, Op. 51","['Malcolm Arnold', 'Minnesota Orchestra', 'Eiji Oue']",0.0,0.0,70.0,28.0
25,5079,"4 Piano Pieces, Op. 1: Non allegro e molto espressivo","['Edvard Grieg', 'Einar Steen-Nøkleberg']",0.0,0.0,70.0,28.0
25,7120,Good Bye,['Emily Bear'],0.0,0.0,70.0,28.0
25,3244,Eclipse,['Autumn Tears'],0.0,0.0,70.0,28.0
25,3242,Pandora's Womb,['Autumn Tears'],0.0,0.0,70.0,28.0
25,7137,"Keyboard Sonata in B-Flat Major, Op. 5, No. 1, W. A1: I. Allegretto","['Johann Christian Bach', 'Sophie Yates']",0.0,0.0,70.0,28.0
25,216,"The Night Has 1000 Eyes -10,000 Eyes Part 1",['Denny Zeitlin'],0.0,0.0,70.0,28.0
25,7693,"Sight, Flight",['Wye Oak'],0.0,0.0,70.0,28.0
25,6714,"Soir de fete, Op. 32","['Ernest Chausson', 'BBC Philharmonic', 'Yan Pascal Tortelier']",0.0,0.0,70.0,28.0
25,162,Menswear,['Neil Hamburger'],0.0,0.0,70.0,28.0
25,7168,The Cafe,['Moscow Symphony Orchestra conducted by William Stromberg'],0.0,0.0,70.0,28.0
25,7918,"Concerto Grosso in G Minor, Op. 1, No. 12: III. Sarabanda","['Pietro Locatelli', 'Capella Istropolitana', 'Jaroslav Krcek']",0.0,0.0,70.0,28.0
25,1284,In The Bleak Midwinter,['Chanticleer'],0.0,0.0,70.0,28.0
25,4000,"Carnaval, Op. 9: No. 21. Marche des Davidsbundler contre les Philistins","['Maurice Ravel', 'Robert Schumann', 'Minnesota Orchestra', 'Eiji Oue']",0.0,0.0,70.0,28.0
25,5743,ääniesineitâ 6,['antti rannisto'],0.0,0.0,70.0,28.0
25,194,Rich Little Tribute,['Neil Hamburger'],0.0,0.0,70.0,28.0
25,1359,Once Inna Life (feat. DJ Collage),"['60 Channels', 'DJ Collage']",0.0,0.0,70.0,28.0
25,138,"The Love For Three Oranges, Op. 33 (Sung in English): Act I Scene 2: The best-laid plans of mice and men can meet frustration (Leandro, Clarissa, Tragedians, Eccentrics)","['Sergei Prokofiev', 'Bruce Martin', 'John Mac Master', 'Deborah Humble', 'Teddy Tahu Rhodes', 'William Ferguson', 'Warwick Fyfe', 'Jud Arthur', 'Elizabeth Whitehouse', 'Wendy Dawn Thompson', 'Sally-Anne Russell', 'Ali McGregor', 'Arend Baumann', 'Richard Alexander', 'Catherine Carby', 'Graeme Macfarlane', 'Tim DuFore', 'Opera Australia Chorus', 'Australian Opera and Ballet Orchestra', 'Richard Hickox']",0.0,0.0,70.0,28.0
25,6378,Recognize Me,['Jay Gatz'],0.0,0.0,70.0,28.0
25,6652,Mad Rush,"['Philip Glass', 'Donald Joyce']",0.0,0.0,70.0,28.0
25,2744,"Violin Sonata No. 2 in A Minor, BWV 1003: IV. Allegro","['Johann Sebastian Bach', 'Lucy van Dael']",0.0,0.0,70.0,28.0
25,838,"Marchenerzahlungen (Fairy Tale Narrations), Op. 132 *: IV. Lebhaft, sehr markirt - Etwas ruhigeres Tempo - Erstes Tempo","['Robert Schumann', 'Nobuko Imai', 'Janet Hilton', 'Roger Vignoles']",0.0,0.0,70.0,28.0
25,6464,Tomorrowland,['All India Radio'],0.0,0.0,70.0,28.0
25,5527,The Ancient Lords,['Kriegsfall-U'],0.0,0.0,70.0,28.0
25,3238,Dawn,['Autumn Tears'],0.0,0.0,70.0,28.0
25,6540,"Suite No. 3 in D Minor, HWV 428: Adagio","['George Frideric Handel', 'Murray Perahia']",0.0,0.0,70.0,28.0
25,597,Symphony No. 1 in C Major: IV. Finale: Allegro moderato,"['Mily Balakirev', 'Russian State Symphony Orchestra', 'Igor Golovschin']",0.0,0.0,70.0,28.0
25,7421,Lucky Bastard,['Unai'],0.0,0.0,70.0,28.0
25,37,Dushman,['Dødheimsgard'],0.0,0.0,70.0,28.0
25,4512,Preludios vascos: Artzai gaztearen oiuak (Shepherd-boy's Song),"['Aita Donostia', 'Jordi Masó']",0.0,0.0,70.0,28.0
25,5340,Accompaning Guilty Thoughts Of Unautorized Candy - Heimatlos,['Klimek'],0.0,0.0,70.0,28.0
25,2461,Currents,['Kingsuk Biswas'],0.0,0.0,70.0,28.0
25,4386,Idut,"['Cecil Taylor', 'Jimmy Lyons', 'Raphé Malik', 'Ramsey Ameen', 'Sirone', 'Ronald Shannon Jackson']",0.0,0.0,70.0,28.0
25,4524,Preludios vascos: Esku-dantza (Dance of the Hands),"['Aita Donostia', 'Jordi Masó']",0.0,0.0,70.0,28.0
25,2046,Wonderful Wonderful,['Neil Hamburger'],0.0,0.0,70.0,28.0
25,5084,"Stimmungen (Moods), Op. 73: Scherzo-Impromptu","['Edvard Grieg', 'Einar Steen-Nøkleberg']",0.0,0.0,70.0,28.0
25,999,Rooms Between Us,['Express Rising'],0.0,0.0,70.0,28.0
25,4575,Elegy,['The Red Krayola'],0.0,0.0,70.0,28.0
25,1008,Answering Echo So Near,['Express Rising'],0.0,0.0,70.0,28.0
25,42,Secret Identity,['Dødheimsgard'],0.0,0.0,70.0,28.0
25,4591,Hajimari,['Kitaro'],0.0,0.0,70.0,28.0
25,43,The Vile Delinquents,['Dødheimsgard'],0.0,0.0,70.0,28.0
25,7012,Little Sister's Child - John Solo,"['Muriel Anderson', 'John Doan']",0.0,0.0,70.0,28.0
25,4593,Koi,['Kitaro'],0.0,0.0,70.0,28.0
25,6885,At The Other End Of The Leash,['The Paper Chase'],0.0,0.0,70.0,28.0
25,7526,Wolves' Pup,['Six Organs Of Admittance'],0.0,0.0,70.0,28.0
25,7022,"Sonata No. 23, Op. 57 in F Minor: Allegro con moto","['Ludwig van Beethoven', 'Arthur Rubinstein']",0.0,0.0,70.0,28.0
25,664,You're Not Good Enough,['Neil Hamburger'],0.0,0.0,70.0,28.0
25,4983,Suite in F Major: VIII. Chaconne,"['Louis Couperin', 'Laurence Cummings']",0.0,0.0,70.0,28.0
25,4724,"Symphony No. 2 In C minor, WAB 102 (1872 version): III. Andante: Feierlich, etwas bewegt","['Anton Bruckner', 'RTÉ National Symphony Orchestra']",0.0,0.0,70.0,28.0
25,2394,Bird Soul - Ornithomancy Mix,"['Pitch Black', 'Kerretta']",0.0,0.0,70.0,28.0
25,4725,"Symphony No. 2 In C minor, WAB 102 (1872 version): IV. Finale: Mehr Schnell","['Anton Bruckner', 'RTÉ National Symphony Orchestra']",0.0,0.0,70.0,28.0
25,2395,Bird Soul - Live at Red Bull,['Pitch Black'],0.0,0.0,70.0,28.0
25,4148,Scene 2: Paul Is Dying,['Philip Glass'],0.0,0.0,70.0,28.0
25,1884,"Almost Startling, Really!",['Neil Hamburger'],0.0,0.0,70.0,28.0
25,1546,Flying Factory,['Shoplifting'],0.048,6.0,69.0,27.628800000000002
25,1878,Popular Movies,['Neil Hamburger'],0.048,6.0,69.0,27.628800000000002
25,909,The Cola Wars,['Neil Hamburger'],0.048,6.0,69.0,27.628800000000002
25,6870,"Abby, You're Going to Burn For What You've Done to Me",['The Paper Chase'],0.04411764705882353,6.0,69.0,27.626470588235296
25,2360,An Chéad Mháirt den Fhomhair / Na Gamhna Geala,['Brendan Begley'],0.04411764705882353,6.0,69.0,27.626470588235296
25,5413,Black Molly,['The Mountain Goats'],0.04411764705882353,6.0,69.0,27.626470588235296
25,483,Helicopters,['Gus Black'],0.0379746835443038,6.0,69.0,27.622784810126582
25,7148,"Keyboard Sonata in E Major, Op. 5, No. 5, W. A5: III. Prestissimo","['Johann Christian Bach', 'Sophie Yates']",0.0379746835443038,6.0,69.0,27.622784810126582
25,3614,"Symphonie fantastique, Op. 14, H. 48: V. Songe d'une nuit du sabbat. Larghetto - Allegro","['Hector Berlioz', 'Michael Tilson Thomas', 'New York Philharmonic']",0.0,0.0,69.0,27.6
25,6913,Mantra,['The Year Of'],0.0,0.0,69.0,27.6
25,1135,Abraxas,"['Deuter', 'Chaitanya Hari Deuter']",0.0,0.0,69.0,27.6
25,906,Selamat Malam,['Neil Hamburger'],0.0,0.0,69.0,27.6
25,2901,Lullaby My Sweet Little Babe,"['William Byrd', 'The Sixteen', 'Harry Christophers']",0.0,0.0,69.0,27.6
25,6757,Never,['Terranova'],0.0,0.0,69.0,27.6
25,5303,Tease Her,['OOIOO'],0.0,0.0,69.0,27.6
25,3059,"Suite in D Major: IV. The Prince of Denmark's March, ""Trumpet Voluntary""","['Jeremiah Clarke', 'B. Brown', 'Coldstream Guards Regimental Band', 'T.L. Sharpe']",0.0,0.0,69.0,27.6
25,1272,Gabriel's Message,['Chanticleer'],0.0,0.0,69.0,27.6
25,3228,"Keyboard Sonata No. 45 in A Major, Hob.XVI:30: II. Tempo di Menuet","['Franz Joseph Haydn', 'Jenő Jandó']",0.0,0.0,69.0,27.6
25,5465,"Sister Carrie, Act I: You Are the Only Wonder (Live)","['Robert Aldridge', 'Keith Phares', 'Milwaukee Symphony Orchestra', 'William Boggs']",0.0,0.0,69.0,27.6
25,251,Important Signals Will Break The Darkness (This I Hope),['Frog Eyes'],0.0,0.0,69.0,27.6
25,121,Like as the Hart,"['Herbert Howells', 'Michael Bloss', ""Choir of St John's, Elora"", 'Noel Edison']",0.0,0.0,69.0,27.6
25,5258,Niko Niko Niko,['OOIOO'],0.0,0.0,69.0,27.6
25,3704,"Piano Concerto No. 20 in D Minor, K. 466: Prelude - I. Allegro (Arr. C. Corea & B. McFerrin for Vocals, Piano & Orchestra) - Vocal","['Wolfgang Amadeus Mozart', 'Chick Corea', 'Bobby McFerrin', 'Saint Paul Chamber Orchestra']",0.0,0.0,69.0,27.6
25,3226,"Keyboard Sonata No. 44 in F Major, Hob.XVI:29: III. Tempo di Menuet","['Franz Joseph Haydn', 'Jenő Jandó']",0.0,0.0,69.0,27.6
25,1280,Tomorrow Shall Be My Dancing Day,['Chanticleer'],0.0,0.0,69.0,27.6
25,3611,"Symphonie fantastique, Op. 14, H. 48: II. Un bal. Valse. Allegro non troppo","['Hector Berlioz', 'Michael Tilson Thomas', 'New York Philharmonic']",0.0,0.0,69.0,27.6
25,3198,Thelonious,['Tommy Flanagan'],0.0,0.0,69.0,27.6
25,3229,"Keyboard Sonata No. 46 in E Major, Hob.XVI:31: I. Moderato","['Franz Joseph Haydn', 'Jenő Jandó']",0.0,0.0,69.0,27.6
25,4964,Suite in A Minor: I. Prelude a l'imitation de Mr Froberger,"['Louis Couperin', 'Laurence Cummings']",0.0,0.0,69.0,27.6
25,3998,"Carnaval, Op. 9: No. 1. Preambule","['Maurice Ravel', 'Robert Schumann', 'Minnesota Orchestra', 'Eiji Oue']",0.0,0.0,69.0,27.6
25,809,Little Jazz,['Clark Terry'],0.0,0.0,69.0,27.6
25,4615,"Symphony No. 2 in B-Flat Major, Op. 52, MWV A18, ""Lobgesang"" (Hymn of Praise): IV. A tempo moderato","['Felix Mendelssohn', 'Majella Cullagh', 'Mary Nelson', 'Adrian Thompson', 'RTÉ Philharmonic Choir', 'RTÉ National Symphony Orchestra', 'Reinhard Seifried']",0.0,0.0,69.0,27.6
25,4851,4 Fugues: No. 3. in E-Flat Major,"['Ernst Pepping', 'Wolfgang Stockmeier']",0.0,0.0,69.0,27.6
25,4016,Pictures at an Exhibition (Orch. M. Ravel): X. The Great Gate of Kiev,"['Modest Mussorgsky', 'Maurice Ravel', 'Minnesota Orchestra', 'Eiji Oue']",0.0,0.0,69.0,27.6
25,2538,"Partita in C Minor, GWV 133: I. Praeludium","['Christoph Graupner', 'Naoko Akutagawa']",0.0,0.0,69.0,27.6
25,764,Filament 1 - 1,"['Sachiko M', 'Yoshihide Otomo']",0.0,0.0,69.0,27.6
25,4516,"Preludios vascos: Ilargitan, emazte-gayanerontz (Singing in the Moonlight)","['Aita Donostia', 'Jordi Masó']",0.0,0.0,69.0,27.6
25,5086,"Stimmungen (Moods), Op. 73: Folketone (Folk Melody)","['Edvard Grieg', 'Einar Steen-Nøkleberg']",0.0,0.0,69.0,27.6
25,2424,All Praise to Thee,['Celestial Bloodshed'],0.0,0.0,69.0,27.6
25,675,Sf Hotline,['Neil Hamburger'],0.0,0.0,69.0,27.6
25,5085,"Stimmungen (Moods), Op. 73: Natligt ridt (Night Ride)","['Edvard Grieg', 'Einar Steen-Nøkleberg']",0.0,0.0,69.0,27.6
25,666,Rock and Roll,['Neil Hamburger'],0.0,0.0,69.0,27.6
25,4225,Nothing Left to Pawn,['Seepeoples'],0.0,0.0,69.0,27.6
25,164,Woman's Lingerie,['Neil Hamburger'],0.0,0.0,69.0,27.6
25,4303,In manus tuas,"['Caroline Shaw', 'Clarice Jensen']",0.0,0.0,69.0,27.6
25,4309,"In a Treeless Place, Only Snow","['John Luther Adams', 'American Contemporary Music Ensemble']",0.0,0.0,69.0,27.6
25,598,Islamey,"['Sergei Lyapunov', 'Mily Balakirev', 'Russian State Symphony Orchestra', 'Igor Golovschin']",0.0,0.0,69.0,27.6
25,4326,Joy Ride Ta Hell,['Seraphim Shock'],0.0,0.0,69.0,27.6
25,3995,"Sheherazade, Ouverture de feerie","['Maurice Ravel', 'Minnesota Orchestra', 'Eiji Oue']",0.0,0.0,69.0,27.6
25,5551,Ah!,['Popol Vuh'],0.0,0.0,69.0,27.6
25,7924,"Symphony No. 6 in A Minor ""Tragic"": IV. Finale. Allegro moderato - Allegro energico","['Gustav Mahler', 'New York Philharmonic', 'Leonard Bernstein']",0.0,0.0,69.0,27.6
25,3802,Grenoble no 8 / Le 102 29.04.03,"['Martin Tétreault', 'Yoshihide Otomo']",0.0,0.0,69.0,27.6
25,4684,"Intro/The Ballad of You and Me and Pooneil - Live at the Fillmore East, New York, NY - May 1968",['Jefferson Airplane'],0.0,0.0,69.0,27.6
25,4749,Hubble,['Eastern Blok'],0.0,0.0,69.0,27.6
25,6535,"Suite No. 3 in D Minor, HWV 428: II. Allegro","['George Frideric Handel', 'Murray Perahia']",0.0,0.0,69.0,27.6
25,1747,Post Office,"['Phil Johnson', 'Roadside Attraction']",0.0,0.0,69.0,27.6
25,3876,Ananda,['Love Spirals Downwards'],0.0,0.0,69.0,27.6
25,7666,...,['Godzuki'],0.0,0.0,69.0,27.6
25,840,"Piano Trio in E-Flat Major, K. 498 ""Kegelstatt"": II. Menuetto","['Wolfgang Amadeus Mozart', 'Nobuko Imai', 'Janet Hilton', 'Roger Vignoles']",0.0,0.0,69.0,27.6
25,4723,"Symphony No. 2 In C minor, WAB 102 (1872 version): II. Scherzo: Schnell","['Anton Bruckner', 'RTÉ National Symphony Orchestra']",0.0,0.0,69.0,27.6
25,862,Crowd of Reeds,['Emmalee Crane'],0.0,0.0,69.0,27.6
25,5753,the metallophone song no. 2,['Sébastien Roux'],0.0,0.0,69.0,27.6
25,7175,The Hose,['Moscow Symphony Orchestra conducted by William Stromberg'],0.0,0.0,69.0,27.6
25,5200,"Piano Trio No. 3 in C Minor, Op.1 No. 3 (2001 - Remaster): III. Menuetto (Quasi allegro) & Trio","['Daniel Barenboim', 'Jacqueline du Pré', 'Pinchas Zukerman']",0.0,0.0,69.0,27.6
25,2841,"Concerto Grosso in G Minor, Op. 8, No. 6: I. Grave - Vivace","['Giuseppe Torelli', 'Capella Istropolitana']",0.04411764705882353,6.0,68.0,27.226470588235298
25,639,Unfinished Dusk,['Kip Hanrahan'],0.0379746835443038,6.0,68.0,27.222784810126583
25,7520,Major Major Major,['The Jac'],0.0379746835443038,6.0,68.0,27.222784810126583
25,3066,"Piano Sonata No. 2, Op. 38: III. Toccata. Allegro molto","['Unknown', 'Glenn Gould']",0.0,0.0,68.0,27.200000000000003
25,6005,The Gift,['Thom Rotella'],0.0,0.0,68.0,27.200000000000003
25,4507,Preludios vascos: Oyanian (In the Wood),"['Aita Donostia', 'Jordi Masó']",0.0,0.0,68.0,27.200000000000003
25,3065,"Piano Sonata No. 2, Op. 38: II. Andante","['Unknown', 'Glenn Gould']",0.0,0.0,68.0,27.200000000000003
25,6904,Out the Door,['Orange Cake Mix'],0.0,0.0,68.0,27.200000000000003
25,4519,Preludios vascos: Malkoa (Tears),"['Aita Donostia', 'Jordi Masó']",0.0,0.0,68.0,27.200000000000003
25,4588,Earth In Bloom,['Kitaro'],0.0,0.0,68.0,27.200000000000003
25,122,Psalm 148: Psalm CXLVIII,"['Thomas Attwood Walmisley', 'Michael Bloss', ""Choir of St John's, Elora"", 'Noel Edison']",0.0,0.0,68.0,27.200000000000003
25,4594,Orochi,['Kitaro'],0.0,0.0,68.0,27.200000000000003
25,3161,The Comeup (Come Down),['Madlib'],0.0,0.0,68.0,27.200000000000003
25,1000,Memorabilia,['Express Rising'],0.0,0.0,68.0,27.200000000000003
25,1015,My Beloved (Moonlight Sonata),['Patrizia'],0.0,0.0,68.0,27.200000000000003
25,6539,"Suite No. 3 in D Minor, HWV 428: VI. Presto","['George Frideric Handel', 'Murray Perahia']",0.0,0.0,68.0,27.200000000000003
25,3231,"Keyboard Sonata No. 46 in E Major, Hob.XVI:31: III. Finale: Presto","['Franz Joseph Haydn', 'Jenő Jandó']",0.0,0.0,68.0,27.200000000000003
25,8033,I'm Little but I'm Loud,['Martina McBride'],0.0,0.0,68.0,27.200000000000003
25,6653,Dance No. 2,"['Philip Glass', 'Donald Joyce']",0.0,0.0,68.0,27.200000000000003
25,4903,No Mail,['duo505'],0.0,0.0,68.0,27.200000000000003
25,865,You Coil Like Flowers,['Emmalee Crane'],0.0,0.0,68.0,27.200000000000003
25,864,Fraction Amber,['Emmalee Crane'],0.0,0.0,68.0,27.200000000000003
25,6484,Go Tell It on the Mountain,"['The Broadway Cast Of ""Aida""']",0.0,0.0,68.0,27.200000000000003
25,7921,"Symphony No. 6 in A Minor ""Tragic"": I. Allegro energico, ma non troppo. Heftig, aber markig","['Gustav Mahler', 'New York Philharmonic', 'Leonard Bernstein']",0.0,0.0,68.0,27.200000000000003
25,7922,"Symphony No. 6 in A Minor ""Tragic"": II. Scherzo. Wuchtig","['Gustav Mahler', 'New York Philharmonic', 'Leonard Bernstein']",0.0,0.0,68.0,27.200000000000003
25,824,...og jeg iakttok dødsrikets inntog,"[""Old Man's Child""]",0.0,0.0,68.0,27.200000000000003
25,3914,"St. Luke Passion, TWV 5:13: Chorus: Herr, lass mich nicht vergessen","['Georg Philipp Telemann', 'Wolfgang Klose', 'Marcus Ullmann', 'Christian Hilz', 'Raimonds Spogis', 'Thilo Dahlmann', 'Kolner Akademie Choir', 'Kölner Akademie', 'Michael Alexander Willens']",0.0,0.0,68.0,27.200000000000003
25,5093,"Humoresques, Op. 6: Allegretto con grazia","['Edvard Grieg', 'Einar Steen-Nøkleberg']",0.0,0.0,68.0,27.200000000000003
25,3565,Lunch,['The Durutti Column'],0.0,0.0,68.0,27.200000000000003
25,991,Wakin' Up with the Wife,['Comedian Bob Marley'],0.0,0.0,68.0,27.200000000000003
25,4003,Pictures at an Exhibition (Orch. M. Ravel): I. The Gnome,"['Modest Mussorgsky', 'Maurice Ravel', 'Minnesota Orchestra', 'Eiji Oue']",0.0,0.0,68.0,27.200000000000003
25,5091,"Humoresques, Op. 6: Tempo di Valse","['Edvard Grieg', 'Einar Steen-Nøkleberg']",0.0,0.0,68.0,27.200000000000003
25,4022,"Le chasseur maudit (The Accursed Hunter), M. 44","['César Franck', 'Minnesota Orchestra', 'Eiji Oue']",0.0,0.0,68.0,27.200000000000003
25,4850,4 Fugues: No. 2 in C Minor,"['Ernst Pepping', 'Wolfgang Stockmeier']",0.0,0.0,68.0,27.200000000000003
25,4074,"Organ Sonata No. 1 in D Minor, Op. 42: I. Introduction et allegro","['Alexandre Guilmant', 'Felix Hell']",0.0,0.0,68.0,27.200000000000003
25,4078,"Organ Symphony No. 1 in D Minor, Op. 14: VI. Final","['Louis Vierne', 'Felix Hell']",0.0,0.0,68.0,27.200000000000003
25,6537,"Suite No. 3 in D Minor, HWV 428: IV. Courante","['George Frideric Handel', 'Murray Perahia']",0.0,0.0,68.0,27.200000000000003
25,4161,Scenes 14a-14b: Cocoon of Shawls,['Philip Glass'],0.0,0.0,68.0,27.200000000000003
25,4324,Original Air-Blue Gown,['The Mountain Goats'],0.0,0.0,68.0,27.200000000000003
25,3843,Star of the County Down,['Jim Henry & Brooks Williams'],0.0,0.0,68.0,27.200000000000003
25,5823,Just As I Am/Softly and Tenderly Medley,['Dino'],0.0,0.0,68.0,27.200000000000003
25,6998,View from Space - Harp Guitar Duet,"['Muriel Anderson', 'John Doan']",0.0,0.0,68.0,27.200000000000003
25,7170,The Corridor,['Moscow Symphony Orchestra conducted by William Stromberg'],0.0,0.0,68.0,27.200000000000003
25,7185,Vertigo,['Moscow Symphony Orchestra conducted by William Stromberg'],0.0,0.0,68.0,27.200000000000003
25,2202,Good Evening D.C. - Live,['Yeasayer'],0.0,0.0,68.0,27.200000000000003
25,1164,All the Things You Are,['Hank Mobley Quintet'],0.0,0.0,68.0,27.200000000000003
25,7158,Bedtime,['Moscow Symphony Orchestra conducted by William Stromberg'],0.0,0.0,68.0,27.200000000000003
25,2048,Incident In Kabul,['Neil Hamburger'],0.0,0.0,68.0,27.200000000000003
25,6981,Laurel.,['Harold Budd'],0.0,0.0,68.0,27.200000000000003
25,1573,Wall of Masks,['Kitaro'],0.0,0.0,68.0,27.200000000000003
25,2848,"Concerto Grosso in B-Flat Major, Op. 6, No. 11: V. Sarabanda: Largo","['Arcangelo Corelli', 'Capella Istropolitana']",0.0,0.0,68.0,27.200000000000003
25,5543,Mantra Of The Touching Of The Earth,['Popol Vuh'],0.0,0.0,68.0,27.200000000000003
25,5069,Hank Jones,['Phil Woods'],0.0,0.0,68.0,27.200000000000003
25,1301,Lover,['Mary Cleere Haran'],0.0,0.0,68.0,27.200000000000003
25,1300,Interlude: Maurice Chevalier/Jeanette MacDonald,['Mary Cleere Haran'],0.0,0.0,68.0,27.200000000000003
25,7248,Intro - Live,['Frankie Bones'],0.0,0.0,68.0,27.200000000000003
25,1145,Akapana,['Bill Laswell'],0.0,0.0,68.0,27.200000000000003
25,2300,Bleuphoria (Intro),['Skeye'],0.0,0.0,68.0,27.200000000000003
25,5536,After A Time (Remix),"['Wayne Horvitz', 'Mikhail Shmidt']",0.0,0.0,68.0,27.200000000000003
25,7193,The Captain's Death,['Moscow Symphony Orchestra conducted by William Stromberg'],0.0,0.0,68.0,27.200000000000003
25,1283,The Holly and the Ivy,['Chanticleer'],0.051094890510948905,7.0,67.0,26.83065693430657
25,46,Chrome Balaclava,['Dødheimsgard'],0.051094890510948905,7.0,67.0,26.83065693430657
25,1269,A Babe is Born in Bethlehem,['Chanticleer'],0.051094890510948905,7.0,67.0,26.83065693430657
25,6752,No Fly Zone (The Devils Playground),['Zillatron'],0.048,6.0,67.0,26.8288
25,7149,"Keyboard Sonata in C Minor, Op. 5, No. 6, W. A6: I. Grave -","['Johann Christian Bach', 'Sophie Yates']",0.04411764705882353,6.0,67.0,26.826470588235296
25,638,Shadow of the Unfinished Dawn,['Kip Hanrahan'],0.04411764705882353,6.0,67.0,26.826470588235296
25,1146,Ethiopia,['Bill Laswell'],0.04411764705882353,6.0,67.0,26.826470588235296
25,2954,Through The Corridors,['Skin Area'],0.0,0.0,67.0,26.8
25,1197,Aum,['Asana 1'],0.0,0.0,67.0,26.8
25,787,Dirty Diapers,['Neil Hamburger'],0.0,0.0,67.0,26.8
25,5453,"Sister Carrie, Act I: Everything Is Paid For (Live)","['Robert Aldridge', 'Adriana Zabala', 'Milwaukee Symphony Orchestra', 'William Boggs']",0.0,0.0,67.0,26.8
25,985,Anybody Married?,['Comedian Bob Marley'],0.0,0.0,67.0,26.8
25,4004,Pictures at an Exhibition (Orch. M. Ravel): Promenade,"['Modest Mussorgsky', 'Maurice Ravel', 'Minnesota Orchestra', 'Eiji Oue']",0.0,0.0,67.0,26.8
25,754,So Finster die Nacht,['Sub'],0.0,0.0,67.0,26.8
25,5729,Pink Liquid Cotton Candy,['Sawako'],0.0,0.0,67.0,26.8
25,298,Outro,['Project Pat'],0.0,0.0,67.0,26.8
25,5089,"Stimmungen (Moods), Op. 73: Lualat (The Mountaineer's Song)","['Edvard Grieg', 'Einar Steen-Nøkleberg']",0.0,0.0,67.0,26.8
25,1277,A Christmas Carol,['Chanticleer'],0.0,0.0,67.0,26.8
25,7982,Swipe Width,['Delarosa And Asora'],0.0,0.0,67.0,26.8
25,976,Bloody Dr. Scholl's,['Comedian Bob Marley'],0.0,0.0,67.0,26.8
25,5538,"Thursday, At Dusk, in Spokane, Washington (remix)","['Wayne Horvitz', 'Laura DeLuca']",0.0,0.0,67.0,26.8
25,1440,Un-United Kingdom,['Pitchshifter'],0.0,0.0,67.0,26.8
25,3419,Land of the Elves,['Achillea'],0.0,0.0,67.0,26.8
25,4012,Pictures at an Exhibition (Orch. M. Ravel): VII. The Market Place at Limoges,"['Modest Mussorgsky', 'Maurice Ravel', 'Minnesota Orchestra', 'Eiji Oue']",0.0,0.0,67.0,26.8
25,6419,Kali Came,['Anjali'],0.0,0.0,67.0,26.8
25,4080,"Prelude & Fugue on the Name BACH, S. 260: Fugue","['Franz Liszt', 'Felix Hell']",0.0,0.0,67.0,26.8
25,1188,Børnelokkeren,"['Mek Pek', 'The Allrights']",0.0,0.0,67.0,26.8
25,3387,Freedom Suite Movement 3,"['David S. Ware', 'Matthew Shipp', 'William Parker', 'Guillermo E. Brown']",0.0,0.0,67.0,26.8
25,2488,Intensive Porpoises,['Tim Koch'],0.0,0.0,67.0,26.8
25,2542,"Partita in C Minor, GWV 133: V. Menuet","['Christoph Graupner', 'Naoko Akutagawa']",0.0,0.0,67.0,26.8
25,2489,Blue And Grey,['Tim Koch'],0.0,0.0,67.0,26.8
25,782,Beaver,['Neil Hamburger'],0.0,0.0,67.0,26.8
25,5981,Leah's Theme,['Angelo Badalamenti'],0.0,0.0,67.0,26.8
25,5138,"Violin Concerto in A Minor, Op. 53: Finale - Allegro giocoso, ma non troppo","['Antonín Dvořák', 'Philippe Graffin', 'Johannesburg Philharmonic Orchestra', 'Michael Hankinson']",0.0,0.0,67.0,26.8
25,1883,Drag City Records,['Neil Hamburger'],0.0,0.0,67.0,26.8
25,7527,River Of Transfiguration,['Six Organs Of Admittance'],0.0,0.0,67.0,26.8
25,114,They that go down to the sea in ships,"['Herbert Sumsion', 'Michael Bloss', ""Choir of St John's, Elora"", 'Noel Edison']",0.0,0.0,67.0,26.8
25,1759,"Concerto for 2 Oboes in D Major, Op. 9, No. 12: II. Adagio","['Tomaso Albinoni', 'Anthony Camden', 'Alison Alty', 'London Virtuosi', 'John Georgiadis']",0.0,0.0,67.0,26.8
25,3796,Nijmegen no 4b / Extrapool 25.04.03,"['Martin Tétreault', 'Yoshihide Otomo']",0.0,0.0,67.0,26.8
25,1292,Personality,['Mary Cleere Haran'],0.0,0.0,67.0,26.8
25,8118,Dreamstate,['Familiar Trees'],0.0,0.0,67.0,26.8
25,3797,Orléans no 3 / Astrolabe 27.04.03,"['Martin Tétreault', 'Yoshihide Otomo']",0.0,0.0,67.0,26.8
25,470,Ascension,['Suspyre'],0.0,0.0,67.0,26.8
25,4976,Suite in F Major: I. Prelude,"['Louis Couperin', 'Laurence Cummings']",0.0,0.0,67.0,26.8
25,3071,Wind And Water,['Kitaro'],0.0,0.0,67.0,26.8
25,6909,Alice Coltrane,['Orange Cake Mix'],0.0,0.0,67.0,26.8
25,4806,Altered Future,['Saafi Brothers'],0.0,0.0,67.0,26.8
25,4529,Menuet Basque,"['Aita Donostia', 'Jordi Masó']",0.0,0.0,67.0,26.8
25,7196,The Road,['Moscow Symphony Orchestra conducted by William Stromberg'],0.0,0.0,67.0,26.8
25,3084,Mindkiller,['Soundmurderer'],0.0,0.0,67.0,26.8
25,222,Signs & Wonders,['Denny Zeitlin'],0.0,0.0,67.0,26.8
25,7183,The Photos,['Moscow Symphony Orchestra conducted by William Stromberg'],0.0,0.0,67.0,26.8
25,3199,Reflections,['Tommy Flanagan'],0.0,0.0,67.0,26.8
25,1168,Embraceable You,['Hank Mobley Quintet'],0.0,0.0,67.0,26.8
25,839,"Piano Trio in E-Flat Major, K. 498 ""Kegelstatt"": I. Andante","['Wolfgang Amadeus Mozart', 'Nobuko Imai', 'Janet Hilton', 'Roger Vignoles']",0.0,0.0,67.0,26.8
25,5833,Hollywood Mecca of the Movies,['T Bone Burnett'],0.0,0.0,67.0,26.8
25,5549,Listen He Who Ventures,['Popol Vuh'],0.0,0.0,67.0,26.8
25,596,Symphony No. 1 in C Major: III. Andante,"['Mily Balakirev', 'Russian State Symphony Orchestra', 'Igor Golovschin']",0.0,0.0,67.0,26.8
25,4426,Late Evening Thoughts,['Multi-Panel'],0.0,0.0,67.0,26.8
25,7176,Flames,['Moscow Symphony Orchestra conducted by William Stromberg'],0.051094890510948905,7.0,66.0,26.430656934306572
25,7923,"Symphony No. 6 in A Minor ""Tragic"": III. Andante moderato","['Gustav Mahler', 'New York Philharmonic', 'Leonard Bernstein']",0.0,0.0,66.0,26.400000000000002
25,191,The Speed Limit,['Neil Hamburger'],0.0,0.0,66.0,26.400000000000002
25,7194,Freedom,['Moscow Symphony Orchestra conducted by William Stromberg'],0.0,0.0,66.0,26.400000000000002
25,5489,"Sister Carrie, Act II: Must Be Getting on Ten (Live)","['Robert Aldridge', 'Florentine Opera Chorus', 'Stephen Cunningham', 'Milwaukee Symphony Orchestra', 'William Boggs']",0.0,0.0,66.0,26.400000000000002
25,3822,Fade,['Museum Of Fear'],0.0,0.0,66.0,26.400000000000002
25,7166,The Garden,['Moscow Symphony Orchestra conducted by William Stromberg'],0.0,0.0,66.0,26.400000000000002
25,3854,The Uninvited Guest,['Dog Fashion Disco'],0.0,0.0,66.0,26.400000000000002
25,6530,"Suite No. 5 in E Major, HWV 430: II. Allemande","['George Frideric Handel', 'Murray Perahia']",0.0,0.0,66.0,26.400000000000002
25,5818,Jesu/What A Friend Medley,['Dino'],0.0,0.0,66.0,26.400000000000002
25,2423,"Truth Is Truth, Beyond the God",['Celestial Bloodshed'],0.0,0.0,66.0,26.400000000000002
25,192,G-Strings,['Neil Hamburger'],0.0,0.0,66.0,26.400000000000002
25,1866,There'd Be a Popular Uprising!,['Neil Hamburger'],0.0,0.0,66.0,26.400000000000002
25,1738,I Don't Smoke Weed,"['Phil Johnson', 'Roadside Attraction']",0.0,0.0,66.0,26.400000000000002
25,4719,Never Again,['Pain Station'],0.0,0.0,66.0,26.400000000000002
25,8093,Serenade,['Liz Story'],0.0,0.0,66.0,26.400000000000002
25,5972,Cheryl,['Angelo Badalamenti'],0.0,0.0,66.0,26.400000000000002
25,6052,(5:40),"['The Body Lovers', 'The Body Haters']",0.0,0.0,66.0,26.400000000000002
25,5964,It's Something Personal,['Angelo Badalamenti'],0.0,0.0,66.0,26.400000000000002
25,4609,Off,['Ritual'],0.0,0.0,66.0,26.400000000000002
25,5555,Blessing,['Popol Vuh'],0.0,0.0,66.0,26.400000000000002
25,4583,Nen,['Kitaro'],0.0,0.0,66.0,26.400000000000002
25,4579,Michi,['Kitaro'],0.0,0.0,66.0,26.400000000000002
25,1890,Divorce,['Neil Hamburger'],0.0,0.0,66.0,26.400000000000002
25,780,Bestiality,['Neil Hamburger'],0.0,0.0,66.0,26.400000000000002
25,4510,Preludios vascos: Onazez (Grief),"['Aita Donostia', 'Jordi Masó']",0.0,0.0,66.0,26.400000000000002
25,4840,De Gamle Stoffer,['Peter Sommer'],0.0,0.0,66.0,26.400000000000002
25,166,The Army Reserve,['Neil Hamburger'],0.0,0.0,66.0,26.400000000000002
25,2084,G.H.E.T.T.O.,['Tzu'],0.0,0.0,66.0,26.400000000000002
25,654,Moments with Oliver,['Rachael Yamagata'],0.0,0.0,66.0,26.400000000000002
25,6252,Uncovering,['Crowbar'],0.0,0.0,66.0,26.400000000000002
25,5836,Earlier Baghdad (The Bounce),['T Bone Burnett'],0.0,0.0,66.0,26.400000000000002
25,4843,Organ Concerto No. 2: I. Praludium: Pesante,"['Ernst Pepping', 'Wolfgang Stockmeier']",0.0,0.0,66.0,26.400000000000002
25,5088,"Stimmungen (Moods), Op. 73: Studenternes serenade (Student's Serenade)","['Edvard Grieg', 'Einar Steen-Nøkleberg']",0.0,0.0,66.0,26.400000000000002
25,2545,"Partita No. 1 in F Minor, GWV 121, ""Winter"": I. Praeludium: Largo","['Christoph Graupner', 'Naoko Akutagawa']",0.0,0.0,66.0,26.400000000000002
25,7683,Banter,['Sprawl'],0.0,0.0,66.0,26.400000000000002
25,7188,The Mirror,['Moscow Symphony Orchestra conducted by William Stromberg'],0.0,0.0,66.0,26.400000000000002
25,6980,Handsome. The Spineless...,['Harold Budd'],0.0,0.0,66.0,26.400000000000002
25,188,Cop Shows,['Neil Hamburger'],0.0,0.0,66.0,26.400000000000002
25,1147,The Lower Ground,['Bill Laswell'],0.0,0.0,66.0,26.400000000000002
25,1289,I Concentrate On You,['Mary Cleere Haran'],0.0,0.0,66.0,26.400000000000002
25,5350,Les Mots D'amour - Hinweg,['Klimek'],0.0,0.0,66.0,26.400000000000002
25,6987,IN DELIUS' SLEEP,['Harold Budd'],0.0,0.0,66.0,26.400000000000002
25,7119,I'm Home,['Emily Bear'],0.0,0.0,66.0,26.400000000000002
25,7001,When the Stars Come Out - Harp Guitar Duet,"['Muriel Anderson', 'John Doan']",0.0,0.0,66.0,26.400000000000002
25,5347,"White, No Trails - Verlust Der Motorik",['Klimek'],0.0,0.0,66.0,26.400000000000002
25,1285,Silent Night,['Chanticleer'],0.0,0.0,66.0,26.400000000000002
25,6880,What's So Amazing About Grace,['The Paper Chase'],0.0,0.0,66.0,26.400000000000002
25,2819,Vajra,['G.E. Stinson'],0.0,0.0,66.0,26.400000000000002
25,1278,I Wonder as I Wander,['Chanticleer'],0.0,0.0,66.0,26.400000000000002
25,3413,Achillea - Prelude,['Achillea'],0.0,0.0,66.0,26.400000000000002
25,6726,Rodriguez,"['Radim Zenkl', 'Leo Chern']",0.0,0.0,66.0,26.400000000000002
25,3060,Fantasy in D Minor,"['Oskar Morawetz', 'Glenn Gould']",0.0,0.0,66.0,26.400000000000002
25,1294,It Was Written In The Stars,['Mary Cleere Haran'],0.04411764705882353,6.0,65.0,26.026470588235295
25,7008,Riding the Low Moon - Harp Guitar Duet,"['Muriel Anderson', 'John Doan']",0.04411764705882353,6.0,65.0,26.026470588235295
25,3407,Dardanus Ballet Suite: VI. Entree d'Iphise,"['Jean-Philippe Rameau', 'European Union Baroque Orchestra', 'Roy Goodman']",0.0,0.0,65.0,26.0
25,3629,As Night Falls,['Trial of the Bow'],0.0,0.0,65.0,26.0
25,5820,Great is Thy Faithfulness,['Dino'],0.0,0.0,65.0,26.0
25,773,Filament 1 - 10,"['Sachiko M', 'Yoshihide Otomo']",0.0,0.0,65.0,26.0
25,7114,The Music In Me,['Emily Bear'],0.0,0.0,65.0,26.0
25,5092,"Humoresques, Op. 6: Tempo di Menuetto ed energico","['Edvard Grieg', 'Einar Steen-Nøkleberg']",0.0,0.0,65.0,26.0
25,7180,The Skylight,['Moscow Symphony Orchestra conducted by William Stromberg'],0.0,0.0,65.0,26.0
25,5732,Incense of Voice,['Sawako'],0.0,0.0,65.0,26.0
25,6986,And Then I Alone Am Alone.,['Harold Budd'],0.0,0.0,65.0,26.0
25,4024,"Danse macabre, Op. 40","['Camille Saint-Saëns', 'Minnesota Orchestra', 'Eiji Oue']",0.0,0.0,65.0,26.0
25,2980,High & Low,['Grails'],0.0,0.0,65.0,26.0
25,2836,"Concerto Grosso in E Minor, Op. 3, No. 3: IV. Allegro","['Francesco Geminiani', 'Capella Istropolitana']",0.0,0.0,65.0,26.0
25,2846,"Concerto Grosso in B-Flat Major, Op. 6, No. 11: III. Adagio","['Arcangelo Corelli', 'Capella Istropolitana']",0.0,0.0,65.0,26.0
25,7003,The Old Church of Kilronan - Harp Guitar Duet,"['Muriel Anderson', 'John Doan']",0.0,0.0,65.0,26.0
25,3931,"St. Luke Passion, TWV 5:13: Recitative: Viel ist's, was David leiden mussen (Tenor)","['Georg Philipp Telemann', 'Wolfgang Klose', 'Marcus Ullmann', 'Christian Hilz', 'Raimonds Spogis', 'Thilo Dahlmann', 'Kolner Akademie Choir', 'Kölner Akademie', 'Michael Alexander Willens']",0.0,0.0,65.0,26.0
25,989,Wonder Woman,['Comedian Bob Marley'],0.0,0.0,65.0,26.0
25,1576,The Wizard,['Kitaro'],0.0,0.0,65.0,26.0
25,810,When It's Sleepy Time Down South,['Clark Terry'],0.0,0.0,65.0,26.0
25,163,Gourmet Chocolate,['Neil Hamburger'],0.0,0.0,65.0,26.0
25,3613,"Symphonie fantastique, Op. 14, H. 48: IV. Marche au supplice. Allegretto non troppo","['Hector Berlioz', 'Michael Tilson Thomas', 'New York Philharmonic']",0.0,0.0,65.0,26.0
25,6279,Telpyi Dym,['SCSI-9'],0.0,0.0,65.0,26.0
25,6970,Breathless... I,['Harold Budd'],0.0,0.0,65.0,26.0
25,6043,(13:56),"['The Body Lovers', 'The Body Haters']",0.0,0.0,65.0,26.0
25,4582,Flow,['Kitaro'],0.0,0.0,65.0,26.0
25,7153,Fire Station,['Moscow Symphony Orchestra conducted by William Stromberg'],0.0,0.0,65.0,26.0
25,1618,De Vermiis Mysteriis,['Abhor'],0.0,0.0,65.0,26.0
25,4692,"Thing - Live at the Fillmore East, New York, NY - May 1968",['Jefferson Airplane'],0.0,0.0,65.0,26.0
25,5747,ääniesineitâ 10,['antti rannisto'],0.0,0.0,65.0,26.0
25,7898,"Concerto Grosso in F Minor, Op. 1, No. 8, ""Christmas"": I. Largo - Grave - Vivace","['Pietro Locatelli', 'Capella Istropolitana', 'Jaroslav Krcek']",0.0,0.0,65.0,26.0
25,7174,The Books,['Moscow Symphony Orchestra conducted by William Stromberg'],0.0,0.0,65.0,26.0
25,4650,(It Was) Only Yesterday,['Larry Carlton'],0.0,0.0,65.0,26.0
25,3793,Equinox - Live at the Jazz Standard,['Frank Morgan'],0.0,0.0,65.0,26.0
25,1299,(I'll See You In) Cuba,['Mary Cleere Haran'],0.0,0.0,65.0,26.0
25,6711,"Symphony in B-Flat Major, Op. 20: II. Tres lent —","['Ernest Chausson', 'BBC Philharmonic', 'Yan Pascal Tortelier']",0.0,0.0,65.0,26.0
25,4538,Beyond the Portal,"['Craig Padilla', 'Zero Ohms', 'Skip Murphy']",0.0,0.0,65.0,26.0
25,6152,Methods of Torture,['Negativland'],0.0,0.0,65.0,26.0
25,4536,One Moment Beyond,"['Craig Padilla', 'Zero Ohms', 'Skip Murphy']",0.0,0.0,65.0,26.0
25,2043,Christmas/Godfather,['Neil Hamburger'],0.0,0.0,65.0,26.0
25,3789,Summertime - Live at the Jazz Standard,['Frank Morgan'],0.04411764705882353,6.0,64.0,25.626470588235296
25,4001,10 Pièces pittoresques: 10 Pieces pittoresques: No. 9. Menuet pompeux (arr. M. Ravel),"['Maurice Ravel', 'Emmanuel Chabrier', 'Minnesota Orchestra', 'Eiji Oue']",0.04411764705882353,6.0,64.0,25.626470588235296
25,786,Cloning,['Neil Hamburger'],0.0379746835443038,6.0,64.0,25.622784810126582
25,7643,Nany,['Norbert Slama Trio'],0.0,0.0,64.0,25.6
25,6722,Meeting of the Brigands,"['Radim Zenkl', 'Leo Chern']",0.0,0.0,64.0,25.6
25,4694,"The Other Side of This Life - Live at the Fillmore East, New York, NY - May 1968",['Jefferson Airplane'],0.0,0.0,64.0,25.6
25,4697,"Closing Comments - Live at the Fillmore East, New York, NY - May 1968",['Jefferson Airplane'],0.0,0.0,64.0,25.6
25,3061,Fantasia,"['István Anhalt', 'Glenn Gould']",0.0,0.0,64.0,25.6
25,5075,"Piano Sonata in E Minor, Op. 7: III. Alla Menuetto, ma poco piu lento","['Edvard Grieg', 'Einar Steen-Nøkleberg']",0.0,0.0,64.0,25.6
25,6976,A Lazy Smile...,['Harold Budd'],0.0,0.0,64.0,25.6
25,5541,"Ann Arbor, 1971","['Wayne Horvitz', 'Paul Taub']",0.0,0.0,64.0,25.6
25,7521,Torn By Wolves,['Six Organs Of Admittance'],0.0,0.0,64.0,25.6
25,4655,For Love Alone,['Larry Carlton'],0.0,0.0,64.0,25.6
25,4848,Wie schon leuchtet der Morgenstern: III. Andante con moto - Poco animato,"['Ernst Pepping', 'Wolfgang Stockmeier']",0.0,0.0,64.0,25.6
25,1741,Bee Stings,"['Phil Johnson', 'Roadside Attraction']",0.0,0.0,64.0,25.6
25,5825,I Walked Today Where Jesus Walked,['Dino'],0.0,0.0,64.0,25.6
25,118,The Lord is my Shepherd,"['Lennox Berkeley', 'Michael Bloss', ""Choir of St John's, Elora"", 'Noel Edison']",0.0,0.0,64.0,25.6
25,5974,The Study,['Angelo Badalamenti'],0.0,0.0,64.0,25.6
25,635,Unfinished Dawn,['Kip Hanrahan'],0.0,0.0,64.0,25.6
25,181,The Zipper Schtick,['Neil Hamburger'],0.0,0.0,64.0,25.6
25,5059,Part One,['The Black Dog'],0.0,0.0,64.0,25.6
25,6035,"Prélude, choral et fugue, M. 21: II. Choral","['César Franck', 'Murray Perahia']",0.0,0.0,64.0,25.6
25,2402,"Cold Winter, Faraway Land",['Huong Thanh'],0.0,0.0,64.0,25.6
25,115,Psalm 84: Psalm LXXXIV,"['Hubert Parry', 'Michael Bloss', ""Choir of St John's, Elora"", 'Noel Edison']",0.0,0.0,64.0,25.6
25,6971,Pantomime...,['Harold Budd'],0.0,0.0,64.0,25.6
25,3073,Love For Elka,['Kitaro'],0.0,0.0,64.0,25.6
25,2294,I Waited Til Morning and Everything Was Fine,['Tstewart'],0.0,0.0,64.0,25.6
25,658,Hijinx,['Neil Hamburger'],0.0,0.0,64.0,25.6
25,4981,Suite in F Major: VI. Gigue,"['Louis Couperin', 'Laurence Cummings']",0.0,0.0,64.0,25.6
25,2269,To Fathom Eternity,['Scars Of Tomorrow'],0.0,0.0,64.0,25.6
25,4595,Nageki,['Kitaro'],0.0,0.0,64.0,25.6
25,6902,Like Warm Velvet Static,['Orange Cake Mix'],0.0,0.0,64.0,25.6
25,7798,The Clorox Cowboy,['Negativland'],0.0,0.0,64.0,25.6
25,2487,Attery Bop,['Tim Koch'],0.0,0.0,64.0,25.6
25,4013,Pictures at an Exhibition (Orch. M. Ravel): VIII. Catacombae: Sepulchrum romanum,"['Modest Mussorgsky', 'Maurice Ravel', 'Minnesota Orchestra', 'Eiji Oue']",0.0,0.0,64.0,25.6
25,5821,It is Well With My Soul,['Dino'],0.0,0.0,64.0,25.6
25,793,She Sits Among The Cabbage And Peas,['Neil Hamburger'],0.0,0.0,64.0,25.6
25,3625,The Eyre of Awakening,['Trial of the Bow'],0.0,0.0,64.0,25.6
25,5534,Coda,['Seattle Chamber Players'],0.0,0.0,64.0,25.6
25,7173,Fire Alarm,['Moscow Symphony Orchestra conducted by William Stromberg'],0.0,0.0,64.0,25.6
25,3831,Stead,['Rivulets'],0.0,0.0,64.0,25.6
25,7117,Showtime,['Emily Bear'],0.0,0.0,64.0,25.6
25,7167,The Bridge,['Moscow Symphony Orchestra conducted by William Stromberg'],0.0,0.0,64.0,25.6
25,6533,"Chaconne in G Major, HWV 435","['George Frideric Handel', 'Murray Perahia']",0.0,0.0,64.0,25.6
25,7164,The Monorail,['Moscow Symphony Orchestra conducted by William Stromberg'],0.0,0.0,64.0,25.6
25,2734,"Violin Partita No. 1 in B Minor, BWV 1002: II. Double","['Johann Sebastian Bach', 'Lucy van Dael']",0.0,0.0,64.0,25.6
25,7161,Pink and Gold Pills,['Moscow Symphony Orchestra conducted by William Stromberg'],0.0,0.0,64.0,25.6
25,868,The Summer Fell Silent,['Emmalee Crane'],0.0,0.0,64.0,25.6
25,863,The Seventeenth Wheel,['Emmalee Crane'],0.0,0.0,64.0,25.6
25,5478,"Sister Carrie, Act II: And Their Father, Poor Old Goriot (Live)","['Robert Aldridge', 'Nathan Krueger', 'James Barany', 'Ariana Douglas', 'Adriana Zabala', 'Florentine Opera Chorus', 'Milwaukee Symphony Orchestra', 'William Boggs']",0.04411764705882353,6.0,63.0,25.226470588235298
25,5824,Jesus Loves Me,['Dino'],0.0,0.0,63.0,25.200000000000003
25,3201,Thelonica,['Tommy Flanagan'],0.0,0.0,63.0,25.200000000000003
25,866,Manitoba,['Emmalee Crane'],0.0,0.0,63.0,25.200000000000003
25,7186,Information,['Moscow Symphony Orchestra conducted by William Stromberg'],0.0,0.0,63.0,25.200000000000003
25,916,Come And Visit,['Neil Hamburger'],0.0,0.0,63.0,25.200000000000003
25,1009,Dark Early,['Express Rising'],0.0,0.0,63.0,25.200000000000003
25,1325,City Ride,['Archer Prewitt'],0.0,0.0,63.0,25.200000000000003
25,6465,The Lie,['All India Radio'],0.0,0.0,63.0,25.200000000000003
25,4014,Pictures at an Exhibition (Orch. M. Ravel): VIII. Con mortuis in lingua mortua,"['Modest Mussorgsky', 'Maurice Ravel', 'Minnesota Orchestra', 'Eiji Oue']",0.0,0.0,63.0,25.200000000000003
25,849,"8 Pieces, Op. 83: No. 8. Moderato","['Max Bruch', 'Nobuko Imai', 'Janet Hilton', 'Roger Vignoles']",0.0,0.0,63.0,25.200000000000003
25,6538,"Suite No. 3 in D Minor, HWV 428: V. Air con Variazioni","['George Frideric Handel', 'Murray Perahia']",0.0,0.0,63.0,25.200000000000003
25,5134,"Violin Concerto in G Minor, Op. 80: Andante","['Samuel Coleridge-Taylor', 'Philippe Graffin', 'Johannesburg Philharmonic Orchestra', 'Michael Hankinson']",0.0,0.0,63.0,25.200000000000003
25,8054,Silence But For The Gentle Tinkling Of The Flowing Creek,['Frog Eyes'],0.0,0.0,63.0,25.200000000000003
25,4527,Errimina - Nostalgie (Nostalgia),"['Aita Donostia', 'Jordi Masó']",0.0,0.0,63.0,25.200000000000003
25,4802,A Dead Yellow Carpet,['Taylor Deupree'],0.0,0.0,63.0,25.200000000000003
25,2323,3 am,['Sero'],0.0,0.0,63.0,25.200000000000003
25,5966,"He Repeats, He Repeats",['Angelo Badalamenti'],0.0,0.0,63.0,25.200000000000003
25,6520,Summertime,"['George Gershwin', 'Charlotte Church', 'Sian Edwards']",0.0,0.0,63.0,25.200000000000003
25,6036,"Prélude, choral et fugue, M. 21: III. Fugue","['César Franck', 'Murray Perahia']",0.0,0.0,63.0,25.200000000000003
25,3616,"Lélio, ou le retour à la vie, Op. 14bis, H. 55: No. 6, Fantaisie sur la Tempête de Shakespeare","['Hector Berlioz', 'Michael Tilson Thomas', 'Vance George', 'New York Philharmonic']",0.0,0.0,63.0,25.200000000000003
25,595,Symphony No. 1 in C Major: II. Scherzo: Vivo,"['Mily Balakirev', 'Russian State Symphony Orchestra', 'Igor Golovschin']",0.0,0.0,63.0,25.200000000000003
25,932,Changing Times,['Neil Hamburger'],0.0,0.0,63.0,25.200000000000003
25,4017,"Der Tanz in der Dorfschenke, S110/R427, ""Mephisto Waltz No. 1""","['Franz Liszt', 'Minnesota Orchestra', 'Eiji Oue']",0.0,0.0,63.0,25.200000000000003
25,1281,The Town Lay Hushed - Thomas Tallis,['Chanticleer'],0.0,0.0,63.0,25.200000000000003
25,5817,Our Great Savior,['Dino'],0.0,0.0,63.0,25.200000000000003
25,4090,"Fantasy & Fugue on the Chorale ""Ad nos, ad salutarem undam"", S. 259: Vivace","['Franz Liszt', 'Felix Hell']",0.0,0.0,63.0,25.200000000000003
25,2856,Sinfonia No. 10 in C Major: III. Non tanto largo,"['Francesco Onofrio Manfredini', 'Capella Istropolitana']",0.0,0.0,63.0,25.200000000000003
25,781,Fags,['Neil Hamburger'],0.0,0.0,63.0,25.200000000000003
25,4006,Pictures at an Exhibition (Orch. M. Ravel): Promenade,"['Modest Mussorgsky', 'Maurice Ravel', 'Minnesota Orchestra', 'Eiji Oue']",0.0,0.0,63.0,25.200000000000003
25,869,Glissando Railing,['Emmalee Crane'],0.0,0.0,63.0,25.200000000000003
25,6804,Thunk,['Axel Bartsch'],0.0,0.0,63.0,25.200000000000003
25,4845,Organ Concerto No. 2: III. Chaconne: Maestoso,"['Ernst Pepping', 'Wolfgang Stockmeier']",0.0,0.0,63.0,25.200000000000003
25,4941,Flight Of Fantasy (260 652),['Yanni'],0.04411764705882353,6.0,62.0,24.826470588235296
25,8119,Nameless,['Familiar Trees'],0.04411764705882353,6.0,62.0,24.826470588235296
25,8055,Silence But For The Gentle Tinkling Of The Flowing Creek,['Frog Eyes'],0.0,0.0,62.0,24.8
25,4076,"Organ Sonata No. 1 in D Minor, Op. 42: III. Final","['Alexandre Guilmant', 'Felix Hell']",0.0,0.0,62.0,24.8
25,6581,Don Cajon,"['Wolfgang Amadeus Mozart', 'Klazz Brothers', 'Cuba Percussion']",0.0,0.0,62.0,24.8
25,5198,"Piano Trio No. 3 in C Minor, Op.1 No. 3 (2001 - Remaster): I. Allegro con brio","['Daniel Barenboim', 'Jacqueline du Pré', 'Pinchas Zukerman']",0.0,0.0,62.0,24.8
25,7915,"Concerto Grosso in C Minor, Op. 1, No. 11: IV. Gigue: Allegro","['Pietro Locatelli', 'Capella Istropolitana', 'Jaroslav Krcek']",0.0,0.0,62.0,24.8
25,6916,I Love You,['The Year Of'],0.0,0.0,62.0,24.8
25,6560,Awakening - Beatlesstrumental Version,['Kaito'],0.0,0.0,62.0,24.8
25,7115,Italia,['Emily Bear'],0.0,0.0,62.0,24.8
25,7200,Walking Distance-Memories,['Moscow Symphony Orchestra conducted by William Stromberg'],0.0,0.0,62.0,24.8
25,7902,"Concerto Grosso in F Minor, Op. 1, No. 8, ""Christmas"": V. Pastorale","['Pietro Locatelli', 'Capella Istropolitana', 'Jaroslav Krcek']",0.0,0.0,62.0,24.8
25,1898,Laugh Out Lord,['Neil Hamburger'],0.0,0.0,62.0,24.8
25,3093,Monster - dusk terminal edit,['Pale'],0.0,0.0,62.0,24.8
25,7994,Uptown Ad One,['Delarosa And Asora'],0.0,0.0,62.0,24.8
25,842,"8 Pieces, Op. 83: No. 1. Andante","['Max Bruch', 'Nobuko Imai', 'Janet Hilton', 'Roger Vignoles']",0.0,0.0,62.0,24.8
25,5668,Hamatsa,['Baku Llama'],0.0,0.0,62.0,24.8
25,5473,"Sister Carrie, Act II: Congratulations! (Live)","['Robert Aldridge', 'Nathan Krueger', 'James Barany', 'Keith Phares', 'Leroy Davis', 'Adriana Zabala', 'Florentine Opera Chorus', 'Milwaukee Symphony Orchestra', 'William Boggs']",0.0,0.0,62.0,24.8
25,6042,"Rhapsodie espagnole, S. 254 ""Folies d'Espagne et jota aragonesa""","['Franz Liszt', 'Murray Perahia']",0.0,0.0,62.0,24.8
25,1865,My Daughter,['Neil Hamburger'],0.0,0.0,62.0,24.8
25,1138,Reflection,['Divination'],0.0,0.0,62.0,24.8
25,2857,Sinfonia No. 10 in C Major: IV. Presto,"['Francesco Onofrio Manfredini', 'Capella Istropolitana']",0.0,0.0,62.0,24.8
25,2306,Brighter in the Dark,['Skeye'],0.0,0.0,62.0,24.8
25,3941,"St. Luke Passion, TWV 5:13: Chorus: O du wunderbarer Rat","['Georg Philipp Telemann', 'Wolfgang Klose', 'Marcus Ullmann', 'Christian Hilz', 'Raimonds Spogis', 'Thilo Dahlmann', 'Kolner Akademie Choir', 'Kölner Akademie', 'Michael Alexander Willens']",0.0,0.0,62.0,24.8
25,1141,Airbass,['Divination'],0.0,0.0,62.0,24.8
25,5073,"Piano Sonata in E Minor, Op. 7: I. Allegro moderato","['Edvard Grieg', 'Einar Steen-Nøkleberg']",0.0,0.0,62.0,24.8
25,7190,Farewell,['Moscow Symphony Orchestra conducted by William Stromberg'],0.0,0.0,62.0,24.8
25,4152,Scene 6: The Somnambulist,['Philip Glass'],0.0,0.0,62.0,24.8
25,993,Chick Flicks,['Comedian Bob Marley'],0.0,0.0,62.0,24.8
25,1861,The Ocean Blue,['Neil Hamburger'],0.0,0.0,62.0,24.8
25,159,The Diagnosis,['Neil Hamburger'],0.0,0.0,62.0,24.8
25,5539,"Fanfare (in memoriam, Lester Bowie)",['Dave Sabee'],0.0,0.0,62.0,24.8
25,1005,Daniel Fern,['Express Rising'],0.0,0.0,62.0,24.8
25,1293,Interlude: Band Introduction Charles Boyer And Casbah,['Mary Cleere Haran'],0.0,0.0,62.0,24.8
25,4755,Tide and Current,['Eastern Blok'],0.0,0.0,61.0,24.400000000000002
25,4753,Hamlet Machine,['Eastern Blok'],0.0,0.0,61.0,24.400000000000002
25,5553,Hosianna - Mantra,['Popol Vuh'],0.0,0.0,61.0,24.400000000000002
25,3811,Sitä ei ole,['Iiwanajulma'],0.0,0.0,61.0,24.400000000000002
25,2492,Gulf Streams,['Tim Koch'],0.0,0.0,61.0,24.400000000000002
25,186,Celebrity Liver Transplants,['Neil Hamburger'],0.0,0.0,61.0,24.400000000000002
25,1133,Soma,"['Chaitanya Hari Deuter', 'Deuter']",0.0,0.0,61.0,24.400000000000002
25,1765,"Concerto for Strings in G Major, Op. 7, No. 4: II. Adagio","['Tomaso Albinoni', 'London Virtuosi', 'John Georgiadis']",0.0,0.0,61.0,24.400000000000002
25,4748,The Cave,['Eastern Blok'],0.0,0.0,61.0,24.400000000000002
25,3064,"Piano Sonata No. 2, Op. 38: I. Allegro maestoso","['Unknown', 'Glenn Gould']",0.0,0.0,61.0,24.400000000000002
25,6542,"Suite No.2 in F Major, HWV 427: Adagio","['George Frideric Handel', 'Murray Perahia']",0.0,0.0,61.0,24.400000000000002
25,4002,Pictures at an Exhibition (Orch. M. Ravel): Promenade,"['Modest Mussorgsky', 'Maurice Ravel', 'Minnesota Orchestra', 'Eiji Oue']",0.0,0.0,61.0,24.400000000000002
25,173,Smoking,['Neil Hamburger'],0.0,0.0,61.0,24.400000000000002
25,2331,Watchers,['The Cassettes'],0.0,0.0,61.0,24.400000000000002
25,4587,Silence,['Kitaro'],0.0,0.0,61.0,24.400000000000002
25,4518,Preludios vascos: Irulea (The Spinner Woman),"['Aita Donostia', 'Jordi Masó']",0.0,0.0,61.0,24.400000000000002
25,7113,Hope,['Emily Bear'],0.0,0.0,61.0,24.400000000000002
25,5530,Jelly Roll Baker,['Seattle Chamber Players'],0.0,0.0,61.0,24.400000000000002
25,3928,"St. Luke Passion, TWV 5:13: Chorus: Du, ach du hast ausgestanden","['Georg Philipp Telemann', 'Wolfgang Klose', 'Marcus Ullmann', 'Christian Hilz', 'Raimonds Spogis', 'Thilo Dahlmann', 'Kolner Akademie Choir', 'Kölner Akademie', 'Michael Alexander Willens']",0.0,0.0,61.0,24.400000000000002
25,4302,Jahrzeit,"['Caleb Burhans', 'American Contemporary Music Ensemble']",0.0,0.0,61.0,24.400000000000002
25,4106,Jen Is Bringing the Drugs,"[""Margot & The Nuclear So And So's""]",0.0,0.0,61.0,24.400000000000002
25,4910,Blind - Live at CBGB,['Korn'],0.0,0.0,61.0,24.400000000000002
25,5819,Be Still My Soul,['Dino'],0.0,0.0,61.0,24.400000000000002
25,39,The Snuff Dreams Are Made Of,['Dødheimsgard'],0.0,0.0,61.0,24.400000000000002
25,4970,Suite in F Major: Tombeau de M. de Blancrocher,"['Louis Couperin', 'Laurence Cummings']",0.0,0.0,61.0,24.400000000000002
25,3305,The Rain,['Vincent Herring'],0.0,0.0,61.0,24.400000000000002
25,215,Mr. PC (Part 2),['Denny Zeitlin'],0.0,0.0,61.0,24.400000000000002
25,3075,Quasar,['Kitaro'],0.0,0.0,61.0,24.400000000000002
25,219,All of You,['Denny Zeitlin'],0.0,0.0,61.0,24.400000000000002
25,5552,Kyrie,['Popol Vuh'],0.0,0.0,61.0,24.400000000000002
25,1581,The Bottom of the Sky,['Kitaro'],0.0,0.0,60.0,24.0
25,4075,"Organ Sonata No. 1 in D Minor, Op. 42: II. Pastorale","['Alexandre Guilmant', 'Felix Hell']",0.0,0.0,60.0,24.0
25,4592,Sozo,['Kitaro'],0.0,0.0,60.0,24.0
25,3943,"St. Luke Passion, TWV 5:13: Recitative: Verdammtes Fest und Volk! (Simson)","['Georg Philipp Telemann', 'Wolfgang Klose', 'Marcus Ullmann', 'Christian Hilz', 'Raimonds Spogis', 'Thilo Dahlmann', 'Kolner Akademie Choir', 'Kölner Akademie', 'Michael Alexander Willens']",0.0,0.0,60.0,24.0
25,2299,Living Exponentially,['Tstewart'],0.0,0.0,60.0,24.0
25,6745,C.B.I. Files (Central Bug Intelligence),['Zillatron'],0.0,0.0,60.0,24.0
25,5194,"Piano Trio No. 2 in G Major, Op.1 No. 2 (2001 - Remaster): II. Largo con espressione","['Pinchas Zukerman', 'Jacqueline du Pré', 'Daniel Barenboim']",0.0,0.0,60.0,24.0
25,6251,To Touch The Hand Of God,['Crowbar'],0.0,0.0,60.0,24.0
25,5529,Standing By Truth,['Kriegsfall-U'],0.0,0.0,60.0,24.0
25,5540,"Fanfare (in memoriam, Lester Bowie) (remix)",['Dave Sabee'],0.0,0.0,60.0,24.0
25,4854,"Partita No. 1, ""Ach wie fluchtig"": II. Andante - Con moto - Allegro - Allegro maestoso","['Ernst Pepping', 'Wolfgang Stockmeier']",0.0,0.0,60.0,24.0
25,928,Metric System/Oriental Massage,['Neil Hamburger'],0.0,0.0,60.0,24.0
25,5550,Brothers Of Darkness - Sons Of Light,['Popol Vuh'],0.0,0.0,60.0,24.0
25,274,F-16 Monologue,['Jerry Reed'],0.0,0.0,60.0,24.0
25,6546,"Sonata in C-Sharp Minor, K 247","['Domenico Scarlatti', 'Murray Perahia']",0.0,0.0,60.0,24.0
25,4968,Suite in A Minor: V. La Piemontoise,"['Louis Couperin', 'Laurence Cummings']",0.0,0.0,60.0,24.0
25,2045,Shoulder Trouble '07,['Neil Hamburger'],0.0,0.0,60.0,24.0
25,765,Filament 1 - 2,"['Sachiko M', 'Yoshihide Otomo']",0.0,0.0,60.0,24.0
25,6975,Emboldened/My Dreams Perish.,['Harold Budd'],0.0,0.0,60.0,24.0
25,4531,Tiento y cancion (Tiento and Song),"['Aita Donostia', 'Jordi Masó']",0.0,0.0,60.0,24.0
25,6558,Scene,['Kaito'],0.0,0.0,60.0,24.0
25,1127,Aum,"['Deuter', 'Chaitanya Hari Deuter']",0.0,0.0,60.0,24.0
25,1762,"Oboe Concerto in C Major, Op. 7, No. 12: II. Adagio","['Tomaso Albinoni', 'Anthony Camden', 'London Virtuosi', 'John Georgiadis']",0.0,0.0,60.0,24.0
25,6528,Lullaby (Roses whisper goodnight),"['Johannes Brahms', 'Charlotte Church', 'Sian Edwards']",0.0,0.0,60.0,24.0
25,4099,Tell Me,['Myka 9'],0.03468208092485549,6.0,59.0,23.620809248554913
25,3664,The Scouring of Three & Seventeen,['Bryan Beller'],0.0,0.0,59.0,23.6
25,5734,White Sky Winter Chicada,['Sawako'],0.0,0.0,59.0,23.6
25,5341,Standing On The Beach - Ausser Gefahr,['Klimek'],0.0,0.0,59.0,23.6
25,171,Single Life,['Neil Hamburger'],0.0,0.0,59.0,23.6
25,4635,Lost April,['Cedar Walton'],0.0,0.0,59.0,23.6
25,2047,Destroying The Mood,['Neil Hamburger'],0.0,0.0,59.0,23.6
25,870,Six of Ravens,['Emmalee Crane'],0.0,0.0,59.0,23.6
25,7177,The Basket,['Moscow Symphony Orchestra conducted by William Stromberg'],0.0,0.0,59.0,23.6
25,4581,Shizuku,['Kitaro'],0.0,0.0,59.0,23.6
25,7172,The Pole,['Moscow Symphony Orchestra conducted by William Stromberg'],0.0,0.0,59.0,23.6
25,917,Cremation,['Neil Hamburger'],0.0,0.0,59.0,23.6
25,2983,New Lystra,['Grails'],0.0,0.0,59.0,23.6
25,1002,Horse Opera,['Express Rising'],0.0,0.0,59.0,23.6
25,3795,Brest no 3 / Le Vauban 22.04.03,"['Martin Tétreault', 'Yoshihide Otomo']",0.0,0.0,58.0,23.200000000000003
25,920,Neil's Will,['Neil Hamburger'],0.0,0.0,58.0,23.200000000000003
25,4967,Suite in A Minor: IV. Sarabande,"['Louis Couperin', 'Laurence Cummings']",0.0,0.0,58.0,23.200000000000003
25,6977,I Blink And She's Gone.,['Harold Budd'],0.0,0.0,58.0,23.200000000000003
25,6906,Glitch,['Orange Cake Mix'],0.0,0.0,58.0,23.200000000000003
25,3067,Gentle Forest,['Kitaro'],0.0,0.0,58.0,23.200000000000003
25,5348,Celluloid - Catalyst,['Klimek'],0.0,0.0,58.0,23.200000000000003
25,783,Comedians' Wives,['Neil Hamburger'],0.0,0.0,58.0,23.200000000000003
25,7160,Home,['Moscow Symphony Orchestra conducted by William Stromberg'],0.0,0.0,58.0,23.200000000000003
25,2420,Intro,['Celestial Bloodshed'],0.0,0.0,58.0,23.200000000000003
25,1771,"Oboe Concerto in D Major, Op. 7, No. 6: II. Adagio","['Tomaso Albinoni', 'Anthony Camden', 'London Virtuosi', 'John Georgiadis']",0.0,0.0,58.0,23.200000000000003
25,3870,Last Classic,['Love Spirals Downwards'],0.0,0.0,58.0,23.200000000000003
25,4699,Reflect,['Pain Station'],0.0,0.0,58.0,23.200000000000003
25,4213,?!...,['Seepeoples'],0.0,0.0,58.0,23.200000000000003
25,4088,"Fantasy & Fugue on the Chorale ""Ad nos, ad salutarem undam"", S. 259: Allegro","['Franz Liszt', 'Felix Hell']",0.0,0.0,58.0,23.200000000000003
25,6038,"Années de pèlerinage II ""Italie"", S. 161: No. 5, Sonetto 104 del Petrarca","['Franz Liszt', 'Murray Perahia']",0.0,0.0,58.0,23.200000000000003
25,5962,Old Newspapers,['Angelo Badalamenti'],0.0,0.0,58.0,23.200000000000003
25,5081,"4 Piano Pieces, Op. 1: Allegretto con moto","['Edvard Grieg', 'Einar Steen-Nøkleberg']",0.0,0.0,58.0,23.200000000000003
25,4505,Preludios vascos: Bat-batian (Improvisation),"['Aita Donostia', 'Jordi Masó']",0.0,0.0,58.0,23.200000000000003
25,4387,Serdab,"['Cecil Taylor', 'Jimmy Lyons', 'Raphé Malik', 'Ramsey Ameen', 'Sirone', 'Ronald Shannon Jackson']",0.0,0.0,58.0,23.200000000000003
25,4847,Wie schon leuchtet der Morgenstern: II. Moderato - Allegro,"['Ernst Pepping', 'Wolfgang Stockmeier']",0.0,0.0,58.0,23.200000000000003
25,7919,"Concerto Grosso in G Minor, Op. 1, No. 12: IV. Presto","['Pietro Locatelli', 'Capella Istropolitana', 'Jaroslav Krcek']",0.0,0.0,58.0,23.200000000000003
25,767,Filament 1 - 4,"['Sachiko M', 'Yoshihide Otomo']",0.0,0.0,58.0,23.200000000000003
25,4011,Pictures at an Exhibition (Orch. M. Ravel): VI. Samuel Goldenberg and Schmuyle,"['Modest Mussorgsky', 'Maurice Ravel', 'Minnesota Orchestra', 'Eiji Oue']",0.0,0.0,58.0,23.200000000000003
25,278,"Intro to ""I Wish I Hadn't Done It My Way""",['Jerry Reed'],0.0,0.0,58.0,23.200000000000003
25,3877,Above The Lone,['Love Spirals Downwards'],0.1854530841872614,13.0,57.0,22.911271850512357
25,6755,Tokyo Tower,"['Terranova', 'Manuel Goettsching']",0.0,0.0,57.0,22.8
25,4049,The Zero Effect,['The Greyboy Allstars'],0.0,0.0,57.0,22.8
25,1616,Paranormal Mantric Experience III - Ostium,['Abhor'],0.0,0.0,57.0,22.8
25,275,"Introduction to ""The Bird""",['Jerry Reed'],0.0,0.0,57.0,22.8
25,38,Vendetta Assassin,['Dødheimsgard'],0.0,0.0,57.0,22.8
25,5077,"Sorgemarsj over Rikard Nordraak (Funeral March in Memory of Rikard Nordraak), EG 107 (version for piano): Funeral March in Memory of Rikard Nordraak, EG 107","['Edvard Grieg', 'Einar Steen-Nøkleberg']",0.0,0.0,57.0,22.8
25,5533,9/8,['Seattle Chamber Players'],0.0,0.0,57.0,22.8
25,1276,Huron Carol,['Chanticleer'],0.0,0.0,57.0,22.8
25,1270,God Rest Ye Merry Gentlemen/Rejoice and Be Merry,['Chanticleer'],0.0,0.0,57.0,22.8
25,3997,"Danse, ""Tarentelle styrienne"" (arr. M. Ravel)","['Maurice Ravel', 'Claude Debussy', 'Minnesota Orchestra', 'Eiji Oue']",0.0,0.0,57.0,22.8
25,2847,"Concerto Grosso in B-Flat Major, Op. 6, No. 11: IV. Andante - Largo","['Arcangelo Corelli', 'Capella Istropolitana']",0.0,0.0,57.0,22.8
25,175,The Audience,['Neil Hamburger'],0.0,0.0,57.0,22.8
25,4236,Untitled,['Various Artists'],0.0,0.0,57.0,22.8
25,6973,Nearly Awakened...,['Harold Budd'],0.0,0.0,57.0,22.8
25,1136,Susani,"['Deuter', 'Chaitanya Hari Deuter']",0.0,0.0,57.0,22.8
25,4158,Scene 11a: Terrible Interlude,['Philip Glass'],0.0,0.0,57.0,22.8
25,3068,The Stone And The Green World,['Kitaro'],0.0,0.0,57.0,22.8
25,4089,"Fantasy & Fugue on the Chorale ""Ad nos, ad salutarem undam"", S. 259: Fugue","['Franz Liszt', 'Felix Hell']",0.0,0.0,57.0,22.8
25,4015,Pictures at an Exhibition (Orch. M. Ravel): IX. The Hut on Fowl's Legs (Baba-Yaga),"['Modest Mussorgsky', 'Maurice Ravel', 'Minnesota Orchestra', 'Eiji Oue']",0.0,0.0,57.0,22.8
25,5294,If You Give a Girl the Moon,['Michael Leviton'],0.0,0.0,57.0,22.8
25,5738,ääniesineitâ 1,['antti rannisto'],0.0,0.0,56.0,22.400000000000002
25,5082,"Norway's Melodies: Melodies of Norway, EG 108: The Sirens' Enticement","['Edvard Grieg', 'Einar Steen-Nøkleberg']",0.0,0.0,56.0,22.400000000000002
25,5545,"Angel Of The Air, Part One",['Popol Vuh'],0.0,0.0,56.0,22.400000000000002
25,5460,"Sister Carrie, Act I: And One Day if I Came to You (Live)","['Robert Aldridge', 'Keith Phares', 'Adriana Zabala', 'Milwaukee Symphony Orchestra', 'William Boggs']",0.0,0.0,56.0,22.400000000000002
25,5557,Not High In Heaven,['Popol Vuh'],0.0,0.0,56.0,22.400000000000002
25,2051,Cranberry Sauce,['Neil Hamburger'],0.0,0.0,56.0,22.400000000000002
25,2546,"Partita No. 1 in F Minor, GWV 121, ""Winter"": II. Allemande","['Christoph Graupner', 'Naoko Akutagawa']",0.0,0.0,56.0,22.400000000000002
25,843,"8 Pieces, Op. 83: No. 2. Allegro con moto","['Max Bruch', 'Nobuko Imai', 'Janet Hilton', 'Roger Vignoles']",0.0,0.0,56.0,22.400000000000002
25,1282,This Have I Done for My True Love,['Chanticleer'],0.0,0.0,56.0,22.400000000000002
25,3063,Shadows,"['Barbara Pentland', 'Glenn Gould']",0.0,0.0,56.0,22.400000000000002
25,7197,First Snows of Winter,['Moscow Symphony Orchestra conducted by William Stromberg'],0.0,0.0,56.0,22.400000000000002
25,7192,Flowers of Fire,['Moscow Symphony Orchestra conducted by William Stromberg'],0.0,0.0,56.0,22.400000000000002
25,4846,Wie schon leuchtet der Morgenstern: I. Allegro pastorale,"['Ernst Pepping', 'Wolfgang Stockmeier']",0.0,0.0,56.0,22.400000000000002
25,1126,Phoenix,"['Deuter', 'Chaitanya Hari Deuter']",0.0,0.0,56.0,22.400000000000002
25,280,Bassin' Bubba,['Jerry Reed'],0.0,0.0,56.0,22.400000000000002
25,7229,"Zigeunerliebe: Act I: Introduction: Heissa, heissa! (Zorika)","['Franz Lehár', 'Johanna Stojkovic', 'Dagmar Schellenberger', 'Zoran Todorovich', 'Bernhard Schneider', 'Ksenija Lukic', 'Stefan-Alexander Rankl', 'Markus Kohler', 'Raphaela Schulze', 'Andreas Horl', 'Andrej Bielow', 'North German Radio Chorus', 'North German Radio Philharmonic Orchestra', 'Frank Beermann']",0.0,0.0,56.0,22.400000000000002
25,1577,Galina,['Kitaro'],0.0,0.0,56.0,22.400000000000002
25,2026,The Sweetheart Tree - REMASTERED,['Henry Mancini'],0.0,0.0,56.0,22.400000000000002
25,2839,"Concerto Grosso in D Major, Op. 1, No. 5: III. Largo","['Pietro Locatelli', 'Capella Istropolitana']",0.0,0.0,56.0,22.400000000000002
25,627,Another Autumn Forms,['Kip Hanrahan'],0.0,0.0,56.0,22.400000000000002
25,659,Hijinx and a Child,['Neil Hamburger'],0.0,0.0,56.0,22.400000000000002
25,7156,Happiness,['Moscow Symphony Orchestra conducted by William Stromberg'],0.0,0.0,56.0,22.400000000000002
25,5844,Can't Remember,['Numbers'],0.0,0.0,56.0,22.400000000000002
25,165,Doctors,['Neil Hamburger'],0.0,0.0,55.0,22.0
25,6070,Maggot Brain,['Mike Watt'],0.0,0.0,55.0,22.0
25,7163,The Bedroom,['Moscow Symphony Orchestra conducted by William Stromberg'],0.0,0.0,55.0,22.0
25,6466,When You Are Here,['All India Radio'],0.0,0.0,55.0,22.0
25,814,I Can't Get Started,['Clark Terry'],0.0,0.0,55.0,22.0
25,6034,"Prélude, choral et fugue, M. 21: I. Prelude","['César Franck', 'Murray Perahia']",0.0,0.0,55.0,22.0
25,4844,Organ Concerto No. 2: II. Kanzone: Larghetto,"['Ernst Pepping', 'Wolfgang Stockmeier']",0.0,0.0,55.0,22.0
25,217,"The Night Has 1000 Eyes -10,000 Eyes Part 2",['Denny Zeitlin'],0.0,0.0,55.0,22.0
25,3423,Othila - The Rune Masters,['Achillea'],0.0,0.0,55.0,22.0
25,4083,"Fantasy & Fugue on the Chorale ""Ad nos, ad salutarem undam"", S. 259: Recitativo","['Franz Liszt', 'Felix Hell']",0.0,0.0,55.0,22.0
25,7010,Harp Guitar Dreams - Harp Guitar Duet,"['Muriel Anderson', 'John Doan']",0.0,0.0,54.0,21.6
25,847,"8 Pieces, Op. 83: No. 6. Nachtgesang: [Andante con moto]","['Max Bruch', 'Nobuko Imai', 'Janet Hilton', 'Roger Vignoles']",0.0,0.0,54.0,21.6
25,3688,Last Minute Trip Part One,"['Triptych Myth', 'Cooper-Moore', 'Tom Abbs', 'Chad Taylor']",0.0,0.0,54.0,21.6
25,1273,Star of Wonder/We Three Kings of Orient Are/No Small Wonder,['Chanticleer'],0.0,0.0,54.0,21.6
25,3672,The Flood,['Bryan Beller'],0.0,0.0,54.0,21.6
25,5345,Music To Fall Asleep,['Klimek'],0.0,0.0,54.0,21.6
25,3615,"Lélio, ou le retour à la vie, Op. 14bis, H. 55: No. 2, Choeur d'ombres","['Hector Berlioz', 'Michael Tilson Thomas', 'Vance George', 'New York Philharmonic']",0.0,0.0,54.0,21.6
25,1768,"Concerto for 2 Oboes in C Major, Op. 7, No. 2: II. Adagio","['Tomaso Albinoni', 'Anthony Camden', 'Alison Alty', 'London Virtuosi', 'John Georgiadis']",0.0,0.0,54.0,21.6
25,2548,"Partita No. 1 in F Minor, GWV 121, ""Winter"": IV. Menuet I, II and III","['Christoph Graupner', 'Naoko Akutagawa']",0.0,0.0,54.0,21.6
25,218,The We Of Us,['Denny Zeitlin'],0.0,0.0,54.0,21.6
25,6045,(10:00),"['The Body Lovers', 'The Body Haters']",0.0,0.0,54.0,21.6
25,174,Gusty Winds,['Neil Hamburger'],0.0,0.0,54.0,21.6
25,5544,Mantra Of The Touching Of The Heart,['Popol Vuh'],0.0,0.0,54.0,21.6
25,2314,Bleuphoria (Outro),['Skeye'],0.0,0.0,54.0,21.6
25,6808,Midvinterblod,['Bloodaxe'],0.04411764705882353,6.0,53.0,21.226470588235298
25,4023,L'apprenti sorcier (The Sorcerer's Apprentice),"['Paul Dukas', 'Minnesota Orchestra', 'Eiji Oue']",0.0,0.0,53.0,21.200000000000003
25,6654,Contrary Motion,"['Philip Glass', 'Donald Joyce']",0.0,0.0,53.0,21.200000000000003
25,1774,"Concerto for 2 Oboes in C Major, Op. 7, No. 11: II. Adagio","['Tomaso Albinoni', 'Anthony Camden', 'Alison Alty', 'London Virtuosi', 'John Georgiadis']",0.0,0.0,53.0,21.200000000000003
25,4805,November,['Taylor Deupree'],0.0,0.0,53.0,21.200000000000003
25,4009,Pictures at an Exhibition (Orch. M. Ravel): Promenade,"['Modest Mussorgsky', 'Maurice Ravel', 'Minnesota Orchestra', 'Eiji Oue']",0.0,0.0,53.0,21.200000000000003
25,775,Introduction,['Neil Hamburger'],0.0,0.0,53.0,21.200000000000003
25,1130,Offener Himmel II,"['Deuter', 'Chaitanya Hari Deuter']",0.0,0.0,52.0,20.8
25,5349,Kälteschäden - Wärmetod,['Klimek'],0.0,0.0,52.0,20.8
25,2114,Were Those Ever Cowboy Boots...,['Paul Newman'],0.0,0.0,52.0,20.8
25,1880,Aromatherapy,['Neil Hamburger'],0.0,0.0,52.0,20.8
25,6982,She's By The Window.,['Harold Budd'],0.0,0.0,52.0,20.8
25,3167,Old Age (Youngblood),['Madlib'],0.0,0.0,52.0,20.8
25,1297,I Won't Dance,['Mary Cleere Haran'],0.0,0.0,52.0,20.8
25,6846,The Green Trees Of Winter,['Will Ackerman'],0.0,0.0,52.0,20.8
25,195,The Battle Between The Sexes,['Neil Hamburger'],0.0,0.0,52.0,20.8
25,987,Pottery Barn,['Comedian Bob Marley'],0.0,0.0,52.0,20.8
25,4853,"Partita No. 1, ""Ach wie fluchtig"": I. Poco lento","['Ernst Pepping', 'Wolfgang Stockmeier']",0.0,0.0,52.0,20.8
25,6051,(8:58),"['The Body Lovers', 'The Body Haters']",0.0,0.0,52.0,20.8
25,3702,"Piano Concerto No. 23 in A Major, K. 488: II. Adagio - Vocal","['Wolfgang Amadeus Mozart', 'Chick Corea', 'Bobby McFerrin', 'Saint Paul Chamber Orchestra']",0.0,0.0,52.0,20.8
25,5083,"Stimmungen (Moods), Op. 73: Resignasjon (Resignation)","['Edvard Grieg', 'Einar Steen-Nøkleberg']",0.0,0.0,52.0,20.8
25,4081,"Fantasy & Fugue on the Chorale ""Ad nos, ad salutarem undam"", S. 259: Moderato","['Franz Liszt', 'Felix Hell']",0.0,0.0,52.0,20.8
25,4019,"Der Tanz in der Dorfschenke, S110/R427, ""Mephisto Waltz No. 1"": (second ending)","['Franz Liszt', 'Minnesota Orchestra', 'Eiji Oue']",0.0,0.0,52.0,20.8
25,844,"8 Pieces, Op. 83: No. 3. Andante con moto","['Max Bruch', 'Nobuko Imai', 'Janet Hilton', 'Roger Vignoles']",0.0,0.0,52.0,20.8
25,4874,Sad Sad Zoo,['On! Air! Library!'],0.0,0.0,52.0,20.8
25,4975,Suite in C Major*: V. Passacaille,"['Louis Couperin', 'Laurence Cummings']",0.04411764705882353,6.0,51.0,20.426470588235297
25,7020,"Sonata No. 23, Op. 57 in F Minor: Allegro assai","['Ludwig van Beethoven', 'Arthur Rubinstein']",0.0,0.0,51.0,20.400000000000002
25,2050,Decrepit Old Dogs,['Neil Hamburger'],0.0,0.0,51.0,20.400000000000002
25,4801,Northern,['Taylor Deupree'],0.0,0.0,51.0,20.400000000000002
25,2049,Beatle Paul,['Neil Hamburger'],0.0,0.0,51.0,20.400000000000002
25,3077,Spiritual Garden,['Kitaro'],0.0,0.0,51.0,20.400000000000002
25,220,Prime Times,['Denny Zeitlin'],0.0,0.0,51.0,20.400000000000002
25,3825,Tightrope,['Rivulets'],0.0,0.0,51.0,20.400000000000002
25,157,"The Love For Three Oranges, Op. 33 (Sung in English): Act IV Scene 2: Arrest them! (Master of Ceremonies, Pantaloon, Truffaldino, Courtiers, Fata Morgana, Eccentrics, King)","['Sergei Prokofiev', 'Bruce Martin', 'John Mac Master', 'Deborah Humble', 'Teddy Tahu Rhodes', 'William Ferguson', 'Warwick Fyfe', 'Jud Arthur', 'Elizabeth Whitehouse', 'Wendy Dawn Thompson', 'Sally-Anne Russell', 'Ali McGregor', 'Arend Baumann', 'Richard Alexander', 'Catherine Carby', 'Graeme Macfarlane', 'Tim DuFore', 'Opera Australia Chorus', 'Australian Opera and Ballet Orchestra', 'Richard Hickox']",0.0,0.0,50.0,20.0
25,167,Divorce,['Neil Hamburger'],0.0,0.0,50.0,20.0
25,2044,Rock and Roll Will Never Die,['Neil Hamburger'],0.0,0.0,50.0,20.0
25,4534,Realm of the Spirit,"['Craig Padilla', 'Zero Ohms', 'Skip Murphy']",0.0,0.0,50.0,20.0
25,2549,"Partita No. 1 in F Minor, GWV 121, ""Winter"": VIII. Air en Sarabande","['Christoph Graupner', 'Naoko Akutagawa']",0.0,0.0,50.0,20.0
25,1569,Sarah's World,['Kitaro'],0.0,0.0,50.0,20.0
25,2496,Truth Sinks In,['Tim Koch'],0.0,0.0,49.0,19.6
25,4852,4 Fugues: No. 4. in F Minor,"['Ernst Pepping', 'Wolfgang Stockmeier']",0.0,0.0,49.0,19.6
25,182,The Top Ten - Censored!,['Neil Hamburger'],0.0,0.0,49.0,19.6
25,2486,Take The Stairs,['Tim Koch'],0.0,0.0,49.0,19.6
25,4427,Skytrain,['Decomposure'],0.0,0.0,49.0,19.6
25,7995,Nickel Skit,['Delarosa And Asora'],0.0,0.0,48.0,19.200000000000003
25,7187,The Vase,['Moscow Symphony Orchestra conducted by William Stromberg'],0.0,0.0,48.0,19.200000000000003
25,1139,Waterbass,['Divination'],0.0,0.0,48.0,19.200000000000003
25,7899,"Concerto Grosso in F Minor, Op. 1, No. 8, ""Christmas"": II. Grave","['Pietro Locatelli', 'Capella Istropolitana', 'Jaroslav Krcek']",0.0,0.0,48.0,19.200000000000003
25,346,Downstairs at Qoöl - Original,['Jondi & Spesh'],0.0,0.0,47.0,18.8
25,196,The X-Rated Hot Dog Vendor,['Neil Hamburger'],0.0,0.0,47.0,18.8
25,7181,The Windows,['Moscow Symphony Orchestra conducted by William Stromberg'],0.0,0.0,47.0,18.8
25,7198,Finale,['Moscow Symphony Orchestra conducted by William Stromberg'],0.0,0.0,46.0,18.400000000000002
25,3168,Fukwitus (The Eights),['Madlib'],0.0,0.0,46.0,18.400000000000002
25,671,I Got Shot,['Neil Hamburger'],0.0,0.0,45.0,18.0
25,3787,Georgia on My Mind - Live at the Jazz Standard,['Frank Morgan'],0.0,0.0,45.0,18.0
25,6878,Delivered In A Firm Unyielding Way Lingering For Just A Bit Too Long To Communicate The Message,['The Paper Chase'],0.0,0.0,44.0,17.6
25,2052,His Deathbed,['Neil Hamburger'],0.0,0.0,44.0,17.6
25,1621,Aura Ignis Aqua Tellus,['Abhor'],0.0,0.0,42.0,16.8
25,2288,That Love,['Tstewart'],0.0,0.0,42.0,16.8
25,2854,Sinfonia No. 10 in C Major: I. Adagio e spicco,"['Francesco Onofrio Manfredini', 'Capella Istropolitana']",0.0,0.0,42.0,16.8
25,3631,Blind Pedestrian Crossing,['AM Syndicate'],0.0,0.0,42.0,16.8
25,6044,(5:32),"['The Body Lovers', 'The Body Haters']",0.0,0.0,40.0,16.0
25,3076,White Night,['Kitaro'],0.0,0.0,40.0,16.0
25,214,Mr. PC (Part 1),['Denny Zeitlin'],0.0,0.0,40.0,16.0
25,4533,Perspective of Disappearance,"['Craig Padilla', 'Zero Ohms', 'Skip Murphy']",0.0,0.0,38.0,15.200000000000001
